#VRML V2.0 utf8

Shape {
  appearance Appearance {
    material Material {
      diffuseColor 0.3725 1.0000 0.7137
      specularColor 0.3294 0.8784 0.6275
      ambientIntensity 0.2
      transparency 0.0000
      shininess 0.5
    }
  }
  geometry IndexedFaceSet {
    ccw TRUE
    solid FALSE
    coord DEF co Coordinate {
      point [
        -0.252576 0.750114 0.000000,
        -0.318405 0.750114 0.000000,
        -0.281946 0.832335 0.000000,
        -0.288772 0.832335 0.000000,
        -0.283840 0.839162 0.000000,
        -0.287019 0.839183 0.000000,
        -0.285096 0.846138 0.000000,
        -0.285734 0.846138 0.000000,
        1.558910 0.672094 0.000000,
        1.574803 0.672094 0.000000,
        1.574803 0.669291 0.000000,
        0.492126 0.295276 0.000000,
        0.492126 -1.279528 0.000000,
        0.137749 -1.279528 0.000000,
        0.156954 0.705102 0.000000,
        0.156954 0.683496 0.000000,
        0.137749 0.672094 0.000000,
        1.574803 0.905512 0.000000,
        0.179128 0.847831 0.000000,
        0.160482 0.703148 0.000000,
        0.203054 0.850939 0.000000,
        0.222437 0.848763 0.000000,
        1.377953 0.870802 0.000000,
        0.421022 0.673294 0.000000,
        1.377953 1.279528 0.000000,
        0.421022 0.870144 0.000000,
        0.137749 1.279528 0.000000,
        0.394615 0.870144 0.000000,
        0.156954 0.864743 0.000000,
        0.156954 0.838336 0.000000,
        0.237171 0.843445 0.000000,
        0.250796 0.834330 0.000000,
        0.262683 0.821207 0.000000,
        0.276985 0.769619 0.000000,
        0.274992 0.748309 0.000000,
        0.269644 0.731376 0.000000,
        0.225841 0.694559 0.000000,
        0.207480 0.692499 0.000000,
        0.240184 0.699839 0.000000,
        0.252265 0.707981 0.000000,
        0.261502 0.717727 0.000000,
        0.181350 0.695399 0.000000,
        0.222694 0.672094 0.000000,
        0.320196 0.673294 0.000000,
        0.235377 0.673409 0.000000,
        0.254457 0.679976 0.000000,
        0.270799 0.806008 0.000000,
        0.276046 0.784935 0.000000,
        0.270291 0.690087 0.000000,
        0.285077 0.705654 0.000000,
        0.320196 0.694900 0.000000,
        0.295564 0.724372 0.000000,
        0.394615 0.694900 0.000000,
        0.293003 0.818297 0.000000,
        0.281465 0.836701 0.000000,
        0.263693 0.853793 0.000000,
        0.244995 0.864556 0.000000,
        0.223050 0.870931 0.000000,
        0.301488 0.745208 0.000000,
        0.303392 0.768006 0.000000,
        0.300560 0.795992 0.000000,
        0.203279 0.872545 0.000000,
        0.179713 0.870919 0.000000,
        1.377953 -1.279528 0.000000,
        0.885827 -1.279528 0.000000,
        1.377953 0.672094 0.000000,
        0.885827 0.295276 0.000000,
        0.177937 0.674881 0.000000,
        0.197829 0.672094 0.000000,
        0.205736 0.670986 0.000000,
        0.211118 0.670893 0.000000,
        1.377953 0.704001 0.000000,
        -0.025493 0.673294 0.000000,
        0.012917 0.694900 0.000000,
        0.012917 0.673294 0.000000,
        0.118544 0.673294 0.000000,
        0.118544 0.870144 0.000000,
        -1.377953 0.870802 0.000000,
        -1.377953 1.279528 0.000000,
        -1.181102 0.905512 0.000000,
        0.017719 0.870144 0.000000,
        -0.198337 0.673294 0.000000,
        -0.174103 0.727246 0.000000,
        -0.162815 0.709639 0.000000,
        0.092138 0.848539 0.000000,
        0.092138 0.783722 0.000000,
        0.017719 0.848539 0.000000,
        0.022520 0.783722 0.000000,
        0.022520 0.762117 0.000000,
        0.092138 0.762117 0.000000,
        0.092138 0.694900 0.000000,
        -0.146612 0.694126 0.000000,
        -0.126058 0.682181 0.000000,
        -0.103376 0.675420 0.000000,
        -0.375982 0.673294 0.000000,
        -1.181102 0.672094 0.000000,
        -0.299163 0.870144 0.000000,
        -0.272756 0.870144 0.000000,
        -0.025493 0.870144 0.000000,
        -0.109483 0.867104 0.000000,
        -0.132515 0.859017 0.000000,
        -0.153941 0.844658 0.000000,
        -0.154147 0.844478 0.000000,
        -0.168067 0.829042 0.000000,
        -0.177215 0.812112 0.000000,
        -0.182502 0.792718 0.000000,
        -0.183933 0.774195 0.000000,
        -0.181171 0.747850 0.000000,
        -0.081044 0.870144 0.000000,
        -0.079019 0.673294 0.000000,
        -0.327257 0.728508 0.000000,
        -0.245936 0.728508 0.000000,
        -0.347175 0.673294 0.000000,
        -0.227144 0.673294 0.000000,
        -1.181102 0.669291 0.000000,
        -1.377953 -1.279528 0.000000,
        -1.196996 0.672094 0.000000,
        -1.377953 0.672094 0.000000,
        -1.377953 0.704001 0.000000,
        -0.492126 -1.279528 0.000000,
        -0.492126 0.295276 0.000000,
        -0.885827 -1.279528 0.000000,
        -0.885827 0.295276 0.000000,
        -0.051899 0.848539 0.000000,
        -0.051899 0.694900 0.000000,
        -0.080931 0.848539 0.000000,
        -0.079844 0.694900 0.000000,
        -0.100612 0.696833 0.000000,
        -0.157526 0.773632 0.000000,
        -0.155854 0.793224 0.000000,
        -0.151259 0.808793 0.000000,
        -0.104231 0.846062 0.000000,
        -0.117177 0.702003 0.000000,
        -0.130602 0.709975 0.000000,
        -0.141643 0.720880 0.000000,
        -0.149945 0.734453 0.000000,
        -0.155719 0.752957 0.000000,
        -0.144420 0.820935 0.000000,
        -0.134858 0.831087 0.000000,
        -0.120480 0.840376 0.000000,
      ]
    }
    coordIndex [
      0, 1, 2, -1,
      2, 1, 3, -1,
      2, 3, 4, -1,
      4, 3, 5, -1,
      4, 5, 6, -1,
      6, 5, 7, -1,
      8, 9, 10, -1,
      11, 12, 13, -1,
      14, 15, 16, -1,
      9, 8, 17, -1,
      14, 18, 19, -1,
      19, 18, 20, -1,
      19, 20, 21, -1,
      22, 23, 24, -1,
      24, 23, 25, -1,
      24, 25, 26, -1,
      26, 25, 27, -1,
      26, 28, 29, -1,
      21, 30, 19, -1,
      19, 30, 31, -1,
      19, 31, 32, -1,
      33, 34, 19, -1,
      19, 34, 35, -1,
      36, 37, 38, -1,
      38, 37, 39, -1,
      35, 40, 19, -1,
      19, 40, 39, -1,
      19, 39, 41, -1,
      41, 39, 37, -1,
      23, 42, 43, -1,
      43, 42, 44, -1,
      43, 44, 45, -1,
      32, 46, 19, -1,
      19, 46, 47, -1,
      19, 47, 33, -1,
      45, 48, 43, -1,
      43, 48, 49, -1,
      43, 49, 50, -1,
      50, 49, 51, -1,
      50, 51, 52, -1,
      53, 54, 27, -1,
      27, 54, 55, -1,
      27, 55, 26, -1,
      26, 55, 56, -1,
      26, 56, 57, -1,
      51, 58, 52, -1,
      52, 58, 59, -1,
      52, 59, 27, -1,
      27, 59, 60, -1,
      27, 60, 53, -1,
      57, 61, 26, -1,
      26, 61, 62, -1,
      26, 62, 28, -1,
      63, 64, 65, -1,
      65, 64, 66, -1,
      15, 67, 16, -1,
      16, 67, 68, -1,
      16, 68, 11, -1,
      68, 69, 11, -1,
      11, 69, 70, -1,
      11, 70, 42, -1,
      17, 8, 22, -1,
      22, 8, 71, -1,
      22, 71, 23, -1,
      23, 71, 65, -1,
      23, 65, 42, -1,
      42, 65, 66, -1,
      42, 66, 11, -1,
      72, 73, 74, -1,
      75, 76, 16, -1,
      16, 76, 26, -1,
      16, 26, 14, -1,
      14, 26, 29, -1,
      14, 29, 18, -1,
      77, 78, 79, -1,
      79, 78, 26, -1,
      79, 26, 80, -1,
      80, 26, 76, -1,
      81, 82, 83, -1,
      84, 85, 86, -1,
      86, 85, 87, -1,
      88, 89, 90, -1,
      83, 91, 81, -1,
      81, 91, 92, -1,
      81, 92, 93, -1,
      94, 95, 96, -1,
      96, 95, 79, -1,
      96, 79, 97, -1,
      90, 73, 88, -1,
      88, 73, 72, -1,
      88, 72, 87, -1,
      87, 72, 98, -1,
      87, 98, 86, -1,
      99, 100, 97, -1,
      97, 100, 101, -1,
      101, 102, 97, -1,
      97, 102, 103, -1,
      97, 103, 104, -1,
      104, 105, 97, -1,
      97, 105, 106, -1,
      97, 106, 81, -1,
      81, 106, 107, -1,
      81, 107, 82, -1,
      99, 97, 108, -1,
      108, 97, 79, -1,
      108, 79, 98, -1,
      98, 79, 80, -1,
      98, 80, 86, -1,
      109, 72, 16, -1,
      16, 72, 74, -1,
      16, 74, 75, -1,
      110, 111, 112, -1,
      112, 111, 113, -1,
      112, 113, 16, -1,
      16, 113, 81, -1,
      16, 81, 109, -1,
      109, 81, 93, -1,
      114, 115, 116, -1,
      116, 115, 117, -1,
      116, 117, 118, -1,
      11, 13, 16, -1,
      16, 13, 119, -1,
      16, 119, 120, -1,
      121, 115, 122, -1,
      122, 115, 114, -1,
      122, 114, 120, -1,
      120, 114, 95, -1,
      120, 95, 16, -1,
      16, 95, 94, -1,
      16, 94, 112, -1,
      123, 124, 125, -1,
      125, 124, 126, -1,
      125, 126, 127, -1,
      128, 129, 125, -1,
      125, 129, 130, -1,
      125, 130, 131, -1,
      127, 132, 125, -1,
      125, 132, 133, -1,
      125, 133, 134, -1,
      134, 135, 125, -1,
      125, 135, 136, -1,
      125, 136, 128, -1,
      137, 138, 130, -1,
      130, 138, 139, -1,
      130, 139, 131, -1,
      0, 111, 1, -1,
      1, 111, 110, -1,
      2, 97, 0, -1,
      0, 97, 81, -1,
      0, 81, 111, -1,
      111, 81, 113, -1,
      2, 4, 97, -1,
      97, 4, 6, -1,
      97, 6, 96, -1,
      96, 6, 7, -1,
      96, 7, 5, -1,
      5, 3, 96, -1,
      96, 3, 1, -1,
      96, 1, 94, -1,
      94, 1, 110, -1,
      94, 110, 112, -1,
      104, 103, 137, -1,
      137, 103, 102, -1,
      137, 102, 138, -1,
      138, 102, 101, -1,
      138, 101, 139, -1,
      139, 101, 100, -1,
      139, 100, 131, -1,
      131, 100, 99, -1,
      131, 99, 125, -1,
      125, 99, 108, -1,
      125, 108, 123, -1,
      123, 108, 98, -1,
      123, 98, 124, -1,
      124, 98, 72, -1,
      124, 72, 126, -1,
      126, 72, 109, -1,
      126, 109, 127, -1,
      127, 109, 93, -1,
      127, 93, 132, -1,
      132, 93, 92, -1,
      132, 92, 133, -1,
      133, 92, 91, -1,
      133, 91, 134, -1,
      134, 91, 83, -1,
      134, 83, 135, -1,
      135, 83, 82, -1,
      135, 82, 136, -1,
      136, 82, 107, -1,
      136, 107, 128, -1,
      128, 107, 106, -1,
      128, 106, 129, -1,
      129, 106, 105, -1,
      129, 105, 130, -1,
      130, 105, 104, -1,
      130, 104, 137, -1,
      75, 74, 73, -1,
      73, 90, 75, -1,
      75, 90, 89, -1,
      75, 89, 76, -1,
      86, 80, 84, -1,
      84, 80, 76, -1,
      84, 76, 85, -1,
      85, 76, 89, -1,
      85, 89, 87, -1,
      87, 89, 88, -1,
      15, 14, 19, -1,
      15, 19, 67, -1,
      67, 19, 41, -1,
      67, 41, 68, -1,
      68, 41, 37, -1,
      68, 37, 69, -1,
      69, 37, 70, -1,
      70, 37, 36, -1,
      70, 36, 42, -1,
      29, 28, 18, -1,
      18, 28, 62, -1,
      18, 62, 20, -1,
      20, 62, 61, -1,
      20, 61, 21, -1,
      21, 61, 57, -1,
      21, 57, 30, -1,
      30, 57, 56, -1,
      30, 56, 31, -1,
      31, 56, 55, -1,
      31, 55, 32, -1,
      32, 55, 54, -1,
      32, 54, 46, -1,
      46, 54, 53, -1,
      46, 53, 47, -1,
      47, 53, 60, -1,
      47, 60, 33, -1,
      33, 60, 59, -1,
      33, 59, 34, -1,
      34, 59, 58, -1,
      34, 58, 35, -1,
      35, 58, 51, -1,
      35, 51, 40, -1,
      40, 51, 49, -1,
      40, 49, 39, -1,
      39, 49, 48, -1,
      39, 48, 38, -1,
      38, 48, 45, -1,
      38, 45, 36, -1,
      36, 45, 44, -1,
      36, 44, 42, -1,
    ]
  }
}

Shape {
  appearance Appearance {
    material Material {
      diffuseColor 0.9686 0.9686 0.9686
      specularColor 0.8510 0.8510 0.8510
      ambientIntensity 0.2
      transparency 0.0000
      shininess 0.5
    }
  }
  geometry IndexedFaceSet {
    ccw TRUE
    solid FALSE
    coord DEF co Coordinate {
      point [
        0.349934 -0.269445 2.992126,
        0.958422 0.339042 2.992126,
        0.314023 -0.216704 2.992126,
        0.905680 0.374953 2.992126,
        0.837253 0.406896 2.992126,
        0.764319 0.426467 2.992126,
        0.689093 0.433071 2.992126,
        0.613864 0.426507 2.992126,
        0.255906 -0.000117 2.992126,
        0.262509 -0.075342 2.992126,
        0.282080 -0.148277 2.992126,
        0.282001 0.148058 2.992126,
        0.472474 0.375070 2.992126,
        0.313907 0.216502 2.992126,
        0.410614 0.331760 2.992126,
        0.357217 0.278363 2.992126,
        0.540918 0.406976 2.992126,
        0.262469 0.075113 2.992126,
        0.889372 0.425849 2.952756,
        0.850733 0.443887 2.952756,
        0.850274 0.442626 2.962946,
        0.659456 0.469854 2.952756,
        0.607035 0.465281 2.952756,
        0.607268 0.463959 2.962946,
        0.436583 0.397819 2.952756,
        0.385308 0.361920 2.952756,
        0.386170 0.360892 2.962946,
        0.275659 0.227280 2.952756,
        0.245003 0.161518 2.952756,
        0.246264 0.161059 2.962946,
        0.233092 0.117032 2.952756,
        0.223696 0.081941 2.952756,
        0.225017 0.081709 2.962946,
        0.216546 -0.000001 2.952756,
        0.216535 -0.000127 2.952756,
        0.217877 -0.000127 2.962946,
        0.233089 -0.117032 2.952756,
        0.245090 -0.161757 2.952756,
        0.246350 -0.161297 2.962946,
        0.346898 -0.272482 2.991894,
        0.305201 -0.221802 2.990784,
        0.342724 -0.276655 2.990535,
        0.340410 -0.278969 2.989781,
        0.296980 -0.226554 2.986852,
        0.337788 -0.281591 2.988233,
        0.289920 -0.230634 2.980595,
        0.332193 -0.287187 2.983222,
        0.336020 -0.283359 2.986649,
        0.284503 -0.233765 2.972441,
        0.325999 -0.293380 2.973200,
        0.330074 -0.289305 2.980518,
        0.281098 -0.235732 2.962946,
        0.324643 -0.294736 2.969668,
        0.325701 -0.293678 2.972424,
        0.321929 -0.297450 2.952756,
        0.322089 -0.297291 2.956953,
        0.279936 -0.236404 2.952756,
        0.322532 -0.296847 2.960885,
        0.323013 -0.296367 2.962884,
        0.986427 0.367047 2.952756,
        0.925380 0.409040 2.952756,
        0.985652 0.366272 2.961957,
        0.924709 0.407878 2.962946,
        0.985448 0.366069 2.962935,
        0.984881 0.365502 2.965659,
        0.922741 0.404473 2.972441,
        0.981996 0.362617 2.974013,
        0.980385 0.361006 2.977185,
        0.919610 0.399056 2.980595,
        0.978088 0.358709 2.980399,
        0.975688 0.356308 2.983757,
        0.915530 0.391997 2.986852,
        0.973438 0.354059 2.985991,
        0.967439 0.348060 2.990031,
        0.910779 0.383776 2.990784,
        0.965664 0.346285 2.990744,
        0.964783 0.345404 2.991098,
        0.272507 -0.151766 2.990784,
        0.263585 -0.155017 2.986852,
        0.255924 -0.157809 2.980595,
        0.250046 -0.159951 2.972441,
        0.349411 0.284912 2.990784,
        0.404064 0.339566 2.990784,
        0.342137 0.291015 2.986852,
        0.397961 0.346840 2.986852,
        0.335890 0.296257 2.980595,
        0.392720 0.353086 2.980595,
        0.331097 0.300278 2.972441,
        0.388698 0.357879 2.972441,
        0.328084 0.302806 2.962946,
        0.537435 0.416551 2.990784,
        0.612096 0.436543 2.990784,
        0.534188 0.425474 2.986852,
        0.610449 0.445894 2.986852,
        0.531401 0.433137 2.980595,
        0.609035 0.453924 2.980595,
        0.529262 0.439017 2.972441,
        0.607950 0.460086 2.972441,
        0.527917 0.442713 2.962946,
        0.766091 0.436501 2.990784,
        0.840742 0.416470 2.990784,
        0.767743 0.445852 2.986852,
        0.843993 0.425391 2.986852,
        0.769162 0.453881 2.980595,
        0.846785 0.433052 2.980595,
        0.770250 0.460043 2.972441,
        0.848927 0.438931 2.972441,
        0.770934 0.463915 2.962946,
        0.275674 -0.227273 2.952756,
        0.223740 -0.082191 2.952756,
        0.225061 -0.081958 2.962946,
        0.228934 -0.081274 2.972441,
        0.235095 -0.080185 2.980595,
        0.243125 -0.078767 2.986852,
        0.252475 -0.077115 2.990784,
        0.245716 -0.000119 2.990784,
        0.236220 -0.000122 2.986852,
        0.228067 -0.000124 2.980595,
        0.221810 -0.000126 2.972441,
        0.228891 0.081026 2.972441,
        0.235052 0.079941 2.980595,
        0.243082 0.078527 2.986852,
        0.252434 0.076880 2.990784,
        0.272425 0.151542 2.990784,
        0.263502 0.154788 2.986852,
        0.255839 0.157576 2.980595,
        0.249960 0.159715 2.972441,
        0.279809 0.236184 2.952756,
        0.280971 0.235513 2.962946,
        0.284378 0.233547 2.972441,
        0.289796 0.230419 2.980595,
        0.296858 0.226343 2.986852,
        0.305081 0.221596 2.990784,
        0.327057 0.303669 2.952756,
        0.345689 0.322301 2.952756,
        0.452793 0.409167 2.952756,
        0.453463 0.408005 2.962946,
        0.455430 0.404599 2.972441,
        0.458557 0.399180 2.980595,
        0.462633 0.392119 2.986852,
        0.467380 0.383895 2.990784,
        0.527458 0.443973 2.952756,
        0.543281 0.448210 2.952756,
        0.689104 0.472441 2.952756,
        0.689103 0.471100 2.962946,
        0.689102 0.467166 2.972441,
        0.689100 0.460910 2.980595,
        0.689098 0.452756 2.986852,
        0.689096 0.443261 2.990784,
        0.771168 0.465237 2.952756,
        0.777369 0.463572 2.952756,
      ]
    }
    coordIndex [
      0, 1, 2, -1,
      2, 1, 3, -1,
      2, 3, 4, -1,
      4, 5, 2, -1,
      2, 5, 6, -1,
      2, 6, 7, -1,
      8, 9, 7, -1,
      7, 9, 10, -1,
      7, 10, 2, -1,
      11, 12, 13, -1,
      13, 12, 14, -1,
      13, 14, 15, -1,
      7, 16, 8, -1,
      8, 16, 12, -1,
      8, 12, 17, -1,
      17, 12, 11, -1,
      18, 19, 20, -1,
      21, 22, 23, -1,
      24, 25, 26, -1,
      27, 28, 29, -1,
      30, 31, 32, -1,
      33, 34, 35, -1,
      36, 37, 38, -1,
      0, 2, 39, -1,
      39, 2, 40, -1,
      39, 40, 41, -1,
      41, 40, 42, -1,
      42, 40, 43, -1,
      42, 43, 44, -1,
      45, 46, 43, -1,
      43, 46, 47, -1,
      43, 47, 44, -1,
      48, 49, 45, -1,
      45, 49, 50, -1,
      45, 50, 46, -1,
      51, 52, 48, -1,
      48, 52, 53, -1,
      48, 53, 49, -1,
      54, 55, 56, -1,
      56, 55, 57, -1,
      56, 57, 51, -1,
      51, 57, 58, -1,
      51, 58, 52, -1,
      59, 60, 61, -1,
      61, 60, 62, -1,
      61, 62, 63, -1,
      63, 62, 64, -1,
      64, 62, 65, -1,
      64, 65, 66, -1,
      66, 65, 67, -1,
      67, 65, 68, -1,
      67, 68, 69, -1,
      69, 68, 70, -1,
      70, 68, 71, -1,
      70, 71, 72, -1,
      72, 71, 73, -1,
      73, 71, 74, -1,
      73, 74, 75, -1,
      75, 74, 76, -1,
      76, 74, 3, -1,
      76, 3, 1, -1,
      2, 10, 40, -1,
      40, 10, 77, -1,
      40, 77, 43, -1,
      43, 77, 78, -1,
      43, 78, 45, -1,
      45, 78, 79, -1,
      45, 79, 48, -1,
      48, 79, 80, -1,
      48, 80, 51, -1,
      51, 80, 38, -1,
      15, 14, 81, -1,
      81, 14, 82, -1,
      81, 82, 83, -1,
      83, 82, 84, -1,
      83, 84, 85, -1,
      85, 84, 86, -1,
      85, 86, 87, -1,
      87, 86, 88, -1,
      87, 88, 89, -1,
      89, 88, 26, -1,
      16, 7, 90, -1,
      90, 7, 91, -1,
      90, 91, 92, -1,
      92, 91, 93, -1,
      92, 93, 94, -1,
      94, 93, 95, -1,
      94, 95, 96, -1,
      96, 95, 97, -1,
      96, 97, 98, -1,
      98, 97, 23, -1,
      5, 4, 99, -1,
      99, 4, 100, -1,
      99, 100, 101, -1,
      101, 100, 102, -1,
      101, 102, 103, -1,
      103, 102, 104, -1,
      103, 104, 105, -1,
      105, 104, 106, -1,
      105, 106, 107, -1,
      107, 106, 20, -1,
      38, 37, 51, -1,
      51, 37, 108, -1,
      51, 108, 56, -1,
      109, 36, 110, -1,
      110, 36, 38, -1,
      110, 38, 111, -1,
      111, 38, 80, -1,
      111, 80, 112, -1,
      112, 80, 79, -1,
      112, 79, 113, -1,
      113, 79, 78, -1,
      113, 78, 114, -1,
      114, 78, 77, -1,
      114, 77, 9, -1,
      9, 77, 10, -1,
      9, 8, 114, -1,
      114, 8, 115, -1,
      114, 115, 113, -1,
      113, 115, 116, -1,
      113, 116, 112, -1,
      112, 116, 117, -1,
      112, 117, 111, -1,
      111, 117, 118, -1,
      111, 118, 110, -1,
      110, 118, 35, -1,
      110, 35, 109, -1,
      109, 35, 34, -1,
      31, 33, 32, -1,
      32, 33, 35, -1,
      32, 35, 119, -1,
      119, 35, 118, -1,
      119, 118, 120, -1,
      120, 118, 117, -1,
      120, 117, 121, -1,
      121, 117, 116, -1,
      121, 116, 122, -1,
      122, 116, 115, -1,
      122, 115, 17, -1,
      17, 115, 8, -1,
      17, 11, 122, -1,
      122, 11, 123, -1,
      122, 123, 121, -1,
      121, 123, 124, -1,
      121, 124, 120, -1,
      120, 124, 125, -1,
      120, 125, 119, -1,
      119, 125, 126, -1,
      119, 126, 32, -1,
      32, 126, 29, -1,
      32, 29, 30, -1,
      30, 29, 28, -1,
      127, 27, 128, -1,
      128, 27, 29, -1,
      128, 29, 129, -1,
      129, 29, 126, -1,
      129, 126, 130, -1,
      130, 126, 125, -1,
      130, 125, 131, -1,
      131, 125, 124, -1,
      131, 124, 132, -1,
      132, 124, 123, -1,
      132, 123, 13, -1,
      13, 123, 11, -1,
      13, 15, 132, -1,
      132, 15, 81, -1,
      132, 81, 131, -1,
      131, 81, 83, -1,
      131, 83, 130, -1,
      130, 83, 85, -1,
      130, 85, 129, -1,
      129, 85, 87, -1,
      129, 87, 128, -1,
      128, 87, 89, -1,
      128, 89, 127, -1,
      127, 89, 133, -1,
      26, 25, 89, -1,
      89, 25, 134, -1,
      89, 134, 133, -1,
      135, 24, 136, -1,
      136, 24, 26, -1,
      136, 26, 137, -1,
      137, 26, 88, -1,
      137, 88, 138, -1,
      138, 88, 86, -1,
      138, 86, 139, -1,
      139, 86, 84, -1,
      139, 84, 140, -1,
      140, 84, 82, -1,
      140, 82, 12, -1,
      12, 82, 14, -1,
      12, 16, 140, -1,
      140, 16, 90, -1,
      140, 90, 139, -1,
      139, 90, 92, -1,
      139, 92, 138, -1,
      138, 92, 94, -1,
      138, 94, 137, -1,
      137, 94, 96, -1,
      137, 96, 136, -1,
      136, 96, 98, -1,
      136, 98, 135, -1,
      135, 98, 141, -1,
      23, 22, 98, -1,
      98, 22, 142, -1,
      98, 142, 141, -1,
      143, 21, 144, -1,
      144, 21, 23, -1,
      144, 23, 145, -1,
      145, 23, 97, -1,
      145, 97, 146, -1,
      146, 97, 95, -1,
      146, 95, 147, -1,
      147, 95, 93, -1,
      147, 93, 148, -1,
      148, 93, 91, -1,
      148, 91, 6, -1,
      6, 91, 7, -1,
      6, 5, 148, -1,
      148, 5, 99, -1,
      148, 99, 147, -1,
      147, 99, 101, -1,
      147, 101, 146, -1,
      146, 101, 103, -1,
      146, 103, 145, -1,
      145, 103, 105, -1,
      145, 105, 144, -1,
      144, 105, 107, -1,
      144, 107, 143, -1,
      143, 107, 149, -1,
      20, 19, 107, -1,
      107, 19, 150, -1,
      107, 150, 149, -1,
      60, 18, 62, -1,
      62, 18, 20, -1,
      62, 20, 65, -1,
      65, 20, 106, -1,
      65, 106, 68, -1,
      68, 106, 104, -1,
      68, 104, 71, -1,
      71, 104, 102, -1,
      71, 102, 74, -1,
      74, 102, 100, -1,
      74, 100, 3, -1,
      3, 100, 4, -1,
    ]
  }
}

Shape {
  appearance Appearance {
    material Material {
      diffuseColor 0.3725 1.0000 0.7137
      specularColor 0.3294 0.8784 0.6275
      ambientIntensity 0.2
      transparency 0.0000
      shininess 0.5
    }
  }
  geometry IndexedFaceSet {
    ccw TRUE
    solid FALSE
    coord DEF co Coordinate {
      point [
        1.181102 -0.629921 1.692913,
        1.279528 -0.612566 1.692913,
        1.279528 -1.279528 1.692913,
        0.255906 -0.354331 1.692913,
        0.098425 -1.279528 1.692913,
        0.098425 0.295276 1.692913,
        1.181102 -0.393701 1.692913,
        1.122047 -0.354331 1.692913,
        1.122047 0.236220 1.692913,
        1.279528 -0.411056 1.692913,
        1.279528 0.295276 1.692913,
        0.255906 0.236220 1.692913,
      ]
    }
    coordIndex [
      0, 1, 2, -1,
      3, 4, 5, -1,
      2, 4, 0, -1,
      0, 4, 3, -1,
      0, 3, 6, -1,
      6, 3, 7, -1,
      6, 7, 8, -1,
      9, 6, 10, -1,
      10, 6, 8, -1,
      10, 8, 5, -1,
      5, 8, 11, -1,
      5, 11, 3, -1,
    ]
  }
}

Shape {
  appearance Appearance {
    material Material {
      diffuseColor 0.9686 0.9686 0.9686
      specularColor 0.8510 0.8510 0.8510
      ambientIntensity 0.2
      transparency 0.0000
      shininess 0.5
    }
  }
  geometry IndexedFaceSet {
    ccw TRUE
    solid FALSE
    coord DEF co Coordinate {
      point [
        -1.028019 -0.269445 2.992126,
        -0.419531 0.339042 2.992126,
        -1.063930 -0.216704 2.992126,
        -0.472273 0.374953 2.992126,
        -1.095872 -0.148277 2.992126,
        -0.540699 0.406896 2.992126,
        -0.613634 0.426467 2.992126,
        -0.837035 0.406976 2.992126,
        -1.064046 0.216502 2.992126,
        -0.764089 0.426507 2.992126,
        -0.688860 0.433071 2.992126,
        -1.095952 0.148058 2.992126,
        -1.115483 0.075113 2.992126,
        -0.905478 0.375070 2.992126,
        -0.967339 0.331760 2.992126,
        -1.020736 0.278363 2.992126,
        -1.122047 -0.000117 2.992126,
        -1.115443 -0.075342 2.992126,
        -0.488581 0.425849 2.952756,
        -0.527220 0.443887 2.952756,
        -0.527679 0.442626 2.962946,
        -0.718497 0.469854 2.952756,
        -0.770918 0.465281 2.952756,
        -0.770685 0.463959 2.962946,
        -0.941369 0.397819 2.952756,
        -0.992645 0.361920 2.952756,
        -0.991782 0.360892 2.962946,
        -1.102294 0.227280 2.952756,
        -1.132950 0.161518 2.952756,
        -1.131689 0.161059 2.962946,
        -1.144861 0.117032 2.952756,
        -1.154257 0.081941 2.952756,
        -1.152936 0.081709 2.962946,
        -1.161406 -0.000001 2.952756,
        -1.161417 -0.000127 2.952756,
        -1.160076 -0.000127 2.962946,
        -1.144864 -0.117032 2.952756,
        -1.132863 -0.161757 2.952756,
        -1.131602 -0.161297 2.962946,
        -1.031055 -0.272482 2.991894,
        -1.072752 -0.221802 2.990784,
        -1.035228 -0.276655 2.990535,
        -1.037542 -0.278969 2.989781,
        -1.080973 -0.226554 2.986852,
        -1.040165 -0.281591 2.988233,
        -1.088033 -0.230634 2.980595,
        -1.045760 -0.287187 2.983222,
        -1.041933 -0.283359 2.986649,
        -1.093450 -0.233765 2.972441,
        -1.051954 -0.293380 2.973200,
        -1.047879 -0.289305 2.980518,
        -1.096855 -0.235732 2.962946,
        -1.053309 -0.294736 2.969668,
        -1.052252 -0.293678 2.972424,
        -1.056024 -0.297450 2.952756,
        -1.055864 -0.297291 2.956953,
        -1.098017 -0.236404 2.952756,
        -1.055420 -0.296847 2.960885,
        -1.054940 -0.296367 2.962884,
        -0.391526 0.367047 2.952756,
        -0.452572 0.409040 2.952756,
        -0.392302 0.366272 2.961957,
        -0.453244 0.407878 2.962946,
        -0.392505 0.366069 2.962935,
        -0.393072 0.365502 2.965659,
        -0.455212 0.404473 2.972441,
        -0.395957 0.362617 2.974013,
        -0.397567 0.361006 2.977185,
        -0.458343 0.399056 2.980595,
        -0.399865 0.358709 2.980399,
        -0.402265 0.356308 2.983757,
        -0.462423 0.391997 2.986852,
        -0.404515 0.354059 2.985991,
        -0.410514 0.348060 2.990031,
        -0.467174 0.383776 2.990784,
        -0.412289 0.346285 2.990744,
        -0.413170 0.345404 2.991098,
        -1.105446 -0.151766 2.990784,
        -1.114368 -0.155017 2.986852,
        -1.122028 -0.157809 2.980595,
        -1.127907 -0.159951 2.972441,
        -1.028542 0.284912 2.990784,
        -0.973889 0.339566 2.990784,
        -1.035816 0.291015 2.986852,
        -0.979992 0.346840 2.986852,
        -1.042063 0.296257 2.980595,
        -0.985233 0.353086 2.980595,
        -1.046856 0.300278 2.972441,
        -0.989254 0.357879 2.972441,
        -1.049869 0.302806 2.962946,
        -0.840518 0.416551 2.990784,
        -0.765856 0.436543 2.990784,
        -0.843765 0.425474 2.986852,
        -0.767504 0.445894 2.986852,
        -0.846552 0.433137 2.980595,
        -0.768918 0.453924 2.980595,
        -0.848691 0.439017 2.972441,
        -0.770003 0.460086 2.972441,
        -0.850036 0.442713 2.962946,
        -0.611861 0.436501 2.990784,
        -0.537211 0.416470 2.990784,
        -0.610209 0.445852 2.986852,
        -0.533959 0.425391 2.986852,
        -0.608791 0.453881 2.980595,
        -0.531168 0.433052 2.980595,
        -0.607703 0.460043 2.972441,
        -0.529026 0.438931 2.972441,
        -0.607019 0.463915 2.962946,
        -1.102279 -0.227273 2.952756,
        -1.154213 -0.082191 2.952756,
        -1.152892 -0.081958 2.962946,
        -1.149019 -0.081274 2.972441,
        -1.142857 -0.080185 2.980595,
        -1.134828 -0.078767 2.986852,
        -1.125478 -0.077115 2.990784,
        -1.132237 -0.000119 2.990784,
        -1.141732 -0.000122 2.986852,
        -1.149886 -0.000124 2.980595,
        -1.156143 -0.000126 2.972441,
        -1.149062 0.081026 2.972441,
        -1.142900 0.079941 2.980595,
        -1.134870 0.078527 2.986852,
        -1.125519 0.076880 2.990784,
        -1.105528 0.151542 2.990784,
        -1.114451 0.154788 2.986852,
        -1.122113 0.157576 2.980595,
        -1.127993 0.159715 2.972441,
        -1.098143 0.236184 2.952756,
        -1.096981 0.235513 2.962946,
        -1.093575 0.233547 2.972441,
        -1.088157 0.230419 2.980595,
        -1.081095 0.226343 2.986852,
        -1.072871 0.221596 2.990784,
        -1.050896 0.303669 2.952756,
        -1.032264 0.322301 2.952756,
        -0.925160 0.409167 2.952756,
        -0.924489 0.408005 2.962946,
        -0.922523 0.404599 2.972441,
        -0.919396 0.399180 2.980595,
        -0.915319 0.392119 2.986852,
        -0.910572 0.383895 2.990784,
        -0.850494 0.443973 2.952756,
        -0.834672 0.448210 2.952756,
        -0.688849 0.472441 2.952756,
        -0.688850 0.471100 2.962946,
        -0.688851 0.467166 2.972441,
        -0.688852 0.460910 2.980595,
        -0.688855 0.452756 2.986852,
        -0.688857 0.443261 2.990784,
        -0.606785 0.465237 2.952756,
        -0.600584 0.463572 2.952756,
      ]
    }
    coordIndex [
      0, 1, 2, -1,
      2, 1, 3, -1,
      2, 3, 4, -1,
      4, 3, 5, -1,
      4, 5, 6, -1,
      7, 8, 9, -1,
      9, 8, 10, -1,
      10, 8, 6, -1,
      6, 8, 11, -1,
      6, 11, 12, -1,
      7, 13, 8, -1,
      8, 13, 14, -1,
      8, 14, 15, -1,
      12, 16, 6, -1,
      6, 16, 17, -1,
      6, 17, 4, -1,
      18, 19, 20, -1,
      21, 22, 23, -1,
      24, 25, 26, -1,
      27, 28, 29, -1,
      30, 31, 32, -1,
      33, 34, 35, -1,
      36, 37, 38, -1,
      0, 2, 39, -1,
      39, 2, 40, -1,
      39, 40, 41, -1,
      41, 40, 42, -1,
      42, 40, 43, -1,
      42, 43, 44, -1,
      45, 46, 43, -1,
      43, 46, 47, -1,
      43, 47, 44, -1,
      48, 49, 45, -1,
      45, 49, 50, -1,
      45, 50, 46, -1,
      51, 52, 48, -1,
      48, 52, 53, -1,
      48, 53, 49, -1,
      54, 55, 56, -1,
      56, 55, 57, -1,
      56, 57, 51, -1,
      51, 57, 58, -1,
      51, 58, 52, -1,
      59, 60, 61, -1,
      61, 60, 62, -1,
      61, 62, 63, -1,
      63, 62, 64, -1,
      64, 62, 65, -1,
      64, 65, 66, -1,
      66, 65, 67, -1,
      67, 65, 68, -1,
      67, 68, 69, -1,
      69, 68, 70, -1,
      70, 68, 71, -1,
      70, 71, 72, -1,
      72, 71, 73, -1,
      73, 71, 74, -1,
      73, 74, 75, -1,
      75, 74, 76, -1,
      76, 74, 3, -1,
      76, 3, 1, -1,
      2, 4, 40, -1,
      40, 4, 77, -1,
      40, 77, 43, -1,
      43, 77, 78, -1,
      43, 78, 45, -1,
      45, 78, 79, -1,
      45, 79, 48, -1,
      48, 79, 80, -1,
      48, 80, 51, -1,
      51, 80, 38, -1,
      15, 14, 81, -1,
      81, 14, 82, -1,
      81, 82, 83, -1,
      83, 82, 84, -1,
      83, 84, 85, -1,
      85, 84, 86, -1,
      85, 86, 87, -1,
      87, 86, 88, -1,
      87, 88, 89, -1,
      89, 88, 26, -1,
      7, 9, 90, -1,
      90, 9, 91, -1,
      90, 91, 92, -1,
      92, 91, 93, -1,
      92, 93, 94, -1,
      94, 93, 95, -1,
      94, 95, 96, -1,
      96, 95, 97, -1,
      96, 97, 98, -1,
      98, 97, 23, -1,
      6, 5, 99, -1,
      99, 5, 100, -1,
      99, 100, 101, -1,
      101, 100, 102, -1,
      101, 102, 103, -1,
      103, 102, 104, -1,
      103, 104, 105, -1,
      105, 104, 106, -1,
      105, 106, 107, -1,
      107, 106, 20, -1,
      38, 37, 51, -1,
      51, 37, 108, -1,
      51, 108, 56, -1,
      109, 36, 110, -1,
      110, 36, 38, -1,
      110, 38, 111, -1,
      111, 38, 80, -1,
      111, 80, 112, -1,
      112, 80, 79, -1,
      112, 79, 113, -1,
      113, 79, 78, -1,
      113, 78, 114, -1,
      114, 78, 77, -1,
      114, 77, 17, -1,
      17, 77, 4, -1,
      17, 16, 114, -1,
      114, 16, 115, -1,
      114, 115, 113, -1,
      113, 115, 116, -1,
      113, 116, 112, -1,
      112, 116, 117, -1,
      112, 117, 111, -1,
      111, 117, 118, -1,
      111, 118, 110, -1,
      110, 118, 35, -1,
      110, 35, 109, -1,
      109, 35, 34, -1,
      31, 33, 32, -1,
      32, 33, 35, -1,
      32, 35, 119, -1,
      119, 35, 118, -1,
      119, 118, 120, -1,
      120, 118, 117, -1,
      120, 117, 121, -1,
      121, 117, 116, -1,
      121, 116, 122, -1,
      122, 116, 115, -1,
      122, 115, 12, -1,
      12, 115, 16, -1,
      12, 11, 122, -1,
      122, 11, 123, -1,
      122, 123, 121, -1,
      121, 123, 124, -1,
      121, 124, 120, -1,
      120, 124, 125, -1,
      120, 125, 119, -1,
      119, 125, 126, -1,
      119, 126, 32, -1,
      32, 126, 29, -1,
      32, 29, 30, -1,
      30, 29, 28, -1,
      127, 27, 128, -1,
      128, 27, 29, -1,
      128, 29, 129, -1,
      129, 29, 126, -1,
      129, 126, 130, -1,
      130, 126, 125, -1,
      130, 125, 131, -1,
      131, 125, 124, -1,
      131, 124, 132, -1,
      132, 124, 123, -1,
      132, 123, 8, -1,
      8, 123, 11, -1,
      8, 15, 132, -1,
      132, 15, 81, -1,
      132, 81, 131, -1,
      131, 81, 83, -1,
      131, 83, 130, -1,
      130, 83, 85, -1,
      130, 85, 129, -1,
      129, 85, 87, -1,
      129, 87, 128, -1,
      128, 87, 89, -1,
      128, 89, 127, -1,
      127, 89, 133, -1,
      26, 25, 89, -1,
      89, 25, 134, -1,
      89, 134, 133, -1,
      135, 24, 136, -1,
      136, 24, 26, -1,
      136, 26, 137, -1,
      137, 26, 88, -1,
      137, 88, 138, -1,
      138, 88, 86, -1,
      138, 86, 139, -1,
      139, 86, 84, -1,
      139, 84, 140, -1,
      140, 84, 82, -1,
      140, 82, 13, -1,
      13, 82, 14, -1,
      13, 7, 140, -1,
      140, 7, 90, -1,
      140, 90, 139, -1,
      139, 90, 92, -1,
      139, 92, 138, -1,
      138, 92, 94, -1,
      138, 94, 137, -1,
      137, 94, 96, -1,
      137, 96, 136, -1,
      136, 96, 98, -1,
      136, 98, 135, -1,
      135, 98, 141, -1,
      23, 22, 98, -1,
      98, 22, 142, -1,
      98, 142, 141, -1,
      143, 21, 144, -1,
      144, 21, 23, -1,
      144, 23, 145, -1,
      145, 23, 97, -1,
      145, 97, 146, -1,
      146, 97, 95, -1,
      146, 95, 147, -1,
      147, 95, 93, -1,
      147, 93, 148, -1,
      148, 93, 91, -1,
      148, 91, 10, -1,
      10, 91, 9, -1,
      10, 6, 148, -1,
      148, 6, 99, -1,
      148, 99, 147, -1,
      147, 99, 101, -1,
      147, 101, 146, -1,
      146, 101, 103, -1,
      146, 103, 145, -1,
      145, 103, 105, -1,
      145, 105, 144, -1,
      144, 105, 107, -1,
      144, 107, 143, -1,
      143, 107, 149, -1,
      20, 19, 107, -1,
      107, 19, 150, -1,
      107, 150, 149, -1,
      60, 18, 62, -1,
      62, 18, 20, -1,
      62, 20, 65, -1,
      65, 20, 106, -1,
      65, 106, 68, -1,
      68, 106, 104, -1,
      68, 104, 71, -1,
      71, 104, 102, -1,
      71, 102, 74, -1,
      74, 102, 100, -1,
      74, 100, 3, -1,
      3, 100, 5, -1,
    ]
  }
}

Shape {
  appearance Appearance {
    material Material {
      diffuseColor 0.3725 1.0000 0.7137
      specularColor 0.3294 0.8784 0.6275
      ambientIntensity 0.2
      transparency 0.0000
      shininess 0.5
    }
  }
  geometry IndexedFaceSet {
    ccw TRUE
    solid FALSE
    coord DEF co Coordinate {
      point [
        0.492126 -1.279528 0.000000,
        0.137749 -1.279528 0.000000,
        1.377953 0.870802 0.000000,
        0.421022 0.673294 0.000000,
        1.377953 1.279528 0.000000,
        0.421022 0.870144 0.000000,
        0.137749 1.279528 0.000000,
        0.394615 0.870144 0.000000,
        0.320196 0.673294 0.000000,
        0.320196 0.694900 0.000000,
        0.394615 0.694900 0.000000,
        1.377953 -1.279528 0.000000,
        0.885827 -1.279528 0.000000,
        1.377953 0.672094 0.000000,
        1.377953 0.704001 0.000000,
        -1.377953 0.870802 0.000000,
        -1.377953 1.279528 0.000000,
        -1.377953 -1.279528 0.000000,
        -1.377953 0.672094 0.000000,
        -1.377953 0.704001 0.000000,
        -0.492126 -1.279528 0.000000,
        -0.492126 0.295276 0.000000,
        -0.885827 -1.279528 0.000000,
        -0.885827 0.295276 0.000000,
        1.279528 -1.279528 1.692913,
        0.098425 -1.279528 1.692913,
        1.377953 0.870802 1.732283,
        1.377953 -0.595211 3.307087,
        1.377953 -0.688976 3.307087,
        1.377953 -1.279528 1.732283,
        1.377953 -0.595211 1.653543,
        1.377953 -0.428411 1.653543,
        1.377953 -0.428411 3.307087,
        1.377953 0.704001 1.732283,
        1.377953 0.688976 3.307087,
        1.377953 1.279528 1.732283,
        -1.377953 -0.428411 1.653543,
        -1.377953 -0.428411 3.307087,
        -1.377953 0.704001 1.732283,
        -1.377953 0.688976 3.307087,
        -1.377953 0.870802 1.732283,
        -1.377953 1.279528 1.732283,
        -1.377953 -0.688976 3.307087,
        -1.377953 -0.595211 3.307087,
        -1.377953 -1.279528 1.732283,
        -1.377953 -0.595211 1.653543,
        -1.279528 0.295276 1.692913,
        -1.122047 0.236220 1.692913,
        -1.122047 -0.354331 1.692913,
        -0.255906 0.236220 1.692913,
        -0.098425 0.295276 1.692913,
        -0.255906 -0.354331 1.692913,
        -0.098425 -1.279528 1.692913,
        -1.279528 -1.279528 1.692913,
        -0.098425 -1.279528 0.196850,
        -0.492126 -1.279528 0.196850,
        -0.885827 -1.279528 0.196850,
        -1.279528 -1.279528 0.196850,
        0.492126 -1.279528 0.196850,
        0.098425 -1.279528 0.196850,
        0.885827 -1.279528 0.196850,
        1.279528 -1.279528 0.196850,
        1.181102 -0.629921 3.307087,
        -1.166802 0.117774 3.307087,
        -1.124732 0.228702 3.307087,
        -1.574803 -0.393701 3.307087,
        -1.574803 -0.629921 3.307087,
        1.166802 -0.117774 3.307087,
        1.181102 -0.393701 3.307087,
        1.181102 0.000000 3.307087,
        0.320615 0.326340 3.307087,
        0.409417 0.405012 3.307087,
        1.124732 -0.228702 3.307087,
        1.057338 -0.326340 3.307087,
        0.968536 -0.405012 3.307087,
        0.863487 -0.460146 3.307087,
        -1.181102 0.000000 3.307087,
        -1.166802 -0.117774 3.307087,
        -1.057338 0.326340 3.307087,
        -0.968536 0.405012 3.307087,
        -0.863487 0.460146 3.307087,
        -0.409417 0.405012 3.307087,
        0.253220 0.228702 3.307087,
        -0.320615 0.326340 3.307087,
        0.863487 0.460146 3.307087,
        0.968536 0.405012 3.307087,
        1.057338 0.326340 3.307087,
        0.514466 0.460146 3.307087,
        0.629657 0.488538 3.307087,
        0.748296 0.488538 3.307087,
        1.124732 0.228702 3.307087,
        1.166802 0.117774 3.307087,
        -0.253220 -0.228702 3.307087,
        0.514466 -0.460146 3.307087,
        0.409417 -0.405012 3.307087,
        0.748296 -0.488538 3.307087,
        0.629657 -0.488538 3.307087,
        -0.409417 -0.405012 3.307087,
        -0.320615 -0.326340 3.307087,
        -0.748296 0.488538 3.307087,
        -0.629657 0.488538 3.307087,
        -0.514466 0.460146 3.307087,
        -0.253220 0.228702 3.307087,
        -0.211151 0.117774 3.307087,
        0.211151 0.117774 3.307087,
        -0.748296 -0.488538 3.307087,
        -0.629657 -0.488538 3.307087,
        -0.514466 -0.460146 3.307087,
        -0.863487 -0.460146 3.307087,
        -0.968536 -0.405012 3.307087,
        -1.057338 -0.326340 3.307087,
        -1.124732 -0.228702 3.307087,
        0.320615 -0.326340 3.307087,
        0.253220 -0.228702 3.307087,
        0.211151 -0.117774 3.307087,
        0.196850 0.000000 3.307087,
        -0.196850 0.000000 3.307087,
        -0.211151 -0.117774 3.307087,
        -0.098425 0.295276 0.196850,
        -0.492126 0.295276 0.196850,
        -0.885827 0.295276 0.196850,
        -1.279528 0.295276 0.196850,
      ]
    }
    coordIndex [
      26, 2, 4, -1,
      27, 28, 29, -1,
      27, 29, 30, -1,
      30, 29, 11, -1,
      30, 11, 31, -1,
      11, 13, 31, -1,
      31, 13, 14, -1,
      31, 14, 32, -1,
      32, 14, 33, -1,
      32, 33, 34, -1,
      34, 33, 26, -1,
      34, 26, 35, -1,
      35, 26, 4, -1,
      36, 37, 38, -1,
      38, 37, 39, -1,
      38, 39, 40, -1,
      40, 39, 41, -1,
      40, 41, 15, -1,
      15, 41, 16, -1,
      42, 43, 44, -1,
      44, 43, 45, -1,
      44, 45, 17, -1,
      17, 45, 36, -1,
      17, 36, 18, -1,
      18, 36, 38, -1,
      18, 38, 19, -1,
      46, 47, 48, -1,
      47, 46, 49, -1,
      49, 46, 50, -1,
      49, 50, 51, -1,
      51, 50, 52, -1,
      51, 52, 48, -1,
      48, 52, 53, -1,
      48, 53, 46, -1,
      16, 41, 6, -1,
      6, 41, 35, -1,
      6, 35, 4, -1,
      54, 55, 20, -1,
      52, 29, 44, -1,
      22, 56, 17, -1,
      17, 56, 57, -1,
      17, 57, 44, -1,
      44, 57, 53, -1,
      44, 53, 52, -1,
      58, 59, 0, -1,
      0, 59, 1, -1,
      60, 12, 61, -1,
      61, 12, 11, -1,
      61, 11, 24, -1,
      24, 11, 29, -1,
      24, 29, 25, -1,
      25, 29, 52, -1,
      25, 52, 59, -1,
      59, 52, 54, -1,
      59, 54, 1, -1,
      1, 54, 20, -1,
      42, 28, 62, -1,
      62, 28, 27, -1,
      63, 64, 39, -1,
      65, 66, 37, -1,
      37, 66, 43, -1,
      67, 68, 69, -1,
      69, 68, 32, -1,
      69, 32, 34, -1,
      39, 70, 71, -1,
      67, 72, 68, -1,
      68, 72, 73, -1,
      68, 73, 62, -1,
      62, 73, 74, -1,
      62, 74, 75, -1,
      63, 39, 76, -1,
      76, 39, 37, -1,
      76, 37, 77, -1,
      64, 78, 39, -1,
      39, 78, 79, -1,
      39, 79, 80, -1,
      70, 81, 82, -1,
      82, 81, 83, -1,
      84, 85, 34, -1,
      34, 85, 86, -1,
      71, 87, 39, -1,
      39, 87, 88, -1,
      39, 88, 34, -1,
      34, 88, 89, -1,
      34, 89, 84, -1,
      86, 90, 34, -1,
      34, 90, 91, -1,
      34, 91, 69, -1,
      92, 93, 94, -1,
      75, 95, 62, -1,
      62, 95, 96, -1,
      62, 96, 97, -1,
      97, 96, 93, -1,
      97, 93, 98, -1,
      98, 93, 92, -1,
      80, 99, 39, -1,
      39, 99, 100, -1,
      39, 100, 70, -1,
      70, 100, 101, -1,
      70, 101, 81, -1,
      83, 102, 82, -1,
      82, 102, 103, -1,
      82, 103, 104, -1,
      105, 42, 106, -1,
      106, 42, 62, -1,
      106, 62, 107, -1,
      107, 62, 97, -1,
      105, 108, 42, -1,
      42, 108, 109, -1,
      42, 109, 43, -1,
      43, 109, 110, -1,
      43, 110, 37, -1,
      37, 110, 111, -1,
      37, 111, 77, -1,
      94, 112, 92, -1,
      92, 112, 113, -1,
      92, 113, 114, -1,
      104, 103, 115, -1,
      115, 103, 116, -1,
      115, 116, 114, -1,
      114, 116, 117, -1,
      114, 117, 92, -1,
      7, 5, 10, -1,
      10, 5, 3, -1,
      10, 3, 9, -1,
      9, 3, 8, -1,
      39, 34, 41, -1,
      41, 34, 35, -1,
      44, 29, 42, -1,
      42, 29, 28, -1,
      50, 118, 52, -1,
      52, 118, 54, -1,
      118, 119, 54, -1,
      54, 119, 55, -1,
      119, 21, 55, -1,
      55, 21, 20, -1,
      23, 120, 22, -1,
      22, 120, 56, -1,
      120, 121, 56, -1,
      56, 121, 57, -1,
      121, 46, 57, -1,
      57, 46, 53, -1,
      46, 121, 50, -1,
      50, 121, 120, -1,
      118, 50, 119, -1,
      119, 50, 120, -1,
      119, 120, 21, -1,
      21, 120, 23, -1,
    ]
  }
}

Shape {
  appearance Appearance {
    material Material {
      diffuseColor 0.9686 0.9686 0.9686
      specularColor 0.8510 0.8510 0.8510
      ambientIntensity 0.2
      transparency 0.0000
      shininess 0.5
    }
  }
  geometry IndexedFaceSet {
    ccw TRUE
    solid FALSE
    coord DEF co Coordinate {
      point [
        -1.122047 0.236220 1.692913,
        -1.122047 -0.354331 1.692913,
        -0.255906 0.236220 1.692913,
        -0.255906 -0.354331 1.692913,
        -0.511811 -0.354331 1.074576,
        -0.438427 -0.354331 1.018266,
        -0.382117 -0.354331 0.944882,
        -0.382117 -0.354331 0.590551,
        -0.438427 -0.354331 0.517167,
        -0.255906 -0.354331 0.314961,
        -0.511811 -0.354331 0.460857,
        -0.780684 -0.354331 0.425459,
        -1.122047 -0.354331 0.314961,
        -0.688976 -0.354331 0.413386,
        -0.597269 -0.354331 0.425459,
        -0.866142 -0.354331 0.460857,
        -0.939526 -0.354331 0.517167,
        -0.995836 -0.354331 0.590551,
        -0.346719 -0.354331 0.859424,
        -0.334646 -0.354331 0.767717,
        -0.346719 -0.354331 0.676009,
        -0.995836 -0.354331 0.944882,
        -0.939526 -0.354331 1.018266,
        -0.866142 -0.354331 1.074576,
        -1.031233 -0.354331 0.676009,
        -1.043307 -0.354331 0.767717,
        -1.031233 -0.354331 0.859424,
        -0.780684 -0.354331 1.109974,
        -0.688976 -0.354331 1.122047,
        -0.597269 -0.354331 1.109974,
        -0.382117 0.236220 0.944882,
        -0.438427 0.236220 1.018266,
        -0.995836 0.236220 0.590551,
        -0.939526 0.236220 0.517167,
        -1.122047 0.236220 0.314961,
        -0.866142 0.236220 0.460857,
        -0.511811 0.236220 1.074576,
        -0.597269 0.236220 1.109974,
        -0.688976 0.236220 1.122047,
        -0.780684 0.236220 1.109974,
        -0.511811 0.236220 0.460857,
        -0.438427 0.236220 0.517167,
        -0.255906 0.236220 0.314961,
        -0.382117 0.236220 0.590551,
        -0.866142 0.236220 1.074576,
        -0.939526 0.236220 1.018266,
        -0.995836 0.236220 0.944882,
        -1.031233 0.236220 0.859424,
        -1.043307 0.236220 0.767717,
        -1.031233 0.236220 0.676009,
        -0.346719 0.236220 0.676009,
        -0.334646 0.236220 0.767717,
        -0.346719 0.236220 0.859424,
        -0.780684 0.236220 0.425459,
        -0.688976 0.236220 0.413386,
        -0.597269 0.236220 0.425459,
        -0.846457 -0.059055 0.314961,
        -0.841091 -0.099814 0.314961,
        -0.552594 -0.137795 0.314961,
        -0.577621 -0.170411 0.314961,
        -0.610236 -0.195437 0.314961,
        -0.825358 -0.137795 0.314961,
        -0.800332 -0.170411 0.314961,
        -0.767717 -0.195437 0.314961,
        -0.729735 -0.211169 0.314961,
        -0.688976 -0.216535 0.314961,
        -0.648217 -0.211169 0.314961,
        -0.767717 0.077327 0.314961,
        -0.800332 0.052300 0.314961,
        -0.536862 -0.018296 0.314961,
        -0.531496 -0.059055 0.314961,
        -0.536862 -0.099814 0.314961,
        -0.552594 0.019685 0.314961,
        -0.577621 0.052300 0.314961,
        -0.610236 0.077327 0.314961,
        -0.825358 0.019685 0.314961,
        -0.841091 -0.018296 0.314961,
        -0.648217 0.093059 0.314961,
        -0.688976 0.098425 0.314961,
        -0.729735 0.093059 0.314961,
        -0.536862 -0.018296 -1.338583,
        -0.552594 0.019685 -1.338583,
        -0.577621 0.052300 -1.338583,
        -0.610236 0.077327 -1.338583,
        -0.648217 0.093059 -1.338583,
        -0.688976 0.098425 -1.338583,
        -0.729735 0.093059 -1.338583,
        -0.767717 0.077327 -1.338583,
        -0.800332 0.052300 -1.338583,
        -0.825358 0.019685 -1.338583,
        -0.841091 -0.018296 -1.338583,
        -0.846457 -0.059055 -1.338583,
        -0.841091 -0.099814 -1.338583,
        -0.825358 -0.137795 -1.338583,
        -0.800332 -0.170411 -1.338583,
        -0.767717 -0.195437 -1.338583,
        -0.729735 -0.211169 -1.338583,
        -0.688976 -0.216535 -1.338583,
        -0.648217 -0.211169 -1.338583,
        -0.610236 -0.195437 -1.338583,
        -0.577621 -0.170411 -1.338583,
        -0.552594 -0.137795 -1.338583,
        -0.536862 -0.099814 -1.338583,
        -0.531496 -0.059055 -1.338583,
        -0.791263 -0.118110 -1.377953,
        -0.803062 -0.089624 -1.377953,
        -0.688976 -0.059055 -1.377953,
        -0.807087 -0.059055 -1.377953,
        -0.803062 -0.028486 -1.377953,
        -0.719546 -0.173141 -1.377953,
        -0.748031 -0.161342 -1.377953,
        -0.772493 -0.142572 -1.377953,
        -0.629921 -0.161342 -1.377953,
        -0.658407 -0.173141 -1.377953,
        -0.688976 -0.177165 -1.377953,
        -0.574891 -0.089624 -1.377953,
        -0.586690 -0.118110 -1.377953,
        -0.605460 -0.142572 -1.377953,
        -0.586690 -0.000000 -1.377953,
        -0.574891 -0.028486 -1.377953,
        -0.570866 -0.059055 -1.377953,
        -0.658407 0.055031 -1.377953,
        -0.629921 0.043231 -1.377953,
        -0.605460 0.024461 -1.377953,
        -0.748031 0.043231 -1.377953,
        -0.719546 0.055031 -1.377953,
        -0.688976 0.059055 -1.377953,
        -0.791263 -0.000000 -1.377953,
        -0.772493 0.024461 -1.377953,
        -0.812905 -0.025849 -1.376611,
        -0.800087 0.005095 -1.376611,
        -0.779698 0.031667 -1.376611,
        -0.753126 0.052056 -1.376611,
        -0.722183 0.064873 -1.376611,
        -0.688976 0.069245 -1.376611,
        -0.655770 0.064873 -1.376611,
        -0.624826 0.052056 -1.376611,
        -0.598255 0.031667 -1.376611,
        -0.577865 0.005095 -1.376611,
        -0.565048 -0.025849 -1.376611,
        -0.560676 -0.059055 -1.376611,
        -0.565048 -0.092261 -1.376611,
        -0.577865 -0.123205 -1.376611,
        -0.598255 -0.149777 -1.376611,
        -0.624826 -0.170166 -1.376611,
        -0.655770 -0.182983 -1.376611,
        -0.688976 -0.187355 -1.376611,
        -0.722183 -0.182983 -1.376611,
        -0.753126 -0.170166 -1.376611,
        -0.779698 -0.149777 -1.376611,
        -0.800087 -0.123205 -1.376611,
        -0.812905 -0.092261 -1.376611,
        -0.817276 -0.059055 -1.376611,
        -0.822076 -0.023391 -1.372678,
        -0.808311 0.009843 -1.372678,
        -0.786412 0.038381 -1.372678,
        -0.757874 0.060279 -1.372678,
        -0.724641 0.074045 -1.372678,
        -0.688976 0.078740 -1.372678,
        -0.653312 0.074045 -1.372678,
        -0.620079 0.060279 -1.372678,
        -0.591541 0.038381 -1.372678,
        -0.569642 0.009843 -1.372678,
        -0.555876 -0.023391 -1.372678,
        -0.551181 -0.059055 -1.372678,
        -0.555876 -0.094719 -1.372678,
        -0.569642 -0.127953 -1.372678,
        -0.591541 -0.156491 -1.372678,
        -0.620079 -0.178389 -1.372678,
        -0.653312 -0.192155 -1.372678,
        -0.688976 -0.196850 -1.372678,
        -0.724641 -0.192155 -1.372678,
        -0.757874 -0.178389 -1.372678,
        -0.786412 -0.156491 -1.372678,
        -0.808311 -0.127953 -1.372678,
        -0.822076 -0.094719 -1.372678,
        -0.826772 -0.059055 -1.372678,
        -0.829952 -0.021281 -1.366422,
        -0.815372 0.013919 -1.366422,
        -0.792178 0.044146 -1.366422,
        -0.761951 0.067341 -1.366422,
        -0.726751 0.081921 -1.366422,
        -0.688976 0.086894 -1.366422,
        -0.651202 0.081921 -1.366422,
        -0.616002 0.067341 -1.366422,
        -0.585775 0.044146 -1.366422,
        -0.562581 0.013919 -1.366422,
        -0.548000 -0.021281 -1.366422,
        -0.543027 -0.059055 -1.366422,
        -0.548000 -0.096830 -1.366422,
        -0.562581 -0.132030 -1.366422,
        -0.585775 -0.162257 -1.366422,
        -0.616002 -0.185451 -1.366422,
        -0.651202 -0.200031 -1.366422,
        -0.688976 -0.205004 -1.366422,
        -0.726751 -0.200031 -1.366422,
        -0.761951 -0.185451 -1.366422,
        -0.792178 -0.162257 -1.366422,
        -0.815372 -0.132030 -1.366422,
        -0.829952 -0.096830 -1.366422,
        -0.834926 -0.059055 -1.366422,
        -0.835996 -0.019661 -1.358268,
        -0.820791 0.017048 -1.358268,
        -0.796602 0.048570 -1.358268,
        -0.765079 0.072759 -1.358268,
        -0.728370 0.087964 -1.358268,
        -0.688976 0.093151 -1.358268,
        -0.649583 0.087964 -1.358268,
        -0.612874 0.072759 -1.358268,
        -0.581351 0.048570 -1.358268,
        -0.557162 0.017048 -1.358268,
        -0.541957 -0.019661 -1.358268,
        -0.536770 -0.059055 -1.358268,
        -0.541957 -0.098449 -1.358268,
        -0.557162 -0.135158 -1.358268,
        -0.581351 -0.166681 -1.358268,
        -0.612874 -0.190869 -1.358268,
        -0.649583 -0.206074 -1.358268,
        -0.688976 -0.211261 -1.358268,
        -0.728370 -0.206074 -1.358268,
        -0.765079 -0.190869 -1.358268,
        -0.796602 -0.166681 -1.358268,
        -0.820791 -0.135158 -1.358268,
        -0.835996 -0.098449 -1.358268,
        -0.841182 -0.059055 -1.358268,
        -0.839795 -0.018643 -1.348772,
        -0.824196 0.019014 -1.348772,
        -0.799383 0.051352 -1.348772,
        -0.767046 0.076165 -1.348772,
        -0.729388 0.091763 -1.348772,
        -0.688976 0.097084 -1.348772,
        -0.648565 0.091763 -1.348772,
        -0.610907 0.076165 -1.348772,
        -0.578570 0.051352 -1.348772,
        -0.553756 0.019014 -1.348772,
        -0.538158 -0.018643 -1.348772,
        -0.532837 -0.059055 -1.348772,
        -0.538158 -0.099467 -1.348772,
        -0.553756 -0.137124 -1.348772,
        -0.578570 -0.169462 -1.348772,
        -0.610907 -0.194275 -1.348772,
        -0.648565 -0.209874 -1.348772,
        -0.688976 -0.215194 -1.348772,
        -0.729388 -0.209874 -1.348772,
        -0.767046 -0.194275 -1.348772,
        -0.799383 -0.169462 -1.348772,
        -0.824196 -0.137124 -1.348772,
        -0.839795 -0.099467 -1.348772,
        -0.845115 -0.059055 -1.348772,
      ]
    }
    coordIndex [
      4, 5, 3, -1,
      3, 5, 6, -1,
      7, 8, 9, -1,
      9, 8, 10, -1,
      11, 12, 13, -1,
      13, 12, 9, -1,
      13, 9, 14, -1,
      14, 9, 10, -1,
      11, 15, 12, -1,
      12, 15, 16, -1,
      12, 16, 17, -1,
      6, 18, 3, -1,
      3, 18, 19, -1,
      3, 19, 9, -1,
      9, 19, 20, -1,
      9, 20, 7, -1,
      21, 22, 1, -1,
      1, 22, 23, -1,
      17, 24, 12, -1,
      12, 24, 25, -1,
      12, 25, 1, -1,
      1, 25, 26, -1,
      1, 26, 21, -1,
      23, 27, 1, -1,
      1, 27, 28, -1,
      1, 28, 3, -1,
      3, 28, 29, -1,
      3, 29, 4, -1,
      30, 31, 2, -1,
      32, 33, 34, -1,
      34, 33, 35, -1,
      31, 36, 2, -1,
      2, 36, 37, -1,
      2, 37, 0, -1,
      0, 37, 38, -1,
      0, 38, 39, -1,
      40, 41, 42, -1,
      42, 41, 43, -1,
      39, 44, 0, -1,
      0, 44, 45, -1,
      0, 45, 46, -1,
      46, 47, 0, -1,
      0, 47, 48, -1,
      0, 48, 34, -1,
      34, 48, 49, -1,
      34, 49, 32, -1,
      43, 50, 42, -1,
      42, 50, 51, -1,
      42, 51, 2, -1,
      2, 51, 52, -1,
      2, 52, 30, -1,
      35, 53, 34, -1,
      34, 53, 54, -1,
      34, 54, 42, -1,
      42, 54, 55, -1,
      42, 55, 40, -1,
      3, 9, 2, -1,
      2, 9, 42, -1,
      12, 1, 34, -1,
      34, 1, 0, -1,
      34, 56, 12, -1,
      12, 56, 57, -1,
      58, 9, 59, -1,
      59, 9, 60, -1,
      57, 61, 12, -1,
      12, 61, 62, -1,
      12, 62, 63, -1,
      63, 64, 12, -1,
      12, 64, 65, -1,
      12, 65, 9, -1,
      9, 65, 66, -1,
      9, 66, 60, -1,
      34, 67, 68, -1,
      69, 42, 70, -1,
      70, 42, 9, -1,
      70, 9, 71, -1,
      71, 9, 58, -1,
      69, 72, 42, -1,
      42, 72, 73, -1,
      42, 73, 74, -1,
      68, 75, 34, -1,
      34, 75, 76, -1,
      34, 76, 56, -1,
      74, 77, 42, -1,
      42, 77, 78, -1,
      42, 78, 34, -1,
      34, 78, 79, -1,
      34, 79, 67, -1,
      28, 38, 29, -1,
      29, 38, 37, -1,
      29, 37, 4, -1,
      4, 37, 36, -1,
      4, 36, 5, -1,
      5, 36, 31, -1,
      5, 31, 6, -1,
      6, 31, 30, -1,
      6, 30, 18, -1,
      18, 30, 52, -1,
      18, 52, 19, -1,
      19, 52, 51, -1,
      19, 51, 20, -1,
      20, 51, 50, -1,
      20, 50, 7, -1,
      7, 50, 43, -1,
      7, 43, 8, -1,
      8, 43, 41, -1,
      8, 41, 10, -1,
      10, 41, 40, -1,
      10, 40, 14, -1,
      14, 40, 55, -1,
      14, 55, 13, -1,
      13, 55, 54, -1,
      13, 54, 11, -1,
      11, 54, 53, -1,
      11, 53, 15, -1,
      15, 53, 35, -1,
      15, 35, 16, -1,
      16, 35, 33, -1,
      16, 33, 17, -1,
      17, 33, 32, -1,
      17, 32, 24, -1,
      24, 32, 49, -1,
      24, 49, 25, -1,
      25, 49, 48, -1,
      25, 48, 26, -1,
      26, 48, 47, -1,
      26, 47, 21, -1,
      21, 47, 46, -1,
      21, 46, 22, -1,
      22, 46, 45, -1,
      22, 45, 23, -1,
      23, 45, 44, -1,
      23, 44, 27, -1,
      27, 44, 39, -1,
      27, 39, 28, -1,
      28, 39, 38, -1,
      70, 80, 69, -1,
      69, 80, 81, -1,
      69, 81, 72, -1,
      72, 81, 82, -1,
      72, 82, 73, -1,
      73, 82, 83, -1,
      73, 83, 74, -1,
      74, 83, 84, -1,
      74, 84, 77, -1,
      77, 84, 85, -1,
      77, 85, 78, -1,
      78, 85, 86, -1,
      78, 86, 79, -1,
      79, 86, 87, -1,
      79, 87, 67, -1,
      67, 87, 88, -1,
      67, 88, 68, -1,
      68, 88, 89, -1,
      68, 89, 75, -1,
      75, 89, 90, -1,
      75, 90, 76, -1,
      76, 90, 91, -1,
      76, 91, 56, -1,
      56, 91, 92, -1,
      56, 92, 57, -1,
      57, 92, 93, -1,
      57, 93, 61, -1,
      61, 93, 94, -1,
      61, 94, 62, -1,
      62, 94, 95, -1,
      62, 95, 63, -1,
      63, 95, 96, -1,
      63, 96, 64, -1,
      64, 96, 97, -1,
      64, 97, 65, -1,
      65, 97, 98, -1,
      65, 98, 66, -1,
      66, 98, 99, -1,
      66, 99, 60, -1,
      60, 99, 100, -1,
      60, 100, 59, -1,
      59, 100, 101, -1,
      59, 101, 58, -1,
      58, 101, 102, -1,
      58, 102, 71, -1,
      71, 102, 103, -1,
      71, 103, 70, -1,
      70, 103, 80, -1,
      104, 105, 106, -1,
      106, 105, 107, -1,
      106, 107, 108, -1,
      109, 110, 106, -1,
      106, 110, 111, -1,
      106, 111, 104, -1,
      112, 113, 106, -1,
      106, 113, 114, -1,
      106, 114, 109, -1,
      115, 116, 106, -1,
      106, 116, 117, -1,
      106, 117, 112, -1,
      118, 119, 106, -1,
      106, 119, 120, -1,
      106, 120, 115, -1,
      121, 122, 106, -1,
      106, 122, 123, -1,
      106, 123, 118, -1,
      124, 125, 106, -1,
      106, 125, 126, -1,
      106, 126, 121, -1,
      108, 127, 106, -1,
      106, 127, 128, -1,
      106, 128, 124, -1,
      107, 129, 108, -1,
      108, 129, 130, -1,
      108, 130, 127, -1,
      127, 130, 131, -1,
      127, 131, 128, -1,
      128, 131, 132, -1,
      128, 132, 124, -1,
      124, 132, 133, -1,
      124, 133, 125, -1,
      125, 133, 134, -1,
      125, 134, 126, -1,
      126, 134, 135, -1,
      126, 135, 121, -1,
      121, 135, 136, -1,
      121, 136, 122, -1,
      122, 136, 137, -1,
      122, 137, 123, -1,
      123, 137, 138, -1,
      123, 138, 118, -1,
      118, 138, 139, -1,
      118, 139, 119, -1,
      119, 139, 140, -1,
      119, 140, 120, -1,
      120, 140, 141, -1,
      120, 141, 115, -1,
      115, 141, 142, -1,
      115, 142, 116, -1,
      116, 142, 143, -1,
      116, 143, 117, -1,
      117, 143, 144, -1,
      117, 144, 112, -1,
      112, 144, 145, -1,
      112, 145, 113, -1,
      113, 145, 146, -1,
      113, 146, 114, -1,
      114, 146, 147, -1,
      114, 147, 109, -1,
      109, 147, 148, -1,
      109, 148, 110, -1,
      110, 148, 149, -1,
      110, 149, 111, -1,
      111, 149, 150, -1,
      111, 150, 104, -1,
      104, 150, 151, -1,
      104, 151, 105, -1,
      105, 151, 152, -1,
      105, 152, 107, -1,
      107, 152, 129, -1,
      152, 153, 129, -1,
      129, 153, 154, -1,
      129, 154, 130, -1,
      130, 154, 155, -1,
      130, 155, 131, -1,
      131, 155, 156, -1,
      131, 156, 132, -1,
      132, 156, 157, -1,
      132, 157, 133, -1,
      133, 157, 158, -1,
      133, 158, 134, -1,
      134, 158, 159, -1,
      134, 159, 135, -1,
      135, 159, 160, -1,
      135, 160, 136, -1,
      136, 160, 161, -1,
      136, 161, 137, -1,
      137, 161, 162, -1,
      137, 162, 138, -1,
      138, 162, 163, -1,
      138, 163, 139, -1,
      139, 163, 164, -1,
      139, 164, 140, -1,
      140, 164, 165, -1,
      140, 165, 141, -1,
      141, 165, 166, -1,
      141, 166, 142, -1,
      142, 166, 167, -1,
      142, 167, 143, -1,
      143, 167, 168, -1,
      143, 168, 144, -1,
      144, 168, 169, -1,
      144, 169, 145, -1,
      145, 169, 170, -1,
      145, 170, 146, -1,
      146, 170, 171, -1,
      146, 171, 147, -1,
      147, 171, 172, -1,
      147, 172, 148, -1,
      148, 172, 173, -1,
      148, 173, 149, -1,
      149, 173, 174, -1,
      149, 174, 150, -1,
      150, 174, 175, -1,
      150, 175, 151, -1,
      151, 175, 176, -1,
      151, 176, 152, -1,
      152, 176, 153, -1,
      176, 177, 153, -1,
      153, 177, 178, -1,
      153, 178, 154, -1,
      154, 178, 179, -1,
      154, 179, 155, -1,
      155, 179, 180, -1,
      155, 180, 156, -1,
      156, 180, 181, -1,
      156, 181, 157, -1,
      157, 181, 182, -1,
      157, 182, 158, -1,
      158, 182, 183, -1,
      158, 183, 159, -1,
      159, 183, 184, -1,
      159, 184, 160, -1,
      160, 184, 185, -1,
      160, 185, 161, -1,
      161, 185, 186, -1,
      161, 186, 162, -1,
      162, 186, 187, -1,
      162, 187, 163, -1,
      163, 187, 188, -1,
      163, 188, 164, -1,
      164, 188, 189, -1,
      164, 189, 165, -1,
      165, 189, 190, -1,
      165, 190, 166, -1,
      166, 190, 191, -1,
      166, 191, 167, -1,
      167, 191, 192, -1,
      167, 192, 168, -1,
      168, 192, 193, -1,
      168, 193, 169, -1,
      169, 193, 194, -1,
      169, 194, 170, -1,
      170, 194, 195, -1,
      170, 195, 171, -1,
      171, 195, 196, -1,
      171, 196, 172, -1,
      172, 196, 197, -1,
      172, 197, 173, -1,
      173, 197, 198, -1,
      173, 198, 174, -1,
      174, 198, 199, -1,
      174, 199, 175, -1,
      175, 199, 200, -1,
      175, 200, 176, -1,
      176, 200, 177, -1,
      200, 201, 177, -1,
      177, 201, 202, -1,
      177, 202, 178, -1,
      178, 202, 203, -1,
      178, 203, 179, -1,
      179, 203, 204, -1,
      179, 204, 180, -1,
      180, 204, 205, -1,
      180, 205, 181, -1,
      181, 205, 206, -1,
      181, 206, 182, -1,
      182, 206, 207, -1,
      182, 207, 183, -1,
      183, 207, 208, -1,
      183, 208, 184, -1,
      184, 208, 209, -1,
      184, 209, 185, -1,
      185, 209, 210, -1,
      185, 210, 186, -1,
      186, 210, 211, -1,
      186, 211, 187, -1,
      187, 211, 212, -1,
      187, 212, 188, -1,
      188, 212, 213, -1,
      188, 213, 189, -1,
      189, 213, 214, -1,
      189, 214, 190, -1,
      190, 214, 215, -1,
      190, 215, 191, -1,
      191, 215, 216, -1,
      191, 216, 192, -1,
      192, 216, 217, -1,
      192, 217, 193, -1,
      193, 217, 218, -1,
      193, 218, 194, -1,
      194, 218, 219, -1,
      194, 219, 195, -1,
      195, 219, 220, -1,
      195, 220, 196, -1,
      196, 220, 221, -1,
      196, 221, 197, -1,
      197, 221, 222, -1,
      197, 222, 198, -1,
      198, 222, 223, -1,
      198, 223, 199, -1,
      199, 223, 224, -1,
      199, 224, 200, -1,
      200, 224, 201, -1,
      224, 225, 201, -1,
      201, 225, 226, -1,
      201, 226, 202, -1,
      202, 226, 227, -1,
      202, 227, 203, -1,
      203, 227, 228, -1,
      203, 228, 204, -1,
      204, 228, 229, -1,
      204, 229, 205, -1,
      205, 229, 230, -1,
      205, 230, 206, -1,
      206, 230, 231, -1,
      206, 231, 207, -1,
      207, 231, 232, -1,
      207, 232, 208, -1,
      208, 232, 233, -1,
      208, 233, 209, -1,
      209, 233, 234, -1,
      209, 234, 210, -1,
      210, 234, 235, -1,
      210, 235, 211, -1,
      211, 235, 236, -1,
      211, 236, 212, -1,
      212, 236, 237, -1,
      212, 237, 213, -1,
      213, 237, 238, -1,
      213, 238, 214, -1,
      214, 238, 239, -1,
      214, 239, 215, -1,
      215, 239, 240, -1,
      215, 240, 216, -1,
      216, 240, 241, -1,
      216, 241, 217, -1,
      217, 241, 242, -1,
      217, 242, 218, -1,
      218, 242, 243, -1,
      218, 243, 219, -1,
      219, 243, 244, -1,
      219, 244, 220, -1,
      220, 244, 245, -1,
      220, 245, 221, -1,
      221, 245, 246, -1,
      221, 246, 222, -1,
      222, 246, 247, -1,
      222, 247, 223, -1,
      223, 247, 248, -1,
      223, 248, 224, -1,
      224, 248, 225, -1,
      248, 90, 225, -1,
      225, 90, 89, -1,
      225, 89, 226, -1,
      226, 89, 88, -1,
      226, 88, 227, -1,
      227, 88, 87, -1,
      227, 87, 228, -1,
      228, 87, 86, -1,
      228, 86, 229, -1,
      229, 86, 85, -1,
      229, 85, 230, -1,
      230, 85, 84, -1,
      230, 84, 231, -1,
      231, 84, 83, -1,
      231, 83, 232, -1,
      232, 83, 82, -1,
      232, 82, 233, -1,
      233, 82, 81, -1,
      233, 81, 234, -1,
      234, 81, 80, -1,
      234, 80, 235, -1,
      235, 80, 103, -1,
      235, 103, 236, -1,
      236, 103, 102, -1,
      236, 102, 237, -1,
      237, 102, 101, -1,
      237, 101, 238, -1,
      238, 101, 100, -1,
      238, 100, 239, -1,
      239, 100, 99, -1,
      239, 99, 240, -1,
      240, 99, 98, -1,
      240, 98, 241, -1,
      241, 98, 97, -1,
      241, 97, 242, -1,
      242, 97, 96, -1,
      242, 96, 243, -1,
      243, 96, 95, -1,
      243, 95, 244, -1,
      244, 95, 94, -1,
      244, 94, 245, -1,
      245, 94, 93, -1,
      245, 93, 246, -1,
      246, 93, 92, -1,
      246, 92, 247, -1,
      247, 92, 91, -1,
      247, 91, 248, -1,
      248, 91, 90, -1,
    ]
  }
}

Shape {
  appearance Appearance {
    material Material {
      diffuseColor 0.3725 1.0000 0.7137
      specularColor 0.3294 0.8784 0.6275
      ambientIntensity 0.2
      transparency 0.0000
      shininess 0.5
    }
  }
  geometry IndexedFaceSet {
    ccw TRUE
    solid FALSE
    coord DEF co Coordinate {
      point [
        1.558910 0.672094 0.000000,
        1.574803 0.672094 0.000000,
        1.574803 0.669291 0.000000,
        1.574803 0.905512 0.000000,
        1.377953 0.870802 0.000000,
        1.377953 0.704001 0.000000,
        -1.377953 0.870802 0.000000,
        -1.181102 0.905512 0.000000,
        -1.181102 0.672094 0.000000,
        -1.181102 0.669291 0.000000,
        -1.196996 0.672094 0.000000,
        -1.377953 0.704001 0.000000,
        1.181102 -0.629921 1.692913,
        1.279528 -0.612566 1.692913,
        1.181102 -0.393701 1.692913,
        1.279528 -0.411056 1.692913,
        1.377953 0.870802 1.732283,
        1.377953 -0.595211 3.307087,
        1.377953 -0.595211 1.653543,
        1.377953 -0.428411 1.653543,
        1.377953 -0.428411 3.307087,
        1.377953 0.704001 1.732283,
        -1.377953 -0.428411 1.653543,
        -1.377953 -0.428411 3.307087,
        -1.377953 0.704001 1.732283,
        -1.377953 0.870802 1.732283,
        -1.377953 -0.595211 3.307087,
        -1.377953 -0.595211 1.653543,
        1.181102 -0.629921 3.307087,
        -1.166802 0.117774 3.307087,
        -1.124732 0.228702 3.307087,
        -1.574803 -0.393701 3.307087,
        -1.574803 -0.629921 3.307087,
        1.181102 -0.393701 3.307087,
        -1.181102 0.000000 3.307087,
        -1.166802 -0.117774 3.307087,
        -1.057338 0.326340 3.307087,
        -0.968536 0.405012 3.307087,
        -0.863487 0.460146 3.307087,
        -0.409417 0.405012 3.307087,
        -0.320615 0.326340 3.307087,
        -0.253220 -0.228702 3.307087,
        -0.409417 -0.405012 3.307087,
        -0.320615 -0.326340 3.307087,
        -0.748296 0.488538 3.307087,
        -0.629657 0.488538 3.307087,
        -0.514466 0.460146 3.307087,
        -0.253220 0.228702 3.307087,
        -0.211151 0.117774 3.307087,
        -0.748296 -0.488538 3.307087,
        -0.629657 -0.488538 3.307087,
        -0.514466 -0.460146 3.307087,
        -0.863487 -0.460146 3.307087,
        -0.968536 -0.405012 3.307087,
        -1.057338 -0.326340 3.307087,
        -1.124732 -0.228702 3.307087,
        -0.196850 0.000000 3.307087,
        -0.211151 -0.117774 3.307087,
        -1.574803 -0.393701 1.653543,
        -1.574803 -0.629921 1.653543,
        1.574803 0.669291 1.732283,
        1.574803 0.905512 1.732283,
        1.279528 -0.612566 1.653543,
        1.279528 -0.411056 1.653543,
        -1.181102 0.905512 1.732283,
        -1.181102 0.669291 1.732283,
        -0.196850 -0.000000 2.519685,
        -0.211151 0.117774 2.519685,
        -0.253220 0.228702 2.519685,
        -0.320615 0.326340 2.519685,
        -0.409417 0.405012 2.519685,
        -0.514466 0.460146 2.519685,
        -0.629657 0.488538 2.519685,
        -0.748296 0.488538 2.519685,
        -0.863487 0.460146 2.519685,
        -0.968536 0.405012 2.519685,
        -1.057338 0.326340 2.519685,
        -1.124732 0.228702 2.519685,
        -1.166802 0.117774 2.519685,
        -1.181102 0.000000 2.519685,
        -1.166802 -0.117774 2.519685,
        -1.124732 -0.228702 2.519685,
        -1.057338 -0.326340 2.519685,
        -0.968536 -0.405012 2.519685,
        -0.863487 -0.460146 2.519685,
        -0.748296 -0.488538 2.519685,
        -0.629657 -0.488538 2.519685,
        -0.514466 -0.460146 2.519685,
        -0.409417 -0.405012 2.519685,
        -0.320615 -0.326340 2.519685,
        -0.253220 -0.228702 2.519685,
        -0.211151 -0.117774 2.519685,
        -0.387831 -0.364022 2.519685,
        -0.306764 -0.277694 2.519685,
        -0.249712 -0.173917 2.519685,
        -0.220261 -0.059213 2.519685,
        -0.216535 0.000000 2.519685,
        -0.220261 0.059213 2.519685,
        -0.249712 0.173917 2.519685,
        -0.306764 0.277694 2.519685,
        -0.387831 0.364022 2.519685,
        -0.487821 0.427477 2.519685,
        -0.600450 0.464073 2.519685,
        -0.718641 0.471509 2.519685,
        -0.834969 0.449318 2.519685,
        -0.942123 0.398895 2.519685,
        -1.033371 0.323408 2.519685,
        -1.102980 0.227600 2.519685,
        -1.146575 0.117491 2.519685,
        -1.161417 0.000000 2.519685,
        -1.146575 -0.117491 2.519685,
        -1.102980 -0.227600 2.519685,
        -1.033371 -0.323408 2.519685,
        -0.942123 -0.398895 2.519685,
        -0.834969 -0.449318 2.519685,
        -0.718641 -0.471509 2.519685,
        -0.600450 -0.464073 2.519685,
        -0.487821 -0.427477 2.519685,
      ]
    }
    coordIndex [
      58, 31, 22, -1,
      22, 31, 23, -1,
      59, 58, 27, -1,
      27, 58, 22, -1,
      32, 59, 26, -1,
      26, 59, 27, -1,
      58, 59, 31, -1,
      31, 59, 32, -1,
      60, 61, 21, -1,
      21, 61, 16, -1,
      2, 60, 0, -1,
      0, 60, 21, -1,
      0, 21, 5, -1,
      61, 3, 16, -1,
      16, 3, 4, -1,
      60, 2, 61, -1,
      61, 2, 1, -1,
      61, 1, 3, -1,
      62, 18, 63, -1,
      63, 18, 19, -1,
      18, 62, 13, -1,
      12, 28, 13, -1,
      13, 28, 17, -1,
      13, 17, 18, -1,
      63, 19, 15, -1,
      15, 19, 20, -1,
      15, 20, 14, -1,
      14, 20, 33, -1,
      14, 33, 12, -1,
      12, 33, 28, -1,
      64, 65, 25, -1,
      25, 65, 24, -1,
      11, 24, 10, -1,
      10, 24, 65, -1,
      10, 65, 9, -1,
      7, 64, 6, -1,
      6, 64, 25, -1,
      9, 65, 8, -1,
      8, 65, 64, -1,
      8, 64, 7, -1,
      66, 56, 67, -1,
      67, 56, 48, -1,
      67, 48, 68, -1,
      68, 48, 47, -1,
      68, 47, 69, -1,
      69, 47, 40, -1,
      69, 40, 70, -1,
      70, 40, 39, -1,
      70, 39, 71, -1,
      71, 39, 46, -1,
      71, 46, 72, -1,
      72, 46, 45, -1,
      72, 45, 73, -1,
      73, 45, 44, -1,
      73, 44, 74, -1,
      74, 44, 38, -1,
      74, 38, 75, -1,
      75, 38, 37, -1,
      75, 37, 76, -1,
      76, 37, 36, -1,
      76, 36, 77, -1,
      77, 36, 30, -1,
      77, 30, 78, -1,
      78, 30, 29, -1,
      78, 29, 79, -1,
      79, 29, 34, -1,
      79, 34, 80, -1,
      80, 34, 35, -1,
      80, 35, 81, -1,
      81, 35, 55, -1,
      81, 55, 82, -1,
      82, 55, 54, -1,
      82, 54, 83, -1,
      83, 54, 53, -1,
      83, 53, 84, -1,
      84, 53, 52, -1,
      84, 52, 85, -1,
      85, 52, 49, -1,
      85, 49, 86, -1,
      86, 49, 50, -1,
      86, 50, 87, -1,
      87, 50, 51, -1,
      87, 51, 88, -1,
      88, 51, 42, -1,
      88, 42, 89, -1,
      89, 42, 43, -1,
      89, 43, 90, -1,
      90, 43, 41, -1,
      90, 41, 91, -1,
      91, 41, 57, -1,
      91, 57, 66, -1,
      66, 57, 56, -1,
      92, 89, 93, -1,
      93, 89, 90, -1,
      93, 90, 94, -1,
      94, 90, 91, -1,
      94, 91, 95, -1,
      95, 91, 66, -1,
      95, 66, 96, -1,
      96, 66, 97, -1,
      97, 66, 67, -1,
      97, 67, 98, -1,
      98, 67, 68, -1,
      98, 68, 99, -1,
      99, 68, 69, -1,
      99, 69, 100, -1,
      100, 69, 70, -1,
      100, 70, 101, -1,
      101, 70, 71, -1,
      101, 71, 102, -1,
      102, 71, 72, -1,
      102, 72, 103, -1,
      103, 72, 73, -1,
      103, 73, 104, -1,
      104, 73, 74, -1,
      104, 74, 105, -1,
      105, 74, 75, -1,
      105, 75, 106, -1,
      106, 75, 76, -1,
      106, 76, 107, -1,
      107, 76, 77, -1,
      107, 77, 108, -1,
      108, 77, 78, -1,
      108, 78, 109, -1,
      109, 78, 79, -1,
      109, 79, 110, -1,
      110, 79, 80, -1,
      110, 80, 111, -1,
      111, 80, 81, -1,
      111, 81, 112, -1,
      112, 81, 82, -1,
      112, 82, 113, -1,
      113, 82, 83, -1,
      113, 83, 114, -1,
      114, 83, 84, -1,
      114, 84, 115, -1,
      115, 84, 85, -1,
      115, 85, 116, -1,
      116, 85, 86, -1,
      116, 86, 117, -1,
      117, 86, 87, -1,
      117, 87, 92, -1,
      92, 87, 88, -1,
      92, 88, 89, -1,
    ]
  }
}

Shape {
  appearance Appearance {
    material Material {
      diffuseColor 0.9686 0.9686 0.9686
      specularColor 0.8510 0.8510 0.8510
      ambientIntensity 0.2
      transparency 0.0000
      shininess 0.5
    }
  }
  geometry IndexedFaceSet {
    ccw TRUE
    solid FALSE
    coord DEF co Coordinate {
      point [
        -1.028019 -0.269445 2.992126,
        -0.419531 0.339042 2.992126,
        -0.488581 0.425849 2.952756,
        -0.527220 0.443887 2.952756,
        -0.718497 0.469854 2.952756,
        -0.770918 0.465281 2.952756,
        -0.941369 0.397819 2.952756,
        -0.992645 0.361920 2.952756,
        -1.102294 0.227280 2.952756,
        -1.132950 0.161518 2.952756,
        -1.144861 0.117032 2.952756,
        -1.154257 0.081941 2.952756,
        -1.161406 -0.000001 2.952756,
        -1.161417 -0.000127 2.952756,
        -1.144864 -0.117032 2.952756,
        -1.132863 -0.161757 2.952756,
        -1.031055 -0.272482 2.991894,
        -1.035228 -0.276655 2.990535,
        -1.037542 -0.278969 2.989781,
        -1.040165 -0.281591 2.988233,
        -1.045760 -0.287187 2.983222,
        -1.041933 -0.283359 2.986649,
        -1.051954 -0.293380 2.973200,
        -1.047879 -0.289305 2.980518,
        -1.053309 -0.294736 2.969668,
        -1.052252 -0.293678 2.972424,
        -1.056024 -0.297450 2.952756,
        -1.055864 -0.297291 2.956953,
        -1.098017 -0.236404 2.952756,
        -1.055420 -0.296847 2.960885,
        -1.054940 -0.296367 2.962884,
        -0.391526 0.367047 2.952756,
        -0.452572 0.409040 2.952756,
        -0.392302 0.366272 2.961957,
        -0.392505 0.366069 2.962935,
        -0.393072 0.365502 2.965659,
        -0.395957 0.362617 2.974013,
        -0.397567 0.361006 2.977185,
        -0.399865 0.358709 2.980399,
        -0.402265 0.356308 2.983757,
        -0.404515 0.354059 2.985991,
        -0.410514 0.348060 2.990031,
        -0.412289 0.346285 2.990744,
        -0.413170 0.345404 2.991098,
        -1.102279 -0.227273 2.952756,
        -1.154213 -0.082191 2.952756,
        -1.098143 0.236184 2.952756,
        -1.050896 0.303669 2.952756,
        -1.032264 0.322301 2.952756,
        -0.925160 0.409167 2.952756,
        -0.850494 0.443973 2.952756,
        -0.834672 0.448210 2.952756,
        -0.688849 0.472441 2.952756,
        -0.606785 0.465237 2.952756,
        -0.600584 0.463572 2.952756,
        -0.387831 -0.364022 2.519685,
        -0.306764 -0.277694 2.519685,
        -0.249712 -0.173917 2.519685,
        -0.220261 -0.059213 2.519685,
        -0.216535 0.000000 2.519685,
        -0.220261 0.059213 2.519685,
        -0.249712 0.173917 2.519685,
        -0.306764 0.277694 2.519685,
        -0.387831 0.364022 2.519685,
        -0.487821 0.427477 2.519685,
        -0.600450 0.464073 2.519685,
        -0.718641 0.471509 2.519685,
        -0.834969 0.449318 2.519685,
        -0.942123 0.398895 2.519685,
        -1.033371 0.323408 2.519685,
        -1.102980 0.227600 2.519685,
        -1.146575 0.117491 2.519685,
        -1.161417 0.000000 2.519685,
        -1.146575 -0.117491 2.519685,
        -1.102980 -0.227600 2.519685,
        -1.033371 -0.323408 2.519685,
        -0.942123 -0.398895 2.519685,
        -0.834969 -0.449318 2.519685,
        -0.718641 -0.471509 2.519685,
        -0.600450 -0.464073 2.519685,
        -0.487821 -0.427477 2.519685,
        -1.056024 -0.297450 2.677165,
        -1.033371 -0.323408 2.677165,
        -0.986427 -0.367047 2.677165,
        -0.986427 -0.367047 2.952756,
        -0.391526 0.367047 2.677165,
        -0.321929 0.297450 2.677165,
        -0.387831 0.364022 2.677165,
        -0.834668 -0.448197 2.952756,
        -0.850733 -0.443887 2.952756,
        -0.925380 -0.409040 2.952756,
        -0.941482 -0.397964 2.952756,
        -0.771168 -0.465237 2.952756,
        -0.718496 -0.469861 2.952756,
        -0.689104 -0.472441 2.952756,
        -0.607035 -0.465281 2.952756,
        -0.527458 -0.443973 2.952756,
        -0.600589 -0.463554 2.952756,
        -0.452793 -0.409167 2.952756,
        -0.488580 -0.425850 2.952756,
        -0.308178 -0.276704 2.952756,
        -0.327057 -0.303669 2.952756,
        -0.385308 -0.361920 2.952756,
        -0.387989 -0.363797 2.952756,
        -0.279809 -0.236184 2.952756,
        -0.250592 -0.173507 2.952756,
        -0.245003 -0.161518 2.952756,
        -0.223696 -0.081941 2.952756,
        -0.250578 0.173513 2.952756,
        -0.245090 0.161757 2.952756,
        -0.223740 0.082191 2.952756,
        -0.221711 0.059085 2.952756,
        -0.216535 0.000127 2.952756,
        -0.221702 -0.059087 2.952756,
        -0.279936 0.236404 2.952756,
        -0.307833 0.276958 2.952756,
        -0.321929 0.297450 2.952756,
        -0.314023 0.216704 2.992126,
        -0.349934 0.269445 2.992126,
        -0.905680 -0.374953 2.992126,
        -0.958422 -0.339042 2.992126,
        -0.262469 -0.075113 2.992126,
        -0.255906 0.000117 2.992126,
        -0.764319 -0.426467 2.992126,
        -0.689093 -0.433071 2.992126,
        -0.282001 -0.148058 2.992126,
        -0.262509 0.075342 2.992126,
        -0.282080 0.148277 2.992126,
        -0.837253 -0.406896 2.992126,
        -0.613864 -0.426507 2.992126,
        -0.540918 -0.406976 2.992126,
        -0.472474 -0.375070 2.992126,
        -0.410614 -0.331760 2.992126,
        -0.357217 -0.278363 2.992126,
        -0.313907 -0.216502 2.992126,
        -0.770934 -0.463915 2.962946,
        -0.527917 -0.442713 2.962946,
        -0.453463 -0.408005 2.962946,
        -0.386170 -0.360892 2.962946,
        -0.280971 -0.235513 2.962946,
        -0.217877 0.000127 2.962946,
        -0.924709 -0.407878 2.962946,
        -0.985652 -0.366272 2.961957,
        -0.985448 -0.366069 2.962935,
        -0.984881 -0.365502 2.965659,
        -0.922741 -0.404473 2.972441,
        -0.981996 -0.362617 2.974013,
        -0.980385 -0.361006 2.977185,
        -0.919610 -0.399056 2.980595,
        -0.978088 -0.358709 2.980399,
        -0.975688 -0.356308 2.983757,
        -0.915530 -0.391997 2.986852,
        -0.973438 -0.354059 2.985991,
        -0.967439 -0.348060 2.990031,
        -0.910779 -0.383776 2.990784,
        -0.965664 -0.346285 2.990744,
        -0.964783 -0.345404 2.991098,
        -0.346898 0.272482 2.991894,
        -0.305201 0.221802 2.990784,
        -0.336020 0.283359 2.986649,
        -0.337788 0.281591 2.988233,
        -0.296980 0.226554 2.986852,
        -0.340410 0.278969 2.989781,
        -0.342724 0.276655 2.990535,
        -0.332193 0.287187 2.983222,
        -0.289920 0.230634 2.980595,
        -0.330074 0.289305 2.980518,
        -0.325999 0.293380 2.973200,
        -0.284503 0.233765 2.972441,
        -0.325701 0.293678 2.972424,
        -0.324643 0.294736 2.969668,
        -0.281098 0.235732 2.962946,
        -0.323013 0.296367 2.962884,
        -0.322089 0.297291 2.956953,
        -0.322532 0.296847 2.960885,
        -0.252475 0.077115 2.990784,
        -0.245716 0.000119 2.990784,
        -0.243125 0.078767 2.986852,
        -0.236220 0.000122 2.986852,
        -0.235095 0.080185 2.980595,
        -0.228067 0.000124 2.980595,
        -0.228934 0.081274 2.972441,
        -0.221810 0.000126 2.972441,
        -0.225061 0.081958 2.962946,
        -0.272425 -0.151542 2.990784,
        -0.305081 -0.221596 2.990784,
        -0.263502 -0.154788 2.986852,
        -0.296858 -0.226343 2.986852,
        -0.255839 -0.157576 2.980595,
        -0.289796 -0.230419 2.980595,
        -0.249960 -0.159715 2.972441,
        -0.284378 -0.233547 2.972441,
        -0.246264 -0.161059 2.962946,
        -0.689096 -0.443261 2.990784,
        -0.766091 -0.436501 2.990784,
        -0.689098 -0.452756 2.986852,
        -0.767743 -0.445852 2.986852,
        -0.689100 -0.460910 2.980595,
        -0.769162 -0.453881 2.980595,
        -0.689102 -0.467166 2.972441,
        -0.770250 -0.460043 2.972441,
        -0.689103 -0.471100 2.962946,
        -0.246350 0.161297 2.962946,
        -0.250046 0.159951 2.972441,
        -0.255924 0.157809 2.980595,
        -0.263585 0.155017 2.986852,
        -0.272507 0.151766 2.990784,
        -0.225017 -0.081709 2.962946,
        -0.228891 -0.081026 2.972441,
        -0.235052 -0.079941 2.980595,
        -0.243082 -0.078527 2.986852,
        -0.252434 -0.076880 2.990784,
        -0.328084 -0.302806 2.962946,
        -0.331097 -0.300278 2.972441,
        -0.335890 -0.296257 2.980595,
        -0.342137 -0.291015 2.986852,
        -0.349411 -0.284912 2.990784,
        -0.404064 -0.339566 2.990784,
        -0.397961 -0.346840 2.986852,
        -0.392720 -0.353086 2.980595,
        -0.388698 -0.357879 2.972441,
        -0.455430 -0.404599 2.972441,
        -0.458557 -0.399180 2.980595,
        -0.462633 -0.392119 2.986852,
        -0.467380 -0.383895 2.990784,
        -0.537435 -0.416551 2.990784,
        -0.534188 -0.425474 2.986852,
        -0.531401 -0.433137 2.980595,
        -0.529262 -0.439017 2.972441,
        -0.607268 -0.463959 2.962946,
        -0.607950 -0.460086 2.972441,
        -0.609035 -0.453924 2.980595,
        -0.610449 -0.445894 2.986852,
        -0.612096 -0.436543 2.990784,
        -0.850274 -0.442626 2.962946,
        -0.848927 -0.438931 2.972441,
        -0.846785 -0.433052 2.980595,
        -0.843993 -0.425391 2.986852,
        -0.840742 -0.416470 2.990784,
      ]
    }
    coordIndex [
      81, 26, 74, -1,
      74, 26, 28, -1,
      81, 74, 82, -1,
      82, 74, 75, -1,
      82, 75, 83, -1,
      83, 75, 76, -1,
      83, 76, 84, -1,
      32, 31, 85, -1,
      86, 62, 87, -1,
      87, 62, 63, -1,
      87, 63, 85, -1,
      85, 63, 64, -1,
      85, 64, 32, -1,
      32, 64, 2, -1,
      45, 13, 73, -1,
      73, 13, 72, -1,
      28, 44, 74, -1,
      74, 44, 15, -1,
      74, 15, 73, -1,
      73, 15, 14, -1,
      73, 14, 45, -1,
      88, 89, 77, -1,
      77, 89, 90, -1,
      77, 90, 76, -1,
      76, 90, 91, -1,
      76, 91, 84, -1,
      88, 77, 92, -1,
      92, 77, 78, -1,
      92, 78, 93, -1,
      93, 78, 94, -1,
      94, 78, 79, -1,
      94, 79, 95, -1,
      80, 96, 79, -1,
      79, 96, 97, -1,
      79, 97, 95, -1,
      55, 98, 80, -1,
      80, 98, 99, -1,
      80, 99, 96, -1,
      100, 101, 56, -1,
      56, 101, 102, -1,
      56, 102, 55, -1,
      55, 102, 103, -1,
      55, 103, 98, -1,
      100, 56, 104, -1,
      104, 56, 57, -1,
      104, 57, 105, -1,
      105, 57, 106, -1,
      106, 57, 58, -1,
      106, 58, 107, -1,
      108, 109, 61, -1,
      61, 109, 110, -1,
      61, 110, 60, -1,
      60, 110, 111, -1,
      60, 111, 59, -1,
      59, 111, 112, -1,
      59, 112, 58, -1,
      58, 112, 113, -1,
      58, 113, 107, -1,
      108, 61, 114, -1,
      114, 61, 62, -1,
      114, 62, 115, -1,
      115, 62, 86, -1,
      115, 86, 116, -1,
      2, 64, 3, -1,
      3, 64, 65, -1,
      3, 65, 54, -1,
      54, 65, 53, -1,
      53, 65, 66, -1,
      53, 66, 52, -1,
      67, 5, 66, -1,
      66, 5, 4, -1,
      66, 4, 52, -1,
      6, 49, 68, -1,
      68, 49, 50, -1,
      68, 50, 67, -1,
      67, 50, 51, -1,
      67, 51, 5, -1,
      6, 68, 7, -1,
      7, 68, 69, -1,
      7, 69, 48, -1,
      48, 69, 47, -1,
      47, 69, 70, -1,
      47, 70, 46, -1,
      71, 9, 70, -1,
      70, 9, 8, -1,
      70, 8, 46, -1,
      13, 12, 72, -1,
      72, 12, 11, -1,
      72, 11, 71, -1,
      71, 11, 10, -1,
      71, 10, 9, -1,
      117, 118, 119, -1,
      119, 118, 120, -1,
      121, 122, 119, -1,
      123, 124, 125, -1,
      122, 126, 119, -1,
      119, 126, 127, -1,
      119, 127, 117, -1,
      121, 119, 125, -1,
      125, 119, 128, -1,
      125, 128, 123, -1,
      124, 129, 125, -1,
      125, 129, 130, -1,
      125, 130, 131, -1,
      131, 132, 125, -1,
      125, 132, 133, -1,
      125, 133, 134, -1,
      88, 92, 135, -1,
      97, 96, 136, -1,
      99, 98, 137, -1,
      103, 102, 138, -1,
      100, 104, 139, -1,
      113, 112, 140, -1,
      91, 90, 141, -1,
      84, 91, 142, -1,
      142, 91, 141, -1,
      142, 141, 143, -1,
      143, 141, 144, -1,
      144, 141, 145, -1,
      144, 145, 146, -1,
      146, 145, 147, -1,
      147, 145, 148, -1,
      147, 148, 149, -1,
      149, 148, 150, -1,
      150, 148, 151, -1,
      150, 151, 152, -1,
      152, 151, 153, -1,
      153, 151, 154, -1,
      153, 154, 155, -1,
      155, 154, 156, -1,
      156, 154, 119, -1,
      156, 119, 120, -1,
      118, 117, 157, -1,
      157, 117, 158, -1,
      159, 160, 161, -1,
      161, 160, 162, -1,
      161, 162, 158, -1,
      158, 162, 163, -1,
      158, 163, 157, -1,
      159, 161, 164, -1,
      164, 161, 165, -1,
      164, 165, 166, -1,
      166, 165, 167, -1,
      167, 165, 168, -1,
      167, 168, 169, -1,
      169, 168, 170, -1,
      170, 168, 171, -1,
      170, 171, 172, -1,
      115, 116, 173, -1,
      173, 174, 115, -1,
      115, 174, 172, -1,
      115, 172, 114, -1,
      114, 172, 171, -1,
      114, 171, 108, -1,
      126, 122, 175, -1,
      175, 122, 176, -1,
      175, 176, 177, -1,
      177, 176, 178, -1,
      177, 178, 179, -1,
      179, 178, 180, -1,
      179, 180, 181, -1,
      181, 180, 182, -1,
      181, 182, 183, -1,
      183, 182, 140, -1,
      125, 134, 184, -1,
      184, 134, 185, -1,
      184, 185, 186, -1,
      186, 185, 187, -1,
      186, 187, 188, -1,
      188, 187, 189, -1,
      188, 189, 190, -1,
      190, 189, 191, -1,
      190, 191, 192, -1,
      192, 191, 139, -1,
      124, 123, 193, -1,
      193, 123, 194, -1,
      193, 194, 195, -1,
      195, 194, 196, -1,
      195, 196, 197, -1,
      197, 196, 198, -1,
      197, 198, 199, -1,
      199, 198, 200, -1,
      199, 200, 201, -1,
      201, 200, 135, -1,
      109, 108, 202, -1,
      202, 108, 171, -1,
      202, 171, 203, -1,
      203, 171, 168, -1,
      203, 168, 204, -1,
      204, 168, 165, -1,
      204, 165, 205, -1,
      205, 165, 161, -1,
      205, 161, 206, -1,
      206, 161, 158, -1,
      206, 158, 127, -1,
      127, 158, 117, -1,
      127, 126, 206, -1,
      206, 126, 175, -1,
      206, 175, 205, -1,
      205, 175, 177, -1,
      205, 177, 204, -1,
      204, 177, 179, -1,
      204, 179, 203, -1,
      203, 179, 181, -1,
      203, 181, 202, -1,
      202, 181, 183, -1,
      202, 183, 109, -1,
      109, 183, 110, -1,
      140, 112, 183, -1,
      183, 112, 111, -1,
      183, 111, 110, -1,
      107, 113, 207, -1,
      207, 113, 140, -1,
      207, 140, 208, -1,
      208, 140, 182, -1,
      208, 182, 209, -1,
      209, 182, 180, -1,
      209, 180, 210, -1,
      210, 180, 178, -1,
      210, 178, 211, -1,
      211, 178, 176, -1,
      211, 176, 121, -1,
      121, 176, 122, -1,
      121, 125, 211, -1,
      211, 125, 184, -1,
      211, 184, 210, -1,
      210, 184, 186, -1,
      210, 186, 209, -1,
      209, 186, 188, -1,
      209, 188, 208, -1,
      208, 188, 190, -1,
      208, 190, 207, -1,
      207, 190, 192, -1,
      207, 192, 107, -1,
      107, 192, 106, -1,
      139, 104, 192, -1,
      192, 104, 105, -1,
      192, 105, 106, -1,
      101, 100, 212, -1,
      212, 100, 139, -1,
      212, 139, 213, -1,
      213, 139, 191, -1,
      213, 191, 214, -1,
      214, 191, 189, -1,
      214, 189, 215, -1,
      215, 189, 187, -1,
      215, 187, 216, -1,
      216, 187, 185, -1,
      216, 185, 133, -1,
      133, 185, 134, -1,
      133, 132, 216, -1,
      216, 132, 217, -1,
      216, 217, 215, -1,
      215, 217, 218, -1,
      215, 218, 214, -1,
      214, 218, 219, -1,
      214, 219, 213, -1,
      213, 219, 220, -1,
      213, 220, 212, -1,
      212, 220, 138, -1,
      212, 138, 101, -1,
      101, 138, 102, -1,
      98, 103, 137, -1,
      137, 103, 138, -1,
      137, 138, 221, -1,
      221, 138, 220, -1,
      221, 220, 222, -1,
      222, 220, 219, -1,
      222, 219, 223, -1,
      223, 219, 218, -1,
      223, 218, 224, -1,
      224, 218, 217, -1,
      224, 217, 131, -1,
      131, 217, 132, -1,
      131, 130, 224, -1,
      224, 130, 225, -1,
      224, 225, 223, -1,
      223, 225, 226, -1,
      223, 226, 222, -1,
      222, 226, 227, -1,
      222, 227, 221, -1,
      221, 227, 228, -1,
      221, 228, 137, -1,
      137, 228, 136, -1,
      137, 136, 99, -1,
      99, 136, 96, -1,
      95, 97, 229, -1,
      229, 97, 136, -1,
      229, 136, 230, -1,
      230, 136, 228, -1,
      230, 228, 231, -1,
      231, 228, 227, -1,
      231, 227, 232, -1,
      232, 227, 226, -1,
      232, 226, 233, -1,
      233, 226, 225, -1,
      233, 225, 129, -1,
      129, 225, 130, -1,
      129, 124, 233, -1,
      233, 124, 193, -1,
      233, 193, 232, -1,
      232, 193, 195, -1,
      232, 195, 231, -1,
      231, 195, 197, -1,
      231, 197, 230, -1,
      230, 197, 199, -1,
      230, 199, 229, -1,
      229, 199, 201, -1,
      229, 201, 95, -1,
      95, 201, 94, -1,
      135, 92, 201, -1,
      201, 92, 93, -1,
      201, 93, 94, -1,
      89, 88, 234, -1,
      234, 88, 135, -1,
      234, 135, 235, -1,
      235, 135, 200, -1,
      235, 200, 236, -1,
      236, 200, 198, -1,
      236, 198, 237, -1,
      237, 198, 196, -1,
      237, 196, 238, -1,
      238, 196, 194, -1,
      238, 194, 128, -1,
      128, 194, 123, -1,
      128, 119, 238, -1,
      238, 119, 154, -1,
      238, 154, 237, -1,
      237, 154, 151, -1,
      237, 151, 236, -1,
      236, 151, 148, -1,
      236, 148, 235, -1,
      235, 148, 145, -1,
      235, 145, 234, -1,
      234, 145, 141, -1,
      234, 141, 89, -1,
      89, 141, 90, -1,
      83, 86, 82, -1,
      82, 86, 87, -1,
      82, 87, 81, -1,
      81, 87, 85, -1,
      26, 81, 85, -1,
      33, 34, 25, -1,
      24, 30, 85, -1,
      41, 42, 34, -1,
      24, 85, 25, -1,
      25, 85, 31, -1,
      25, 31, 33, -1,
      41, 34, 40, -1,
      30, 29, 85, -1,
      85, 29, 27, -1,
      85, 27, 26, -1,
      37, 38, 36, -1,
      36, 38, 35, -1,
      21, 20, 23, -1,
      35, 38, 34, -1,
      34, 38, 39, -1,
      34, 39, 40, -1,
      0, 25, 1, -1,
      1, 25, 34, -1,
      1, 34, 43, -1,
      43, 34, 42, -1,
      0, 16, 25, -1,
      25, 16, 17, -1,
      25, 17, 18, -1,
      18, 19, 25, -1,
      25, 19, 21, -1,
      25, 21, 22, -1,
      22, 21, 23, -1,
      116, 86, 83, -1,
      142, 143, 169, -1,
      170, 172, 83, -1,
      170, 83, 169, -1,
      169, 83, 84, -1,
      169, 84, 142, -1,
      153, 155, 143, -1,
      159, 164, 166, -1,
      172, 174, 83, -1,
      83, 174, 173, -1,
      83, 173, 116, -1,
      153, 143, 152, -1,
      157, 163, 169, -1,
      169, 163, 162, -1,
      162, 160, 169, -1,
      169, 160, 159, -1,
      169, 159, 167, -1,
      167, 159, 166, -1,
      147, 149, 146, -1,
      146, 149, 144, -1,
      155, 156, 143, -1,
      143, 156, 120, -1,
      143, 120, 169, -1,
      169, 120, 118, -1,
      169, 118, 157, -1,
      144, 149, 143, -1,
      143, 149, 150, -1,
      143, 150, 152, -1,
    ]
  }
}

Shape {
  appearance Appearance {
    material Material {
      diffuseColor 0.3725 1.0000 0.7137
      specularColor 0.3294 0.8784 0.6275
      ambientIntensity 0.2
      transparency 0.0000
      shininess 0.5
    }
  }
  geometry IndexedFaceSet {
    ccw TRUE
    solid FALSE
    coord DEF co Coordinate {
      point [
        0.492126 0.295276 0.000000,
        0.492126 -1.279528 0.000000,
        0.885827 -1.279528 0.000000,
        0.885827 0.295276 0.000000,
        1.279528 -0.612566 1.692913,
        1.279528 -1.279528 1.692913,
        0.098425 -1.279528 1.692913,
        0.098425 0.295276 1.692913,
        1.279528 -0.411056 1.692913,
        1.279528 0.295276 1.692913,
        0.492126 -1.279528 0.196850,
        0.098425 -1.279528 0.196850,
        0.885827 -1.279528 0.196850,
        1.279528 -1.279528 0.196850,
        1.166802 -0.117774 3.307087,
        1.181102 0.000000 3.307087,
        0.320615 0.326340 3.307087,
        0.409417 0.405012 3.307087,
        1.124732 -0.228702 3.307087,
        1.057338 -0.326340 3.307087,
        0.968536 -0.405012 3.307087,
        0.863487 -0.460146 3.307087,
        0.253220 0.228702 3.307087,
        0.863487 0.460146 3.307087,
        0.968536 0.405012 3.307087,
        1.057338 0.326340 3.307087,
        0.514466 0.460146 3.307087,
        0.629657 0.488538 3.307087,
        0.748296 0.488538 3.307087,
        1.124732 0.228702 3.307087,
        1.166802 0.117774 3.307087,
        0.514466 -0.460146 3.307087,
        0.409417 -0.405012 3.307087,
        0.748296 -0.488538 3.307087,
        0.629657 -0.488538 3.307087,
        0.211151 0.117774 3.307087,
        0.320615 -0.326340 3.307087,
        0.253220 -0.228702 3.307087,
        0.211151 -0.117774 3.307087,
        0.196850 0.000000 3.307087,
        1.279528 -0.612566 1.653543,
        1.279528 -0.411056 1.653543,
        1.279528 0.295276 0.196850,
        0.885827 0.295276 0.196850,
        0.492126 0.295276 0.196850,
        0.098425 0.295276 0.196850,
        1.181102 -0.000000 2.519685,
        1.166802 0.117774 2.519685,
        1.124732 0.228702 2.519685,
        1.057338 0.326340 2.519685,
        0.968536 0.405012 2.519685,
        0.863487 0.460146 2.519685,
        0.748296 0.488538 2.519685,
        0.629657 0.488538 2.519685,
        0.514466 0.460146 2.519685,
        0.409417 0.405012 2.519685,
        0.320615 0.326340 2.519685,
        0.253220 0.228702 2.519685,
        0.211151 0.117774 2.519685,
        0.196850 0.000000 2.519685,
        0.211151 -0.117774 2.519685,
        0.253220 -0.228702 2.519685,
        0.320615 -0.326340 2.519685,
        0.409417 -0.405012 2.519685,
        0.514466 -0.460146 2.519685,
        0.629657 -0.488538 2.519685,
        0.748296 -0.488538 2.519685,
        0.863487 -0.460146 2.519685,
        0.968536 -0.405012 2.519685,
        1.057338 -0.326340 2.519685,
        1.124732 -0.228702 2.519685,
        1.166802 -0.117774 2.519685,
        0.990122 -0.364022 2.519685,
        1.071189 -0.277694 2.519685,
        1.128241 -0.173917 2.519685,
        1.157692 -0.059213 2.519685,
        1.161417 0.000000 2.519685,
        1.157692 0.059213 2.519685,
        1.128241 0.173917 2.519685,
        1.071189 0.277694 2.519685,
        0.990122 0.364022 2.519685,
        0.890132 0.427477 2.519685,
        0.777503 0.464073 2.519685,
        0.659311 0.471509 2.519685,
        0.542984 0.449318 2.519685,
        0.435830 0.398895 2.519685,
        0.344582 0.323408 2.519685,
        0.274973 0.227600 2.519685,
        0.231378 0.117491 2.519685,
        0.216535 0.000000 2.519685,
        0.231378 -0.117491 2.519685,
        0.274973 -0.227600 2.519685,
        0.344582 -0.323408 2.519685,
        0.435830 -0.398895 2.519685,
        0.542984 -0.449318 2.519685,
        0.659311 -0.471509 2.519685,
        0.777503 -0.464073 2.519685,
        0.890132 -0.427477 2.519685,
      ]
    }
    coordIndex [
      8, 9, 41, -1,
      41, 9, 42, -1,
      41, 42, 40, -1,
      40, 42, 13, -1,
      40, 13, 4, -1,
      4, 13, 5, -1,
      42, 43, 13, -1,
      13, 43, 12, -1,
      43, 3, 12, -1,
      12, 3, 2, -1,
      0, 44, 1, -1,
      1, 44, 10, -1,
      44, 45, 10, -1,
      10, 45, 11, -1,
      45, 7, 11, -1,
      11, 7, 6, -1,
      7, 45, 9, -1,
      9, 45, 44, -1,
      42, 9, 43, -1,
      43, 9, 44, -1,
      43, 44, 3, -1,
      3, 44, 0, -1,
      46, 15, 47, -1,
      47, 15, 30, -1,
      47, 30, 48, -1,
      48, 30, 29, -1,
      48, 29, 49, -1,
      49, 29, 25, -1,
      49, 25, 50, -1,
      50, 25, 24, -1,
      50, 24, 51, -1,
      51, 24, 23, -1,
      51, 23, 52, -1,
      52, 23, 28, -1,
      52, 28, 53, -1,
      53, 28, 27, -1,
      53, 27, 54, -1,
      54, 27, 26, -1,
      54, 26, 55, -1,
      55, 26, 17, -1,
      55, 17, 56, -1,
      56, 17, 16, -1,
      56, 16, 57, -1,
      57, 16, 22, -1,
      57, 22, 58, -1,
      58, 22, 35, -1,
      58, 35, 59, -1,
      59, 35, 39, -1,
      59, 39, 60, -1,
      60, 39, 38, -1,
      60, 38, 61, -1,
      61, 38, 37, -1,
      61, 37, 62, -1,
      62, 37, 36, -1,
      62, 36, 63, -1,
      63, 36, 32, -1,
      63, 32, 64, -1,
      64, 32, 31, -1,
      64, 31, 65, -1,
      65, 31, 34, -1,
      65, 34, 66, -1,
      66, 34, 33, -1,
      66, 33, 67, -1,
      67, 33, 21, -1,
      67, 21, 68, -1,
      68, 21, 20, -1,
      68, 20, 69, -1,
      69, 20, 19, -1,
      69, 19, 70, -1,
      70, 19, 18, -1,
      70, 18, 71, -1,
      71, 18, 14, -1,
      71, 14, 46, -1,
      46, 14, 15, -1,
      72, 69, 73, -1,
      73, 69, 70, -1,
      73, 70, 74, -1,
      74, 70, 71, -1,
      74, 71, 75, -1,
      75, 71, 46, -1,
      75, 46, 76, -1,
      76, 46, 77, -1,
      77, 46, 47, -1,
      77, 47, 78, -1,
      78, 47, 48, -1,
      78, 48, 79, -1,
      79, 48, 49, -1,
      79, 49, 80, -1,
      80, 49, 50, -1,
      80, 50, 81, -1,
      81, 50, 51, -1,
      81, 51, 82, -1,
      82, 51, 52, -1,
      82, 52, 83, -1,
      83, 52, 53, -1,
      83, 53, 84, -1,
      84, 53, 54, -1,
      84, 54, 85, -1,
      85, 54, 55, -1,
      85, 55, 86, -1,
      86, 55, 56, -1,
      86, 56, 87, -1,
      87, 56, 57, -1,
      87, 57, 88, -1,
      88, 57, 58, -1,
      88, 58, 89, -1,
      89, 58, 59, -1,
      89, 59, 90, -1,
      90, 59, 60, -1,
      90, 60, 91, -1,
      91, 60, 61, -1,
      91, 61, 92, -1,
      92, 61, 62, -1,
      92, 62, 93, -1,
      93, 62, 63, -1,
      93, 63, 94, -1,
      94, 63, 64, -1,
      94, 64, 95, -1,
      95, 64, 65, -1,
      95, 65, 96, -1,
      96, 65, 66, -1,
      96, 66, 97, -1,
      97, 66, 67, -1,
      97, 67, 72, -1,
      72, 67, 68, -1,
      72, 68, 69, -1,
    ]
  }
}

Shape {
  appearance Appearance {
    material Material {
      diffuseColor 0.9686 0.9686 0.9686
      specularColor 0.8510 0.8510 0.8510
      ambientIntensity 0.2
      transparency 0.0000
      shininess 0.5
    }
  }
  geometry IndexedFaceSet {
    ccw TRUE
    solid FALSE
    coord DEF co Coordinate {
      point [
        0.349934 -0.269445 2.992126,
        0.958422 0.339042 2.992126,
        0.889372 0.425849 2.952756,
        0.850733 0.443887 2.952756,
        0.659456 0.469854 2.952756,
        0.607035 0.465281 2.952756,
        0.436583 0.397819 2.952756,
        0.385308 0.361920 2.952756,
        0.275659 0.227280 2.952756,
        0.245003 0.161518 2.952756,
        0.233092 0.117032 2.952756,
        0.223696 0.081941 2.952756,
        0.216546 -0.000001 2.952756,
        0.216535 -0.000127 2.952756,
        0.233089 -0.117032 2.952756,
        0.245090 -0.161757 2.952756,
        0.346898 -0.272482 2.991894,
        0.342724 -0.276655 2.990535,
        0.340410 -0.278969 2.989781,
        0.337788 -0.281591 2.988233,
        0.332193 -0.287187 2.983222,
        0.336020 -0.283359 2.986649,
        0.325999 -0.293380 2.973200,
        0.330074 -0.289305 2.980518,
        0.324643 -0.294736 2.969668,
        0.325701 -0.293678 2.972424,
        0.321929 -0.297450 2.952756,
        0.322089 -0.297291 2.956953,
        0.279936 -0.236404 2.952756,
        0.322532 -0.296847 2.960885,
        0.323013 -0.296367 2.962884,
        0.986427 0.367047 2.952756,
        0.925380 0.409040 2.952756,
        0.985652 0.366272 2.961957,
        0.985448 0.366069 2.962935,
        0.984881 0.365502 2.965659,
        0.981996 0.362617 2.974013,
        0.980385 0.361006 2.977185,
        0.978088 0.358709 2.980399,
        0.975688 0.356308 2.983757,
        0.973438 0.354059 2.985991,
        0.967439 0.348060 2.990031,
        0.965664 0.346285 2.990744,
        0.964783 0.345404 2.991098,
        0.275674 -0.227273 2.952756,
        0.223740 -0.082191 2.952756,
        0.279809 0.236184 2.952756,
        0.327057 0.303669 2.952756,
        0.345689 0.322301 2.952756,
        0.452793 0.409167 2.952756,
        0.527458 0.443973 2.952756,
        0.543281 0.448210 2.952756,
        0.689104 0.472441 2.952756,
        0.771168 0.465237 2.952756,
        0.777369 0.463572 2.952756,
        0.255906 -0.354331 1.692913,
        1.122047 -0.354331 1.692913,
        1.122047 0.236220 1.692913,
        0.255906 0.236220 1.692913,
        0.990122 -0.364022 2.519685,
        1.071189 -0.277694 2.519685,
        1.128241 -0.173917 2.519685,
        1.157692 -0.059213 2.519685,
        1.161417 0.000000 2.519685,
        1.157692 0.059213 2.519685,
        1.128241 0.173917 2.519685,
        1.071189 0.277694 2.519685,
        0.990122 0.364022 2.519685,
        0.890132 0.427477 2.519685,
        0.777503 0.464073 2.519685,
        0.659311 0.471509 2.519685,
        0.542984 0.449318 2.519685,
        0.435830 0.398895 2.519685,
        0.344582 0.323408 2.519685,
        0.274973 0.227600 2.519685,
        0.231378 0.117491 2.519685,
        0.216535 0.000000 2.519685,
        0.231378 -0.117491 2.519685,
        0.274973 -0.227600 2.519685,
        0.344582 -0.323408 2.519685,
        0.435830 -0.398895 2.519685,
        0.542984 -0.449318 2.519685,
        0.659311 -0.471509 2.519685,
        0.777503 -0.464073 2.519685,
        0.890132 -0.427477 2.519685,
        0.597269 -0.354331 0.425459,
        0.255906 -0.354331 0.314961,
        0.688976 -0.354331 0.413386,
        1.122047 -0.354331 0.314961,
        0.511811 -0.354331 0.460857,
        0.438427 -0.354331 0.517167,
        0.382117 -0.354331 0.590551,
        0.995836 -0.354331 0.590551,
        0.939526 -0.354331 0.517167,
        0.382117 -0.354331 0.944882,
        0.438427 -0.354331 1.018266,
        0.511811 -0.354331 1.074576,
        0.866142 -0.354331 1.074576,
        0.939526 -0.354331 1.018266,
        0.995836 -0.354331 0.944882,
        0.866142 -0.354331 0.460857,
        0.780684 -0.354331 0.425459,
        0.346719 -0.354331 0.676009,
        0.334646 -0.354331 0.767717,
        0.346719 -0.354331 0.859424,
        0.597269 -0.354331 1.109974,
        0.688976 -0.354331 1.122047,
        0.780684 -0.354331 1.109974,
        1.031233 -0.354331 0.859424,
        1.043307 -0.354331 0.767717,
        1.031233 -0.354331 0.676009,
        0.995836 0.236220 0.944882,
        0.939526 0.236220 1.018266,
        0.866142 0.236220 0.460857,
        0.939526 0.236220 0.517167,
        1.122047 0.236220 0.314961,
        0.995836 0.236220 0.590551,
        0.866142 0.236220 1.074576,
        0.780684 0.236220 1.109974,
        0.688976 0.236220 1.122047,
        0.597269 0.236220 1.109974,
        0.511811 0.236220 1.074576,
        0.438427 0.236220 1.018266,
        0.382117 0.236220 0.944882,
        0.346719 0.236220 0.859424,
        0.334646 0.236220 0.767717,
        0.255906 0.236220 0.314961,
        0.346719 0.236220 0.676009,
        0.382117 0.236220 0.590551,
        0.438427 0.236220 0.517167,
        0.511811 0.236220 0.460857,
        0.597269 0.236220 0.425459,
        0.688976 0.236220 0.413386,
        0.780684 0.236220 0.425459,
        1.031233 0.236220 0.676009,
        1.043307 0.236220 0.767717,
        1.031233 0.236220 0.859424,
        0.767717 0.077327 0.314961,
        0.800332 0.052300 0.314961,
        0.825358 0.019685 0.314961,
        0.825358 -0.137795 0.314961,
        0.800332 -0.170411 0.314961,
        0.767717 -0.195437 0.314961,
        0.552594 0.019685 0.314961,
        0.577621 0.052300 0.314961,
        0.610236 0.077327 0.314961,
        0.536862 -0.099814 0.314961,
        0.531496 -0.059055 0.314961,
        0.536862 -0.018296 0.314961,
        0.841091 -0.099814 0.314961,
        0.846457 -0.059055 0.314961,
        0.841091 -0.018296 0.314961,
        0.552594 -0.137795 0.314961,
        0.577621 -0.170411 0.314961,
        0.610236 -0.195437 0.314961,
        0.729735 0.093059 0.314961,
        0.688976 0.098425 0.314961,
        0.648217 0.093059 0.314961,
        0.648217 -0.211169 0.314961,
        0.688976 -0.216535 0.314961,
        0.729735 -0.211169 0.314961,
        0.841091 -0.018296 -1.338583,
        0.825358 0.019685 -1.338583,
        0.800332 0.052300 -1.338583,
        0.767717 0.077327 -1.338583,
        0.729735 0.093059 -1.338583,
        0.688976 0.098425 -1.338583,
        0.648217 0.093059 -1.338583,
        0.610236 0.077327 -1.338583,
        0.577621 0.052300 -1.338583,
        0.552594 0.019685 -1.338583,
        0.536862 -0.018296 -1.338583,
        0.531496 -0.059055 -1.338583,
        0.536862 -0.099814 -1.338583,
        0.552594 -0.137795 -1.338583,
        0.577621 -0.170411 -1.338583,
        0.610236 -0.195437 -1.338583,
        0.648217 -0.211169 -1.338583,
        0.688976 -0.216535 -1.338583,
        0.729735 -0.211169 -1.338583,
        0.767717 -0.195437 -1.338583,
        0.800332 -0.170411 -1.338583,
        0.825358 -0.137795 -1.338583,
        0.841091 -0.099814 -1.338583,
        0.846457 -0.059055 -1.338583,
        0.586690 -0.118110 -1.377953,
        0.574891 -0.089624 -1.377953,
        0.688976 -0.059055 -1.377953,
        0.570866 -0.059055 -1.377953,
        0.574891 -0.028486 -1.377953,
        0.658407 -0.173141 -1.377953,
        0.629921 -0.161342 -1.377953,
        0.605460 -0.142572 -1.377953,
        0.748031 -0.161342 -1.377953,
        0.719546 -0.173141 -1.377953,
        0.688976 -0.177165 -1.377953,
        0.803062 -0.089624 -1.377953,
        0.791263 -0.118110 -1.377953,
        0.772493 -0.142572 -1.377953,
        0.791263 -0.000000 -1.377953,
        0.803062 -0.028486 -1.377953,
        0.807087 -0.059055 -1.377953,
        0.719546 0.055031 -1.377953,
        0.748031 0.043231 -1.377953,
        0.772493 0.024461 -1.377953,
        0.629921 0.043231 -1.377953,
        0.658407 0.055031 -1.377953,
        0.688976 0.059055 -1.377953,
        0.586690 -0.000000 -1.377953,
        0.605460 0.024461 -1.377953,
        0.565048 -0.025849 -1.376611,
        0.577865 0.005095 -1.376611,
        0.598255 0.031667 -1.376611,
        0.624826 0.052056 -1.376611,
        0.655770 0.064873 -1.376611,
        0.688976 0.069245 -1.376611,
        0.722183 0.064873 -1.376611,
        0.753126 0.052056 -1.376611,
        0.779698 0.031667 -1.376611,
        0.800087 0.005095 -1.376611,
        0.812905 -0.025849 -1.376611,
        0.817276 -0.059055 -1.376611,
        0.812905 -0.092261 -1.376611,
        0.800087 -0.123205 -1.376611,
        0.779698 -0.149777 -1.376611,
        0.753126 -0.170166 -1.376611,
        0.722183 -0.182983 -1.376611,
        0.688976 -0.187355 -1.376611,
        0.655770 -0.182983 -1.376611,
        0.624826 -0.170166 -1.376611,
        0.598255 -0.149777 -1.376611,
        0.577865 -0.123205 -1.376611,
        0.565048 -0.092261 -1.376611,
        0.560676 -0.059055 -1.376611,
        0.555876 -0.023391 -1.372678,
        0.569642 0.009843 -1.372678,
        0.591541 0.038381 -1.372678,
        0.620079 0.060279 -1.372678,
        0.653312 0.074045 -1.372678,
        0.688976 0.078740 -1.372678,
        0.724641 0.074045 -1.372678,
        0.757874 0.060279 -1.372678,
        0.786412 0.038381 -1.372678,
        0.808311 0.009843 -1.372678,
        0.822076 -0.023391 -1.372678,
        0.826772 -0.059055 -1.372678,
        0.822076 -0.094719 -1.372678,
        0.808311 -0.127953 -1.372678,
        0.786412 -0.156491 -1.372678,
        0.757874 -0.178389 -1.372678,
        0.724641 -0.192155 -1.372678,
        0.688976 -0.196850 -1.372678,
        0.653312 -0.192155 -1.372678,
        0.620079 -0.178389 -1.372678,
        0.591541 -0.156491 -1.372678,
        0.569642 -0.127953 -1.372678,
        0.555876 -0.094719 -1.372678,
        0.551181 -0.059055 -1.372678,
        0.548000 -0.021281 -1.366422,
        0.562581 0.013919 -1.366422,
        0.585775 0.044146 -1.366422,
        0.616002 0.067341 -1.366422,
        0.651202 0.081921 -1.366422,
        0.688976 0.086894 -1.366422,
        0.726751 0.081921 -1.366422,
        0.761951 0.067341 -1.366422,
        0.792178 0.044146 -1.366422,
        0.815372 0.013919 -1.366422,
        0.829952 -0.021281 -1.366422,
        0.834926 -0.059055 -1.366422,
        0.829952 -0.096830 -1.366422,
        0.815372 -0.132030 -1.366422,
        0.792178 -0.162257 -1.366422,
        0.761951 -0.185451 -1.366422,
        0.726751 -0.200031 -1.366422,
        0.688976 -0.205004 -1.366422,
        0.651202 -0.200031 -1.366422,
        0.616002 -0.185451 -1.366422,
        0.585775 -0.162257 -1.366422,
        0.562581 -0.132030 -1.366422,
        0.548000 -0.096830 -1.366422,
        0.543027 -0.059055 -1.366422,
        0.541957 -0.019661 -1.358268,
        0.557162 0.017048 -1.358268,
        0.581351 0.048570 -1.358268,
        0.612874 0.072759 -1.358268,
        0.649583 0.087964 -1.358268,
        0.688976 0.093151 -1.358268,
        0.728370 0.087964 -1.358268,
        0.765079 0.072759 -1.358268,
        0.796602 0.048570 -1.358268,
        0.820791 0.017048 -1.358268,
        0.835996 -0.019661 -1.358268,
        0.841182 -0.059055 -1.358268,
        0.835996 -0.098449 -1.358268,
        0.820791 -0.135158 -1.358268,
        0.796602 -0.166681 -1.358268,
        0.765079 -0.190869 -1.358268,
        0.728370 -0.206074 -1.358268,
        0.688976 -0.211261 -1.358268,
        0.649583 -0.206074 -1.358268,
        0.612874 -0.190869 -1.358268,
        0.581351 -0.166681 -1.358268,
        0.557162 -0.135158 -1.358268,
        0.541957 -0.098449 -1.358268,
        0.536770 -0.059055 -1.358268,
        0.538158 -0.018643 -1.348772,
        0.553756 0.019014 -1.348772,
        0.578570 0.051352 -1.348772,
        0.610907 0.076165 -1.348772,
        0.648565 0.091763 -1.348772,
        0.688976 0.097084 -1.348772,
        0.729388 0.091763 -1.348772,
        0.767046 0.076165 -1.348772,
        0.799383 0.051352 -1.348772,
        0.824196 0.019014 -1.348772,
        0.839795 -0.018643 -1.348772,
        0.845115 -0.059055 -1.348772,
        0.839795 -0.099467 -1.348772,
        0.824196 -0.137124 -1.348772,
        0.799383 -0.169462 -1.348772,
        0.767046 -0.194275 -1.348772,
        0.729388 -0.209874 -1.348772,
        0.688976 -0.215194 -1.348772,
        0.648565 -0.209874 -1.348772,
        0.610907 -0.194275 -1.348772,
        0.578570 -0.169462 -1.348772,
        0.553756 -0.137124 -1.348772,
        0.538158 -0.099467 -1.348772,
        0.532837 -0.059055 -1.348772,
        0.321929 -0.297450 2.677165,
        0.344582 -0.323408 2.677165,
        0.391526 -0.367047 2.677165,
        0.391526 -0.367047 2.952756,
        0.986427 0.367047 2.677165,
        1.056024 0.297450 2.677165,
        0.990122 0.364022 2.677165,
        0.543285 -0.448197 2.952756,
        0.527220 -0.443887 2.952756,
        0.452572 -0.409040 2.952756,
        0.436470 -0.397964 2.952756,
        0.606785 -0.465237 2.952756,
        0.659456 -0.469861 2.952756,
        0.688849 -0.472441 2.952756,
        0.770918 -0.465281 2.952756,
        0.850494 -0.443973 2.952756,
        0.777364 -0.463554 2.952756,
        0.925160 -0.409167 2.952756,
        0.889373 -0.425850 2.952756,
        1.069775 -0.276704 2.952756,
        1.050896 -0.303669 2.952756,
        0.992645 -0.361920 2.952756,
        0.989964 -0.363797 2.952756,
        1.098143 -0.236184 2.952756,
        1.127361 -0.173507 2.952756,
        1.132950 -0.161518 2.952756,
        1.154257 -0.081941 2.952756,
        1.127375 0.173513 2.952756,
        1.132863 0.161757 2.952756,
        1.154213 0.082191 2.952756,
        1.156241 0.059085 2.952756,
        1.161417 0.000127 2.952756,
        1.156251 -0.059087 2.952756,
        1.098017 0.236404 2.952756,
        1.070120 0.276958 2.952756,
        1.056024 0.297450 2.952756,
        1.095872 0.148277 2.992126,
        1.063930 0.216704 2.992126,
        0.472273 -0.374953 2.992126,
        1.028019 0.269445 2.992126,
        0.419531 -0.339042 2.992126,
        1.020736 -0.278363 2.992126,
        1.064046 -0.216502 2.992126,
        1.095952 -0.148058 2.992126,
        1.115483 -0.075113 2.992126,
        0.967339 -0.331760 2.992126,
        0.540699 -0.406896 2.992126,
        0.613634 -0.426467 2.992126,
        0.688860 -0.433071 2.992126,
        0.764089 -0.426507 2.992126,
        0.905478 -0.375070 2.992126,
        0.837035 -0.406976 2.992126,
        1.122047 0.000117 2.992126,
        1.115443 0.075342 2.992126,
        0.607019 -0.463915 2.962946,
        0.850036 -0.442713 2.962946,
        0.924489 -0.408005 2.962946,
        0.991782 -0.360892 2.962946,
        1.096981 -0.235513 2.962946,
        1.160076 0.000127 2.962946,
        0.453244 -0.407878 2.962946,
        0.392302 -0.366272 2.961957,
        0.392505 -0.366069 2.962935,
        0.393072 -0.365502 2.965659,
        0.455212 -0.404473 2.972441,
        0.395957 -0.362617 2.974013,
        0.397567 -0.361006 2.977185,
        0.458343 -0.399056 2.980595,
        0.399865 -0.358709 2.980399,
        0.402265 -0.356308 2.983757,
        0.462423 -0.391997 2.986852,
        0.404515 -0.354059 2.985991,
        0.410514 -0.348060 2.990031,
        0.467174 -0.383776 2.990784,
        0.412289 -0.346285 2.990744,
        0.413170 -0.345404 2.991098,
        1.031055 0.272482 2.991894,
        1.072752 0.221802 2.990784,
        1.041933 0.283359 2.986649,
        1.040165 0.281591 2.988233,
        1.080973 0.226554 2.986852,
        1.037542 0.278969 2.989781,
        1.035228 0.276655 2.990535,
        1.045760 0.287187 2.983222,
        1.088033 0.230634 2.980595,
        1.047879 0.289305 2.980518,
        1.051954 0.293380 2.973200,
        1.093450 0.233765 2.972441,
        1.052252 0.293678 2.972424,
        1.053309 0.294736 2.969668,
        1.096855 0.235732 2.962946,
        1.054940 0.296367 2.962884,
        1.055864 0.297291 2.956953,
        1.055420 0.296847 2.960885,
        1.125478 0.077115 2.990784,
        1.132237 0.000119 2.990784,
        1.134828 0.078767 2.986852,
        1.141732 0.000122 2.986852,
        1.142857 0.080185 2.980595,
        1.149886 0.000124 2.980595,
        1.149019 0.081274 2.972441,
        1.156143 0.000126 2.972441,
        1.152892 0.081958 2.962946,
        1.105528 -0.151542 2.990784,
        1.072871 -0.221596 2.990784,
        1.114451 -0.154788 2.986852,
        1.081095 -0.226343 2.986852,
        1.122113 -0.157576 2.980595,
        1.088157 -0.230419 2.980595,
        1.127993 -0.159715 2.972441,
        1.093575 -0.233547 2.972441,
        1.131689 -0.161059 2.962946,
        0.688857 -0.443261 2.990784,
        0.611861 -0.436501 2.990784,
        0.688855 -0.452756 2.986852,
        0.610209 -0.445852 2.986852,
        0.688852 -0.460910 2.980595,
        0.608791 -0.453881 2.980595,
        0.688851 -0.467166 2.972441,
        0.607703 -0.460043 2.972441,
        0.688850 -0.471100 2.962946,
        1.131602 0.161297 2.962946,
        1.127907 0.159951 2.972441,
        1.122028 0.157809 2.980595,
        1.114368 0.155017 2.986852,
        1.105446 0.151766 2.990784,
        1.152936 -0.081709 2.962946,
        1.149062 -0.081026 2.972441,
        1.142900 -0.079941 2.980595,
        1.134870 -0.078527 2.986852,
        1.125519 -0.076880 2.990784,
        1.049869 -0.302806 2.962946,
        1.046856 -0.300278 2.972441,
        1.042063 -0.296257 2.980595,
        1.035816 -0.291015 2.986852,
        1.028542 -0.284912 2.990784,
        0.973889 -0.339566 2.990784,
        0.979992 -0.346840 2.986852,
        0.985233 -0.353086 2.980595,
        0.989254 -0.357879 2.972441,
        0.922523 -0.404599 2.972441,
        0.919396 -0.399180 2.980595,
        0.915319 -0.392119 2.986852,
        0.910572 -0.383895 2.990784,
        0.840518 -0.416551 2.990784,
        0.843765 -0.425474 2.986852,
        0.846552 -0.433137 2.980595,
        0.848691 -0.439017 2.972441,
        0.770685 -0.463959 2.962946,
        0.770003 -0.460086 2.972441,
        0.768918 -0.453924 2.980595,
        0.767504 -0.445894 2.986852,
        0.765856 -0.436543 2.990784,
        0.527679 -0.442626 2.962946,
        0.529026 -0.438931 2.972441,
        0.531168 -0.433052 2.980595,
        0.533959 -0.425391 2.986852,
        0.537211 -0.416470 2.990784,
      ]
    }
    coordIndex [
      85, 86, 87, -1,
      87, 86, 88, -1,
      85, 89, 86, -1,
      86, 89, 90, -1,
      86, 90, 91, -1,
      92, 93, 88, -1,
      94, 95, 55, -1,
      55, 95, 96, -1,
      97, 98, 56, -1,
      56, 98, 99, -1,
      93, 100, 88, -1,
      88, 100, 101, -1,
      88, 101, 87, -1,
      91, 102, 86, -1,
      86, 102, 103, -1,
      86, 103, 55, -1,
      55, 103, 104, -1,
      55, 104, 94, -1,
      96, 105, 55, -1,
      55, 105, 106, -1,
      55, 106, 56, -1,
      56, 106, 107, -1,
      56, 107, 97, -1,
      99, 108, 56, -1,
      56, 108, 109, -1,
      56, 109, 88, -1,
      88, 109, 110, -1,
      88, 110, 92, -1,
      111, 112, 57, -1,
      113, 114, 115, -1,
      115, 114, 116, -1,
      112, 117, 57, -1,
      57, 117, 118, -1,
      57, 118, 58, -1,
      58, 118, 119, -1,
      58, 119, 120, -1,
      120, 121, 58, -1,
      58, 121, 122, -1,
      58, 122, 123, -1,
      123, 124, 58, -1,
      58, 124, 125, -1,
      58, 125, 126, -1,
      126, 125, 127, -1,
      127, 128, 126, -1,
      126, 128, 129, -1,
      126, 129, 130, -1,
      130, 131, 126, -1,
      126, 131, 132, -1,
      126, 132, 115, -1,
      115, 132, 133, -1,
      115, 133, 113, -1,
      116, 134, 115, -1,
      115, 134, 135, -1,
      115, 135, 57, -1,
      57, 135, 136, -1,
      57, 136, 111, -1,
      56, 88, 57, -1,
      57, 88, 115, -1,
      86, 55, 126, -1,
      126, 55, 58, -1,
      137, 115, 138, -1,
      138, 115, 139, -1,
      140, 88, 141, -1,
      141, 88, 142, -1,
      143, 126, 144, -1,
      144, 126, 145, -1,
      146, 86, 147, -1,
      147, 86, 126, -1,
      147, 126, 148, -1,
      148, 126, 143, -1,
      140, 149, 88, -1,
      88, 149, 150, -1,
      88, 150, 115, -1,
      115, 150, 151, -1,
      115, 151, 139, -1,
      146, 152, 86, -1,
      86, 152, 153, -1,
      86, 153, 154, -1,
      137, 155, 115, -1,
      115, 155, 156, -1,
      115, 156, 126, -1,
      126, 156, 157, -1,
      126, 157, 145, -1,
      154, 158, 86, -1,
      86, 158, 159, -1,
      86, 159, 88, -1,
      88, 159, 160, -1,
      88, 160, 142, -1,
      106, 119, 107, -1,
      107, 119, 118, -1,
      107, 118, 97, -1,
      97, 118, 117, -1,
      97, 117, 98, -1,
      98, 117, 112, -1,
      98, 112, 99, -1,
      99, 112, 111, -1,
      99, 111, 108, -1,
      108, 111, 136, -1,
      108, 136, 109, -1,
      109, 136, 135, -1,
      109, 135, 110, -1,
      110, 135, 134, -1,
      110, 134, 92, -1,
      92, 134, 116, -1,
      92, 116, 93, -1,
      93, 116, 114, -1,
      93, 114, 100, -1,
      100, 114, 113, -1,
      100, 113, 101, -1,
      101, 113, 133, -1,
      101, 133, 87, -1,
      87, 133, 132, -1,
      87, 132, 85, -1,
      85, 132, 131, -1,
      85, 131, 89, -1,
      89, 131, 130, -1,
      89, 130, 90, -1,
      90, 130, 129, -1,
      90, 129, 91, -1,
      91, 129, 128, -1,
      91, 128, 102, -1,
      102, 128, 127, -1,
      102, 127, 103, -1,
      103, 127, 125, -1,
      103, 125, 104, -1,
      104, 125, 124, -1,
      104, 124, 94, -1,
      94, 124, 123, -1,
      94, 123, 95, -1,
      95, 123, 122, -1,
      95, 122, 96, -1,
      96, 122, 121, -1,
      96, 121, 105, -1,
      105, 121, 120, -1,
      105, 120, 106, -1,
      106, 120, 119, -1,
      150, 161, 151, -1,
      151, 161, 162, -1,
      151, 162, 139, -1,
      139, 162, 163, -1,
      139, 163, 138, -1,
      138, 163, 164, -1,
      138, 164, 137, -1,
      137, 164, 165, -1,
      137, 165, 155, -1,
      155, 165, 166, -1,
      155, 166, 156, -1,
      156, 166, 167, -1,
      156, 167, 157, -1,
      157, 167, 168, -1,
      157, 168, 145, -1,
      145, 168, 169, -1,
      145, 169, 144, -1,
      144, 169, 170, -1,
      144, 170, 143, -1,
      143, 170, 171, -1,
      143, 171, 148, -1,
      148, 171, 172, -1,
      148, 172, 147, -1,
      147, 172, 173, -1,
      147, 173, 146, -1,
      146, 173, 174, -1,
      146, 174, 152, -1,
      152, 174, 175, -1,
      152, 175, 153, -1,
      153, 175, 176, -1,
      153, 176, 154, -1,
      154, 176, 177, -1,
      154, 177, 158, -1,
      158, 177, 178, -1,
      158, 178, 159, -1,
      159, 178, 179, -1,
      159, 179, 160, -1,
      160, 179, 180, -1,
      160, 180, 142, -1,
      142, 180, 181, -1,
      142, 181, 141, -1,
      141, 181, 182, -1,
      141, 182, 140, -1,
      140, 182, 183, -1,
      140, 183, 149, -1,
      149, 183, 184, -1,
      149, 184, 150, -1,
      150, 184, 161, -1,
      185, 186, 187, -1,
      187, 186, 188, -1,
      187, 188, 189, -1,
      190, 191, 187, -1,
      187, 191, 192, -1,
      187, 192, 185, -1,
      193, 194, 187, -1,
      187, 194, 195, -1,
      187, 195, 190, -1,
      196, 197, 187, -1,
      187, 197, 198, -1,
      187, 198, 193, -1,
      199, 200, 187, -1,
      187, 200, 201, -1,
      187, 201, 196, -1,
      202, 203, 187, -1,
      187, 203, 204, -1,
      187, 204, 199, -1,
      205, 206, 187, -1,
      187, 206, 207, -1,
      187, 207, 202, -1,
      189, 208, 187, -1,
      187, 208, 209, -1,
      187, 209, 205, -1,
      188, 210, 189, -1,
      189, 210, 211, -1,
      189, 211, 208, -1,
      208, 211, 212, -1,
      208, 212, 209, -1,
      209, 212, 213, -1,
      209, 213, 205, -1,
      205, 213, 214, -1,
      205, 214, 206, -1,
      206, 214, 215, -1,
      206, 215, 207, -1,
      207, 215, 216, -1,
      207, 216, 202, -1,
      202, 216, 217, -1,
      202, 217, 203, -1,
      203, 217, 218, -1,
      203, 218, 204, -1,
      204, 218, 219, -1,
      204, 219, 199, -1,
      199, 219, 220, -1,
      199, 220, 200, -1,
      200, 220, 221, -1,
      200, 221, 201, -1,
      201, 221, 222, -1,
      201, 222, 196, -1,
      196, 222, 223, -1,
      196, 223, 197, -1,
      197, 223, 224, -1,
      197, 224, 198, -1,
      198, 224, 225, -1,
      198, 225, 193, -1,
      193, 225, 226, -1,
      193, 226, 194, -1,
      194, 226, 227, -1,
      194, 227, 195, -1,
      195, 227, 228, -1,
      195, 228, 190, -1,
      190, 228, 229, -1,
      190, 229, 191, -1,
      191, 229, 230, -1,
      191, 230, 192, -1,
      192, 230, 231, -1,
      192, 231, 185, -1,
      185, 231, 232, -1,
      185, 232, 186, -1,
      186, 232, 233, -1,
      186, 233, 188, -1,
      188, 233, 210, -1,
      233, 234, 210, -1,
      210, 234, 235, -1,
      210, 235, 211, -1,
      211, 235, 236, -1,
      211, 236, 212, -1,
      212, 236, 237, -1,
      212, 237, 213, -1,
      213, 237, 238, -1,
      213, 238, 214, -1,
      214, 238, 239, -1,
      214, 239, 215, -1,
      215, 239, 240, -1,
      215, 240, 216, -1,
      216, 240, 241, -1,
      216, 241, 217, -1,
      217, 241, 242, -1,
      217, 242, 218, -1,
      218, 242, 243, -1,
      218, 243, 219, -1,
      219, 243, 244, -1,
      219, 244, 220, -1,
      220, 244, 245, -1,
      220, 245, 221, -1,
      221, 245, 246, -1,
      221, 246, 222, -1,
      222, 246, 247, -1,
      222, 247, 223, -1,
      223, 247, 248, -1,
      223, 248, 224, -1,
      224, 248, 249, -1,
      224, 249, 225, -1,
      225, 249, 250, -1,
      225, 250, 226, -1,
      226, 250, 251, -1,
      226, 251, 227, -1,
      227, 251, 252, -1,
      227, 252, 228, -1,
      228, 252, 253, -1,
      228, 253, 229, -1,
      229, 253, 254, -1,
      229, 254, 230, -1,
      230, 254, 255, -1,
      230, 255, 231, -1,
      231, 255, 256, -1,
      231, 256, 232, -1,
      232, 256, 257, -1,
      232, 257, 233, -1,
      233, 257, 234, -1,
      257, 258, 234, -1,
      234, 258, 259, -1,
      234, 259, 235, -1,
      235, 259, 260, -1,
      235, 260, 236, -1,
      236, 260, 261, -1,
      236, 261, 237, -1,
      237, 261, 262, -1,
      237, 262, 238, -1,
      238, 262, 263, -1,
      238, 263, 239, -1,
      239, 263, 264, -1,
      239, 264, 240, -1,
      240, 264, 265, -1,
      240, 265, 241, -1,
      241, 265, 266, -1,
      241, 266, 242, -1,
      242, 266, 267, -1,
      242, 267, 243, -1,
      243, 267, 268, -1,
      243, 268, 244, -1,
      244, 268, 269, -1,
      244, 269, 245, -1,
      245, 269, 270, -1,
      245, 270, 246, -1,
      246, 270, 271, -1,
      246, 271, 247, -1,
      247, 271, 272, -1,
      247, 272, 248, -1,
      248, 272, 273, -1,
      248, 273, 249, -1,
      249, 273, 274, -1,
      249, 274, 250, -1,
      250, 274, 275, -1,
      250, 275, 251, -1,
      251, 275, 276, -1,
      251, 276, 252, -1,
      252, 276, 277, -1,
      252, 277, 253, -1,
      253, 277, 278, -1,
      253, 278, 254, -1,
      254, 278, 279, -1,
      254, 279, 255, -1,
      255, 279, 280, -1,
      255, 280, 256, -1,
      256, 280, 281, -1,
      256, 281, 257, -1,
      257, 281, 258, -1,
      281, 282, 258, -1,
      258, 282, 283, -1,
      258, 283, 259, -1,
      259, 283, 284, -1,
      259, 284, 260, -1,
      260, 284, 285, -1,
      260, 285, 261, -1,
      261, 285, 286, -1,
      261, 286, 262, -1,
      262, 286, 287, -1,
      262, 287, 263, -1,
      263, 287, 288, -1,
      263, 288, 264, -1,
      264, 288, 289, -1,
      264, 289, 265, -1,
      265, 289, 290, -1,
      265, 290, 266, -1,
      266, 290, 291, -1,
      266, 291, 267, -1,
      267, 291, 292, -1,
      267, 292, 268, -1,
      268, 292, 293, -1,
      268, 293, 269, -1,
      269, 293, 294, -1,
      269, 294, 270, -1,
      270, 294, 295, -1,
      270, 295, 271, -1,
      271, 295, 296, -1,
      271, 296, 272, -1,
      272, 296, 297, -1,
      272, 297, 273, -1,
      273, 297, 298, -1,
      273, 298, 274, -1,
      274, 298, 299, -1,
      274, 299, 275, -1,
      275, 299, 300, -1,
      275, 300, 276, -1,
      276, 300, 301, -1,
      276, 301, 277, -1,
      277, 301, 302, -1,
      277, 302, 278, -1,
      278, 302, 303, -1,
      278, 303, 279, -1,
      279, 303, 304, -1,
      279, 304, 280, -1,
      280, 304, 305, -1,
      280, 305, 281, -1,
      281, 305, 282, -1,
      305, 306, 282, -1,
      282, 306, 307, -1,
      282, 307, 283, -1,
      283, 307, 308, -1,
      283, 308, 284, -1,
      284, 308, 309, -1,
      284, 309, 285, -1,
      285, 309, 310, -1,
      285, 310, 286, -1,
      286, 310, 311, -1,
      286, 311, 287, -1,
      287, 311, 312, -1,
      287, 312, 288, -1,
      288, 312, 313, -1,
      288, 313, 289, -1,
      289, 313, 314, -1,
      289, 314, 290, -1,
      290, 314, 315, -1,
      290, 315, 291, -1,
      291, 315, 316, -1,
      291, 316, 292, -1,
      292, 316, 317, -1,
      292, 317, 293, -1,
      293, 317, 318, -1,
      293, 318, 294, -1,
      294, 318, 319, -1,
      294, 319, 295, -1,
      295, 319, 320, -1,
      295, 320, 296, -1,
      296, 320, 321, -1,
      296, 321, 297, -1,
      297, 321, 322, -1,
      297, 322, 298, -1,
      298, 322, 323, -1,
      298, 323, 299, -1,
      299, 323, 324, -1,
      299, 324, 300, -1,
      300, 324, 325, -1,
      300, 325, 301, -1,
      301, 325, 326, -1,
      301, 326, 302, -1,
      302, 326, 327, -1,
      302, 327, 303, -1,
      303, 327, 328, -1,
      303, 328, 304, -1,
      304, 328, 329, -1,
      304, 329, 305, -1,
      305, 329, 306, -1,
      329, 171, 306, -1,
      306, 171, 170, -1,
      306, 170, 307, -1,
      307, 170, 169, -1,
      307, 169, 308, -1,
      308, 169, 168, -1,
      308, 168, 309, -1,
      309, 168, 167, -1,
      309, 167, 310, -1,
      310, 167, 166, -1,
      310, 166, 311, -1,
      311, 166, 165, -1,
      311, 165, 312, -1,
      312, 165, 164, -1,
      312, 164, 313, -1,
      313, 164, 163, -1,
      313, 163, 314, -1,
      314, 163, 162, -1,
      314, 162, 315, -1,
      315, 162, 161, -1,
      315, 161, 316, -1,
      316, 161, 184, -1,
      316, 184, 317, -1,
      317, 184, 183, -1,
      317, 183, 318, -1,
      318, 183, 182, -1,
      318, 182, 319, -1,
      319, 182, 181, -1,
      319, 181, 320, -1,
      320, 181, 180, -1,
      320, 180, 321, -1,
      321, 180, 179, -1,
      321, 179, 322, -1,
      322, 179, 178, -1,
      322, 178, 323, -1,
      323, 178, 177, -1,
      323, 177, 324, -1,
      324, 177, 176, -1,
      324, 176, 325, -1,
      325, 176, 175, -1,
      325, 175, 326, -1,
      326, 175, 174, -1,
      326, 174, 327, -1,
      327, 174, 173, -1,
      327, 173, 328, -1,
      328, 173, 172, -1,
      328, 172, 329, -1,
      329, 172, 171, -1,
      330, 26, 78, -1,
      78, 26, 28, -1,
      330, 78, 331, -1,
      331, 78, 79, -1,
      331, 79, 332, -1,
      332, 79, 80, -1,
      332, 80, 333, -1,
      32, 31, 334, -1,
      335, 66, 336, -1,
      336, 66, 67, -1,
      336, 67, 334, -1,
      334, 67, 68, -1,
      334, 68, 32, -1,
      32, 68, 2, -1,
      45, 13, 77, -1,
      77, 13, 76, -1,
      28, 44, 78, -1,
      78, 44, 15, -1,
      78, 15, 77, -1,
      77, 15, 14, -1,
      77, 14, 45, -1,
      337, 338, 81, -1,
      81, 338, 339, -1,
      81, 339, 80, -1,
      80, 339, 340, -1,
      80, 340, 333, -1,
      337, 81, 341, -1,
      341, 81, 82, -1,
      341, 82, 342, -1,
      342, 82, 343, -1,
      343, 82, 83, -1,
      343, 83, 344, -1,
      84, 345, 83, -1,
      83, 345, 346, -1,
      83, 346, 344, -1,
      59, 347, 84, -1,
      84, 347, 348, -1,
      84, 348, 345, -1,
      349, 350, 60, -1,
      60, 350, 351, -1,
      60, 351, 59, -1,
      59, 351, 352, -1,
      59, 352, 347, -1,
      349, 60, 353, -1,
      353, 60, 61, -1,
      353, 61, 354, -1,
      354, 61, 355, -1,
      355, 61, 62, -1,
      355, 62, 356, -1,
      357, 358, 65, -1,
      65, 358, 359, -1,
      65, 359, 64, -1,
      64, 359, 360, -1,
      64, 360, 63, -1,
      63, 360, 361, -1,
      63, 361, 62, -1,
      62, 361, 362, -1,
      62, 362, 356, -1,
      357, 65, 363, -1,
      363, 65, 66, -1,
      363, 66, 364, -1,
      364, 66, 335, -1,
      364, 335, 365, -1,
      2, 68, 3, -1,
      3, 68, 69, -1,
      3, 69, 54, -1,
      54, 69, 53, -1,
      53, 69, 70, -1,
      53, 70, 52, -1,
      71, 5, 70, -1,
      70, 5, 4, -1,
      70, 4, 52, -1,
      6, 49, 72, -1,
      72, 49, 50, -1,
      72, 50, 71, -1,
      71, 50, 51, -1,
      71, 51, 5, -1,
      6, 72, 7, -1,
      7, 72, 73, -1,
      7, 73, 48, -1,
      48, 73, 47, -1,
      47, 73, 74, -1,
      47, 74, 46, -1,
      75, 9, 74, -1,
      74, 9, 8, -1,
      74, 8, 46, -1,
      13, 12, 76, -1,
      76, 12, 11, -1,
      76, 11, 75, -1,
      75, 11, 10, -1,
      75, 10, 9, -1,
      366, 367, 368, -1,
      368, 367, 369, -1,
      368, 369, 370, -1,
      371, 372, 368, -1,
      368, 372, 373, -1,
      368, 373, 374, -1,
      371, 368, 375, -1,
      375, 368, 376, -1,
      375, 376, 377, -1,
      377, 378, 375, -1,
      375, 378, 379, -1,
      375, 379, 380, -1,
      380, 379, 381, -1,
      374, 382, 368, -1,
      368, 382, 383, -1,
      368, 383, 366, -1,
      337, 341, 384, -1,
      346, 345, 385, -1,
      348, 347, 386, -1,
      352, 351, 387, -1,
      349, 353, 388, -1,
      362, 361, 389, -1,
      340, 339, 390, -1,
      333, 340, 391, -1,
      391, 340, 390, -1,
      391, 390, 392, -1,
      392, 390, 393, -1,
      393, 390, 394, -1,
      393, 394, 395, -1,
      395, 394, 396, -1,
      396, 394, 397, -1,
      396, 397, 398, -1,
      398, 397, 399, -1,
      399, 397, 400, -1,
      399, 400, 401, -1,
      401, 400, 402, -1,
      402, 400, 403, -1,
      402, 403, 404, -1,
      404, 403, 405, -1,
      405, 403, 368, -1,
      405, 368, 370, -1,
      369, 367, 406, -1,
      406, 367, 407, -1,
      408, 409, 410, -1,
      410, 409, 411, -1,
      410, 411, 407, -1,
      407, 411, 412, -1,
      407, 412, 406, -1,
      408, 410, 413, -1,
      413, 410, 414, -1,
      413, 414, 415, -1,
      415, 414, 416, -1,
      416, 414, 417, -1,
      416, 417, 418, -1,
      418, 417, 419, -1,
      419, 417, 420, -1,
      419, 420, 421, -1,
      364, 365, 422, -1,
      422, 423, 364, -1,
      364, 423, 421, -1,
      364, 421, 363, -1,
      363, 421, 420, -1,
      363, 420, 357, -1,
      383, 382, 424, -1,
      424, 382, 425, -1,
      424, 425, 426, -1,
      426, 425, 427, -1,
      426, 427, 428, -1,
      428, 427, 429, -1,
      428, 429, 430, -1,
      430, 429, 431, -1,
      430, 431, 432, -1,
      432, 431, 389, -1,
      373, 372, 433, -1,
      433, 372, 434, -1,
      433, 434, 435, -1,
      435, 434, 436, -1,
      435, 436, 437, -1,
      437, 436, 438, -1,
      437, 438, 439, -1,
      439, 438, 440, -1,
      439, 440, 441, -1,
      441, 440, 388, -1,
      378, 377, 442, -1,
      442, 377, 443, -1,
      442, 443, 444, -1,
      444, 443, 445, -1,
      444, 445, 446, -1,
      446, 445, 447, -1,
      446, 447, 448, -1,
      448, 447, 449, -1,
      448, 449, 450, -1,
      450, 449, 384, -1,
      358, 357, 451, -1,
      451, 357, 420, -1,
      451, 420, 452, -1,
      452, 420, 417, -1,
      452, 417, 453, -1,
      453, 417, 414, -1,
      453, 414, 454, -1,
      454, 414, 410, -1,
      454, 410, 455, -1,
      455, 410, 407, -1,
      455, 407, 366, -1,
      366, 407, 367, -1,
      366, 383, 455, -1,
      455, 383, 424, -1,
      455, 424, 454, -1,
      454, 424, 426, -1,
      454, 426, 453, -1,
      453, 426, 428, -1,
      453, 428, 452, -1,
      452, 428, 430, -1,
      452, 430, 451, -1,
      451, 430, 432, -1,
      451, 432, 358, -1,
      358, 432, 359, -1,
      389, 361, 432, -1,
      432, 361, 360, -1,
      432, 360, 359, -1,
      356, 362, 456, -1,
      456, 362, 389, -1,
      456, 389, 457, -1,
      457, 389, 431, -1,
      457, 431, 458, -1,
      458, 431, 429, -1,
      458, 429, 459, -1,
      459, 429, 427, -1,
      459, 427, 460, -1,
      460, 427, 425, -1,
      460, 425, 374, -1,
      374, 425, 382, -1,
      374, 373, 460, -1,
      460, 373, 433, -1,
      460, 433, 459, -1,
      459, 433, 435, -1,
      459, 435, 458, -1,
      458, 435, 437, -1,
      458, 437, 457, -1,
      457, 437, 439, -1,
      457, 439, 456, -1,
      456, 439, 441, -1,
      456, 441, 356, -1,
      356, 441, 355, -1,
      388, 353, 441, -1,
      441, 353, 354, -1,
      441, 354, 355, -1,
      350, 349, 461, -1,
      461, 349, 388, -1,
      461, 388, 462, -1,
      462, 388, 440, -1,
      462, 440, 463, -1,
      463, 440, 438, -1,
      463, 438, 464, -1,
      464, 438, 436, -1,
      464, 436, 465, -1,
      465, 436, 434, -1,
      465, 434, 371, -1,
      371, 434, 372, -1,
      371, 375, 465, -1,
      465, 375, 466, -1,
      465, 466, 464, -1,
      464, 466, 467, -1,
      464, 467, 463, -1,
      463, 467, 468, -1,
      463, 468, 462, -1,
      462, 468, 469, -1,
      462, 469, 461, -1,
      461, 469, 387, -1,
      461, 387, 350, -1,
      350, 387, 351, -1,
      347, 352, 386, -1,
      386, 352, 387, -1,
      386, 387, 470, -1,
      470, 387, 469, -1,
      470, 469, 471, -1,
      471, 469, 468, -1,
      471, 468, 472, -1,
      472, 468, 467, -1,
      472, 467, 473, -1,
      473, 467, 466, -1,
      473, 466, 380, -1,
      380, 466, 375, -1,
      380, 381, 473, -1,
      473, 381, 474, -1,
      473, 474, 472, -1,
      472, 474, 475, -1,
      472, 475, 471, -1,
      471, 475, 476, -1,
      471, 476, 470, -1,
      470, 476, 477, -1,
      470, 477, 386, -1,
      386, 477, 385, -1,
      386, 385, 348, -1,
      348, 385, 345, -1,
      344, 346, 478, -1,
      478, 346, 385, -1,
      478, 385, 479, -1,
      479, 385, 477, -1,
      479, 477, 480, -1,
      480, 477, 476, -1,
      480, 476, 481, -1,
      481, 476, 475, -1,
      481, 475, 482, -1,
      482, 475, 474, -1,
      482, 474, 379, -1,
      379, 474, 381, -1,
      379, 378, 482, -1,
      482, 378, 442, -1,
      482, 442, 481, -1,
      481, 442, 444, -1,
      481, 444, 480, -1,
      480, 444, 446, -1,
      480, 446, 479, -1,
      479, 446, 448, -1,
      479, 448, 478, -1,
      478, 448, 450, -1,
      478, 450, 344, -1,
      344, 450, 343, -1,
      384, 341, 450, -1,
      450, 341, 342, -1,
      450, 342, 343, -1,
      338, 337, 483, -1,
      483, 337, 384, -1,
      483, 384, 484, -1,
      484, 384, 449, -1,
      484, 449, 485, -1,
      485, 449, 447, -1,
      485, 447, 486, -1,
      486, 447, 445, -1,
      486, 445, 487, -1,
      487, 445, 443, -1,
      487, 443, 376, -1,
      376, 443, 377, -1,
      376, 368, 487, -1,
      487, 368, 403, -1,
      487, 403, 486, -1,
      486, 403, 400, -1,
      486, 400, 485, -1,
      485, 400, 397, -1,
      485, 397, 484, -1,
      484, 397, 394, -1,
      484, 394, 483, -1,
      483, 394, 390, -1,
      483, 390, 338, -1,
      338, 390, 339, -1,
      334, 330, 336, -1,
      336, 330, 331, -1,
      336, 331, 335, -1,
      335, 331, 332, -1,
      26, 330, 334, -1,
      33, 34, 25, -1,
      24, 30, 334, -1,
      41, 42, 34, -1,
      24, 334, 25, -1,
      25, 334, 31, -1,
      25, 31, 33, -1,
      41, 34, 40, -1,
      30, 29, 334, -1,
      334, 29, 27, -1,
      334, 27, 26, -1,
      37, 38, 36, -1,
      36, 38, 35, -1,
      21, 20, 23, -1,
      35, 38, 34, -1,
      34, 38, 39, -1,
      34, 39, 40, -1,
      0, 25, 1, -1,
      1, 25, 34, -1,
      1, 34, 43, -1,
      43, 34, 42, -1,
      0, 16, 25, -1,
      25, 16, 17, -1,
      25, 17, 18, -1,
      18, 19, 25, -1,
      25, 19, 21, -1,
      25, 21, 22, -1,
      22, 21, 23, -1,
      365, 335, 332, -1,
      391, 392, 418, -1,
      419, 421, 332, -1,
      419, 332, 418, -1,
      418, 332, 333, -1,
      418, 333, 391, -1,
      402, 404, 392, -1,
      408, 413, 415, -1,
      421, 423, 332, -1,
      332, 423, 422, -1,
      332, 422, 365, -1,
      402, 392, 401, -1,
      406, 412, 418, -1,
      418, 412, 411, -1,
      411, 409, 418, -1,
      418, 409, 408, -1,
      418, 408, 416, -1,
      416, 408, 415, -1,
      396, 398, 395, -1,
      395, 398, 393, -1,
      404, 405, 392, -1,
      392, 405, 370, -1,
      392, 370, 418, -1,
      418, 370, 369, -1,
      418, 369, 406, -1,
      393, 398, 392, -1,
      392, 398, 399, -1,
      392, 399, 401, -1,
    ]
  }
}
