#VRML V2.0 utf8

Shape {
  appearance Appearance {
    material Material {
      diffuseColor 0.2510 0.2510 0.2510
      specularColor 0.1255 0.1255 0.1255
      ambientIntensity 0.2
      transparency 0.0000
      shininess 0.5
    }
  }
  geometry IndexedFaceSet {
    ccw TRUE
    solid FALSE
    coord DEF co Coordinate {
      point [
        0.474588 -1.145756 0.268726,
        0.474588 -1.145756 0.118110,
        0.607814 -1.080996 0.268726,
        0.607814 -1.080996 0.118110,
        0.656873 -1.049414 0.268726,
        0.656873 -1.049414 0.118110,
        0.732368 -1.000813 0.268726,
        0.732368 -1.000813 0.118110,
        0.822282 -0.926378 0.268726,
        0.822282 -0.926378 0.118110,
        0.846474 -0.906352 0.268726,
        0.846474 -0.906352 0.118110,
        0.948502 -0.798959 0.268726,
        0.948502 -0.798959 0.118110,
        0.964582 -0.777374 0.268726,
        0.964582 -0.777374 0.118110,
        1.036998 -0.680167 0.268726,
        1.036998 -0.680167 0.118110,
        1.079434 -0.606178 0.268726,
        1.079434 -0.606178 0.118110,
        1.110698 -0.551670 0.268726,
        1.110698 -0.551670 0.118110,
        1.166801 -0.419431 0.268726,
        1.166801 -0.419431 0.118110,
        1.168552 -0.415304 0.268726,
        1.168552 -0.415304 0.118110,
        1.209734 -0.273011 0.268726,
        1.209734 -0.273011 0.118110,
        1.218431 -0.219863 0.268726,
        1.218431 -0.219863 0.118110,
        1.233656 -0.126824 0.268726,
        1.233656 -0.126824 0.118110,
        1.238445 -0.014688 0.268726,
        1.238445 -0.014688 0.118110,
        1.239977 0.021173 0.268726,
        1.239977 0.021173 0.118110,
        1.228607 0.168868 0.268726,
        1.228607 0.168868 0.118110,
        1.224231 0.190865 0.268726,
        1.224231 0.190865 0.118110,
        1.199707 0.314154 0.268726,
        1.199707 0.314154 0.118110,
        1.174607 0.390959 0.268726,
        1.174607 0.390959 0.118110,
        1.153692 0.454957 0.268726,
        1.153692 0.454957 0.118110,
        1.094998 0.581137 0.268726,
        1.094998 0.581137 0.118110,
        1.091216 0.589269 0.268726,
        1.091216 0.589269 0.118110,
        1.013171 0.715174 0.268726,
        1.013171 0.715174 0.118110,
        0.982346 0.753731 0.268726,
        0.982346 0.753731 0.118110,
        0.920672 0.830876 0.268726,
        0.920672 0.830876 0.118110,
        0.843834 0.906412 0.268726,
        0.843834 0.906412 0.118110,
        0.815036 0.934723 0.268726,
        0.815036 0.934723 0.118110,
        0.697772 1.025234 0.268726,
        0.697772 1.025234 0.118110,
        0.682364 1.034424 0.268726,
        0.682364 1.034424 0.118110,
        0.570553 1.101118 0.268726,
        0.570553 1.101118 0.118110,
        0.500821 1.132117 0.268726,
        0.500821 1.132117 0.118110,
        0.435194 1.161291 0.268726,
        0.435194 1.161291 0.118110,
        0.306483 1.200935 0.268726,
        0.306483 1.200935 0.118110,
        0.293625 1.204896 0.268726,
        0.293625 1.204896 0.118110,
        0.147867 1.231311 0.268726,
        0.147867 1.231311 0.118110,
        0.103074 1.233991 0.268726,
        0.103074 1.233991 0.118110,
        -0.000000 1.240157 0.268726,
        0.000000 1.240157 0.118110,
        -0.103074 1.233991 0.268726,
        -0.103074 1.233991 0.118110,
        -0.147867 1.231311 0.268726,
        -0.147867 1.231311 0.118110,
        -0.293625 1.204896 0.268726,
        -0.293625 1.204896 0.118110,
        -0.306483 1.200935 0.268726,
        -0.306483 1.200935 0.118110,
        -0.435194 1.161291 0.268726,
        -0.435194 1.161291 0.118110,
        -0.500821 1.132117 0.268726,
        -0.500821 1.132117 0.118110,
        -0.570553 1.101118 0.268726,
        -0.570553 1.101118 0.118110,
        -0.682364 1.034424 0.268726,
        -0.682364 1.034424 0.118110,
        -0.697772 1.025234 0.268726,
        -0.697772 1.025234 0.118110,
        -0.815036 0.934723 0.268726,
        -0.815036 0.934723 0.118110,
        -0.843834 0.906412 0.268726,
        -0.843834 0.906412 0.118110,
        -0.920672 0.830876 0.268726,
        -0.920672 0.830876 0.118110,
        -0.982346 0.753731 0.268726,
        -0.982346 0.753731 0.118110,
        -1.013171 0.715174 0.268726,
        -1.013171 0.715174 0.118110,
        -1.091216 0.589269 0.268726,
        -1.091216 0.589269 0.118110,
        -1.094998 0.581137 0.268726,
        -1.094998 0.581137 0.118110,
        -1.153692 0.454957 0.268726,
        -1.153692 0.454957 0.118110,
        -1.174607 0.390959 0.268726,
        -1.174607 0.390959 0.118110,
        -1.199707 0.314154 0.268726,
        -1.199707 0.314154 0.118110,
        -1.224231 0.190865 0.268726,
        -1.224231 0.190865 0.118110,
        -1.228607 0.168868 0.268726,
        -1.228607 0.168868 0.118110,
        -1.239977 0.021173 0.268726,
        -1.239977 0.021173 0.118110,
        -1.238445 -0.014688 0.268726,
        -1.238445 -0.014688 0.118110,
        -1.233656 -0.126824 0.268726,
        -1.233656 -0.126824 0.118110,
        -1.218431 -0.219863 0.268726,
        -1.218431 -0.219863 0.118110,
        -1.209734 -0.273011 0.268726,
        -1.209734 -0.273011 0.118110,
        -1.168552 -0.415304 0.268726,
        -1.168552 -0.415304 0.118110,
        -1.166801 -0.419431 0.268726,
        -1.166801 -0.419431 0.118110,
        -1.110698 -0.551670 0.268726,
        -1.110698 -0.551670 0.118110,
        -1.079434 -0.606178 0.268726,
        -1.079434 -0.606178 0.118110,
        -1.036998 -0.680167 0.268726,
        -1.036998 -0.680167 0.118110,
        -0.964582 -0.777374 0.268726,
        -0.964582 -0.777374 0.118110,
        -0.948502 -0.798959 0.268726,
        -0.948502 -0.798959 0.118110,
        -0.846474 -0.906352 0.268726,
        -0.846474 -0.906352 0.118110,
        -0.822282 -0.926378 0.268726,
        -0.822282 -0.926378 0.118110,
        -0.732368 -1.000813 0.268726,
        -0.732368 -1.000813 0.118110,
        -0.656873 -1.049414 0.268726,
        -0.656873 -1.049414 0.118110,
        -0.607814 -1.080996 0.268726,
        -0.607814 -1.080996 0.118110,
        -0.474588 -1.145756 0.268726,
        -0.474588 -1.145756 0.118110,
        0.429389 -1.036637 0.000000,
        0.338991 -0.818397 0.000000,
        0.549927 -0.978044 0.000000,
        0.492139 -0.736538 0.000000,
        0.736538 -0.492139 0.000000,
        0.858168 -0.722867 0.000000,
        0.626374 -0.626374 0.000000,
        0.765857 -0.820032 0.000000,
        0.662619 -0.905498 0.000000,
        0.818397 -0.338991 0.000000,
        1.004917 -0.499130 0.000000,
        0.938236 -0.615389 0.000000,
        0.885827 0.000000 0.000000,
        1.116165 -0.114745 0.000000,
        0.868806 -0.172816 0.000000,
        1.094521 -0.247010 0.000000,
        1.057261 -0.375751 0.000000,
        -0.818397 0.338991 0.000000,
        -0.987291 0.533148 0.000000,
        -0.736538 0.492139 0.000000,
        -0.916679 0.647063 0.000000,
        -0.626374 0.626374 0.000000,
        0.868806 0.172816 0.000000,
        1.111596 0.152785 0.000000,
        1.121884 0.019157 0.000000,
        0.492139 0.736538 0.000000,
        0.737413 0.845702 0.000000,
        0.626374 0.626374 0.000000,
        0.832989 0.751745 0.000000,
        0.736538 0.492139 0.000000,
        -0.492139 0.736538 0.000000,
        -0.516215 0.996249 0.000000,
        -0.338991 0.818397 0.000000,
        -0.393746 1.050692 0.000000,
        -0.172816 0.868806 0.000000,
        -0.868806 0.172816 0.000000,
        -1.085450 0.284234 0.000000,
        -1.043817 0.411628 0.000000,
        -0.626374 -0.626374 0.000000,
        -0.492139 -0.736538 0.000000,
        -0.662619 -0.905498 0.000000,
        -0.549927 -0.978044 0.000000,
        -0.338991 -0.818397 0.000000,
        -0.429389 -1.036637 0.000000,
        0.916679 0.647063 0.000000,
        0.987291 0.533148 0.000000,
        0.818397 0.338991 0.000000,
        1.043817 0.411628 0.000000,
        1.085450 0.284234 0.000000,
        0.338991 0.818397 0.000000,
        0.516215 0.996249 0.000000,
        0.631318 0.927593 0.000000,
        -0.000000 0.885827 0.000000,
        0.133785 1.114043 0.000000,
        0.172816 0.868806 0.000000,
        0.265661 1.090144 0.000000,
        0.393746 1.050692 0.000000,
        -0.832989 0.751745 0.000000,
        -0.737413 0.845702 0.000000,
        -0.631318 0.927593 0.000000,
        -0.736538 -0.492139 0.000000,
        -1.004917 -0.499130 0.000000,
        -0.818397 -0.338991 0.000000,
        -1.057261 -0.375751 0.000000,
        -0.868806 -0.172816 0.000000,
        -0.265661 1.090144 0.000000,
        -0.133785 1.114043 0.000000,
        0.000000 1.122047 0.000000,
        -1.094521 -0.247010 0.000000,
        -1.116165 -0.114745 0.000000,
        -0.885827 -0.000000 0.000000,
        -1.121884 0.019157 0.000000,
        -1.111596 0.152785 0.000000,
        -0.765857 -0.820032 0.000000,
        -0.858168 -0.722867 0.000000,
        -0.938236 -0.615389 0.000000,
        -0.441087 -1.064879 0.004024,
        -0.564909 -1.004690 0.004024,
        -0.451988 -1.091196 0.015824,
        -0.578870 -1.029520 0.015824,
        -0.461349 -1.113796 0.034594,
        -0.590859 -1.050843 0.034594,
        -0.468532 -1.131137 0.059055,
        -0.600058 -1.067203 0.059055,
        -0.473048 -1.142038 0.087541,
        -0.605841 -1.077488 0.087541,
        -0.843726 -0.903410 0.087541,
        -0.729991 -0.997566 0.087541,
        -0.945424 -0.796366 0.087541,
        -1.033632 -0.677959 0.087541,
        -1.107094 -0.549880 0.087541,
        -1.164760 -0.413956 0.087541,
        -1.205808 -0.272125 0.087541,
        -1.229652 -0.126412 0.087541,
        -1.235953 0.021105 0.087541,
        -1.224619 0.168320 0.087541,
        -1.195814 0.313134 0.087541,
        -1.149948 0.453481 0.087541,
        -1.087675 0.587357 0.087541,
        -1.009883 0.712854 0.087541,
        -0.917684 0.828180 0.087541,
        -0.812391 0.931689 0.087541,
        -0.695508 1.021907 0.087541,
        -0.568702 1.097544 0.087541,
        -0.433781 1.157522 0.087541,
        -0.292672 1.200986 0.087541,
        -0.147387 1.227315 0.087541,
        0.000000 1.236133 0.087541,
        0.147387 1.227315 0.087541,
        0.292672 1.200986 0.087541,
        0.433781 1.157522 0.087541,
        0.568702 1.097544 0.087541,
        0.695508 1.021907 0.087541,
        0.812391 0.931689 0.087541,
        0.917684 0.828180 0.087541,
        1.009883 0.712854 0.087541,
        1.087675 0.587357 0.087541,
        1.149948 0.453481 0.087541,
        1.195814 0.313134 0.087541,
        1.224619 0.168320 0.087541,
        1.235953 0.021105 0.087541,
        1.229652 -0.126412 0.087541,
        1.205808 -0.272125 0.087541,
        1.164760 -0.413956 0.087541,
        1.107094 -0.549880 0.087541,
        1.033632 -0.677959 0.087541,
        0.945424 -0.796366 0.087541,
        0.843726 -0.903410 0.087541,
        0.729991 -0.997566 0.087541,
        0.605841 -1.077488 0.087541,
        0.473048 -1.142038 0.087541,
        -0.723024 -0.988044 0.059055,
        -0.835673 -0.894787 0.059055,
        -0.936399 -0.788765 0.059055,
        -1.023766 -0.671488 0.059055,
        -1.096526 -0.544631 0.059055,
        -1.153642 -0.410004 0.059055,
        -1.194298 -0.269528 0.059055,
        -1.217915 -0.125206 0.059055,
        -1.224155 0.020903 0.059055,
        -1.212930 0.166713 0.059055,
        -1.184400 0.310145 0.059055,
        -1.138971 0.449152 0.059055,
        -1.077293 0.581750 0.059055,
        -1.000244 0.706049 0.059055,
        -0.908924 0.820274 0.059055,
        -0.804637 0.922796 0.059055,
        -0.688869 1.012152 0.059055,
        -0.563273 1.087068 0.059055,
        -0.429641 1.146474 0.059055,
        -0.289879 1.189522 0.059055,
        -0.145981 1.215600 0.059055,
        0.000000 1.224334 0.059055,
        0.145981 1.215600 0.059055,
        0.289879 1.189522 0.059055,
        0.429641 1.146474 0.059055,
        0.563273 1.087068 0.059055,
        0.688869 1.012152 0.059055,
        0.804637 0.922796 0.059055,
        0.908924 0.820274 0.059055,
        1.000244 0.706049 0.059055,
        1.077293 0.581750 0.059055,
        1.138971 0.449152 0.059055,
        1.184400 0.310145 0.059055,
        1.212930 0.166713 0.059055,
        1.224155 0.020903 0.059055,
        1.217915 -0.125206 0.059055,
        1.194298 -0.269528 0.059055,
        1.153642 -0.410004 0.059055,
        1.096526 -0.544631 0.059055,
        1.023766 -0.671488 0.059055,
        0.936399 -0.788765 0.059055,
        0.835673 -0.894787 0.059055,
        0.723024 -0.988044 0.059055,
        0.600058 -1.067203 0.059055,
        0.468532 -1.131137 0.059055,
        -0.711939 -0.972896 0.034594,
        -0.822861 -0.881069 0.034594,
        -0.922044 -0.776672 0.034594,
        -1.008071 -0.661194 0.034594,
        -1.079716 -0.536282 0.034594,
        -1.135956 -0.403719 0.034594,
        -1.175989 -0.265396 0.034594,
        -1.199243 -0.123286 0.034594,
        -1.205388 0.020583 0.034594,
        -1.194335 0.164157 0.034594,
        -1.166242 0.305391 0.034594,
        -1.121510 0.442266 0.034594,
        -1.060777 0.572832 0.034594,
        -0.984909 0.695225 0.034594,
        -0.894990 0.807699 0.034594,
        -0.792301 0.908649 0.034594,
        -0.678308 0.996635 0.034594,
        -0.554638 1.070402 0.034594,
        -0.423054 1.128897 0.034594,
        -0.285435 1.171286 0.034594,
        -0.143743 1.196964 0.034594,
        0.000000 1.205564 0.034594,
        0.143743 1.196964 0.034594,
        0.285435 1.171286 0.034594,
        0.423054 1.128897 0.034594,
        0.554638 1.070402 0.034594,
        0.678308 0.996635 0.034594,
        0.792301 0.908649 0.034594,
        0.894990 0.807699 0.034594,
        0.984909 0.695225 0.034594,
        1.060777 0.572832 0.034594,
        1.121510 0.442266 0.034594,
        1.166242 0.305391 0.034594,
        1.194335 0.164157 0.034594,
        1.205388 0.020583 0.034594,
        1.199243 -0.123286 0.034594,
        1.175989 -0.265396 0.034594,
        1.135956 -0.403719 0.034594,
        1.079716 -0.536282 0.034594,
        1.008071 -0.661194 0.034594,
        0.922044 -0.776672 0.034594,
        0.822861 -0.881069 0.034594,
        0.711939 -0.972896 0.034594,
        0.590859 -1.050843 0.034594,
        0.461349 -1.113796 0.034594,
        -0.697493 -0.953156 0.015824,
        -0.806165 -0.863192 0.015824,
        -0.903335 -0.760913 0.015824,
        -0.987617 -0.647778 0.015824,
        -1.057808 -0.525400 0.015824,
        -1.112907 -0.395527 0.015824,
        -1.152127 -0.260011 0.015824,
        -1.174910 -0.120784 0.015824,
        -1.180930 0.020165 0.015824,
        -1.170102 0.160827 0.015824,
        -1.142578 0.299194 0.015824,
        -1.098754 0.433293 0.015824,
        -1.039253 0.561209 0.015824,
        -0.964925 0.681119 0.015824,
        -0.876830 0.791310 0.015824,
        -0.776225 0.890212 0.015824,
        -0.664545 0.976413 0.015824,
        -0.543384 1.048683 0.015824,
        -0.414470 1.105992 0.015824,
        -0.279643 1.147520 0.015824,
        -0.140826 1.172677 0.015824,
        0.000000 1.181102 0.015824,
        0.140826 1.172677 0.015824,
        0.279643 1.147520 0.015824,
        0.414470 1.105992 0.015824,
        0.543384 1.048683 0.015824,
        0.664545 0.976413 0.015824,
        0.776225 0.890212 0.015824,
        0.876830 0.791310 0.015824,
        0.964925 0.681119 0.015824,
        1.039253 0.561209 0.015824,
        1.098754 0.433293 0.015824,
        1.142578 0.299194 0.015824,
        1.170102 0.160827 0.015824,
        1.180930 0.020165 0.015824,
        1.174910 -0.120784 0.015824,
        1.152127 -0.260011 0.015824,
        1.112907 -0.395527 0.015824,
        1.057808 -0.525400 0.015824,
        0.987617 -0.647778 0.015824,
        0.903335 -0.760913 0.015824,
        0.806165 -0.863192 0.015824,
        0.697493 -0.953156 0.015824,
        0.578870 -1.029520 0.015824,
        0.451988 -1.091196 0.015824,
        -0.680671 -0.930167 0.004024,
        -0.786722 -0.842374 0.004024,
        -0.881548 -0.742561 0.004024,
        -0.963797 -0.632155 0.004024,
        -1.032295 -0.512729 0.004024,
        -1.086065 -0.385988 0.004024,
        -1.124340 -0.253740 0.004024,
        -1.146574 -0.117871 0.004024,
        -1.152448 0.019679 0.004024,
        -1.141881 0.156948 0.004024,
        -1.115022 0.291978 0.004024,
        -1.072254 0.422842 0.004024,
        -1.014189 0.547674 0.004024,
        -0.941653 0.664691 0.004024,
        -0.855683 0.772226 0.004024,
        -0.757504 0.868742 0.004024,
        -0.648517 0.952864 0.004024,
        -0.530278 1.023391 0.004024,
        -0.404474 1.079317 0.004024,
        -0.272898 1.119844 0.004024,
        -0.137430 1.144394 0.004024,
        0.000000 1.152617 0.004024,
        0.137430 1.144394 0.004024,
        0.272898 1.119844 0.004024,
        0.404474 1.079317 0.004024,
        0.530278 1.023391 0.004024,
        0.648517 0.952864 0.004024,
        0.757504 0.868742 0.004024,
        0.855683 0.772226 0.004024,
        0.941653 0.664691 0.004024,
        1.014189 0.547674 0.004024,
        1.072254 0.422842 0.004024,
        1.115022 0.291978 0.004024,
        1.141881 0.156948 0.004024,
        1.152448 0.019679 0.004024,
        1.146574 -0.117871 0.004024,
        1.124340 -0.253740 0.004024,
        1.086065 -0.385988 0.004024,
        1.032295 -0.512729 0.004024,
        0.963797 -0.632155 0.004024,
        0.881548 -0.742561 0.004024,
        0.786722 -0.842374 0.004024,
        0.680671 -0.930167 0.004024,
        0.564909 -1.004690 0.004024,
        0.441087 -1.064879 0.004024,
        0.459911 -1.110324 0.606820,
        0.449866 -1.086072 0.576338,
        0.589017 -1.047567 0.606820,
        0.576152 -1.024685 0.576338,
        0.709720 -0.969864 0.606820,
        0.694218 -0.948680 0.576338,
        0.820296 -0.878323 0.606820,
        0.802380 -0.859139 0.576338,
        0.919170 -0.774251 0.606820,
        0.899093 -0.757340 0.576338,
        1.004929 -0.659133 0.606820,
        0.982979 -0.644736 0.576338,
        1.076350 -0.534610 0.606820,
        1.052840 -0.522933 0.576338,
        1.132415 -0.402460 0.606820,
        1.107680 -0.393670 0.576338,
        1.172323 -0.264569 0.606820,
        1.146717 -0.258790 0.576338,
        1.195506 -0.122902 0.606820,
        1.169393 -0.120217 0.576338,
        1.201631 0.020519 0.606820,
        1.175385 0.020070 0.576338,
        1.190613 0.163646 0.606820,
        1.164607 0.160072 0.576338,
        1.162607 0.304439 0.606820,
        1.137213 0.297789 0.576338,
        1.118014 0.440888 0.606820,
        1.093594 0.431257 0.576338,
        1.057470 0.571046 0.606820,
        1.034373 0.558574 0.576338,
        0.981839 0.693058 0.606820,
        0.960394 0.677920 0.576338,
        0.892200 0.805181 0.606820,
        0.872713 0.787594 0.576338,
        0.789831 0.905817 0.606820,
        0.772580 0.886032 0.576338,
        0.676194 0.993529 0.606820,
        0.661424 0.971828 0.576338,
        0.552909 1.067066 0.606820,
        0.540832 1.043759 0.576338,
        0.421735 1.125379 0.606820,
        0.412524 1.100798 0.576338,
        0.284545 1.167635 0.606820,
        0.278330 1.142131 0.576338,
        0.143294 1.193233 0.606820,
        0.140165 1.167170 0.576338,
        0.000000 1.201806 0.606820,
        0.000000 1.175556 0.576338,
        -0.143294 1.193233 0.606820,
        -0.140165 1.167170 0.576338,
        -0.284545 1.167635 0.606820,
        -0.278330 1.142131 0.576338,
        -0.421735 1.125379 0.606820,
        -0.412524 1.100798 0.576338,
        -0.552909 1.067066 0.606820,
        -0.540832 1.043759 0.576338,
        -0.676194 0.993529 0.606820,
        -0.661424 0.971828 0.576338,
        -0.789831 0.905817 0.606820,
        -0.772580 0.886032 0.576338,
        -0.892200 0.805181 0.606820,
        -0.872713 0.787594 0.576338,
        -0.981839 0.693058 0.606820,
        -0.960394 0.677920 0.576338,
        -1.057470 0.571046 0.606820,
        -1.034373 0.558574 0.576338,
        -1.118014 0.440888 0.606820,
        -1.093594 0.431257 0.576338,
        -1.162607 0.304439 0.606820,
        -1.137213 0.297789 0.576338,
        -1.190613 0.163646 0.606820,
        -1.164607 0.160072 0.576338,
        -1.201631 0.020519 0.606820,
        -1.175385 0.020070 0.576338,
        -1.195506 -0.122902 0.606820,
        -1.169393 -0.120217 0.576338,
        -1.172323 -0.264569 0.606820,
        -1.146717 -0.258790 0.576338,
        -1.132415 -0.402460 0.606820,
        -1.107680 -0.393670 0.576338,
        -1.076350 -0.534610 0.606820,
        -1.052840 -0.522933 0.576338,
        -1.004929 -0.659133 0.606820,
        -0.982979 -0.644736 0.576338,
        -0.919170 -0.774251 0.606820,
        -0.899093 -0.757340 0.576338,
        -0.820296 -0.878323 0.606820,
        -0.802380 -0.859139 0.576338,
        -0.709720 -0.969864 0.606820,
        -0.694218 -0.948680 0.576338,
        -0.589017 -1.047567 0.606820,
        -0.576152 -1.024685 0.576338,
        -0.459911 -1.110324 0.606820,
        -0.449866 -1.086072 0.576338,
        0.442840 -1.069109 0.540545,
        0.567154 -1.008682 0.540545,
        0.683376 -0.933863 0.540545,
        0.789848 -0.845720 0.540545,
        0.885051 -0.745511 0.540545,
        0.967626 -0.634666 0.540545,
        1.036396 -0.514766 0.540545,
        1.090380 -0.387521 0.540545,
        1.128807 -0.254748 0.540545,
        1.151129 -0.118340 0.540545,
        1.157027 0.019757 0.540545,
        1.146418 0.157572 0.540545,
        1.119452 0.293138 0.540545,
        1.076514 0.424522 0.540545,
        1.018218 0.549850 0.540545,
        0.945394 0.667332 0.540545,
        0.859082 0.775293 0.540545,
        0.760513 0.872193 0.540545,
        0.651094 0.956650 0.540545,
        0.532385 1.027457 0.540545,
        0.406081 1.083605 0.540545,
        0.273983 1.124293 0.540545,
        0.137976 1.148941 0.540545,
        0.000000 1.157196 0.540545,
        -0.137976 1.148941 0.540545,
        -0.273983 1.124293 0.540545,
        -0.406081 1.083605 0.540545,
        -0.532385 1.027457 0.540545,
        -0.651094 0.956650 0.540545,
        -0.760513 0.872193 0.540545,
        -0.859082 0.775293 0.540545,
        -0.945394 0.667332 0.540545,
        -1.018218 0.549850 0.540545,
        -1.076514 0.424522 0.540545,
        -1.119452 0.293138 0.540545,
        -1.146418 0.157572 0.540545,
        -1.157027 0.019757 0.540545,
        -1.151129 -0.118340 0.540545,
        -1.128807 -0.254748 0.540545,
        -1.090380 -0.387521 0.540545,
        -1.036396 -0.514766 0.540545,
        -0.967626 -0.634666 0.540545,
        -0.885051 -0.745511 0.540545,
        -0.789848 -0.845720 0.540545,
        -0.683376 -0.933863 0.540545,
        -0.567154 -1.008682 0.540545,
        -0.442840 -1.069109 0.540545,
        0.439226 -1.060384 0.501443,
        0.562525 -1.000450 0.501443,
        0.677798 -0.926241 0.501443,
        0.783402 -0.838818 0.501443,
        0.877828 -0.739427 0.501443,
        0.959730 -0.629487 0.501443,
        1.027939 -0.510565 0.501443,
        1.081481 -0.384359 0.501443,
        1.119595 -0.252669 0.501443,
        1.141734 -0.117374 0.501443,
        1.147584 0.019596 0.501443,
        1.137061 0.156285 0.501443,
        1.110315 0.290746 0.501443,
        1.067728 0.421057 0.501443,
        1.009908 0.545362 0.501443,
        0.937678 0.661886 0.501443,
        0.852071 0.768966 0.501443,
        0.754307 0.865075 0.501443,
        0.645780 0.948842 0.501443,
        0.528041 1.019072 0.501443,
        0.402767 1.074762 0.501443,
        0.271747 1.115118 0.501443,
        0.136850 1.139564 0.501443,
        0.000000 1.147752 0.501443,
        -0.136850 1.139564 0.501443,
        -0.271747 1.115118 0.501443,
        -0.402767 1.074762 0.501443,
        -0.528041 1.019072 0.501443,
        -0.645780 0.948842 0.501443,
        -0.754307 0.865075 0.501443,
        -0.852071 0.768966 0.501443,
        -0.937678 0.661886 0.501443,
        -1.009908 0.545362 0.501443,
        -1.067728 0.421057 0.501443,
        -1.110315 0.290746 0.501443,
        -1.137061 0.156285 0.501443,
        -1.147584 0.019596 0.501443,
        -1.141734 -0.117374 0.501443,
        -1.119595 -0.252669 0.501443,
        -1.081481 -0.384359 0.501443,
        -1.027939 -0.510565 0.501443,
        -0.959730 -0.629487 0.501443,
        -0.877828 -0.739427 0.501443,
        -0.783402 -0.838818 0.501443,
        -0.677798 -0.926241 0.501443,
        -0.562525 -1.000450 0.501443,
        -0.439226 -1.060384 0.501443,
        0.439226 -1.060384 0.461215,
        0.562525 -1.000450 0.461215,
        0.677798 -0.926241 0.461215,
        0.783402 -0.838818 0.461215,
        0.877828 -0.739427 0.461215,
        0.959730 -0.629487 0.461215,
        1.027939 -0.510565 0.461215,
        1.081481 -0.384359 0.461215,
        1.119595 -0.252669 0.461215,
        1.141734 -0.117374 0.461215,
        1.147584 0.019596 0.461215,
        1.137061 0.156285 0.461215,
        1.110315 0.290746 0.461215,
        1.067728 0.421057 0.461215,
        1.009908 0.545362 0.461215,
        0.937678 0.661886 0.461215,
        0.852071 0.768966 0.461215,
        0.754307 0.865075 0.461215,
        0.645780 0.948842 0.461215,
        0.528041 1.019072 0.461215,
        0.402767 1.074762 0.461215,
        0.271747 1.115118 0.461215,
        0.136850 1.139564 0.461215,
        0.000000 1.147752 0.461215,
        -0.136850 1.139564 0.461215,
        -0.271747 1.115118 0.461215,
        -0.402767 1.074762 0.461215,
        -0.528041 1.019072 0.461215,
        -0.645780 0.948842 0.461215,
        -0.754307 0.865075 0.461215,
        -0.852071 0.768966 0.461215,
        -0.937678 0.661886 0.461215,
        -1.009908 0.545362 0.461215,
        -1.067728 0.421057 0.461215,
        -1.110315 0.290746 0.461215,
        -1.137061 0.156285 0.461215,
        -1.147584 0.019596 0.461215,
        -1.141734 -0.117374 0.461215,
        -1.119595 -0.252669 0.461215,
        -1.081481 -0.384359 0.461215,
        -1.027939 -0.510565 0.461215,
        -0.959730 -0.629487 0.461215,
        -0.877828 -0.739427 0.461215,
        -0.783402 -0.838818 0.461215,
        -0.677798 -0.926241 0.461215,
        -0.562525 -1.000450 0.461215,
        -0.439226 -1.060384 0.461215,
        0.442840 -1.069109 0.422113,
        0.567154 -1.008682 0.422113,
        0.683376 -0.933863 0.422113,
        0.789848 -0.845720 0.422113,
        0.885051 -0.745511 0.422113,
        0.967626 -0.634666 0.422113,
        1.036396 -0.514766 0.422113,
        1.090380 -0.387521 0.422113,
        1.128807 -0.254748 0.422113,
        1.151129 -0.118340 0.422113,
        1.157027 0.019757 0.422113,
        1.146418 0.157572 0.422113,
        1.119452 0.293138 0.422113,
        1.076514 0.424522 0.422113,
        1.018218 0.549850 0.422113,
        0.945394 0.667332 0.422113,
        0.859082 0.775293 0.422113,
        0.760513 0.872193 0.422113,
        0.651094 0.956650 0.422113,
        0.532385 1.027457 0.422113,
        0.406081 1.083605 0.422113,
        0.273983 1.124293 0.422113,
        0.137976 1.148941 0.422113,
        0.000000 1.157196 0.422113,
        -0.137976 1.148941 0.422113,
        -0.273983 1.124293 0.422113,
        -0.406081 1.083605 0.422113,
        -0.532385 1.027457 0.422113,
        -0.651094 0.956650 0.422113,
        -0.760513 0.872193 0.422113,
        -0.859082 0.775293 0.422113,
        -0.945394 0.667332 0.422113,
        -1.018218 0.549850 0.422113,
        -1.076514 0.424522 0.422113,
        -1.119452 0.293138 0.422113,
        -1.146418 0.157572 0.422113,
        -1.157027 0.019757 0.422113,
        -1.151129 -0.118340 0.422113,
        -1.128807 -0.254748 0.422113,
        -1.090380 -0.387521 0.422113,
        -1.036396 -0.514766 0.422113,
        -0.967626 -0.634666 0.422113,
        -0.885051 -0.745511 0.422113,
        -0.789848 -0.845720 0.422113,
        -0.683376 -0.933863 0.422113,
        -0.567154 -1.008682 0.422113,
        -0.442840 -1.069109 0.422113,
        0.449866 -1.086072 0.386320,
        0.576152 -1.024685 0.386320,
        0.694218 -0.948680 0.386320,
        0.802380 -0.859139 0.386320,
        0.899093 -0.757340 0.386320,
        0.982979 -0.644736 0.386320,
        1.052840 -0.522933 0.386320,
        1.107680 -0.393670 0.386320,
        1.146717 -0.258790 0.386320,
        1.169393 -0.120217 0.386320,
        1.175385 0.020070 0.386320,
        1.164607 0.160072 0.386320,
        1.137213 0.297789 0.386320,
        1.093594 0.431257 0.386320,
        1.034373 0.558574 0.386320,
        0.960394 0.677920 0.386320,
        0.872713 0.787594 0.386320,
        0.772580 0.886032 0.386320,
        0.661424 0.971828 0.386320,
        0.540832 1.043759 0.386320,
        0.412524 1.100798 0.386320,
        0.278330 1.142131 0.386320,
        0.140165 1.167170 0.386320,
        0.000000 1.175556 0.386320,
        -0.140165 1.167170 0.386320,
        -0.278330 1.142131 0.386320,
        -0.412524 1.100798 0.386320,
        -0.540832 1.043759 0.386320,
        -0.661424 0.971828 0.386320,
        -0.772580 0.886032 0.386320,
        -0.872713 0.787594 0.386320,
        -0.960394 0.677920 0.386320,
        -1.034373 0.558574 0.386320,
        -1.093594 0.431257 0.386320,
        -1.137213 0.297789 0.386320,
        -1.164607 0.160072 0.386320,
        -1.175385 0.020070 0.386320,
        -1.169393 -0.120217 0.386320,
        -1.146717 -0.258790 0.386320,
        -1.107680 -0.393670 0.386320,
        -1.052840 -0.522933 0.386320,
        -0.982979 -0.644736 0.386320,
        -0.899093 -0.757340 0.386320,
        -0.802380 -0.859139 0.386320,
        -0.694218 -0.948680 0.386320,
        -0.576152 -1.024685 0.386320,
        -0.449866 -1.086072 0.386320,
        0.459911 -1.110324 0.355838,
        0.589017 -1.047567 0.355838,
        0.709720 -0.969864 0.355838,
        0.820296 -0.878323 0.355838,
        0.919170 -0.774251 0.355838,
        1.004929 -0.659133 0.355838,
        1.076350 -0.534610 0.355838,
        1.132415 -0.402460 0.355838,
        1.172323 -0.264569 0.355838,
        1.195506 -0.122902 0.355838,
        1.201631 0.020519 0.355838,
        1.190613 0.163646 0.355838,
        1.162607 0.304439 0.355838,
        1.118014 0.440888 0.355838,
        1.057470 0.571046 0.355838,
        0.981839 0.693058 0.355838,
        0.892200 0.805181 0.355838,
        0.789831 0.905817 0.355838,
        0.676194 0.993529 0.355838,
        0.552909 1.067066 0.355838,
        0.421735 1.125379 0.355838,
        0.284545 1.167635 0.355838,
        0.143294 1.193233 0.355838,
        0.000000 1.201806 0.355838,
        -0.143294 1.193233 0.355838,
        -0.284545 1.167635 0.355838,
        -0.421735 1.125379 0.355838,
        -0.552909 1.067066 0.355838,
        -0.676194 0.993529 0.355838,
        -0.789831 0.905817 0.355838,
        -0.892200 0.805181 0.355838,
        -0.981839 0.693058 0.355838,
        -1.057470 0.571046 0.355838,
        -1.118014 0.440888 0.355838,
        -1.162607 0.304439 0.355838,
        -1.190613 0.163646 0.355838,
        -1.201631 0.020519 0.355838,
        -1.195506 -0.122902 0.355838,
        -1.172323 -0.264569 0.355838,
        -1.132415 -0.402460 0.355838,
        -1.076350 -0.534610 0.355838,
        -1.004929 -0.659133 0.355838,
        -0.919170 -0.774251 0.355838,
        -0.820296 -0.878323 0.355838,
        -0.709720 -0.969864 0.355838,
        -0.589017 -1.047567 0.355838,
        -0.459911 -1.110324 0.355838,
        0.393701 -0.681910 4.330709,
        0.301326 -0.727464 4.330709,
        0.429389 -1.036637 4.330709,
        0.787402 -0.000000 4.330709,
        1.111596 0.152785 4.330709,
        0.770195 0.163710 4.330709,
        1.085450 0.284234 4.330709,
        0.719327 0.320265 4.330709,
        0.770195 -0.163710 4.330709,
        1.116165 -0.114745 4.330709,
        1.121884 0.019157 4.330709,
        -0.770195 -0.163710 4.330709,
        -1.057261 -0.375751 4.330709,
        -0.719327 -0.320265 4.330709,
        -1.004917 -0.499130 4.330709,
        -0.637021 -0.462823 4.330709,
        0.526874 -0.585154 4.330709,
        0.858168 -0.722867 4.330709,
        0.637021 -0.462823 4.330709,
        0.938236 -0.615389 4.330709,
        0.719327 -0.320265 4.330709,
        -0.429389 -1.036637 4.330709,
        -0.301326 -0.727464 4.330709,
        -0.549927 -0.978044 4.330709,
        -0.393701 -0.681910 4.330709,
        -0.662619 -0.905498 4.330709,
        -0.526874 -0.585154 4.330709,
        -0.938236 -0.615389 4.330709,
        -0.858168 -0.722867 4.330709,
        -0.765857 -0.820032 4.330709,
        -0.787402 0.000000 4.330709,
        -1.116165 -0.114745 4.330709,
        -1.094521 -0.247010 4.330709,
        1.004917 -0.499130 4.330709,
        1.057261 -0.375751 4.330709,
        1.094521 -0.247010 4.330709,
        0.549927 -0.978044 4.330709,
        0.662619 -0.905498 4.330709,
        0.765857 -0.820032 4.330709,
        -0.770195 0.163710 4.330709,
        -1.111596 0.152785 4.330709,
        -1.121884 0.019157 4.330709,
        -0.637021 0.462823 4.330709,
        -0.987291 0.533148 4.330709,
        -0.719327 0.320265 4.330709,
        -1.043817 0.411628 4.330709,
        -1.085450 0.284234 4.330709,
        -0.526874 0.585154 4.330709,
        -0.832989 0.751745 4.330709,
        -0.916679 0.647063 4.330709,
        -0.393701 0.681910 4.330709,
        -0.631318 0.927593 4.330709,
        -0.737413 0.845702 4.330709,
        -0.082306 0.783088 4.330709,
        -0.265661 1.090144 4.330709,
        -0.243320 0.748863 4.330709,
        -0.393746 1.050692 4.330709,
        -0.516215 0.996249 4.330709,
        0.082306 0.783088 4.330709,
        0.000000 1.122047 4.330709,
        -0.133785 1.114043 4.330709,
        0.243320 0.748863 4.330709,
        0.265661 1.090144 4.330709,
        0.133785 1.114043 4.330709,
        0.526874 0.585154 4.330709,
        0.631318 0.927593 4.330709,
        0.393701 0.681910 4.330709,
        0.516215 0.996249 4.330709,
        0.393746 1.050692 4.330709,
        0.637021 0.462823 4.330709,
        0.832989 0.751745 4.330709,
        0.737413 0.845702 4.330709,
        1.043817 0.411628 4.330709,
        0.987291 0.533148 4.330709,
        0.916679 0.647063 4.330709,
        0.656873 -1.049414 4.212599,
        0.732368 -1.000813 4.212599,
        0.729991 -0.997566 4.243168,
        0.964582 -0.777374 4.212599,
        1.036998 -0.680167 4.212599,
        1.033632 -0.677959 4.243168,
        1.166801 -0.419431 4.212599,
        1.168552 -0.415304 4.212599,
        1.164760 -0.413956 4.243168,
        1.218431 -0.219863 4.212599,
        1.233656 -0.126824 4.212599,
        1.229652 -0.126412 4.243168,
        1.224231 0.190865 4.212599,
        1.199707 0.314154 4.212599,
        1.195814 0.313134 4.243168,
        1.094998 0.581137 4.212599,
        1.091216 0.589269 4.212599,
        1.087675 0.587357 4.243168,
        0.982346 0.753731 4.212599,
        0.920672 0.830876 4.212599,
        0.917684 0.828180 4.243168,
        0.682364 1.034424 4.212599,
        0.570553 1.101118 4.212599,
        0.568702 1.097544 4.243168,
        0.306483 1.200935 4.212599,
        0.293625 1.204896 4.212599,
        0.292672 1.200986 4.243168,
        0.103074 1.233991 4.212599,
        0.000000 1.240157 4.212599,
        0.000000 1.236133 4.243168,
        -0.306483 1.200935 4.212599,
        -0.435194 1.161291 4.212599,
        -0.433781 1.157522 4.243168,
        -0.500821 1.132117 4.212599,
        -0.570553 1.101118 4.212599,
        -0.568702 1.097544 4.243168,
        -0.682364 1.034424 4.212599,
        -0.697772 1.025234 4.212599,
        -0.695508 1.021907 4.243168,
        -0.843834 0.906412 4.212599,
        -0.920672 0.830876 4.212599,
        -0.917684 0.828180 4.243168,
        -1.094998 0.581137 4.212599,
        -1.153692 0.454957 4.212599,
        -1.149948 0.453481 4.243168,
        -1.174607 0.390959 4.212599,
        -1.199707 0.314154 4.212599,
        -1.195814 0.313134 4.243168,
        -1.238445 -0.014688 4.212599,
        -1.233656 -0.126824 4.212599,
        -1.229652 -0.126412 4.243168,
        -1.166801 -0.419431 4.212599,
        -1.110698 -0.551670 4.212599,
        -1.107094 -0.549880 4.243168,
        -1.079434 -0.606178 4.212599,
        -1.036998 -0.680167 4.212599,
        -1.033632 -0.677959 4.243168,
        -0.822282 -0.926378 4.212599,
        -0.732368 -1.000813 4.212599,
        -0.729991 -0.997566 4.243168,
        -0.564909 -1.004690 4.326684,
        -0.680671 -0.930167 4.326684,
        -0.578870 -1.029520 4.314885,
        -0.697493 -0.953156 4.314885,
        -0.590859 -1.050843 4.296115,
        -0.711939 -0.972896 4.296115,
        -0.600058 -1.067203 4.271654,
        -0.723024 -0.988044 4.271654,
        -0.605841 -1.077488 4.243168,
        -0.881548 -0.742561 4.326684,
        -0.963797 -0.632155 4.326684,
        -0.903335 -0.760913 4.314885,
        -0.987617 -0.647778 4.314885,
        -0.922044 -0.776672 4.296115,
        -1.008071 -0.661194 4.296115,
        -0.936399 -0.788765 4.271654,
        -1.023766 -0.671488 4.271654,
        -0.945424 -0.796366 4.243168,
        -1.124340 -0.253740 4.326684,
        -1.146574 -0.117871 4.326684,
        -1.152127 -0.260011 4.314885,
        -1.174910 -0.120784 4.314885,
        -1.175989 -0.265396 4.296115,
        -1.199243 -0.123286 4.296115,
        -1.194298 -0.269528 4.271654,
        -1.217915 -0.125206 4.271654,
        -1.205808 -0.272125 4.243168,
        -1.141881 0.156948 4.326684,
        -1.115022 0.291978 4.326684,
        -1.170102 0.160827 4.314885,
        -1.142578 0.299194 4.314885,
        -1.194335 0.164157 4.296115,
        -1.166242 0.305391 4.296115,
        -1.212930 0.166713 4.271654,
        -1.184400 0.310145 4.271654,
        -1.224619 0.168320 4.243168,
        -0.941653 0.664691 4.326684,
        -0.855683 0.772226 4.326684,
        -0.964925 0.681119 4.314885,
        -0.876830 0.791310 4.314885,
        -0.984909 0.695225 4.296115,
        -0.894990 0.807699 4.296115,
        -1.000244 0.706049 4.271654,
        -0.908924 0.820274 4.271654,
        -1.009883 0.712854 4.243168,
        -0.137430 1.144394 4.326684,
        0.000000 1.152617 4.326684,
        -0.140826 1.172677 4.314885,
        0.000000 1.181102 4.314885,
        -0.143743 1.196964 4.296115,
        0.000000 1.205564 4.296115,
        -0.145981 1.215600 4.271654,
        0.000000 1.224334 4.271654,
        -0.147387 1.227315 4.243168,
        0.404474 1.079317 4.326684,
        0.530278 1.023391 4.326684,
        0.414470 1.105992 4.314885,
        0.543384 1.048683 4.314885,
        0.423054 1.128897 4.296115,
        0.554638 1.070402 4.296115,
        0.429641 1.146474 4.271654,
        0.563273 1.087068 4.271654,
        0.433781 1.157522 4.243168,
        0.757504 0.868742 4.326684,
        0.855683 0.772226 4.326684,
        0.776225 0.890212 4.314885,
        0.876830 0.791310 4.314885,
        0.792301 0.908649 4.296115,
        0.894990 0.807699 4.296115,
        0.804637 0.922796 4.271654,
        0.908924 0.820274 4.271654,
        0.812391 0.931689 4.243168,
        1.072254 0.422842 4.326684,
        1.115022 0.291978 4.326684,
        1.098754 0.433293 4.314885,
        1.142578 0.299194 4.314885,
        1.121510 0.442266 4.296115,
        1.166242 0.305391 4.296115,
        1.138971 0.449152 4.271654,
        1.184400 0.310145 4.271654,
        1.149948 0.453481 4.243168,
        1.152448 0.019679 4.326684,
        1.146574 -0.117871 4.326684,
        1.180930 0.020165 4.314885,
        1.174910 -0.120784 4.314885,
        1.205388 0.020583 4.296115,
        1.199243 -0.123286 4.296115,
        1.224155 0.020903 4.271654,
        1.217915 -0.125206 4.271654,
        1.235953 0.021105 4.243168,
        1.032295 -0.512729 4.326684,
        0.963797 -0.632155 4.326684,
        1.057808 -0.525400 4.314885,
        0.987617 -0.647778 4.314885,
        1.079716 -0.536282 4.296115,
        1.008071 -0.661194 4.296115,
        1.096526 -0.544631 4.271654,
        1.023766 -0.671488 4.271654,
        1.107094 -0.549880 4.243168,
        0.786722 -0.842374 4.326684,
        0.680671 -0.930167 4.326684,
        0.806165 -0.863192 4.314885,
        0.697493 -0.953156 4.314885,
        0.822861 -0.881069 4.296115,
        0.711939 -0.972896 4.296115,
        0.835673 -0.894787 4.271654,
        0.723024 -0.988044 4.271654,
        0.843726 -0.903410 4.243168,
        -0.441087 -1.064879 4.326684,
        -0.451988 -1.091196 4.314885,
        -0.461349 -1.113796 4.296115,
        -0.468532 -1.131137 4.271654,
        -0.473048 -1.142038 4.243168,
        -0.474588 -1.145756 4.212599,
        -0.607814 -1.080996 4.212599,
        -0.656873 -1.049414 4.212599,
        -0.846474 -0.906352 4.212599,
        -0.843726 -0.903410 4.243168,
        -0.835673 -0.894787 4.271654,
        -0.822861 -0.881069 4.296115,
        -0.806165 -0.863192 4.314885,
        -0.786722 -0.842374 4.326684,
        -0.948502 -0.798959 4.212599,
        -0.964582 -0.777374 4.212599,
        -1.096526 -0.544631 4.271654,
        -1.079716 -0.536282 4.296115,
        -1.057808 -0.525400 4.314885,
        -1.032295 -0.512729 4.326684,
        -1.168552 -0.415304 4.212599,
        -1.164760 -0.413956 4.243168,
        -1.153642 -0.410004 4.271654,
        -1.135956 -0.403719 4.296115,
        -1.112907 -0.395527 4.314885,
        -1.086065 -0.385988 4.326684,
        -1.209734 -0.273011 4.212599,
        -1.218431 -0.219863 4.212599,
        -1.239977 0.021173 4.212599,
        -1.235953 0.021105 4.243168,
        -1.224155 0.020903 4.271654,
        -1.205388 0.020583 4.296115,
        -1.180930 0.020165 4.314885,
        -1.152448 0.019679 4.326684,
        -1.228607 0.168868 4.212599,
        -1.224231 0.190865 4.212599,
        -1.138971 0.449152 4.271654,
        -1.121510 0.442266 4.296115,
        -1.098754 0.433293 4.314885,
        -1.072254 0.422842 4.326684,
        -1.091216 0.589269 4.212599,
        -1.087675 0.587357 4.243168,
        -1.077293 0.581750 4.271654,
        -1.060777 0.572832 4.296115,
        -1.039253 0.561209 4.314885,
        -1.014189 0.547674 4.326684,
        -1.013171 0.715174 4.212599,
        -0.982346 0.753731 4.212599,
        -0.815036 0.934723 4.212599,
        -0.812391 0.931689 4.243168,
        -0.804637 0.922796 4.271654,
        -0.792301 0.908649 4.296115,
        -0.776225 0.890212 4.314885,
        -0.757504 0.868742 4.326684,
        -0.648517 0.952864 4.326684,
        -0.664545 0.976413 4.314885,
        -0.678308 0.996635 4.296115,
        -0.688869 1.012152 4.271654,
        -0.563273 1.087068 4.271654,
        -0.554638 1.070402 4.296115,
        -0.543384 1.048683 4.314885,
        -0.530278 1.023391 4.326684,
        -0.429641 1.146474 4.271654,
        -0.423054 1.128897 4.296115,
        -0.414470 1.105992 4.314885,
        -0.404474 1.079317 4.326684,
        -0.293625 1.204896 4.212599,
        -0.292672 1.200986 4.243168,
        -0.289879 1.189522 4.271654,
        -0.285435 1.171286 4.296115,
        -0.279643 1.147520 4.314885,
        -0.272898 1.119844 4.326684,
        -0.147867 1.231311 4.212599,
        -0.103074 1.233991 4.212599,
        0.147867 1.231311 4.212599,
        0.147387 1.227315 4.243168,
        0.145981 1.215600 4.271654,
        0.143743 1.196964 4.296115,
        0.140826 1.172677 4.314885,
        0.137430 1.144394 4.326684,
        0.272898 1.119844 4.326684,
        0.279643 1.147520 4.314885,
        0.285435 1.171286 4.296115,
        0.289879 1.189522 4.271654,
        0.435194 1.161291 4.212599,
        0.500821 1.132117 4.212599,
        0.697772 1.025234 4.212599,
        0.695508 1.021907 4.243168,
        0.688869 1.012152 4.271654,
        0.678308 0.996635 4.296115,
        0.664545 0.976413 4.314885,
        0.648517 0.952864 4.326684,
        0.815036 0.934723 4.212599,
        0.843834 0.906412 4.212599,
        1.013171 0.715174 4.212599,
        1.009883 0.712854 4.243168,
        1.000244 0.706049 4.271654,
        0.984909 0.695225 4.296115,
        0.964925 0.681119 4.314885,
        0.941653 0.664691 4.326684,
        1.014189 0.547674 4.326684,
        1.039253 0.561209 4.314885,
        1.060777 0.572832 4.296115,
        1.077293 0.581750 4.271654,
        1.153692 0.454957 4.212599,
        1.174607 0.390959 4.212599,
        1.228607 0.168868 4.212599,
        1.224619 0.168320 4.243168,
        1.212930 0.166713 4.271654,
        1.194335 0.164157 4.296115,
        1.170102 0.160827 4.314885,
        1.141881 0.156948 4.326684,
        1.239977 0.021173 4.212599,
        1.238445 -0.014688 4.212599,
        1.209734 -0.273011 4.212599,
        1.205808 -0.272125 4.243168,
        1.194298 -0.269528 4.271654,
        1.175989 -0.265396 4.296115,
        1.152127 -0.260011 4.314885,
        1.124340 -0.253740 4.326684,
        1.086065 -0.385988 4.326684,
        1.112907 -0.395527 4.314885,
        1.135956 -0.403719 4.296115,
        1.153642 -0.410004 4.271654,
        1.110698 -0.551670 4.212599,
        1.079434 -0.606178 4.212599,
        0.948502 -0.798959 4.212599,
        0.945424 -0.796366 4.243168,
        0.936399 -0.788765 4.271654,
        0.922044 -0.776672 4.296115,
        0.903335 -0.760913 4.314885,
        0.881548 -0.742561 4.326684,
        0.846474 -0.906352 4.212599,
        0.822282 -0.926378 4.212599,
        0.607814 -1.080996 4.212599,
        0.605841 -1.077488 4.243168,
        0.600058 -1.067203 4.271654,
        0.590859 -1.050843 4.296115,
        0.578870 -1.029520 4.314885,
        0.564909 -1.004690 4.326684,
        0.441087 -1.064879 4.326684,
        0.451988 -1.091196 4.314885,
        0.461349 -1.113796 4.296115,
        0.468532 -1.131137 4.271654,
        0.473048 -1.142038 4.243168,
        0.474588 -1.145756 4.212599,
        0.474588 -1.145756 0.693932,
        0.607814 -1.080996 0.693932,
        0.656873 -1.049414 0.693932,
        0.732368 -1.000813 0.693932,
        0.822282 -0.926378 0.693932,
        0.846474 -0.906352 0.693932,
        0.948502 -0.798959 0.693932,
        0.964582 -0.777374 0.693932,
        1.036998 -0.680167 0.693932,
        1.079434 -0.606178 0.693932,
        1.110698 -0.551670 0.693932,
        1.166801 -0.419431 0.693932,
        1.168552 -0.415304 0.693932,
        1.209734 -0.273011 0.693932,
        1.218431 -0.219863 0.693932,
        1.233656 -0.126824 0.693932,
        1.238445 -0.014688 0.693932,
        1.239977 0.021173 0.693932,
        1.228607 0.168868 0.693932,
        1.224231 0.190865 0.693932,
        1.199707 0.314154 0.693932,
        1.174607 0.390959 0.693932,
        1.153692 0.454957 0.693932,
        1.094998 0.581137 0.693932,
        1.091216 0.589269 0.693932,
        1.013171 0.715174 0.693932,
        0.982346 0.753731 0.693932,
        0.920672 0.830876 0.693932,
        0.843834 0.906412 0.693932,
        0.815036 0.934723 0.693932,
        0.697772 1.025234 0.693932,
        0.682364 1.034424 0.693932,
        0.570553 1.101118 0.693932,
        0.500821 1.132117 0.693932,
        0.435194 1.161291 0.693932,
        0.306483 1.200935 0.693932,
        0.293625 1.204896 0.693932,
        0.147867 1.231311 0.693932,
        0.103074 1.233991 0.693932,
        -0.000000 1.240157 0.693932,
        -0.103074 1.233991 0.693932,
        -0.147867 1.231311 0.693932,
        -0.293625 1.204896 0.693932,
        -0.306483 1.200935 0.693932,
        -0.435194 1.161291 0.693932,
        -0.500821 1.132117 0.693932,
        -0.570553 1.101118 0.693932,
        -0.682364 1.034424 0.693932,
        -0.697772 1.025234 0.693932,
        -0.815036 0.934723 0.693932,
        -0.843834 0.906412 0.693932,
        -0.920672 0.830876 0.693932,
        -0.982346 0.753731 0.693932,
        -1.013171 0.715174 0.693932,
        -1.091216 0.589269 0.693932,
        -1.094998 0.581137 0.693932,
        -1.153692 0.454957 0.693932,
        -1.174607 0.390959 0.693932,
        -1.199707 0.314154 0.693932,
        -1.224231 0.190865 0.693932,
        -1.228607 0.168868 0.693932,
        -1.239977 0.021173 0.693932,
        -1.238445 -0.014688 0.693932,
        -1.233656 -0.126824 0.693932,
        -1.218431 -0.219863 0.693932,
        -1.209734 -0.273011 0.693932,
        -1.168552 -0.415304 0.693932,
        -1.166801 -0.419431 0.693932,
        -1.110698 -0.551670 0.693932,
        -1.079434 -0.606178 0.693932,
        -1.036998 -0.680167 0.693932,
        -0.964582 -0.777374 0.693932,
        -0.948502 -0.798959 0.693932,
        -0.846474 -0.906352 0.693932,
        -0.822282 -0.926378 0.693932,
        -0.732368 -1.000813 0.693932,
        -0.656873 -1.049414 0.693932,
        -0.607814 -1.080996 0.693932,
        -0.474588 -1.145756 0.693932,
        0.466120 -1.125315 0.337552,
        0.596970 -1.061710 0.337552,
        0.470756 -1.136506 0.316317,
        0.602907 -1.072269 0.316317,
        0.473619 -1.143419 0.293042,
        0.606574 -1.078791 0.293042,
        0.844746 -0.904502 0.293042,
        0.730874 -0.998772 0.293042,
        0.946567 -0.797329 0.293042,
        1.034882 -0.678779 0.293042,
        1.108432 -0.550545 0.293042,
        1.166168 -0.414456 0.293042,
        1.207266 -0.272454 0.293042,
        1.231139 -0.126565 0.293042,
        1.237447 0.021130 0.293042,
        1.226100 0.168524 0.293042,
        1.197260 0.313513 0.293042,
        1.151338 0.454029 0.293042,
        1.088990 0.588067 0.293042,
        1.011104 0.713715 0.293042,
        0.918793 0.829181 0.293042,
        0.813373 0.932816 0.293042,
        0.696349 1.023142 0.293042,
        0.569389 1.098871 0.293042,
        0.434306 1.158922 0.293042,
        0.293026 1.202438 0.293042,
        0.147566 1.228798 0.293042,
        -0.000000 1.237628 0.293042,
        -0.147566 1.228798 0.293042,
        -0.293026 1.202438 0.293042,
        -0.434306 1.158922 0.293042,
        -0.569389 1.098871 0.293042,
        -0.696349 1.023142 0.293042,
        -0.813373 0.932816 0.293042,
        -0.918793 0.829181 0.293042,
        -1.011104 0.713715 0.293042,
        -1.088990 0.588067 0.293042,
        -1.151338 0.454029 0.293042,
        -1.197260 0.313513 0.293042,
        -1.226100 0.168524 0.293042,
        -1.237447 0.021130 0.293042,
        -1.231139 -0.126565 0.293042,
        -1.207266 -0.272454 0.293042,
        -1.166168 -0.414456 0.293042,
        -1.108432 -0.550545 0.293042,
        -1.034882 -0.678779 0.293042,
        -0.946567 -0.797329 0.293042,
        -0.844746 -0.904502 0.293042,
        -0.730874 -0.998772 0.293042,
        -0.606574 -1.078791 0.293042,
        -0.473619 -1.143419 0.293042,
        0.726456 -0.992733 0.316317,
        0.839639 -0.899034 0.316317,
        0.940844 -0.792508 0.316317,
        1.028626 -0.674676 0.316317,
        1.101731 -0.547217 0.316317,
        1.159118 -0.411950 0.316317,
        1.199967 -0.270807 0.316317,
        1.223696 -0.125800 0.316317,
        1.229966 0.021002 0.316317,
        1.218688 0.167505 0.316317,
        1.190022 0.311617 0.316317,
        1.144378 0.451284 0.316317,
        1.082406 0.584512 0.316317,
        1.004992 0.709400 0.316317,
        0.913239 0.824168 0.316317,
        0.808456 0.927176 0.316317,
        0.692139 1.016957 0.316317,
        0.565947 1.092228 0.316317,
        0.431680 1.151916 0.316317,
        0.291255 1.195169 0.316317,
        0.146674 1.221370 0.316317,
        -0.000000 1.230145 0.316317,
        -0.146674 1.221370 0.316317,
        -0.291255 1.195169 0.316317,
        -0.431680 1.151916 0.316317,
        -0.565947 1.092228 0.316317,
        -0.692139 1.016957 0.316317,
        -0.808456 0.927176 0.316317,
        -0.913239 0.824168 0.316317,
        -1.004992 0.709400 0.316317,
        -1.082406 0.584512 0.316317,
        -1.144378 0.451284 0.316317,
        -1.190022 0.311617 0.316317,
        -1.218688 0.167505 0.316317,
        -1.229966 0.021002 0.316317,
        -1.223696 -0.125800 0.316317,
        -1.199967 -0.270807 0.316317,
        -1.159118 -0.411950 0.316317,
        -1.101731 -0.547217 0.316317,
        -1.028626 -0.674676 0.316317,
        -0.940844 -0.792508 0.316317,
        -0.839639 -0.899034 0.316317,
        -0.726456 -0.992733 0.316317,
        -0.602907 -1.072269 0.316317,
        -0.470756 -1.136506 0.316317,
        0.719302 -0.982958 0.337552,
        0.831372 -0.890181 0.337552,
        0.931580 -0.784705 0.337552,
        1.018496 -0.668032 0.337552,
        1.090882 -0.541828 0.337552,
        1.147704 -0.407894 0.337552,
        1.188151 -0.268140 0.337552,
        1.211646 -0.124561 0.337552,
        1.217854 0.020796 0.337552,
        1.206687 0.165856 0.337552,
        1.178304 0.308549 0.337552,
        1.133109 0.446840 0.337552,
        1.071748 0.578756 0.337552,
        0.995095 0.702415 0.337552,
        0.904246 0.816052 0.337552,
        0.800495 0.918046 0.337552,
        0.685323 1.006943 0.337552,
        0.560374 1.081472 0.337552,
        0.427430 1.140572 0.337552,
        0.288387 1.183400 0.337552,
        0.145230 1.209343 0.337552,
        -0.000000 1.218032 0.337552,
        -0.145230 1.209343 0.337552,
        -0.288387 1.183400 0.337552,
        -0.427430 1.140572 0.337552,
        -0.560374 1.081472 0.337552,
        -0.685323 1.006943 0.337552,
        -0.800495 0.918046 0.337552,
        -0.904246 0.816052 0.337552,
        -0.995095 0.702415 0.337552,
        -1.071748 0.578756 0.337552,
        -1.133109 0.446840 0.337552,
        -1.178304 0.308549 0.337552,
        -1.206687 0.165856 0.337552,
        -1.217854 0.020796 0.337552,
        -1.211646 -0.124561 0.337552,
        -1.188151 -0.268140 0.337552,
        -1.147704 -0.407894 0.337552,
        -1.090882 -0.541828 0.337552,
        -1.018496 -0.668032 0.337552,
        -0.931580 -0.784705 0.337552,
        -0.831372 -0.890181 0.337552,
        -0.719302 -0.982958 0.337552,
        -0.596970 -1.061710 0.337552,
        -0.466120 -1.125315 0.337552,
        -0.730874 -0.998772 0.669616,
        -1.034882 -0.678779 0.669616,
        -1.197260 0.313513 0.669616,
        -0.569389 1.098871 0.669616,
        0.434306 1.158922 0.669616,
        0.569389 1.098871 0.669616,
        0.918793 0.829181 0.669616,
        1.151338 0.454029 0.669616,
        1.197260 0.313513 0.669616,
        1.231139 -0.126565 0.669616,
        1.108432 -0.550545 0.669616,
        1.034882 -0.678779 0.669616,
        0.730874 -0.998772 0.669616,
        0.596970 -1.061710 0.625106,
        0.719302 -0.982958 0.625106,
        0.602907 -1.072269 0.646342,
        0.726456 -0.992733 0.646342,
        0.606574 -1.078791 0.669616,
        0.931580 -0.784705 0.625106,
        1.018496 -0.668032 0.625106,
        0.940844 -0.792508 0.646342,
        1.028626 -0.674676 0.646342,
        0.946567 -0.797329 0.669616,
        1.188151 -0.268140 0.625106,
        1.211646 -0.124561 0.625106,
        1.199967 -0.270807 0.646342,
        1.223696 -0.125800 0.646342,
        1.207266 -0.272454 0.669616,
        1.206687 0.165856 0.625106,
        1.178304 0.308549 0.625106,
        1.218688 0.167505 0.646342,
        1.190022 0.311617 0.646342,
        1.226100 0.168524 0.669616,
        0.995095 0.702415 0.625106,
        0.904246 0.816052 0.625106,
        1.004992 0.709400 0.646342,
        0.913239 0.824168 0.646342,
        1.011104 0.713715 0.669616,
        0.685323 1.006943 0.625106,
        0.560374 1.081472 0.625106,
        0.692139 1.016957 0.646342,
        0.565947 1.092228 0.646342,
        0.696349 1.023142 0.669616,
        0.145230 1.209343 0.625106,
        -0.000000 1.218032 0.625106,
        0.146674 1.221370 0.646342,
        -0.000000 1.230145 0.646342,
        0.147566 1.228798 0.669616,
        -0.000000 1.237628 0.669616,
        -0.145230 1.209343 0.625106,
        -0.146674 1.221370 0.646342,
        -0.147566 1.228798 0.669616,
        -0.288387 1.183400 0.625106,
        -0.291255 1.195169 0.646342,
        -0.293026 1.202438 0.669616,
        -0.427430 1.140572 0.625106,
        -0.560374 1.081472 0.625106,
        -0.431680 1.151916 0.646342,
        -0.565947 1.092228 0.646342,
        -0.434306 1.158922 0.669616,
        -0.800495 0.918046 0.625106,
        -0.904246 0.816052 0.625106,
        -0.808456 0.927176 0.646342,
        -0.913239 0.824168 0.646342,
        -0.813373 0.932816 0.669616,
        -0.918793 0.829181 0.669616,
        -0.995095 0.702415 0.625106,
        -1.004992 0.709400 0.646342,
        -1.011104 0.713715 0.669616,
        -1.071748 0.578756 0.625106,
        -1.082406 0.584512 0.646342,
        -1.088990 0.588067 0.669616,
        -1.133109 0.446840 0.625106,
        -1.178304 0.308549 0.625106,
        -1.144378 0.451284 0.646342,
        -1.190022 0.311617 0.646342,
        -1.151338 0.454029 0.669616,
        -1.217854 0.020796 0.625106,
        -1.211646 -0.124561 0.625106,
        -1.229966 0.021002 0.646342,
        -1.223696 -0.125800 0.646342,
        -1.237447 0.021130 0.669616,
        -1.231139 -0.126565 0.669616,
        -1.188151 -0.268140 0.625106,
        -1.199967 -0.270807 0.646342,
        -1.207266 -0.272454 0.669616,
        -1.147704 -0.407894 0.625106,
        -1.159118 -0.411950 0.646342,
        -1.166168 -0.414456 0.669616,
        -1.090882 -0.541828 0.625106,
        -1.018496 -0.668032 0.625106,
        -1.101731 -0.547217 0.646342,
        -1.028626 -0.674676 0.646342,
        -1.108432 -0.550545 0.669616,
        -0.831372 -0.890181 0.625106,
        -0.719302 -0.982958 0.625106,
        -0.839639 -0.899034 0.646342,
        -0.726456 -0.992733 0.646342,
        -0.844746 -0.904502 0.669616,
        0.466120 -1.125315 0.625106,
        0.470756 -1.136506 0.646342,
        0.473619 -1.143419 0.669616,
        0.844746 -0.904502 0.669616,
        0.839639 -0.899034 0.646342,
        0.831372 -0.890181 0.625106,
        1.101731 -0.547217 0.646342,
        1.090882 -0.541828 0.625106,
        1.166168 -0.414456 0.669616,
        1.159118 -0.411950 0.646342,
        1.147704 -0.407894 0.625106,
        1.237447 0.021130 0.669616,
        1.229966 0.021002 0.646342,
        1.217854 0.020796 0.625106,
        1.144378 0.451284 0.646342,
        1.133109 0.446840 0.625106,
        1.088990 0.588067 0.669616,
        1.082406 0.584512 0.646342,
        1.071748 0.578756 0.625106,
        0.813373 0.932816 0.669616,
        0.808456 0.927176 0.646342,
        0.800495 0.918046 0.625106,
        0.431680 1.151916 0.646342,
        0.427430 1.140572 0.625106,
        0.293026 1.202438 0.669616,
        0.291255 1.195169 0.646342,
        0.288387 1.183400 0.625106,
        -0.696349 1.023142 0.669616,
        -0.692139 1.016957 0.646342,
        -0.685323 1.006943 0.625106,
        -1.226100 0.168524 0.669616,
        -1.218688 0.167505 0.646342,
        -1.206687 0.165856 0.625106,
        -0.946567 -0.797329 0.669616,
        -0.940844 -0.792508 0.646342,
        -0.931580 -0.784705 0.625106,
        -0.606574 -1.078791 0.669616,
        -0.602907 -1.072269 0.646342,
        -0.596970 -1.061710 0.625106,
        -0.466120 -1.125315 0.625106,
        -0.470756 -1.136506 0.646342,
        -0.473619 -1.143419 0.669616,
        -0.492975 -0.513456 0.078740,
        -0.492975 -0.436361 0.078740,
        -0.238552 -0.436361 0.078740,
        -0.563378 0.387347 0.078740,
        -0.492975 0.387347 0.078740,
        -0.492975 0.327781 0.078740,
        -0.421585 0.561847 0.078740,
        -0.421585 0.436361 0.078740,
        -0.492975 0.436361 0.078740,
        -0.492139 -0.736538 0.078740,
        -0.492975 -0.735852 0.078740,
        -0.563378 -0.436361 0.078740,
        0.104394 -0.076497 0.078740,
        0.104394 0.122754 0.078740,
        0.110363 -0.043489 0.078740,
        0.110363 -0.065094 0.078740,
        0.131346 -0.073710 0.078740,
        0.151237 -0.076497 0.078740,
        0.133122 0.122328 0.078740,
        0.110363 0.116152 0.078740,
        0.110363 0.089746 0.078740,
        0.132536 0.099240 0.078740,
        0.113891 -0.045443 0.078740,
        0.156463 0.102349 0.078740,
        0.175846 0.100172 0.078740,
        0.190580 0.094855 0.078740,
        0.204205 0.085740 0.078740,
        0.216092 0.072616 0.078740,
        0.230394 0.021028 0.078740,
        0.228401 -0.000282 0.078740,
        0.223052 -0.017214 0.078740,
        0.179249 -0.054032 0.078740,
        0.160889 -0.056092 0.078740,
        0.193593 -0.048752 0.078740,
        0.205674 -0.040609 0.078740,
        0.214911 -0.030864 0.078740,
        0.134758 -0.053191 0.078740,
        0.224208 0.057417 0.078740,
        0.229455 0.036344 0.078740,
        0.139293 0.122754 0.078740,
        0.104394 0.327781 0.078740,
        0.156687 0.123954 0.078740,
        0.171390 0.122754 0.078740,
        0.868806 0.172816 0.078740,
        0.873737 0.122754 0.078740,
        0.374431 -0.075297 0.078740,
        0.176103 -0.076497 0.078740,
        0.273605 -0.075297 0.078740,
        0.188786 -0.075182 0.078740,
        0.207865 -0.068615 0.078740,
        0.246411 0.069706 0.078740,
        0.234874 0.088110 0.078740,
        0.348024 0.121554 0.078740,
        0.217102 0.105202 0.078740,
        0.198404 0.115965 0.078740,
        0.223700 -0.058503 0.078740,
        0.238486 -0.042937 0.078740,
        0.273605 -0.053691 0.078740,
        0.248972 -0.024219 0.078740,
        0.348024 -0.053691 0.078740,
        0.176459 0.122340 0.078740,
        0.374431 0.121554 0.078740,
        0.254897 -0.003383 0.078740,
        0.256800 0.019415 0.078740,
        0.253969 0.047401 0.078740,
        0.159144 -0.077605 0.078740,
        0.104394 -0.232522 0.078740,
        0.164527 -0.077697 0.078740,
        -0.164475 0.115564 0.078740,
        -0.179107 0.110426 0.078740,
        -0.238552 0.122754 0.078740,
        -0.200532 0.096067 0.078740,
        -0.238552 -0.076497 0.078740,
        -0.220694 -0.021344 0.078740,
        -0.209406 -0.038951 0.078740,
        -0.200738 0.095887 0.078740,
        -0.214658 0.080451 0.078740,
        -0.223807 0.063522 0.078740,
        -0.164475 -0.068846 0.078740,
        -0.164475 -0.076497 0.078740,
        -0.172649 -0.066410 0.078740,
        -0.193203 -0.054465 0.078740,
        -0.229094 0.044127 0.078740,
        -0.230524 0.025604 0.078740,
        -0.227762 -0.000740 0.078740,
        -0.127635 0.121554 0.078740,
        -0.156075 0.118514 0.078740,
        -0.164475 0.122754 0.078740,
        -0.072083 0.121554 0.078740,
        -0.052879 0.122754 0.078740,
        -0.072083 -0.075297 0.078740,
        -0.052879 -0.076497 0.078740,
        -0.125610 -0.075297 0.078740,
        -0.149967 -0.073170 0.078740,
        -0.492975 -0.076497 0.078740,
        -0.878293 -0.076497 0.078740,
        -0.885827 -0.000000 0.078740,
        -0.492975 0.122754 0.078740,
        -0.492975 -0.232522 0.078740,
        -0.850694 -0.232522 0.078740,
        -0.868806 -0.172816 0.078740,
        -0.719043 -0.513456 0.078740,
        -0.736538 -0.492139 0.078740,
        -0.563378 -0.387347 0.078740,
        -0.818397 -0.338991 0.078740,
        -0.492975 -0.387347 0.078740,
        -0.238552 -0.232522 0.078740,
        -0.626374 -0.626374 0.078740,
        -0.338991 -0.818397 0.078740,
        -0.238552 -0.513456 0.078740,
        -0.098425 -0.492126 0.078740,
        -0.095617 -0.513456 0.078740,
        -0.164475 -0.513456 0.078740,
        -0.095071 -0.517600 0.078740,
        -0.164475 -0.869628 0.078740,
        -0.172816 -0.868806 0.078740,
        -0.238552 -0.848865 0.078740,
        -0.052879 -0.574552 0.078740,
        -0.052879 -0.880619 0.078740,
        -0.069597 -0.561723 0.078740,
        -0.085239 -0.541339 0.078740,
        -0.049213 -0.577365 0.078740,
        -0.025474 -0.587197 0.078740,
        0.000000 -0.885827 0.078740,
        -0.000000 -0.590551 0.078740,
        0.085189 -0.877436 0.078740,
        0.025474 -0.587197 0.078740,
        0.049213 -0.577365 0.078740,
        0.069597 -0.561723 0.078740,
        0.085189 -0.541403 0.078740,
        0.104394 -0.875545 0.078740,
        0.085239 -0.541339 0.078740,
        0.104394 -0.513456 0.078740,
        0.095071 -0.517600 0.078740,
        0.095617 -0.513456 0.078740,
        0.736538 -0.492139 0.078740,
        0.719043 -0.513456 0.078740,
        0.626374 -0.626374 0.078740,
        0.492139 -0.736538 0.078740,
        0.338991 -0.818397 0.078740,
        0.172816 -0.868806 0.078740,
        0.885827 0.000000 0.078740,
        0.878293 -0.076497 0.078740,
        0.868806 -0.172816 0.078740,
        0.850694 -0.232522 0.078740,
        0.818397 -0.338991 0.078740,
        0.104394 0.875545 0.078740,
        0.172816 0.868806 0.078740,
        0.338991 0.818397 0.078740,
        0.492139 0.736538 0.078740,
        0.626374 0.626374 0.078740,
        0.736538 0.492139 0.078740,
        0.818397 0.338991 0.078740,
        0.821798 0.327781 0.078740,
        0.085189 0.442849 0.078740,
        0.085239 0.442913 0.078740,
        0.095071 0.466652 0.078740,
        0.098425 0.492126 0.078740,
        0.095071 0.517600 0.078740,
        0.085239 0.541339 0.078740,
        0.085189 0.877436 0.078740,
        0.085189 0.541403 0.078740,
        0.069597 0.561723 0.078740,
        -0.025474 0.587197 0.078740,
        -0.052879 0.880619 0.078740,
        -0.000000 0.590551 0.078740,
        -0.000000 0.885827 0.078740,
        0.025474 0.587197 0.078740,
        0.049213 0.577365 0.078740,
        -0.049213 0.577365 0.078740,
        -0.052879 0.574552 0.078740,
        -0.164475 0.869628 0.078740,
        -0.069597 0.561723 0.078740,
        -0.095071 0.466652 0.078740,
        -0.085239 0.442913 0.078740,
        -0.164475 0.327781 0.078740,
        -0.098425 0.492126 0.078740,
        -0.085239 0.541339 0.078740,
        -0.095071 0.517600 0.078740,
        -0.238552 0.387347 0.078740,
        -0.232177 0.387347 0.078740,
        -0.232177 0.436361 0.078740,
        -0.172816 0.868806 0.078740,
        -0.238552 0.436361 0.078740,
        -0.238552 0.848865 0.078740,
        -0.492975 0.735852 0.078740,
        -0.492139 0.736538 0.078740,
        -0.373969 0.561847 0.078740,
        -0.373969 0.436361 0.078740,
        -0.338991 0.818397 0.078740,
        -0.626374 0.626374 0.078740,
        -0.563378 0.436361 0.078740,
        -0.736538 0.492139 0.078740,
        -0.873737 0.122754 0.078740,
        -0.868806 0.172816 0.078740,
        -0.821798 0.327781 0.078740,
        -0.818397 0.338991 0.078740,
        -0.000000 0.393701 0.078740,
        0.025474 0.397054 0.078740,
        0.085189 0.327781 0.078740,
        0.049213 0.406887 0.078740,
        0.069597 0.422529 0.078740,
        -0.069597 0.422529 0.078740,
        -0.052879 0.409700 0.078740,
        -0.052879 0.327781 0.078740,
        -0.049213 0.406887 0.078740,
        -0.025474 0.397054 0.078740,
        0.098425 -0.492126 0.078740,
        -0.164475 -0.232522 0.078740,
        -0.085239 -0.442913 0.078740,
        -0.095071 -0.466652 0.078740,
        0.095071 -0.466652 0.078740,
        0.085239 -0.442913 0.078740,
        0.085189 -0.232522 0.078740,
        0.085189 -0.442849 0.078740,
        0.069597 -0.422529 0.078740,
        -0.025474 -0.397054 0.078740,
        -0.049213 -0.406887 0.078740,
        -0.052879 -0.232522 0.078740,
        -0.052879 -0.409700 0.078740,
        -0.069597 -0.422529 0.078740,
        0.049213 -0.406887 0.078740,
        0.025474 -0.397054 0.078740,
        -0.000000 -0.393701 0.078740,
        -0.232177 -0.436361 0.078740,
        -0.232177 -0.387347 0.078740,
        -0.238552 -0.387347 0.078740,
        -0.373969 0.327781 0.078740,
        -0.238552 0.327781 0.078740,
        -0.373969 0.261861 0.078740,
        -0.421585 0.387347 0.078740,
        -0.421585 0.327781 0.078740,
        -0.421585 0.261861 0.078740,
        -0.373969 0.387347 0.078740,
        -0.373848 -0.020083 0.078740,
        -0.292528 -0.020083 0.078740,
        -0.393766 -0.075297 0.078740,
        -0.273735 -0.075297 0.078740,
        -0.422573 -0.075297 0.078740,
        -0.244928 -0.075297 0.078740,
        -0.319347 0.121554 0.078740,
        -0.345754 0.121554 0.078740,
        0.085189 0.122754 0.078740,
        -0.028872 0.121554 0.078740,
        -0.028872 0.099948 0.078740,
        -0.033674 -0.053691 0.078740,
        -0.033674 -0.075297 0.078740,
        0.085189 -0.076497 0.078740,
        0.071953 -0.075297 0.078740,
        0.071953 0.121554 0.078740,
        0.045546 0.013526 0.078740,
        0.045546 -0.053691 0.078740,
        -0.024071 0.013526 0.078740,
        -0.024071 0.035131 0.078740,
        0.045546 0.035131 0.078740,
        0.045546 0.099948 0.078740,
      ]
    }
    coordIndex [
      0, 1, 2, -1,
      2, 1, 3, -1,
      2, 3, 4, -1,
      4, 3, 5, -1,
      4, 5, 6, -1,
      6, 5, 7, -1,
      6, 7, 8, -1,
      8, 7, 9, -1,
      8, 9, 10, -1,
      10, 9, 11, -1,
      10, 11, 12, -1,
      12, 11, 13, -1,
      12, 13, 14, -1,
      14, 13, 15, -1,
      14, 15, 16, -1,
      16, 15, 17, -1,
      16, 17, 18, -1,
      18, 17, 19, -1,
      18, 19, 20, -1,
      20, 19, 21, -1,
      20, 21, 22, -1,
      22, 21, 23, -1,
      22, 23, 24, -1,
      24, 23, 25, -1,
      24, 25, 26, -1,
      26, 25, 27, -1,
      26, 27, 28, -1,
      28, 27, 29, -1,
      28, 29, 30, -1,
      30, 29, 31, -1,
      30, 31, 32, -1,
      32, 31, 33, -1,
      32, 33, 34, -1,
      34, 33, 35, -1,
      34, 35, 36, -1,
      36, 35, 37, -1,
      36, 37, 38, -1,
      38, 37, 39, -1,
      38, 39, 40, -1,
      40, 39, 41, -1,
      40, 41, 42, -1,
      42, 41, 43, -1,
      42, 43, 44, -1,
      44, 43, 45, -1,
      44, 45, 46, -1,
      46, 45, 47, -1,
      46, 47, 48, -1,
      48, 47, 49, -1,
      48, 49, 50, -1,
      50, 49, 51, -1,
      50, 51, 52, -1,
      52, 51, 53, -1,
      52, 53, 54, -1,
      54, 53, 55, -1,
      54, 55, 56, -1,
      56, 55, 57, -1,
      56, 57, 58, -1,
      58, 57, 59, -1,
      58, 59, 60, -1,
      60, 59, 61, -1,
      60, 61, 62, -1,
      62, 61, 63, -1,
      62, 63, 64, -1,
      64, 63, 65, -1,
      64, 65, 66, -1,
      66, 65, 67, -1,
      66, 67, 68, -1,
      68, 67, 69, -1,
      68, 69, 70, -1,
      70, 69, 71, -1,
      70, 71, 72, -1,
      72, 71, 73, -1,
      72, 73, 74, -1,
      74, 73, 75, -1,
      74, 75, 76, -1,
      76, 75, 77, -1,
      76, 77, 78, -1,
      78, 77, 79, -1,
      78, 79, 80, -1,
      80, 79, 81, -1,
      80, 81, 82, -1,
      82, 81, 83, -1,
      82, 83, 84, -1,
      84, 83, 85, -1,
      84, 85, 86, -1,
      86, 85, 87, -1,
      86, 87, 88, -1,
      88, 87, 89, -1,
      88, 89, 90, -1,
      90, 89, 91, -1,
      90, 91, 92, -1,
      92, 91, 93, -1,
      92, 93, 94, -1,
      94, 93, 95, -1,
      94, 95, 96, -1,
      96, 95, 97, -1,
      96, 97, 98, -1,
      98, 97, 99, -1,
      98, 99, 100, -1,
      100, 99, 101, -1,
      100, 101, 102, -1,
      102, 101, 103, -1,
      102, 103, 104, -1,
      104, 103, 105, -1,
      104, 105, 106, -1,
      106, 105, 107, -1,
      106, 107, 108, -1,
      108, 107, 109, -1,
      108, 109, 110, -1,
      110, 109, 111, -1,
      110, 111, 112, -1,
      112, 111, 113, -1,
      112, 113, 114, -1,
      114, 113, 115, -1,
      114, 115, 116, -1,
      116, 115, 117, -1,
      116, 117, 118, -1,
      118, 117, 119, -1,
      118, 119, 120, -1,
      120, 119, 121, -1,
      120, 121, 122, -1,
      122, 121, 123, -1,
      122, 123, 124, -1,
      124, 123, 125, -1,
      124, 125, 126, -1,
      126, 125, 127, -1,
      126, 127, 128, -1,
      128, 127, 129, -1,
      128, 129, 130, -1,
      130, 129, 131, -1,
      130, 131, 132, -1,
      132, 131, 133, -1,
      132, 133, 134, -1,
      134, 133, 135, -1,
      134, 135, 136, -1,
      136, 135, 137, -1,
      136, 137, 138, -1,
      138, 137, 139, -1,
      138, 139, 140, -1,
      140, 139, 141, -1,
      140, 141, 142, -1,
      142, 141, 143, -1,
      142, 143, 144, -1,
      144, 143, 145, -1,
      144, 145, 146, -1,
      146, 145, 147, -1,
      146, 147, 148, -1,
      148, 147, 149, -1,
      148, 149, 150, -1,
      150, 149, 151, -1,
      150, 151, 152, -1,
      152, 151, 153, -1,
      152, 153, 154, -1,
      154, 153, 155, -1,
      154, 155, 156, -1,
      156, 155, 157, -1,
      158, 159, 160, -1,
      160, 159, 161, -1,
      162, 163, 164, -1,
      164, 163, 165, -1,
      164, 165, 161, -1,
      161, 165, 166, -1,
      161, 166, 160, -1,
      167, 168, 162, -1,
      162, 168, 169, -1,
      162, 169, 163, -1,
      170, 171, 172, -1,
      172, 171, 173, -1,
      172, 173, 167, -1,
      167, 173, 174, -1,
      167, 174, 168, -1,
      175, 176, 177, -1,
      177, 176, 178, -1,
      177, 178, 179, -1,
      180, 181, 170, -1,
      170, 181, 182, -1,
      170, 182, 171, -1,
      183, 184, 185, -1,
      185, 184, 186, -1,
      185, 186, 187, -1,
      188, 189, 190, -1,
      190, 189, 191, -1,
      190, 191, 192, -1,
      193, 194, 175, -1,
      175, 194, 195, -1,
      175, 195, 176, -1,
      196, 197, 198, -1,
      198, 197, 199, -1,
      199, 197, 200, -1,
      199, 200, 201, -1,
      186, 202, 187, -1,
      187, 202, 203, -1,
      187, 203, 204, -1,
      204, 203, 205, -1,
      204, 205, 180, -1,
      180, 205, 206, -1,
      180, 206, 181, -1,
      207, 208, 183, -1,
      183, 208, 209, -1,
      183, 209, 184, -1,
      210, 211, 212, -1,
      212, 211, 213, -1,
      212, 213, 207, -1,
      207, 213, 214, -1,
      207, 214, 208, -1,
      178, 215, 179, -1,
      179, 215, 216, -1,
      179, 216, 188, -1,
      188, 216, 217, -1,
      188, 217, 189, -1,
      218, 219, 220, -1,
      220, 219, 221, -1,
      220, 221, 222, -1,
      191, 223, 192, -1,
      192, 223, 224, -1,
      192, 224, 210, -1,
      210, 224, 225, -1,
      210, 225, 211, -1,
      221, 226, 222, -1,
      222, 226, 227, -1,
      222, 227, 228, -1,
      228, 227, 229, -1,
      228, 229, 193, -1,
      193, 229, 230, -1,
      193, 230, 194, -1,
      198, 231, 196, -1,
      196, 231, 232, -1,
      196, 232, 218, -1,
      218, 232, 233, -1,
      218, 233, 219, -1,
      201, 234, 235, -1,
      234, 236, 237, -1,
      236, 238, 239, -1,
      238, 240, 241, -1,
      240, 242, 243, -1,
      149, 244, 151, -1,
      151, 244, 245, -1,
      151, 245, 153, -1,
      153, 245, 243, -1,
      153, 243, 155, -1,
      155, 243, 242, -1,
      155, 242, 157, -1,
      149, 147, 244, -1,
      244, 147, 145, -1,
      244, 145, 246, -1,
      246, 145, 143, -1,
      246, 143, 247, -1,
      247, 143, 141, -1,
      247, 141, 248, -1,
      248, 141, 139, -1,
      139, 137, 248, -1,
      248, 137, 135, -1,
      248, 135, 249, -1,
      135, 133, 249, -1,
      249, 133, 131, -1,
      249, 131, 250, -1,
      250, 131, 129, -1,
      250, 129, 251, -1,
      251, 129, 127, -1,
      251, 127, 252, -1,
      252, 127, 125, -1,
      125, 123, 252, -1,
      252, 123, 121, -1,
      252, 121, 253, -1,
      253, 121, 119, -1,
      253, 119, 254, -1,
      254, 119, 117, -1,
      254, 117, 255, -1,
      255, 117, 115, -1,
      115, 113, 255, -1,
      255, 113, 111, -1,
      255, 111, 256, -1,
      111, 109, 256, -1,
      256, 109, 107, -1,
      256, 107, 257, -1,
      257, 107, 105, -1,
      257, 105, 258, -1,
      258, 105, 103, -1,
      258, 103, 259, -1,
      259, 103, 101, -1,
      101, 99, 259, -1,
      259, 99, 97, -1,
      259, 97, 260, -1,
      260, 97, 95, -1,
      260, 95, 261, -1,
      261, 95, 93, -1,
      261, 93, 262, -1,
      262, 93, 91, -1,
      91, 89, 262, -1,
      262, 89, 87, -1,
      262, 87, 263, -1,
      87, 85, 263, -1,
      263, 85, 83, -1,
      263, 83, 264, -1,
      264, 83, 81, -1,
      264, 81, 265, -1,
      265, 81, 79, -1,
      265, 79, 266, -1,
      266, 79, 77, -1,
      77, 75, 266, -1,
      266, 75, 73, -1,
      266, 73, 267, -1,
      267, 73, 71, -1,
      267, 71, 268, -1,
      71, 69, 268, -1,
      268, 69, 67, -1,
      268, 67, 269, -1,
      67, 65, 269, -1,
      269, 65, 63, -1,
      269, 63, 270, -1,
      63, 61, 270, -1,
      270, 61, 59, -1,
      270, 59, 271, -1,
      271, 59, 57, -1,
      271, 57, 272, -1,
      272, 57, 55, -1,
      272, 55, 273, -1,
      273, 55, 53, -1,
      53, 51, 273, -1,
      273, 51, 49, -1,
      273, 49, 274, -1,
      274, 49, 47, -1,
      274, 47, 275, -1,
      47, 45, 275, -1,
      275, 45, 43, -1,
      275, 43, 276, -1,
      276, 43, 41, -1,
      276, 41, 277, -1,
      277, 41, 39, -1,
      39, 37, 277, -1,
      277, 37, 35, -1,
      277, 35, 278, -1,
      278, 35, 33, -1,
      278, 33, 279, -1,
      279, 33, 31, -1,
      279, 31, 280, -1,
      280, 31, 29, -1,
      29, 27, 280, -1,
      280, 27, 25, -1,
      280, 25, 281, -1,
      281, 25, 23, -1,
      281, 23, 282, -1,
      23, 21, 282, -1,
      282, 21, 19, -1,
      282, 19, 283, -1,
      283, 19, 17, -1,
      283, 17, 284, -1,
      284, 17, 15, -1,
      15, 13, 284, -1,
      284, 13, 11, -1,
      284, 11, 285, -1,
      285, 11, 9, -1,
      285, 9, 286, -1,
      286, 9, 7, -1,
      286, 7, 287, -1,
      287, 7, 5, -1,
      5, 3, 287, -1,
      287, 3, 1, -1,
      287, 1, 288, -1,
      240, 243, 241, -1,
      241, 243, 245, -1,
      241, 245, 289, -1,
      289, 245, 244, -1,
      289, 244, 290, -1,
      290, 244, 246, -1,
      290, 246, 291, -1,
      291, 246, 247, -1,
      291, 247, 292, -1,
      292, 247, 248, -1,
      292, 248, 293, -1,
      293, 248, 249, -1,
      293, 249, 294, -1,
      294, 249, 250, -1,
      294, 250, 295, -1,
      295, 250, 251, -1,
      295, 251, 296, -1,
      296, 251, 252, -1,
      296, 252, 297, -1,
      297, 252, 253, -1,
      297, 253, 298, -1,
      298, 253, 254, -1,
      298, 254, 299, -1,
      299, 254, 255, -1,
      299, 255, 300, -1,
      300, 255, 256, -1,
      300, 256, 301, -1,
      301, 256, 257, -1,
      301, 257, 302, -1,
      302, 257, 258, -1,
      302, 258, 303, -1,
      303, 258, 259, -1,
      303, 259, 304, -1,
      304, 259, 260, -1,
      304, 260, 305, -1,
      305, 260, 261, -1,
      305, 261, 306, -1,
      306, 261, 262, -1,
      306, 262, 307, -1,
      307, 262, 263, -1,
      307, 263, 308, -1,
      308, 263, 264, -1,
      308, 264, 309, -1,
      309, 264, 265, -1,
      309, 265, 310, -1,
      310, 265, 266, -1,
      310, 266, 311, -1,
      311, 266, 267, -1,
      311, 267, 312, -1,
      312, 267, 268, -1,
      312, 268, 313, -1,
      313, 268, 269, -1,
      313, 269, 314, -1,
      314, 269, 270, -1,
      314, 270, 315, -1,
      315, 270, 271, -1,
      315, 271, 316, -1,
      316, 271, 272, -1,
      316, 272, 317, -1,
      317, 272, 273, -1,
      317, 273, 318, -1,
      318, 273, 274, -1,
      318, 274, 319, -1,
      319, 274, 275, -1,
      319, 275, 320, -1,
      320, 275, 276, -1,
      320, 276, 321, -1,
      321, 276, 277, -1,
      321, 277, 322, -1,
      322, 277, 278, -1,
      322, 278, 323, -1,
      323, 278, 279, -1,
      323, 279, 324, -1,
      324, 279, 280, -1,
      324, 280, 325, -1,
      325, 280, 281, -1,
      325, 281, 326, -1,
      326, 281, 282, -1,
      326, 282, 327, -1,
      327, 282, 283, -1,
      327, 283, 328, -1,
      328, 283, 284, -1,
      328, 284, 329, -1,
      329, 284, 285, -1,
      329, 285, 330, -1,
      330, 285, 286, -1,
      330, 286, 331, -1,
      331, 286, 287, -1,
      331, 287, 332, -1,
      332, 287, 288, -1,
      332, 288, 333, -1,
      238, 241, 239, -1,
      239, 241, 289, -1,
      239, 289, 334, -1,
      334, 289, 290, -1,
      334, 290, 335, -1,
      335, 290, 291, -1,
      335, 291, 336, -1,
      336, 291, 292, -1,
      336, 292, 337, -1,
      337, 292, 293, -1,
      337, 293, 338, -1,
      338, 293, 294, -1,
      338, 294, 339, -1,
      339, 294, 295, -1,
      339, 295, 340, -1,
      340, 295, 296, -1,
      340, 296, 341, -1,
      341, 296, 297, -1,
      341, 297, 342, -1,
      342, 297, 298, -1,
      342, 298, 343, -1,
      343, 298, 299, -1,
      343, 299, 344, -1,
      344, 299, 300, -1,
      344, 300, 345, -1,
      345, 300, 301, -1,
      345, 301, 346, -1,
      346, 301, 302, -1,
      346, 302, 347, -1,
      347, 302, 303, -1,
      347, 303, 348, -1,
      348, 303, 304, -1,
      348, 304, 349, -1,
      349, 304, 305, -1,
      349, 305, 350, -1,
      350, 305, 306, -1,
      350, 306, 351, -1,
      351, 306, 307, -1,
      351, 307, 352, -1,
      352, 307, 308, -1,
      352, 308, 353, -1,
      353, 308, 309, -1,
      353, 309, 354, -1,
      354, 309, 310, -1,
      354, 310, 355, -1,
      355, 310, 311, -1,
      355, 311, 356, -1,
      356, 311, 312, -1,
      356, 312, 357, -1,
      357, 312, 313, -1,
      357, 313, 358, -1,
      358, 313, 314, -1,
      358, 314, 359, -1,
      359, 314, 315, -1,
      359, 315, 360, -1,
      360, 315, 316, -1,
      360, 316, 361, -1,
      361, 316, 317, -1,
      361, 317, 362, -1,
      362, 317, 318, -1,
      362, 318, 363, -1,
      363, 318, 319, -1,
      363, 319, 364, -1,
      364, 319, 320, -1,
      364, 320, 365, -1,
      365, 320, 321, -1,
      365, 321, 366, -1,
      366, 321, 322, -1,
      366, 322, 367, -1,
      367, 322, 323, -1,
      367, 323, 368, -1,
      368, 323, 324, -1,
      368, 324, 369, -1,
      369, 324, 325, -1,
      369, 325, 370, -1,
      370, 325, 326, -1,
      370, 326, 371, -1,
      371, 326, 327, -1,
      371, 327, 372, -1,
      372, 327, 328, -1,
      372, 328, 373, -1,
      373, 328, 329, -1,
      373, 329, 374, -1,
      374, 329, 330, -1,
      374, 330, 375, -1,
      375, 330, 331, -1,
      375, 331, 376, -1,
      376, 331, 332, -1,
      376, 332, 377, -1,
      377, 332, 333, -1,
      377, 333, 378, -1,
      236, 239, 237, -1,
      237, 239, 334, -1,
      237, 334, 379, -1,
      379, 334, 335, -1,
      379, 335, 380, -1,
      380, 335, 336, -1,
      380, 336, 381, -1,
      381, 336, 337, -1,
      381, 337, 382, -1,
      382, 337, 338, -1,
      382, 338, 383, -1,
      383, 338, 339, -1,
      383, 339, 384, -1,
      384, 339, 340, -1,
      384, 340, 385, -1,
      385, 340, 341, -1,
      385, 341, 386, -1,
      386, 341, 342, -1,
      386, 342, 387, -1,
      387, 342, 343, -1,
      387, 343, 388, -1,
      388, 343, 344, -1,
      388, 344, 389, -1,
      389, 344, 345, -1,
      389, 345, 390, -1,
      390, 345, 346, -1,
      390, 346, 391, -1,
      391, 346, 347, -1,
      391, 347, 392, -1,
      392, 347, 348, -1,
      392, 348, 393, -1,
      393, 348, 349, -1,
      393, 349, 394, -1,
      394, 349, 350, -1,
      394, 350, 395, -1,
      395, 350, 351, -1,
      395, 351, 396, -1,
      396, 351, 352, -1,
      396, 352, 397, -1,
      397, 352, 353, -1,
      397, 353, 398, -1,
      398, 353, 354, -1,
      398, 354, 399, -1,
      399, 354, 355, -1,
      399, 355, 400, -1,
      400, 355, 356, -1,
      400, 356, 401, -1,
      401, 356, 357, -1,
      401, 357, 402, -1,
      402, 357, 358, -1,
      402, 358, 403, -1,
      403, 358, 359, -1,
      403, 359, 404, -1,
      404, 359, 360, -1,
      404, 360, 405, -1,
      405, 360, 361, -1,
      405, 361, 406, -1,
      406, 361, 362, -1,
      406, 362, 407, -1,
      407, 362, 363, -1,
      407, 363, 408, -1,
      408, 363, 364, -1,
      408, 364, 409, -1,
      409, 364, 365, -1,
      409, 365, 410, -1,
      410, 365, 366, -1,
      410, 366, 411, -1,
      411, 366, 367, -1,
      411, 367, 412, -1,
      412, 367, 368, -1,
      412, 368, 413, -1,
      413, 368, 369, -1,
      413, 369, 414, -1,
      414, 369, 370, -1,
      414, 370, 415, -1,
      415, 370, 371, -1,
      415, 371, 416, -1,
      416, 371, 372, -1,
      416, 372, 417, -1,
      417, 372, 373, -1,
      417, 373, 418, -1,
      418, 373, 374, -1,
      418, 374, 419, -1,
      419, 374, 375, -1,
      419, 375, 420, -1,
      420, 375, 376, -1,
      420, 376, 421, -1,
      421, 376, 377, -1,
      421, 377, 422, -1,
      422, 377, 378, -1,
      422, 378, 423, -1,
      234, 237, 235, -1,
      235, 237, 379, -1,
      235, 379, 424, -1,
      424, 379, 380, -1,
      424, 380, 425, -1,
      425, 380, 381, -1,
      425, 381, 426, -1,
      426, 381, 382, -1,
      426, 382, 427, -1,
      427, 382, 383, -1,
      427, 383, 428, -1,
      428, 383, 384, -1,
      428, 384, 429, -1,
      429, 384, 385, -1,
      429, 385, 430, -1,
      430, 385, 386, -1,
      430, 386, 431, -1,
      431, 386, 387, -1,
      431, 387, 432, -1,
      432, 387, 388, -1,
      432, 388, 433, -1,
      433, 388, 389, -1,
      433, 389, 434, -1,
      434, 389, 390, -1,
      434, 390, 435, -1,
      435, 390, 391, -1,
      435, 391, 436, -1,
      436, 391, 392, -1,
      436, 392, 437, -1,
      437, 392, 393, -1,
      437, 393, 438, -1,
      438, 393, 394, -1,
      438, 394, 439, -1,
      439, 394, 395, -1,
      439, 395, 440, -1,
      440, 395, 396, -1,
      440, 396, 441, -1,
      441, 396, 397, -1,
      441, 397, 442, -1,
      442, 397, 398, -1,
      442, 398, 443, -1,
      443, 398, 399, -1,
      443, 399, 444, -1,
      444, 399, 400, -1,
      444, 400, 445, -1,
      445, 400, 401, -1,
      445, 401, 446, -1,
      446, 401, 402, -1,
      446, 402, 447, -1,
      447, 402, 403, -1,
      447, 403, 448, -1,
      448, 403, 404, -1,
      448, 404, 449, -1,
      449, 404, 405, -1,
      449, 405, 450, -1,
      450, 405, 406, -1,
      450, 406, 451, -1,
      451, 406, 407, -1,
      451, 407, 452, -1,
      452, 407, 408, -1,
      452, 408, 453, -1,
      453, 408, 409, -1,
      453, 409, 454, -1,
      454, 409, 410, -1,
      454, 410, 455, -1,
      455, 410, 411, -1,
      455, 411, 456, -1,
      456, 411, 412, -1,
      456, 412, 457, -1,
      457, 412, 413, -1,
      457, 413, 458, -1,
      458, 413, 414, -1,
      458, 414, 459, -1,
      459, 414, 415, -1,
      459, 415, 460, -1,
      460, 415, 416, -1,
      460, 416, 461, -1,
      461, 416, 417, -1,
      461, 417, 462, -1,
      462, 417, 418, -1,
      462, 418, 463, -1,
      463, 418, 419, -1,
      463, 419, 464, -1,
      464, 419, 420, -1,
      464, 420, 465, -1,
      465, 420, 421, -1,
      465, 421, 466, -1,
      466, 421, 422, -1,
      466, 422, 467, -1,
      467, 422, 423, -1,
      467, 423, 468, -1,
      201, 235, 199, -1,
      199, 235, 424, -1,
      199, 424, 198, -1,
      198, 424, 425, -1,
      198, 425, 231, -1,
      231, 425, 426, -1,
      231, 426, 232, -1,
      232, 426, 427, -1,
      232, 427, 233, -1,
      233, 427, 428, -1,
      233, 428, 219, -1,
      219, 428, 429, -1,
      219, 429, 221, -1,
      221, 429, 430, -1,
      221, 430, 226, -1,
      226, 430, 431, -1,
      226, 431, 227, -1,
      227, 431, 432, -1,
      227, 432, 229, -1,
      229, 432, 433, -1,
      229, 433, 230, -1,
      230, 433, 434, -1,
      230, 434, 194, -1,
      194, 434, 435, -1,
      194, 435, 195, -1,
      195, 435, 436, -1,
      195, 436, 176, -1,
      176, 436, 437, -1,
      176, 437, 178, -1,
      178, 437, 438, -1,
      178, 438, 215, -1,
      215, 438, 439, -1,
      215, 439, 216, -1,
      216, 439, 440, -1,
      216, 440, 217, -1,
      217, 440, 441, -1,
      217, 441, 189, -1,
      189, 441, 442, -1,
      189, 442, 191, -1,
      191, 442, 443, -1,
      191, 443, 223, -1,
      223, 443, 444, -1,
      223, 444, 224, -1,
      224, 444, 445, -1,
      224, 445, 225, -1,
      225, 445, 446, -1,
      225, 446, 211, -1,
      211, 446, 447, -1,
      211, 447, 213, -1,
      213, 447, 448, -1,
      213, 448, 214, -1,
      214, 448, 449, -1,
      214, 449, 208, -1,
      208, 449, 450, -1,
      208, 450, 209, -1,
      209, 450, 451, -1,
      209, 451, 184, -1,
      184, 451, 452, -1,
      184, 452, 186, -1,
      186, 452, 453, -1,
      186, 453, 202, -1,
      202, 453, 454, -1,
      202, 454, 203, -1,
      203, 454, 455, -1,
      203, 455, 205, -1,
      205, 455, 456, -1,
      205, 456, 206, -1,
      206, 456, 457, -1,
      206, 457, 181, -1,
      181, 457, 458, -1,
      181, 458, 182, -1,
      182, 458, 459, -1,
      182, 459, 171, -1,
      171, 459, 460, -1,
      171, 460, 173, -1,
      173, 460, 461, -1,
      173, 461, 174, -1,
      174, 461, 462, -1,
      174, 462, 168, -1,
      168, 462, 463, -1,
      168, 463, 169, -1,
      169, 463, 464, -1,
      169, 464, 163, -1,
      163, 464, 465, -1,
      163, 465, 165, -1,
      165, 465, 466, -1,
      165, 466, 166, -1,
      166, 466, 467, -1,
      166, 467, 160, -1,
      160, 467, 468, -1,
      160, 468, 158, -1,
      469, 470, 471, -1,
      471, 470, 472, -1,
      471, 472, 473, -1,
      473, 472, 474, -1,
      473, 474, 475, -1,
      475, 474, 476, -1,
      475, 476, 477, -1,
      477, 476, 478, -1,
      477, 478, 479, -1,
      479, 478, 480, -1,
      479, 480, 481, -1,
      481, 480, 482, -1,
      481, 482, 483, -1,
      483, 482, 484, -1,
      483, 484, 485, -1,
      485, 484, 486, -1,
      485, 486, 487, -1,
      487, 486, 488, -1,
      487, 488, 489, -1,
      489, 488, 490, -1,
      489, 490, 491, -1,
      491, 490, 492, -1,
      491, 492, 493, -1,
      493, 492, 494, -1,
      493, 494, 495, -1,
      495, 494, 496, -1,
      495, 496, 497, -1,
      497, 496, 498, -1,
      497, 498, 499, -1,
      499, 498, 500, -1,
      499, 500, 501, -1,
      501, 500, 502, -1,
      501, 502, 503, -1,
      503, 502, 504, -1,
      503, 504, 505, -1,
      505, 504, 506, -1,
      505, 506, 507, -1,
      507, 506, 508, -1,
      507, 508, 509, -1,
      509, 508, 510, -1,
      509, 510, 511, -1,
      511, 510, 512, -1,
      511, 512, 513, -1,
      513, 512, 514, -1,
      513, 514, 515, -1,
      515, 514, 516, -1,
      515, 516, 517, -1,
      517, 516, 518, -1,
      517, 518, 519, -1,
      519, 518, 520, -1,
      519, 520, 521, -1,
      521, 520, 522, -1,
      521, 522, 523, -1,
      523, 522, 524, -1,
      523, 524, 525, -1,
      525, 524, 526, -1,
      525, 526, 527, -1,
      527, 526, 528, -1,
      527, 528, 529, -1,
      529, 528, 530, -1,
      529, 530, 531, -1,
      531, 530, 532, -1,
      531, 532, 533, -1,
      533, 532, 534, -1,
      533, 534, 535, -1,
      535, 534, 536, -1,
      535, 536, 537, -1,
      537, 536, 538, -1,
      537, 538, 539, -1,
      539, 538, 540, -1,
      539, 540, 541, -1,
      541, 540, 542, -1,
      541, 542, 543, -1,
      543, 542, 544, -1,
      543, 544, 545, -1,
      545, 544, 546, -1,
      545, 546, 547, -1,
      547, 546, 548, -1,
      547, 548, 549, -1,
      549, 548, 550, -1,
      549, 550, 551, -1,
      551, 550, 552, -1,
      551, 552, 553, -1,
      553, 552, 554, -1,
      553, 554, 555, -1,
      555, 554, 556, -1,
      555, 556, 557, -1,
      557, 556, 558, -1,
      557, 558, 559, -1,
      559, 558, 560, -1,
      559, 560, 561, -1,
      561, 560, 562, -1,
      470, 563, 472, -1,
      472, 563, 564, -1,
      472, 564, 474, -1,
      474, 564, 565, -1,
      474, 565, 476, -1,
      476, 565, 566, -1,
      476, 566, 478, -1,
      478, 566, 567, -1,
      478, 567, 480, -1,
      480, 567, 568, -1,
      480, 568, 482, -1,
      482, 568, 569, -1,
      482, 569, 484, -1,
      484, 569, 570, -1,
      484, 570, 486, -1,
      486, 570, 571, -1,
      486, 571, 488, -1,
      488, 571, 572, -1,
      488, 572, 490, -1,
      490, 572, 573, -1,
      490, 573, 492, -1,
      492, 573, 574, -1,
      492, 574, 494, -1,
      494, 574, 575, -1,
      494, 575, 496, -1,
      496, 575, 576, -1,
      496, 576, 498, -1,
      498, 576, 577, -1,
      498, 577, 500, -1,
      500, 577, 578, -1,
      500, 578, 502, -1,
      502, 578, 579, -1,
      502, 579, 504, -1,
      504, 579, 580, -1,
      504, 580, 506, -1,
      506, 580, 581, -1,
      506, 581, 508, -1,
      508, 581, 582, -1,
      508, 582, 510, -1,
      510, 582, 583, -1,
      510, 583, 512, -1,
      512, 583, 584, -1,
      512, 584, 514, -1,
      514, 584, 585, -1,
      514, 585, 516, -1,
      516, 585, 586, -1,
      516, 586, 518, -1,
      518, 586, 587, -1,
      518, 587, 520, -1,
      520, 587, 588, -1,
      520, 588, 522, -1,
      522, 588, 589, -1,
      522, 589, 524, -1,
      524, 589, 590, -1,
      524, 590, 526, -1,
      526, 590, 591, -1,
      526, 591, 528, -1,
      528, 591, 592, -1,
      528, 592, 530, -1,
      530, 592, 593, -1,
      530, 593, 532, -1,
      532, 593, 594, -1,
      532, 594, 534, -1,
      534, 594, 595, -1,
      534, 595, 536, -1,
      536, 595, 596, -1,
      536, 596, 538, -1,
      538, 596, 597, -1,
      538, 597, 540, -1,
      540, 597, 598, -1,
      540, 598, 542, -1,
      542, 598, 599, -1,
      542, 599, 544, -1,
      544, 599, 600, -1,
      544, 600, 546, -1,
      546, 600, 601, -1,
      546, 601, 548, -1,
      548, 601, 602, -1,
      548, 602, 550, -1,
      550, 602, 603, -1,
      550, 603, 552, -1,
      552, 603, 604, -1,
      552, 604, 554, -1,
      554, 604, 605, -1,
      554, 605, 556, -1,
      556, 605, 606, -1,
      556, 606, 558, -1,
      558, 606, 607, -1,
      558, 607, 560, -1,
      560, 607, 608, -1,
      560, 608, 562, -1,
      562, 608, 609, -1,
      563, 610, 564, -1,
      564, 610, 611, -1,
      564, 611, 565, -1,
      565, 611, 612, -1,
      565, 612, 566, -1,
      566, 612, 613, -1,
      566, 613, 567, -1,
      567, 613, 614, -1,
      567, 614, 568, -1,
      568, 614, 615, -1,
      568, 615, 569, -1,
      569, 615, 616, -1,
      569, 616, 570, -1,
      570, 616, 617, -1,
      570, 617, 571, -1,
      571, 617, 618, -1,
      571, 618, 572, -1,
      572, 618, 619, -1,
      572, 619, 573, -1,
      573, 619, 620, -1,
      573, 620, 574, -1,
      574, 620, 621, -1,
      574, 621, 575, -1,
      575, 621, 622, -1,
      575, 622, 576, -1,
      576, 622, 623, -1,
      576, 623, 577, -1,
      577, 623, 624, -1,
      577, 624, 578, -1,
      578, 624, 625, -1,
      578, 625, 579, -1,
      579, 625, 626, -1,
      579, 626, 580, -1,
      580, 626, 627, -1,
      580, 627, 581, -1,
      581, 627, 628, -1,
      581, 628, 582, -1,
      582, 628, 629, -1,
      582, 629, 583, -1,
      583, 629, 630, -1,
      583, 630, 584, -1,
      584, 630, 631, -1,
      584, 631, 585, -1,
      585, 631, 632, -1,
      585, 632, 586, -1,
      586, 632, 633, -1,
      586, 633, 587, -1,
      587, 633, 634, -1,
      587, 634, 588, -1,
      588, 634, 635, -1,
      588, 635, 589, -1,
      589, 635, 636, -1,
      589, 636, 590, -1,
      590, 636, 637, -1,
      590, 637, 591, -1,
      591, 637, 638, -1,
      591, 638, 592, -1,
      592, 638, 639, -1,
      592, 639, 593, -1,
      593, 639, 640, -1,
      593, 640, 594, -1,
      594, 640, 641, -1,
      594, 641, 595, -1,
      595, 641, 642, -1,
      595, 642, 596, -1,
      596, 642, 643, -1,
      596, 643, 597, -1,
      597, 643, 644, -1,
      597, 644, 598, -1,
      598, 644, 645, -1,
      598, 645, 599, -1,
      599, 645, 646, -1,
      599, 646, 600, -1,
      600, 646, 647, -1,
      600, 647, 601, -1,
      601, 647, 648, -1,
      601, 648, 602, -1,
      602, 648, 649, -1,
      602, 649, 603, -1,
      603, 649, 650, -1,
      603, 650, 604, -1,
      604, 650, 651, -1,
      604, 651, 605, -1,
      605, 651, 652, -1,
      605, 652, 606, -1,
      606, 652, 653, -1,
      606, 653, 607, -1,
      607, 653, 654, -1,
      607, 654, 608, -1,
      608, 654, 655, -1,
      608, 655, 609, -1,
      609, 655, 656, -1,
      610, 657, 611, -1,
      611, 657, 658, -1,
      611, 658, 612, -1,
      612, 658, 659, -1,
      612, 659, 613, -1,
      613, 659, 660, -1,
      613, 660, 614, -1,
      614, 660, 661, -1,
      614, 661, 615, -1,
      615, 661, 662, -1,
      615, 662, 616, -1,
      616, 662, 663, -1,
      616, 663, 617, -1,
      617, 663, 664, -1,
      617, 664, 618, -1,
      618, 664, 665, -1,
      618, 665, 619, -1,
      619, 665, 666, -1,
      619, 666, 620, -1,
      620, 666, 667, -1,
      620, 667, 621, -1,
      621, 667, 668, -1,
      621, 668, 622, -1,
      622, 668, 669, -1,
      622, 669, 623, -1,
      623, 669, 670, -1,
      623, 670, 624, -1,
      624, 670, 671, -1,
      624, 671, 625, -1,
      625, 671, 672, -1,
      625, 672, 626, -1,
      626, 672, 673, -1,
      626, 673, 627, -1,
      627, 673, 674, -1,
      627, 674, 628, -1,
      628, 674, 675, -1,
      628, 675, 629, -1,
      629, 675, 676, -1,
      629, 676, 630, -1,
      630, 676, 677, -1,
      630, 677, 631, -1,
      631, 677, 678, -1,
      631, 678, 632, -1,
      632, 678, 679, -1,
      632, 679, 633, -1,
      633, 679, 680, -1,
      633, 680, 634, -1,
      634, 680, 681, -1,
      634, 681, 635, -1,
      635, 681, 682, -1,
      635, 682, 636, -1,
      636, 682, 683, -1,
      636, 683, 637, -1,
      637, 683, 684, -1,
      637, 684, 638, -1,
      638, 684, 685, -1,
      638, 685, 639, -1,
      639, 685, 686, -1,
      639, 686, 640, -1,
      640, 686, 687, -1,
      640, 687, 641, -1,
      641, 687, 688, -1,
      641, 688, 642, -1,
      642, 688, 689, -1,
      642, 689, 643, -1,
      643, 689, 690, -1,
      643, 690, 644, -1,
      644, 690, 691, -1,
      644, 691, 645, -1,
      645, 691, 692, -1,
      645, 692, 646, -1,
      646, 692, 693, -1,
      646, 693, 647, -1,
      647, 693, 694, -1,
      647, 694, 648, -1,
      648, 694, 695, -1,
      648, 695, 649, -1,
      649, 695, 696, -1,
      649, 696, 650, -1,
      650, 696, 697, -1,
      650, 697, 651, -1,
      651, 697, 698, -1,
      651, 698, 652, -1,
      652, 698, 699, -1,
      652, 699, 653, -1,
      653, 699, 700, -1,
      653, 700, 654, -1,
      654, 700, 701, -1,
      654, 701, 655, -1,
      655, 701, 702, -1,
      655, 702, 656, -1,
      656, 702, 703, -1,
      657, 704, 658, -1,
      658, 704, 705, -1,
      658, 705, 659, -1,
      659, 705, 706, -1,
      659, 706, 660, -1,
      660, 706, 707, -1,
      660, 707, 661, -1,
      661, 707, 708, -1,
      661, 708, 662, -1,
      662, 708, 709, -1,
      662, 709, 663, -1,
      663, 709, 710, -1,
      663, 710, 664, -1,
      664, 710, 711, -1,
      664, 711, 665, -1,
      665, 711, 712, -1,
      665, 712, 666, -1,
      666, 712, 713, -1,
      666, 713, 667, -1,
      667, 713, 714, -1,
      667, 714, 668, -1,
      668, 714, 715, -1,
      668, 715, 669, -1,
      669, 715, 716, -1,
      669, 716, 670, -1,
      670, 716, 717, -1,
      670, 717, 671, -1,
      671, 717, 718, -1,
      671, 718, 672, -1,
      672, 718, 719, -1,
      672, 719, 673, -1,
      673, 719, 720, -1,
      673, 720, 674, -1,
      674, 720, 721, -1,
      674, 721, 675, -1,
      675, 721, 722, -1,
      675, 722, 676, -1,
      676, 722, 723, -1,
      676, 723, 677, -1,
      677, 723, 724, -1,
      677, 724, 678, -1,
      678, 724, 725, -1,
      678, 725, 679, -1,
      679, 725, 726, -1,
      679, 726, 680, -1,
      680, 726, 727, -1,
      680, 727, 681, -1,
      681, 727, 728, -1,
      681, 728, 682, -1,
      682, 728, 729, -1,
      682, 729, 683, -1,
      683, 729, 730, -1,
      683, 730, 684, -1,
      684, 730, 731, -1,
      684, 731, 685, -1,
      685, 731, 732, -1,
      685, 732, 686, -1,
      686, 732, 733, -1,
      686, 733, 687, -1,
      687, 733, 734, -1,
      687, 734, 688, -1,
      688, 734, 735, -1,
      688, 735, 689, -1,
      689, 735, 736, -1,
      689, 736, 690, -1,
      690, 736, 737, -1,
      690, 737, 691, -1,
      691, 737, 738, -1,
      691, 738, 692, -1,
      692, 738, 739, -1,
      692, 739, 693, -1,
      693, 739, 740, -1,
      693, 740, 694, -1,
      694, 740, 741, -1,
      694, 741, 695, -1,
      695, 741, 742, -1,
      695, 742, 696, -1,
      696, 742, 743, -1,
      696, 743, 697, -1,
      697, 743, 744, -1,
      697, 744, 698, -1,
      698, 744, 745, -1,
      698, 745, 699, -1,
      699, 745, 746, -1,
      699, 746, 700, -1,
      700, 746, 747, -1,
      700, 747, 701, -1,
      701, 747, 748, -1,
      701, 748, 702, -1,
      702, 748, 749, -1,
      702, 749, 703, -1,
      703, 749, 750, -1,
      704, 751, 705, -1,
      705, 751, 752, -1,
      705, 752, 706, -1,
      706, 752, 753, -1,
      706, 753, 707, -1,
      707, 753, 754, -1,
      707, 754, 708, -1,
      708, 754, 755, -1,
      708, 755, 709, -1,
      709, 755, 756, -1,
      709, 756, 710, -1,
      710, 756, 757, -1,
      710, 757, 711, -1,
      711, 757, 758, -1,
      711, 758, 712, -1,
      712, 758, 759, -1,
      712, 759, 713, -1,
      713, 759, 760, -1,
      713, 760, 714, -1,
      714, 760, 761, -1,
      714, 761, 715, -1,
      715, 761, 762, -1,
      715, 762, 716, -1,
      716, 762, 763, -1,
      716, 763, 717, -1,
      717, 763, 764, -1,
      717, 764, 718, -1,
      718, 764, 765, -1,
      718, 765, 719, -1,
      719, 765, 766, -1,
      719, 766, 720, -1,
      720, 766, 767, -1,
      720, 767, 721, -1,
      721, 767, 768, -1,
      721, 768, 722, -1,
      722, 768, 769, -1,
      722, 769, 723, -1,
      723, 769, 770, -1,
      723, 770, 724, -1,
      724, 770, 771, -1,
      724, 771, 725, -1,
      725, 771, 772, -1,
      725, 772, 726, -1,
      726, 772, 773, -1,
      726, 773, 727, -1,
      727, 773, 774, -1,
      727, 774, 728, -1,
      728, 774, 775, -1,
      728, 775, 729, -1,
      729, 775, 776, -1,
      729, 776, 730, -1,
      730, 776, 777, -1,
      730, 777, 731, -1,
      731, 777, 778, -1,
      731, 778, 732, -1,
      732, 778, 779, -1,
      732, 779, 733, -1,
      733, 779, 780, -1,
      733, 780, 734, -1,
      734, 780, 781, -1,
      734, 781, 735, -1,
      735, 781, 782, -1,
      735, 782, 736, -1,
      736, 782, 783, -1,
      736, 783, 737, -1,
      737, 783, 784, -1,
      737, 784, 738, -1,
      738, 784, 785, -1,
      738, 785, 739, -1,
      739, 785, 786, -1,
      739, 786, 740, -1,
      740, 786, 787, -1,
      740, 787, 741, -1,
      741, 787, 788, -1,
      741, 788, 742, -1,
      742, 788, 789, -1,
      742, 789, 743, -1,
      743, 789, 790, -1,
      743, 790, 744, -1,
      744, 790, 791, -1,
      744, 791, 745, -1,
      745, 791, 792, -1,
      745, 792, 746, -1,
      746, 792, 793, -1,
      746, 793, 747, -1,
      747, 793, 794, -1,
      747, 794, 748, -1,
      748, 794, 795, -1,
      748, 795, 749, -1,
      749, 795, 796, -1,
      749, 796, 750, -1,
      750, 796, 797, -1,
      751, 798, 752, -1,
      752, 798, 799, -1,
      752, 799, 753, -1,
      753, 799, 800, -1,
      753, 800, 754, -1,
      754, 800, 801, -1,
      754, 801, 755, -1,
      755, 801, 802, -1,
      755, 802, 756, -1,
      756, 802, 803, -1,
      756, 803, 757, -1,
      757, 803, 804, -1,
      757, 804, 758, -1,
      758, 804, 805, -1,
      758, 805, 759, -1,
      759, 805, 806, -1,
      759, 806, 760, -1,
      760, 806, 807, -1,
      760, 807, 761, -1,
      761, 807, 808, -1,
      761, 808, 762, -1,
      762, 808, 809, -1,
      762, 809, 763, -1,
      763, 809, 810, -1,
      763, 810, 764, -1,
      764, 810, 811, -1,
      764, 811, 765, -1,
      765, 811, 812, -1,
      765, 812, 766, -1,
      766, 812, 813, -1,
      766, 813, 767, -1,
      767, 813, 814, -1,
      767, 814, 768, -1,
      768, 814, 815, -1,
      768, 815, 769, -1,
      769, 815, 816, -1,
      769, 816, 770, -1,
      770, 816, 817, -1,
      770, 817, 771, -1,
      771, 817, 818, -1,
      771, 818, 772, -1,
      772, 818, 819, -1,
      772, 819, 773, -1,
      773, 819, 820, -1,
      773, 820, 774, -1,
      774, 820, 821, -1,
      774, 821, 775, -1,
      775, 821, 822, -1,
      775, 822, 776, -1,
      776, 822, 823, -1,
      776, 823, 777, -1,
      777, 823, 824, -1,
      777, 824, 778, -1,
      778, 824, 825, -1,
      778, 825, 779, -1,
      779, 825, 826, -1,
      779, 826, 780, -1,
      780, 826, 827, -1,
      780, 827, 781, -1,
      781, 827, 828, -1,
      781, 828, 782, -1,
      782, 828, 829, -1,
      782, 829, 783, -1,
      783, 829, 830, -1,
      783, 830, 784, -1,
      784, 830, 831, -1,
      784, 831, 785, -1,
      785, 831, 832, -1,
      785, 832, 786, -1,
      786, 832, 833, -1,
      786, 833, 787, -1,
      787, 833, 834, -1,
      787, 834, 788, -1,
      788, 834, 835, -1,
      788, 835, 789, -1,
      789, 835, 836, -1,
      789, 836, 790, -1,
      790, 836, 837, -1,
      790, 837, 791, -1,
      791, 837, 838, -1,
      791, 838, 792, -1,
      792, 838, 839, -1,
      792, 839, 793, -1,
      793, 839, 840, -1,
      793, 840, 794, -1,
      794, 840, 841, -1,
      794, 841, 795, -1,
      795, 841, 842, -1,
      795, 842, 796, -1,
      796, 842, 843, -1,
      796, 843, 797, -1,
      797, 843, 844, -1,
      845, 846, 847, -1,
      848, 849, 850, -1,
      850, 849, 851, -1,
      850, 851, 852, -1,
      853, 854, 848, -1,
      848, 854, 855, -1,
      848, 855, 849, -1,
      856, 857, 858, -1,
      858, 857, 859, -1,
      858, 859, 860, -1,
      861, 862, 863, -1,
      863, 862, 864, -1,
      863, 864, 865, -1,
      866, 867, 868, -1,
      868, 867, 869, -1,
      868, 869, 870, -1,
      870, 869, 871, -1,
      859, 872, 860, -1,
      860, 872, 873, -1,
      860, 873, 871, -1,
      871, 873, 874, -1,
      871, 874, 870, -1,
      875, 876, 856, -1,
      856, 876, 877, -1,
      856, 877, 857, -1,
      864, 878, 865, -1,
      865, 878, 879, -1,
      865, 879, 853, -1,
      853, 879, 880, -1,
      853, 880, 854, -1,
      847, 881, 845, -1,
      845, 881, 882, -1,
      845, 882, 861, -1,
      861, 882, 883, -1,
      861, 883, 862, -1,
      884, 885, 875, -1,
      875, 885, 886, -1,
      875, 886, 876, -1,
      887, 888, 889, -1,
      889, 888, 890, -1,
      889, 890, 884, -1,
      884, 890, 891, -1,
      884, 891, 885, -1,
      892, 893, 887, -1,
      887, 893, 894, -1,
      887, 894, 888, -1,
      895, 896, 892, -1,
      892, 896, 897, -1,
      892, 897, 893, -1,
      898, 899, 900, -1,
      900, 899, 901, -1,
      900, 901, 895, -1,
      895, 901, 902, -1,
      895, 902, 896, -1,
      903, 904, 898, -1,
      898, 904, 905, -1,
      898, 905, 899, -1,
      906, 907, 903, -1,
      903, 907, 908, -1,
      903, 908, 904, -1,
      909, 910, 911, -1,
      911, 910, 912, -1,
      911, 912, 906, -1,
      906, 912, 913, -1,
      906, 913, 907, -1,
      914, 915, 909, -1,
      909, 915, 916, -1,
      909, 916, 910, -1,
      851, 917, 852, -1,
      852, 917, 918, -1,
      852, 918, 914, -1,
      914, 918, 919, -1,
      914, 919, 915, -1,
      920, 921, 922, -1,
      923, 924, 925, -1,
      926, 927, 928, -1,
      929, 930, 931, -1,
      932, 933, 934, -1,
      935, 936, 937, -1,
      938, 939, 940, -1,
      941, 942, 943, -1,
      944, 945, 946, -1,
      947, 948, 949, -1,
      950, 951, 952, -1,
      953, 954, 955, -1,
      956, 957, 958, -1,
      959, 960, 961, -1,
      962, 963, 964, -1,
      965, 966, 967, -1,
      968, 969, 970, -1,
      971, 972, 973, -1,
      974, 975, 976, -1,
      977, 978, 979, -1,
      868, 870, 980, -1,
      980, 870, 981, -1,
      980, 981, 982, -1,
      982, 981, 983, -1,
      982, 983, 984, -1,
      984, 983, 985, -1,
      984, 985, 986, -1,
      986, 985, 987, -1,
      986, 987, 988, -1,
      988, 987, 979, -1,
      873, 872, 989, -1,
      989, 872, 990, -1,
      989, 990, 991, -1,
      991, 990, 992, -1,
      991, 992, 993, -1,
      993, 992, 994, -1,
      993, 994, 995, -1,
      995, 994, 996, -1,
      995, 996, 997, -1,
      997, 996, 976, -1,
      877, 876, 998, -1,
      998, 876, 999, -1,
      998, 999, 1000, -1,
      1000, 999, 1001, -1,
      1000, 1001, 1002, -1,
      1002, 1001, 1003, -1,
      1002, 1003, 1004, -1,
      1004, 1003, 1005, -1,
      1004, 1005, 1006, -1,
      1006, 1005, 970, -1,
      885, 891, 1007, -1,
      1007, 891, 1008, -1,
      1007, 1008, 1009, -1,
      1009, 1008, 1010, -1,
      1009, 1010, 1011, -1,
      1011, 1010, 1012, -1,
      1011, 1012, 1013, -1,
      1013, 1012, 1014, -1,
      1013, 1014, 1015, -1,
      1015, 1014, 967, -1,
      894, 893, 1016, -1,
      1016, 893, 1017, -1,
      1016, 1017, 1018, -1,
      1018, 1017, 1019, -1,
      1018, 1019, 1020, -1,
      1020, 1019, 1021, -1,
      1020, 1021, 1022, -1,
      1022, 1021, 1023, -1,
      1022, 1023, 1024, -1,
      1024, 1023, 961, -1,
      905, 904, 1025, -1,
      1025, 904, 1026, -1,
      1025, 1026, 1027, -1,
      1027, 1026, 1028, -1,
      1027, 1028, 1029, -1,
      1029, 1028, 1030, -1,
      1029, 1030, 1031, -1,
      1031, 1030, 1032, -1,
      1031, 1032, 1033, -1,
      1033, 1032, 949, -1,
      913, 912, 1034, -1,
      1034, 912, 1035, -1,
      1034, 1035, 1036, -1,
      1036, 1035, 1037, -1,
      1036, 1037, 1038, -1,
      1038, 1037, 1039, -1,
      1038, 1039, 1040, -1,
      1040, 1039, 1041, -1,
      1040, 1041, 1042, -1,
      1042, 1041, 943, -1,
      916, 915, 1043, -1,
      1043, 915, 1044, -1,
      1043, 1044, 1045, -1,
      1045, 1044, 1046, -1,
      1045, 1046, 1047, -1,
      1047, 1046, 1048, -1,
      1047, 1048, 1049, -1,
      1049, 1048, 1050, -1,
      1049, 1050, 1051, -1,
      1051, 1050, 940, -1,
      917, 851, 1052, -1,
      1052, 851, 1053, -1,
      1052, 1053, 1054, -1,
      1054, 1053, 1055, -1,
      1054, 1055, 1056, -1,
      1056, 1055, 1057, -1,
      1056, 1057, 1058, -1,
      1058, 1057, 1059, -1,
      1058, 1059, 1060, -1,
      1060, 1059, 934, -1,
      855, 854, 1061, -1,
      1061, 854, 1062, -1,
      1061, 1062, 1063, -1,
      1063, 1062, 1064, -1,
      1063, 1064, 1065, -1,
      1065, 1064, 1066, -1,
      1065, 1066, 1067, -1,
      1067, 1066, 1068, -1,
      1067, 1068, 1069, -1,
      1069, 1068, 931, -1,
      878, 864, 1070, -1,
      1070, 864, 1071, -1,
      1070, 1071, 1072, -1,
      1072, 1071, 1073, -1,
      1072, 1073, 1074, -1,
      1074, 1073, 1075, -1,
      1074, 1075, 1076, -1,
      1076, 1075, 1077, -1,
      1076, 1077, 1078, -1,
      1078, 1077, 925, -1,
      883, 882, 1079, -1,
      1079, 882, 1080, -1,
      1079, 1080, 1081, -1,
      1081, 1080, 1082, -1,
      1081, 1082, 1083, -1,
      1083, 1082, 1084, -1,
      1083, 1084, 1085, -1,
      1085, 1084, 1086, -1,
      1085, 1086, 1087, -1,
      1087, 1086, 922, -1,
      866, 868, 1088, -1,
      1088, 868, 980, -1,
      1088, 980, 1089, -1,
      1089, 980, 982, -1,
      1089, 982, 1090, -1,
      1090, 982, 984, -1,
      1090, 984, 1091, -1,
      1091, 984, 986, -1,
      1091, 986, 1092, -1,
      1092, 986, 988, -1,
      1092, 988, 1093, -1,
      1093, 988, 1094, -1,
      979, 978, 988, -1,
      988, 978, 1095, -1,
      988, 1095, 1094, -1,
      1096, 977, 1097, -1,
      1097, 977, 979, -1,
      1097, 979, 1098, -1,
      1098, 979, 987, -1,
      1098, 987, 1099, -1,
      1099, 987, 985, -1,
      1099, 985, 1100, -1,
      1100, 985, 983, -1,
      1100, 983, 1101, -1,
      1101, 983, 981, -1,
      1101, 981, 874, -1,
      874, 981, 870, -1,
      874, 873, 1101, -1,
      1101, 873, 989, -1,
      1101, 989, 1100, -1,
      1100, 989, 991, -1,
      1100, 991, 1099, -1,
      1099, 991, 993, -1,
      1099, 993, 1098, -1,
      1098, 993, 995, -1,
      1098, 995, 1097, -1,
      1097, 995, 997, -1,
      1097, 997, 1096, -1,
      1096, 997, 1102, -1,
      976, 975, 997, -1,
      997, 975, 1103, -1,
      997, 1103, 1102, -1,
      972, 974, 973, -1,
      973, 974, 976, -1,
      973, 976, 1104, -1,
      1104, 976, 996, -1,
      1104, 996, 1105, -1,
      1105, 996, 994, -1,
      1105, 994, 1106, -1,
      1106, 994, 992, -1,
      1106, 992, 1107, -1,
      1107, 992, 990, -1,
      1107, 990, 859, -1,
      859, 990, 872, -1,
      1108, 971, 1109, -1,
      1109, 971, 973, -1,
      1109, 973, 1110, -1,
      1110, 973, 1104, -1,
      1110, 1104, 1111, -1,
      1111, 1104, 1105, -1,
      1111, 1105, 1112, -1,
      1112, 1105, 1106, -1,
      1112, 1106, 1113, -1,
      1113, 1106, 1107, -1,
      1113, 1107, 857, -1,
      857, 1107, 859, -1,
      857, 877, 1113, -1,
      1113, 877, 998, -1,
      1113, 998, 1112, -1,
      1112, 998, 1000, -1,
      1112, 1000, 1111, -1,
      1111, 1000, 1002, -1,
      1111, 1002, 1110, -1,
      1110, 1002, 1004, -1,
      1110, 1004, 1109, -1,
      1109, 1004, 1006, -1,
      1109, 1006, 1108, -1,
      1108, 1006, 1114, -1,
      970, 969, 1006, -1,
      1006, 969, 1115, -1,
      1006, 1115, 1114, -1,
      1116, 968, 1117, -1,
      1117, 968, 970, -1,
      1117, 970, 1118, -1,
      1118, 970, 1005, -1,
      1118, 1005, 1119, -1,
      1119, 1005, 1003, -1,
      1119, 1003, 1120, -1,
      1120, 1003, 1001, -1,
      1120, 1001, 1121, -1,
      1121, 1001, 999, -1,
      1121, 999, 886, -1,
      886, 999, 876, -1,
      886, 885, 1121, -1,
      1121, 885, 1007, -1,
      1121, 1007, 1120, -1,
      1120, 1007, 1009, -1,
      1120, 1009, 1119, -1,
      1119, 1009, 1011, -1,
      1119, 1011, 1118, -1,
      1118, 1011, 1013, -1,
      1118, 1013, 1117, -1,
      1117, 1013, 1015, -1,
      1117, 1015, 1116, -1,
      1116, 1015, 1122, -1,
      967, 966, 1015, -1,
      1015, 966, 1123, -1,
      1015, 1123, 1122, -1,
      963, 965, 964, -1,
      964, 965, 967, -1,
      964, 967, 1124, -1,
      1124, 967, 1014, -1,
      1124, 1014, 1125, -1,
      1125, 1014, 1012, -1,
      1125, 1012, 1126, -1,
      1126, 1012, 1010, -1,
      1126, 1010, 1127, -1,
      1127, 1010, 1008, -1,
      1127, 1008, 890, -1,
      890, 1008, 891, -1,
      1128, 962, 1129, -1,
      1129, 962, 964, -1,
      1129, 964, 1130, -1,
      1130, 964, 1124, -1,
      1130, 1124, 1131, -1,
      1131, 1124, 1125, -1,
      1131, 1125, 1132, -1,
      1132, 1125, 1126, -1,
      1132, 1126, 1133, -1,
      1133, 1126, 1127, -1,
      1133, 1127, 888, -1,
      888, 1127, 890, -1,
      888, 894, 1133, -1,
      1133, 894, 1016, -1,
      1133, 1016, 1132, -1,
      1132, 1016, 1018, -1,
      1132, 1018, 1131, -1,
      1131, 1018, 1020, -1,
      1131, 1020, 1130, -1,
      1130, 1020, 1022, -1,
      1130, 1022, 1129, -1,
      1129, 1022, 1024, -1,
      1129, 1024, 1128, -1,
      1128, 1024, 1134, -1,
      961, 960, 1024, -1,
      1024, 960, 1135, -1,
      1024, 1135, 1134, -1,
      1136, 959, 1137, -1,
      1137, 959, 961, -1,
      1137, 961, 1138, -1,
      1138, 961, 1023, -1,
      1138, 1023, 1139, -1,
      1139, 1023, 1021, -1,
      1139, 1021, 1140, -1,
      1140, 1021, 1019, -1,
      1140, 1019, 1141, -1,
      1141, 1019, 1017, -1,
      1141, 1017, 897, -1,
      897, 1017, 893, -1,
      897, 896, 1141, -1,
      1141, 896, 1142, -1,
      1141, 1142, 1140, -1,
      1140, 1142, 1143, -1,
      1140, 1143, 1139, -1,
      1139, 1143, 1144, -1,
      1139, 1144, 1138, -1,
      1138, 1144, 1145, -1,
      1138, 1145, 1137, -1,
      1137, 1145, 958, -1,
      1137, 958, 1136, -1,
      1136, 958, 957, -1,
      954, 956, 955, -1,
      955, 956, 958, -1,
      955, 958, 1146, -1,
      1146, 958, 1145, -1,
      1146, 1145, 1147, -1,
      1147, 1145, 1144, -1,
      1147, 1144, 1148, -1,
      1148, 1144, 1143, -1,
      1148, 1143, 1149, -1,
      1149, 1143, 1142, -1,
      1149, 1142, 902, -1,
      902, 1142, 896, -1,
      951, 953, 952, -1,
      952, 953, 955, -1,
      952, 955, 1150, -1,
      1150, 955, 1146, -1,
      1150, 1146, 1151, -1,
      1151, 1146, 1147, -1,
      1151, 1147, 1152, -1,
      1152, 1147, 1148, -1,
      1152, 1148, 1153, -1,
      1153, 1148, 1149, -1,
      1153, 1149, 901, -1,
      901, 1149, 902, -1,
      1154, 950, 1155, -1,
      1155, 950, 952, -1,
      1155, 952, 1156, -1,
      1156, 952, 1150, -1,
      1156, 1150, 1157, -1,
      1157, 1150, 1151, -1,
      1157, 1151, 1158, -1,
      1158, 1151, 1152, -1,
      1158, 1152, 1159, -1,
      1159, 1152, 1153, -1,
      1159, 1153, 899, -1,
      899, 1153, 901, -1,
      899, 905, 1159, -1,
      1159, 905, 1025, -1,
      1159, 1025, 1158, -1,
      1158, 1025, 1027, -1,
      1158, 1027, 1157, -1,
      1157, 1027, 1029, -1,
      1157, 1029, 1156, -1,
      1156, 1029, 1031, -1,
      1156, 1031, 1155, -1,
      1155, 1031, 1033, -1,
      1155, 1033, 1154, -1,
      1154, 1033, 1160, -1,
      949, 948, 1033, -1,
      1033, 948, 1161, -1,
      1033, 1161, 1160, -1,
      1162, 947, 1163, -1,
      1163, 947, 949, -1,
      1163, 949, 1164, -1,
      1164, 949, 1032, -1,
      1164, 1032, 1165, -1,
      1165, 1032, 1030, -1,
      1165, 1030, 1166, -1,
      1166, 1030, 1028, -1,
      1166, 1028, 1167, -1,
      1167, 1028, 1026, -1,
      1167, 1026, 908, -1,
      908, 1026, 904, -1,
      908, 907, 1167, -1,
      1167, 907, 1168, -1,
      1167, 1168, 1166, -1,
      1166, 1168, 1169, -1,
      1166, 1169, 1165, -1,
      1165, 1169, 1170, -1,
      1165, 1170, 1164, -1,
      1164, 1170, 1171, -1,
      1164, 1171, 1163, -1,
      1163, 1171, 946, -1,
      1163, 946, 1162, -1,
      1162, 946, 945, -1,
      1172, 944, 1042, -1,
      1042, 944, 946, -1,
      1042, 946, 1040, -1,
      1040, 946, 1171, -1,
      1040, 1171, 1038, -1,
      1038, 1171, 1170, -1,
      1038, 1170, 1036, -1,
      1036, 1170, 1169, -1,
      1036, 1169, 1034, -1,
      1034, 1169, 1168, -1,
      1034, 1168, 913, -1,
      913, 1168, 907, -1,
      943, 942, 1042, -1,
      1042, 942, 1173, -1,
      1042, 1173, 1172, -1,
      1174, 941, 1175, -1,
      1175, 941, 943, -1,
      1175, 943, 1176, -1,
      1176, 943, 1041, -1,
      1176, 1041, 1177, -1,
      1177, 1041, 1039, -1,
      1177, 1039, 1178, -1,
      1178, 1039, 1037, -1,
      1178, 1037, 1179, -1,
      1179, 1037, 1035, -1,
      1179, 1035, 910, -1,
      910, 1035, 912, -1,
      910, 916, 1179, -1,
      1179, 916, 1043, -1,
      1179, 1043, 1178, -1,
      1178, 1043, 1045, -1,
      1178, 1045, 1177, -1,
      1177, 1045, 1047, -1,
      1177, 1047, 1176, -1,
      1176, 1047, 1049, -1,
      1176, 1049, 1175, -1,
      1175, 1049, 1051, -1,
      1175, 1051, 1174, -1,
      1174, 1051, 1180, -1,
      940, 939, 1051, -1,
      1051, 939, 1181, -1,
      1051, 1181, 1180, -1,
      1182, 938, 1183, -1,
      1183, 938, 940, -1,
      1183, 940, 1184, -1,
      1184, 940, 1050, -1,
      1184, 1050, 1185, -1,
      1185, 1050, 1048, -1,
      1185, 1048, 1186, -1,
      1186, 1048, 1046, -1,
      1186, 1046, 1187, -1,
      1187, 1046, 1044, -1,
      1187, 1044, 919, -1,
      919, 1044, 915, -1,
      919, 918, 1187, -1,
      1187, 918, 1188, -1,
      1187, 1188, 1186, -1,
      1186, 1188, 1189, -1,
      1186, 1189, 1185, -1,
      1185, 1189, 1190, -1,
      1185, 1190, 1184, -1,
      1184, 1190, 1191, -1,
      1184, 1191, 1183, -1,
      1183, 1191, 937, -1,
      1183, 937, 1182, -1,
      1182, 937, 936, -1,
      1192, 935, 1060, -1,
      1060, 935, 937, -1,
      1060, 937, 1058, -1,
      1058, 937, 1191, -1,
      1058, 1191, 1056, -1,
      1056, 1191, 1190, -1,
      1056, 1190, 1054, -1,
      1054, 1190, 1189, -1,
      1054, 1189, 1052, -1,
      1052, 1189, 1188, -1,
      1052, 1188, 917, -1,
      917, 1188, 918, -1,
      934, 933, 1060, -1,
      1060, 933, 1193, -1,
      1060, 1193, 1192, -1,
      1194, 932, 1195, -1,
      1195, 932, 934, -1,
      1195, 934, 1196, -1,
      1196, 934, 1059, -1,
      1196, 1059, 1197, -1,
      1197, 1059, 1057, -1,
      1197, 1057, 1198, -1,
      1198, 1057, 1055, -1,
      1198, 1055, 1199, -1,
      1199, 1055, 1053, -1,
      1199, 1053, 849, -1,
      849, 1053, 851, -1,
      849, 855, 1199, -1,
      1199, 855, 1061, -1,
      1199, 1061, 1198, -1,
      1198, 1061, 1063, -1,
      1198, 1063, 1197, -1,
      1197, 1063, 1065, -1,
      1197, 1065, 1196, -1,
      1196, 1065, 1067, -1,
      1196, 1067, 1195, -1,
      1195, 1067, 1069, -1,
      1195, 1069, 1194, -1,
      1194, 1069, 1200, -1,
      931, 930, 1069, -1,
      1069, 930, 1201, -1,
      1069, 1201, 1200, -1,
      1202, 929, 1203, -1,
      1203, 929, 931, -1,
      1203, 931, 1204, -1,
      1204, 931, 1068, -1,
      1204, 1068, 1205, -1,
      1205, 1068, 1066, -1,
      1205, 1066, 1206, -1,
      1206, 1066, 1064, -1,
      1206, 1064, 1207, -1,
      1207, 1064, 1062, -1,
      1207, 1062, 880, -1,
      880, 1062, 854, -1,
      880, 879, 1207, -1,
      1207, 879, 1208, -1,
      1207, 1208, 1206, -1,
      1206, 1208, 1209, -1,
      1206, 1209, 1205, -1,
      1205, 1209, 1210, -1,
      1205, 1210, 1204, -1,
      1204, 1210, 1211, -1,
      1204, 1211, 1203, -1,
      1203, 1211, 928, -1,
      1203, 928, 1202, -1,
      1202, 928, 927, -1,
      1212, 926, 1078, -1,
      1078, 926, 928, -1,
      1078, 928, 1076, -1,
      1076, 928, 1211, -1,
      1076, 1211, 1074, -1,
      1074, 1211, 1210, -1,
      1074, 1210, 1072, -1,
      1072, 1210, 1209, -1,
      1072, 1209, 1070, -1,
      1070, 1209, 1208, -1,
      1070, 1208, 878, -1,
      878, 1208, 879, -1,
      925, 924, 1078, -1,
      1078, 924, 1213, -1,
      1078, 1213, 1212, -1,
      1214, 923, 1215, -1,
      1215, 923, 925, -1,
      1215, 925, 1216, -1,
      1216, 925, 1077, -1,
      1216, 1077, 1217, -1,
      1217, 1077, 1075, -1,
      1217, 1075, 1218, -1,
      1218, 1075, 1073, -1,
      1218, 1073, 1219, -1,
      1219, 1073, 1071, -1,
      1219, 1071, 862, -1,
      862, 1071, 864, -1,
      862, 883, 1219, -1,
      1219, 883, 1079, -1,
      1219, 1079, 1218, -1,
      1218, 1079, 1081, -1,
      1218, 1081, 1217, -1,
      1217, 1081, 1083, -1,
      1217, 1083, 1216, -1,
      1216, 1083, 1085, -1,
      1216, 1085, 1215, -1,
      1215, 1085, 1087, -1,
      1215, 1087, 1214, -1,
      1214, 1087, 1220, -1,
      922, 921, 1087, -1,
      1087, 921, 1221, -1,
      1087, 1221, 1220, -1,
      1222, 920, 1223, -1,
      1223, 920, 922, -1,
      1223, 922, 1224, -1,
      1224, 922, 1086, -1,
      1224, 1086, 1225, -1,
      1225, 1086, 1084, -1,
      1225, 1084, 1226, -1,
      1226, 1084, 1082, -1,
      1226, 1082, 1227, -1,
      1227, 1082, 1080, -1,
      1227, 1080, 881, -1,
      881, 1080, 882, -1,
      881, 847, 1227, -1,
      1227, 847, 1228, -1,
      1227, 1228, 1226, -1,
      1226, 1228, 1229, -1,
      1226, 1229, 1225, -1,
      1225, 1229, 1230, -1,
      1225, 1230, 1224, -1,
      1224, 1230, 1231, -1,
      1224, 1231, 1223, -1,
      1223, 1231, 1232, -1,
      1223, 1232, 1222, -1,
      1222, 1232, 1233, -1,
      1233, 1234, 1222, -1,
      1222, 1234, 1235, -1,
      1222, 1235, 920, -1,
      920, 1235, 1236, -1,
      920, 1236, 921, -1,
      921, 1236, 1237, -1,
      921, 1237, 1221, -1,
      1221, 1237, 1238, -1,
      1221, 1238, 1220, -1,
      1220, 1238, 1239, -1,
      1220, 1239, 1214, -1,
      1214, 1239, 1240, -1,
      1214, 1240, 923, -1,
      923, 1240, 1241, -1,
      923, 1241, 924, -1,
      924, 1241, 1242, -1,
      924, 1242, 1213, -1,
      1213, 1242, 1243, -1,
      1213, 1243, 1212, -1,
      1212, 1243, 1244, -1,
      1212, 1244, 926, -1,
      926, 1244, 1245, -1,
      926, 1245, 927, -1,
      927, 1245, 1246, -1,
      927, 1246, 1202, -1,
      1202, 1246, 1247, -1,
      1202, 1247, 929, -1,
      929, 1247, 1248, -1,
      929, 1248, 930, -1,
      930, 1248, 1249, -1,
      930, 1249, 1201, -1,
      1201, 1249, 1250, -1,
      1201, 1250, 1200, -1,
      1200, 1250, 1251, -1,
      1200, 1251, 1194, -1,
      1194, 1251, 1252, -1,
      1194, 1252, 932, -1,
      932, 1252, 1253, -1,
      932, 1253, 933, -1,
      933, 1253, 1254, -1,
      933, 1254, 1193, -1,
      1193, 1254, 1255, -1,
      1193, 1255, 1192, -1,
      1192, 1255, 1256, -1,
      1192, 1256, 935, -1,
      935, 1256, 1257, -1,
      935, 1257, 936, -1,
      936, 1257, 1258, -1,
      936, 1258, 1182, -1,
      1182, 1258, 1259, -1,
      1182, 1259, 938, -1,
      938, 1259, 1260, -1,
      938, 1260, 939, -1,
      939, 1260, 1261, -1,
      939, 1261, 1181, -1,
      1181, 1261, 1262, -1,
      1181, 1262, 1180, -1,
      1180, 1262, 1263, -1,
      1180, 1263, 1174, -1,
      1174, 1263, 1264, -1,
      1174, 1264, 941, -1,
      941, 1264, 1265, -1,
      941, 1265, 942, -1,
      942, 1265, 1266, -1,
      942, 1266, 1173, -1,
      1173, 1266, 1267, -1,
      1173, 1267, 1172, -1,
      1172, 1267, 1268, -1,
      1172, 1268, 944, -1,
      944, 1268, 1269, -1,
      944, 1269, 945, -1,
      945, 1269, 1270, -1,
      945, 1270, 1162, -1,
      1162, 1270, 1271, -1,
      1162, 1271, 947, -1,
      947, 1271, 1272, -1,
      947, 1272, 948, -1,
      948, 1272, 1273, -1,
      948, 1273, 1161, -1,
      1161, 1273, 1274, -1,
      1161, 1274, 1160, -1,
      1160, 1274, 1275, -1,
      1160, 1275, 1154, -1,
      1154, 1275, 1276, -1,
      1154, 1276, 950, -1,
      950, 1276, 1277, -1,
      950, 1277, 951, -1,
      951, 1277, 1278, -1,
      951, 1278, 953, -1,
      953, 1278, 1279, -1,
      953, 1279, 954, -1,
      954, 1279, 1280, -1,
      954, 1280, 956, -1,
      956, 1280, 1281, -1,
      956, 1281, 957, -1,
      957, 1281, 1282, -1,
      957, 1282, 1136, -1,
      1136, 1282, 1283, -1,
      1136, 1283, 959, -1,
      959, 1283, 1284, -1,
      959, 1284, 960, -1,
      960, 1284, 1285, -1,
      960, 1285, 1135, -1,
      1135, 1285, 1286, -1,
      1135, 1286, 1134, -1,
      1134, 1286, 1287, -1,
      1134, 1287, 1128, -1,
      1128, 1287, 1288, -1,
      1128, 1288, 962, -1,
      962, 1288, 1289, -1,
      962, 1289, 963, -1,
      963, 1289, 1290, -1,
      963, 1290, 965, -1,
      965, 1290, 1291, -1,
      965, 1291, 966, -1,
      966, 1291, 1292, -1,
      966, 1292, 1123, -1,
      1123, 1292, 1293, -1,
      1123, 1293, 1122, -1,
      1122, 1293, 1294, -1,
      1122, 1294, 1116, -1,
      1116, 1294, 1295, -1,
      1116, 1295, 968, -1,
      968, 1295, 1296, -1,
      968, 1296, 969, -1,
      969, 1296, 1297, -1,
      969, 1297, 1115, -1,
      1115, 1297, 1298, -1,
      1115, 1298, 1114, -1,
      1114, 1298, 1299, -1,
      1114, 1299, 1108, -1,
      1108, 1299, 1300, -1,
      1108, 1300, 971, -1,
      971, 1300, 1301, -1,
      971, 1301, 972, -1,
      972, 1301, 1302, -1,
      972, 1302, 974, -1,
      974, 1302, 1303, -1,
      974, 1303, 975, -1,
      975, 1303, 1304, -1,
      975, 1304, 1103, -1,
      1103, 1304, 1305, -1,
      1103, 1305, 1102, -1,
      1102, 1305, 1306, -1,
      1102, 1306, 1096, -1,
      1096, 1306, 1307, -1,
      1096, 1307, 977, -1,
      977, 1307, 1308, -1,
      977, 1308, 978, -1,
      978, 1308, 1309, -1,
      978, 1309, 1095, -1,
      1095, 1309, 1310, -1,
      1095, 1310, 1094, -1,
      1094, 1310, 1311, -1,
      1094, 1311, 1093, -1,
      1093, 1311, 1312, -1,
      798, 1313, 1314, -1,
      1313, 1315, 1316, -1,
      1315, 1317, 1318, -1,
      8, 1319, 6, -1,
      6, 1319, 1320, -1,
      6, 1320, 4, -1,
      4, 1320, 1318, -1,
      4, 1318, 2, -1,
      2, 1318, 1317, -1,
      2, 1317, 0, -1,
      8, 10, 1319, -1,
      1319, 10, 12, -1,
      1319, 12, 1321, -1,
      1321, 12, 14, -1,
      1321, 14, 1322, -1,
      1322, 14, 16, -1,
      1322, 16, 1323, -1,
      1323, 16, 18, -1,
      18, 20, 1323, -1,
      1323, 20, 22, -1,
      1323, 22, 1324, -1,
      22, 24, 1324, -1,
      1324, 24, 26, -1,
      1324, 26, 1325, -1,
      1325, 26, 28, -1,
      1325, 28, 1326, -1,
      1326, 28, 30, -1,
      1326, 30, 1327, -1,
      1327, 30, 32, -1,
      32, 34, 1327, -1,
      1327, 34, 36, -1,
      1327, 36, 1328, -1,
      1328, 36, 38, -1,
      1328, 38, 1329, -1,
      1329, 38, 40, -1,
      1329, 40, 1330, -1,
      1330, 40, 42, -1,
      42, 44, 1330, -1,
      1330, 44, 46, -1,
      1330, 46, 1331, -1,
      46, 48, 1331, -1,
      1331, 48, 50, -1,
      1331, 50, 1332, -1,
      1332, 50, 52, -1,
      1332, 52, 1333, -1,
      1333, 52, 54, -1,
      1333, 54, 1334, -1,
      1334, 54, 56, -1,
      56, 58, 1334, -1,
      1334, 58, 60, -1,
      1334, 60, 1335, -1,
      1335, 60, 62, -1,
      1335, 62, 1336, -1,
      1336, 62, 64, -1,
      1336, 64, 1337, -1,
      1337, 64, 66, -1,
      66, 68, 1337, -1,
      1337, 68, 70, -1,
      1337, 70, 1338, -1,
      70, 72, 1338, -1,
      1338, 72, 74, -1,
      1338, 74, 1339, -1,
      1339, 74, 76, -1,
      1339, 76, 1340, -1,
      1340, 76, 78, -1,
      1340, 78, 1341, -1,
      1341, 78, 80, -1,
      80, 82, 1341, -1,
      1341, 82, 84, -1,
      1341, 84, 1342, -1,
      1342, 84, 86, -1,
      1342, 86, 1343, -1,
      86, 88, 1343, -1,
      1343, 88, 90, -1,
      1343, 90, 1344, -1,
      1344, 90, 92, -1,
      1344, 92, 1345, -1,
      1345, 92, 94, -1,
      94, 96, 1345, -1,
      1345, 96, 98, -1,
      1345, 98, 1346, -1,
      1346, 98, 100, -1,
      1346, 100, 1347, -1,
      1347, 100, 102, -1,
      1347, 102, 1348, -1,
      1348, 102, 104, -1,
      104, 106, 1348, -1,
      1348, 106, 108, -1,
      1348, 108, 1349, -1,
      1349, 108, 110, -1,
      1349, 110, 1350, -1,
      110, 112, 1350, -1,
      1350, 112, 114, -1,
      1350, 114, 1351, -1,
      1351, 114, 116, -1,
      1351, 116, 1352, -1,
      1352, 116, 118, -1,
      118, 120, 1352, -1,
      1352, 120, 122, -1,
      1352, 122, 1353, -1,
      1353, 122, 124, -1,
      1353, 124, 1354, -1,
      1354, 124, 126, -1,
      1354, 126, 1355, -1,
      1355, 126, 128, -1,
      128, 130, 1355, -1,
      1355, 130, 132, -1,
      1355, 132, 1356, -1,
      1356, 132, 134, -1,
      1356, 134, 1357, -1,
      134, 136, 1357, -1,
      1357, 136, 138, -1,
      1357, 138, 1358, -1,
      1358, 138, 140, -1,
      1358, 140, 1359, -1,
      1359, 140, 142, -1,
      142, 144, 1359, -1,
      1359, 144, 146, -1,
      1359, 146, 1360, -1,
      1360, 146, 148, -1,
      1360, 148, 1361, -1,
      1361, 148, 150, -1,
      1361, 150, 1362, -1,
      1362, 150, 152, -1,
      152, 154, 1362, -1,
      1362, 154, 156, -1,
      1362, 156, 1363, -1,
      1315, 1318, 1316, -1,
      1316, 1318, 1320, -1,
      1316, 1320, 1364, -1,
      1364, 1320, 1319, -1,
      1364, 1319, 1365, -1,
      1365, 1319, 1321, -1,
      1365, 1321, 1366, -1,
      1366, 1321, 1322, -1,
      1366, 1322, 1367, -1,
      1367, 1322, 1323, -1,
      1367, 1323, 1368, -1,
      1368, 1323, 1324, -1,
      1368, 1324, 1369, -1,
      1369, 1324, 1325, -1,
      1369, 1325, 1370, -1,
      1370, 1325, 1326, -1,
      1370, 1326, 1371, -1,
      1371, 1326, 1327, -1,
      1371, 1327, 1372, -1,
      1372, 1327, 1328, -1,
      1372, 1328, 1373, -1,
      1373, 1328, 1329, -1,
      1373, 1329, 1374, -1,
      1374, 1329, 1330, -1,
      1374, 1330, 1375, -1,
      1375, 1330, 1331, -1,
      1375, 1331, 1376, -1,
      1376, 1331, 1332, -1,
      1376, 1332, 1377, -1,
      1377, 1332, 1333, -1,
      1377, 1333, 1378, -1,
      1378, 1333, 1334, -1,
      1378, 1334, 1379, -1,
      1379, 1334, 1335, -1,
      1379, 1335, 1380, -1,
      1380, 1335, 1336, -1,
      1380, 1336, 1381, -1,
      1381, 1336, 1337, -1,
      1381, 1337, 1382, -1,
      1382, 1337, 1338, -1,
      1382, 1338, 1383, -1,
      1383, 1338, 1339, -1,
      1383, 1339, 1384, -1,
      1384, 1339, 1340, -1,
      1384, 1340, 1385, -1,
      1385, 1340, 1341, -1,
      1385, 1341, 1386, -1,
      1386, 1341, 1342, -1,
      1386, 1342, 1387, -1,
      1387, 1342, 1343, -1,
      1387, 1343, 1388, -1,
      1388, 1343, 1344, -1,
      1388, 1344, 1389, -1,
      1389, 1344, 1345, -1,
      1389, 1345, 1390, -1,
      1390, 1345, 1346, -1,
      1390, 1346, 1391, -1,
      1391, 1346, 1347, -1,
      1391, 1347, 1392, -1,
      1392, 1347, 1348, -1,
      1392, 1348, 1393, -1,
      1393, 1348, 1349, -1,
      1393, 1349, 1394, -1,
      1394, 1349, 1350, -1,
      1394, 1350, 1395, -1,
      1395, 1350, 1351, -1,
      1395, 1351, 1396, -1,
      1396, 1351, 1352, -1,
      1396, 1352, 1397, -1,
      1397, 1352, 1353, -1,
      1397, 1353, 1398, -1,
      1398, 1353, 1354, -1,
      1398, 1354, 1399, -1,
      1399, 1354, 1355, -1,
      1399, 1355, 1400, -1,
      1400, 1355, 1356, -1,
      1400, 1356, 1401, -1,
      1401, 1356, 1357, -1,
      1401, 1357, 1402, -1,
      1402, 1357, 1358, -1,
      1402, 1358, 1403, -1,
      1403, 1358, 1359, -1,
      1403, 1359, 1404, -1,
      1404, 1359, 1360, -1,
      1404, 1360, 1405, -1,
      1405, 1360, 1361, -1,
      1405, 1361, 1406, -1,
      1406, 1361, 1362, -1,
      1406, 1362, 1407, -1,
      1407, 1362, 1363, -1,
      1407, 1363, 1408, -1,
      1313, 1316, 1314, -1,
      1314, 1316, 1364, -1,
      1314, 1364, 1409, -1,
      1409, 1364, 1365, -1,
      1409, 1365, 1410, -1,
      1410, 1365, 1366, -1,
      1410, 1366, 1411, -1,
      1411, 1366, 1367, -1,
      1411, 1367, 1412, -1,
      1412, 1367, 1368, -1,
      1412, 1368, 1413, -1,
      1413, 1368, 1369, -1,
      1413, 1369, 1414, -1,
      1414, 1369, 1370, -1,
      1414, 1370, 1415, -1,
      1415, 1370, 1371, -1,
      1415, 1371, 1416, -1,
      1416, 1371, 1372, -1,
      1416, 1372, 1417, -1,
      1417, 1372, 1373, -1,
      1417, 1373, 1418, -1,
      1418, 1373, 1374, -1,
      1418, 1374, 1419, -1,
      1419, 1374, 1375, -1,
      1419, 1375, 1420, -1,
      1420, 1375, 1376, -1,
      1420, 1376, 1421, -1,
      1421, 1376, 1377, -1,
      1421, 1377, 1422, -1,
      1422, 1377, 1378, -1,
      1422, 1378, 1423, -1,
      1423, 1378, 1379, -1,
      1423, 1379, 1424, -1,
      1424, 1379, 1380, -1,
      1424, 1380, 1425, -1,
      1425, 1380, 1381, -1,
      1425, 1381, 1426, -1,
      1426, 1381, 1382, -1,
      1426, 1382, 1427, -1,
      1427, 1382, 1383, -1,
      1427, 1383, 1428, -1,
      1428, 1383, 1384, -1,
      1428, 1384, 1429, -1,
      1429, 1384, 1385, -1,
      1429, 1385, 1430, -1,
      1430, 1385, 1386, -1,
      1430, 1386, 1431, -1,
      1431, 1386, 1387, -1,
      1431, 1387, 1432, -1,
      1432, 1387, 1388, -1,
      1432, 1388, 1433, -1,
      1433, 1388, 1389, -1,
      1433, 1389, 1434, -1,
      1434, 1389, 1390, -1,
      1434, 1390, 1435, -1,
      1435, 1390, 1391, -1,
      1435, 1391, 1436, -1,
      1436, 1391, 1392, -1,
      1436, 1392, 1437, -1,
      1437, 1392, 1393, -1,
      1437, 1393, 1438, -1,
      1438, 1393, 1394, -1,
      1438, 1394, 1439, -1,
      1439, 1394, 1395, -1,
      1439, 1395, 1440, -1,
      1440, 1395, 1396, -1,
      1440, 1396, 1441, -1,
      1441, 1396, 1397, -1,
      1441, 1397, 1442, -1,
      1442, 1397, 1398, -1,
      1442, 1398, 1443, -1,
      1443, 1398, 1399, -1,
      1443, 1399, 1444, -1,
      1444, 1399, 1400, -1,
      1444, 1400, 1445, -1,
      1445, 1400, 1401, -1,
      1445, 1401, 1446, -1,
      1446, 1401, 1402, -1,
      1446, 1402, 1447, -1,
      1447, 1402, 1403, -1,
      1447, 1403, 1448, -1,
      1448, 1403, 1404, -1,
      1448, 1404, 1449, -1,
      1449, 1404, 1405, -1,
      1449, 1405, 1450, -1,
      1450, 1405, 1406, -1,
      1450, 1406, 1451, -1,
      1451, 1406, 1407, -1,
      1451, 1407, 1452, -1,
      1452, 1407, 1408, -1,
      1452, 1408, 1453, -1,
      798, 1314, 799, -1,
      799, 1314, 1409, -1,
      799, 1409, 800, -1,
      800, 1409, 1410, -1,
      800, 1410, 801, -1,
      801, 1410, 1411, -1,
      801, 1411, 802, -1,
      802, 1411, 1412, -1,
      802, 1412, 803, -1,
      803, 1412, 1413, -1,
      803, 1413, 804, -1,
      804, 1413, 1414, -1,
      804, 1414, 805, -1,
      805, 1414, 1415, -1,
      805, 1415, 806, -1,
      806, 1415, 1416, -1,
      806, 1416, 807, -1,
      807, 1416, 1417, -1,
      807, 1417, 808, -1,
      808, 1417, 1418, -1,
      808, 1418, 809, -1,
      809, 1418, 1419, -1,
      809, 1419, 810, -1,
      810, 1419, 1420, -1,
      810, 1420, 811, -1,
      811, 1420, 1421, -1,
      811, 1421, 812, -1,
      812, 1421, 1422, -1,
      812, 1422, 813, -1,
      813, 1422, 1423, -1,
      813, 1423, 814, -1,
      814, 1423, 1424, -1,
      814, 1424, 815, -1,
      815, 1424, 1425, -1,
      815, 1425, 816, -1,
      816, 1425, 1426, -1,
      816, 1426, 817, -1,
      817, 1426, 1427, -1,
      817, 1427, 818, -1,
      818, 1427, 1428, -1,
      818, 1428, 819, -1,
      819, 1428, 1429, -1,
      819, 1429, 820, -1,
      820, 1429, 1430, -1,
      820, 1430, 821, -1,
      821, 1430, 1431, -1,
      821, 1431, 822, -1,
      822, 1431, 1432, -1,
      822, 1432, 823, -1,
      823, 1432, 1433, -1,
      823, 1433, 824, -1,
      824, 1433, 1434, -1,
      824, 1434, 825, -1,
      825, 1434, 1435, -1,
      825, 1435, 826, -1,
      826, 1435, 1436, -1,
      826, 1436, 827, -1,
      827, 1436, 1437, -1,
      827, 1437, 828, -1,
      828, 1437, 1438, -1,
      828, 1438, 829, -1,
      829, 1438, 1439, -1,
      829, 1439, 830, -1,
      830, 1439, 1440, -1,
      830, 1440, 831, -1,
      831, 1440, 1441, -1,
      831, 1441, 832, -1,
      832, 1441, 1442, -1,
      832, 1442, 833, -1,
      833, 1442, 1443, -1,
      833, 1443, 834, -1,
      834, 1443, 1444, -1,
      834, 1444, 835, -1,
      835, 1444, 1445, -1,
      835, 1445, 836, -1,
      836, 1445, 1446, -1,
      836, 1446, 837, -1,
      837, 1446, 1447, -1,
      837, 1447, 838, -1,
      838, 1447, 1448, -1,
      838, 1448, 839, -1,
      839, 1448, 1449, -1,
      839, 1449, 840, -1,
      840, 1449, 1450, -1,
      840, 1450, 841, -1,
      841, 1450, 1451, -1,
      841, 1451, 842, -1,
      842, 1451, 1452, -1,
      842, 1452, 843, -1,
      843, 1452, 1453, -1,
      843, 1453, 844, -1,
      1310, 1309, 1454, -1,
      1305, 1304, 1455, -1,
      1293, 1292, 1456, -1,
      1281, 1280, 1457, -1,
      1269, 1268, 1458, -1,
      1267, 1266, 1459, -1,
      1262, 1261, 1460, -1,
      1257, 1256, 1461, -1,
      1255, 1254, 1462, -1,
      1250, 1249, 1463, -1,
      1245, 1244, 1464, -1,
      1243, 1242, 1465, -1,
      1238, 1237, 1466, -1,
      471, 473, 1467, -1,
      1467, 473, 1468, -1,
      1467, 1468, 1469, -1,
      1469, 1468, 1470, -1,
      1469, 1470, 1471, -1,
      1471, 1470, 1466, -1,
      477, 479, 1472, -1,
      1472, 479, 1473, -1,
      1472, 1473, 1474, -1,
      1474, 1473, 1475, -1,
      1474, 1475, 1476, -1,
      1476, 1475, 1465, -1,
      485, 487, 1477, -1,
      1477, 487, 1478, -1,
      1477, 1478, 1479, -1,
      1479, 1478, 1480, -1,
      1479, 1480, 1481, -1,
      1481, 1480, 1463, -1,
      491, 493, 1482, -1,
      1482, 493, 1483, -1,
      1482, 1483, 1484, -1,
      1484, 1483, 1485, -1,
      1484, 1485, 1486, -1,
      1486, 1485, 1462, -1,
      499, 501, 1487, -1,
      1487, 501, 1488, -1,
      1487, 1488, 1489, -1,
      1489, 1488, 1490, -1,
      1489, 1490, 1491, -1,
      1491, 1490, 1460, -1,
      505, 507, 1492, -1,
      1492, 507, 1493, -1,
      1492, 1493, 1494, -1,
      1494, 1493, 1495, -1,
      1494, 1495, 1496, -1,
      1496, 1495, 1459, -1,
      513, 515, 1497, -1,
      1497, 515, 1498, -1,
      1497, 1498, 1499, -1,
      1499, 1498, 1500, -1,
      1499, 1500, 1501, -1,
      1501, 1500, 1502, -1,
      515, 517, 1498, -1,
      1498, 517, 1503, -1,
      1498, 1503, 1500, -1,
      1500, 1503, 1504, -1,
      1500, 1504, 1502, -1,
      1502, 1504, 1505, -1,
      517, 519, 1503, -1,
      1503, 519, 1506, -1,
      1503, 1506, 1504, -1,
      1504, 1506, 1507, -1,
      1504, 1507, 1505, -1,
      1505, 1507, 1508, -1,
      521, 523, 1509, -1,
      1509, 523, 1510, -1,
      1509, 1510, 1511, -1,
      1511, 1510, 1512, -1,
      1511, 1512, 1513, -1,
      1513, 1512, 1457, -1,
      527, 529, 1514, -1,
      1514, 529, 1515, -1,
      1514, 1515, 1516, -1,
      1516, 1515, 1517, -1,
      1516, 1517, 1518, -1,
      1518, 1517, 1519, -1,
      529, 531, 1515, -1,
      1515, 531, 1520, -1,
      1515, 1520, 1517, -1,
      1517, 1520, 1521, -1,
      1517, 1521, 1519, -1,
      1519, 1521, 1522, -1,
      531, 533, 1520, -1,
      1520, 533, 1523, -1,
      1520, 1523, 1521, -1,
      1521, 1523, 1524, -1,
      1521, 1524, 1522, -1,
      1522, 1524, 1525, -1,
      535, 537, 1526, -1,
      1526, 537, 1527, -1,
      1526, 1527, 1528, -1,
      1528, 1527, 1529, -1,
      1528, 1529, 1530, -1,
      1530, 1529, 1456, -1,
      541, 543, 1531, -1,
      1531, 543, 1532, -1,
      1531, 1532, 1533, -1,
      1533, 1532, 1534, -1,
      1533, 1534, 1535, -1,
      1535, 1534, 1536, -1,
      543, 545, 1532, -1,
      1532, 545, 1537, -1,
      1532, 1537, 1534, -1,
      1534, 1537, 1538, -1,
      1534, 1538, 1536, -1,
      1536, 1538, 1539, -1,
      545, 547, 1537, -1,
      1537, 547, 1540, -1,
      1537, 1540, 1538, -1,
      1538, 1540, 1541, -1,
      1538, 1541, 1539, -1,
      1539, 1541, 1542, -1,
      549, 551, 1543, -1,
      1543, 551, 1544, -1,
      1543, 1544, 1545, -1,
      1545, 1544, 1546, -1,
      1545, 1546, 1547, -1,
      1547, 1546, 1455, -1,
      555, 557, 1548, -1,
      1548, 557, 1549, -1,
      1548, 1549, 1550, -1,
      1550, 1549, 1551, -1,
      1550, 1551, 1552, -1,
      1552, 1551, 1454, -1,
      469, 471, 1553, -1,
      1553, 471, 1467, -1,
      1553, 1467, 1554, -1,
      1554, 1467, 1469, -1,
      1554, 1469, 1555, -1,
      1555, 1469, 1471, -1,
      1555, 1471, 1234, -1,
      1234, 1471, 1235, -1,
      1466, 1237, 1471, -1,
      1471, 1237, 1236, -1,
      1471, 1236, 1235, -1,
      1239, 1238, 1556, -1,
      1556, 1238, 1466, -1,
      1556, 1466, 1557, -1,
      1557, 1466, 1470, -1,
      1557, 1470, 1558, -1,
      1558, 1470, 1468, -1,
      1558, 1468, 475, -1,
      475, 1468, 473, -1,
      475, 477, 1558, -1,
      1558, 477, 1472, -1,
      1558, 1472, 1557, -1,
      1557, 1472, 1474, -1,
      1557, 1474, 1556, -1,
      1556, 1474, 1476, -1,
      1556, 1476, 1239, -1,
      1239, 1476, 1240, -1,
      1465, 1242, 1476, -1,
      1476, 1242, 1241, -1,
      1476, 1241, 1240, -1,
      1244, 1243, 1464, -1,
      1464, 1243, 1465, -1,
      1464, 1465, 1559, -1,
      1559, 1465, 1475, -1,
      1559, 1475, 1560, -1,
      1560, 1475, 1473, -1,
      1560, 1473, 481, -1,
      481, 1473, 479, -1,
      1246, 1245, 1561, -1,
      1561, 1245, 1464, -1,
      1561, 1464, 1562, -1,
      1562, 1464, 1559, -1,
      1562, 1559, 1563, -1,
      1563, 1559, 1560, -1,
      1563, 1560, 483, -1,
      483, 1560, 481, -1,
      483, 485, 1563, -1,
      1563, 485, 1477, -1,
      1563, 1477, 1562, -1,
      1562, 1477, 1479, -1,
      1562, 1479, 1561, -1,
      1561, 1479, 1481, -1,
      1561, 1481, 1246, -1,
      1246, 1481, 1247, -1,
      1463, 1249, 1481, -1,
      1481, 1249, 1248, -1,
      1481, 1248, 1247, -1,
      1251, 1250, 1564, -1,
      1564, 1250, 1463, -1,
      1564, 1463, 1565, -1,
      1565, 1463, 1480, -1,
      1565, 1480, 1566, -1,
      1566, 1480, 1478, -1,
      1566, 1478, 489, -1,
      489, 1478, 487, -1,
      489, 491, 1566, -1,
      1566, 491, 1482, -1,
      1566, 1482, 1565, -1,
      1565, 1482, 1484, -1,
      1565, 1484, 1564, -1,
      1564, 1484, 1486, -1,
      1564, 1486, 1251, -1,
      1251, 1486, 1252, -1,
      1462, 1254, 1486, -1,
      1486, 1254, 1253, -1,
      1486, 1253, 1252, -1,
      1256, 1255, 1461, -1,
      1461, 1255, 1462, -1,
      1461, 1462, 1567, -1,
      1567, 1462, 1485, -1,
      1567, 1485, 1568, -1,
      1568, 1485, 1483, -1,
      1568, 1483, 495, -1,
      495, 1483, 493, -1,
      1258, 1257, 1569, -1,
      1569, 1257, 1461, -1,
      1569, 1461, 1570, -1,
      1570, 1461, 1567, -1,
      1570, 1567, 1571, -1,
      1571, 1567, 1568, -1,
      1571, 1568, 497, -1,
      497, 1568, 495, -1,
      497, 499, 1571, -1,
      1571, 499, 1487, -1,
      1571, 1487, 1570, -1,
      1570, 1487, 1489, -1,
      1570, 1489, 1569, -1,
      1569, 1489, 1491, -1,
      1569, 1491, 1258, -1,
      1258, 1491, 1259, -1,
      1460, 1261, 1491, -1,
      1491, 1261, 1260, -1,
      1491, 1260, 1259, -1,
      1263, 1262, 1572, -1,
      1572, 1262, 1460, -1,
      1572, 1460, 1573, -1,
      1573, 1460, 1490, -1,
      1573, 1490, 1574, -1,
      1574, 1490, 1488, -1,
      1574, 1488, 503, -1,
      503, 1488, 501, -1,
      503, 505, 1574, -1,
      1574, 505, 1492, -1,
      1574, 1492, 1573, -1,
      1573, 1492, 1494, -1,
      1573, 1494, 1572, -1,
      1572, 1494, 1496, -1,
      1572, 1496, 1263, -1,
      1263, 1496, 1264, -1,
      1459, 1266, 1496, -1,
      1496, 1266, 1265, -1,
      1496, 1265, 1264, -1,
      1268, 1267, 1458, -1,
      1458, 1267, 1459, -1,
      1458, 1459, 1575, -1,
      1575, 1459, 1495, -1,
      1575, 1495, 1576, -1,
      1576, 1495, 1493, -1,
      1576, 1493, 509, -1,
      509, 1493, 507, -1,
      1270, 1269, 1577, -1,
      1577, 1269, 1458, -1,
      1577, 1458, 1578, -1,
      1578, 1458, 1575, -1,
      1578, 1575, 1579, -1,
      1579, 1575, 1576, -1,
      1579, 1576, 511, -1,
      511, 1576, 509, -1,
      511, 513, 1579, -1,
      1579, 513, 1497, -1,
      1579, 1497, 1578, -1,
      1578, 1497, 1499, -1,
      1578, 1499, 1577, -1,
      1577, 1499, 1501, -1,
      1577, 1501, 1270, -1,
      1270, 1501, 1271, -1,
      1277, 1276, 1508, -1,
      1508, 1276, 1275, -1,
      1508, 1275, 1505, -1,
      1505, 1275, 1274, -1,
      1505, 1274, 1502, -1,
      1502, 1274, 1273, -1,
      1502, 1273, 1501, -1,
      1501, 1273, 1272, -1,
      1501, 1272, 1271, -1,
      1278, 1277, 1513, -1,
      1513, 1277, 1508, -1,
      1513, 1508, 1511, -1,
      1511, 1508, 1507, -1,
      1511, 1507, 1509, -1,
      1509, 1507, 1506, -1,
      1509, 1506, 521, -1,
      521, 1506, 519, -1,
      1457, 1280, 1513, -1,
      1513, 1280, 1279, -1,
      1513, 1279, 1278, -1,
      1282, 1281, 1580, -1,
      1580, 1281, 1457, -1,
      1580, 1457, 1581, -1,
      1581, 1457, 1512, -1,
      1581, 1512, 1582, -1,
      1582, 1512, 1510, -1,
      1582, 1510, 525, -1,
      525, 1510, 523, -1,
      525, 527, 1582, -1,
      1582, 527, 1514, -1,
      1582, 1514, 1581, -1,
      1581, 1514, 1516, -1,
      1581, 1516, 1580, -1,
      1580, 1516, 1518, -1,
      1580, 1518, 1282, -1,
      1282, 1518, 1283, -1,
      1289, 1288, 1525, -1,
      1525, 1288, 1287, -1,
      1525, 1287, 1522, -1,
      1522, 1287, 1286, -1,
      1522, 1286, 1519, -1,
      1519, 1286, 1285, -1,
      1519, 1285, 1518, -1,
      1518, 1285, 1284, -1,
      1518, 1284, 1283, -1,
      1290, 1289, 1530, -1,
      1530, 1289, 1525, -1,
      1530, 1525, 1528, -1,
      1528, 1525, 1524, -1,
      1528, 1524, 1526, -1,
      1526, 1524, 1523, -1,
      1526, 1523, 535, -1,
      535, 1523, 533, -1,
      1456, 1292, 1530, -1,
      1530, 1292, 1291, -1,
      1530, 1291, 1290, -1,
      1294, 1293, 1583, -1,
      1583, 1293, 1456, -1,
      1583, 1456, 1584, -1,
      1584, 1456, 1529, -1,
      1584, 1529, 1585, -1,
      1585, 1529, 1527, -1,
      1585, 1527, 539, -1,
      539, 1527, 537, -1,
      539, 541, 1585, -1,
      1585, 541, 1531, -1,
      1585, 1531, 1584, -1,
      1584, 1531, 1533, -1,
      1584, 1533, 1583, -1,
      1583, 1533, 1535, -1,
      1583, 1535, 1294, -1,
      1294, 1535, 1295, -1,
      1301, 1300, 1542, -1,
      1542, 1300, 1299, -1,
      1542, 1299, 1539, -1,
      1539, 1299, 1298, -1,
      1539, 1298, 1536, -1,
      1536, 1298, 1297, -1,
      1536, 1297, 1535, -1,
      1535, 1297, 1296, -1,
      1535, 1296, 1295, -1,
      1302, 1301, 1547, -1,
      1547, 1301, 1542, -1,
      1547, 1542, 1545, -1,
      1545, 1542, 1541, -1,
      1545, 1541, 1543, -1,
      1543, 1541, 1540, -1,
      1543, 1540, 549, -1,
      549, 1540, 547, -1,
      1455, 1304, 1547, -1,
      1547, 1304, 1303, -1,
      1547, 1303, 1302, -1,
      1306, 1305, 1586, -1,
      1586, 1305, 1455, -1,
      1586, 1455, 1587, -1,
      1587, 1455, 1546, -1,
      1587, 1546, 1588, -1,
      1588, 1546, 1544, -1,
      1588, 1544, 553, -1,
      553, 1544, 551, -1,
      553, 555, 1588, -1,
      1588, 555, 1548, -1,
      1588, 1548, 1587, -1,
      1587, 1548, 1550, -1,
      1587, 1550, 1586, -1,
      1586, 1550, 1552, -1,
      1586, 1552, 1306, -1,
      1306, 1552, 1307, -1,
      1454, 1309, 1552, -1,
      1552, 1309, 1308, -1,
      1552, 1308, 1307, -1,
      1311, 1310, 1589, -1,
      1589, 1310, 1454, -1,
      1589, 1454, 1590, -1,
      1590, 1454, 1551, -1,
      1590, 1551, 1591, -1,
      1591, 1551, 1549, -1,
      1591, 1549, 559, -1,
      559, 1549, 557, -1,
      559, 561, 1591, -1,
      1591, 561, 1592, -1,
      1591, 1592, 1590, -1,
      1590, 1592, 1593, -1,
      1590, 1593, 1589, -1,
      1589, 1593, 1594, -1,
      1589, 1594, 1311, -1,
      1311, 1594, 1312, -1,
      1595, 1596, 1597, -1,
      1598, 1599, 1600, -1,
      1601, 1602, 1603, -1,
      1604, 1605, 1595, -1,
      1596, 1595, 1606, -1,
      1607, 1608, 1609, -1,
      1609, 1610, 1607, -1,
      1607, 1610, 1611, -1,
      1607, 1611, 1612, -1,
      1613, 1614, 1608, -1,
      1608, 1614, 1615, -1,
      1608, 1615, 1609, -1,
      1609, 1615, 1616, -1,
      1609, 1616, 1617, -1,
      1617, 1616, 1618, -1,
      1617, 1618, 1619, -1,
      1619, 1620, 1617, -1,
      1617, 1620, 1621, -1,
      1617, 1621, 1622, -1,
      1623, 1624, 1617, -1,
      1617, 1624, 1625, -1,
      1626, 1627, 1628, -1,
      1628, 1627, 1629, -1,
      1625, 1630, 1617, -1,
      1617, 1630, 1629, -1,
      1617, 1629, 1631, -1,
      1631, 1629, 1627, -1,
      1622, 1632, 1617, -1,
      1617, 1632, 1633, -1,
      1617, 1633, 1623, -1,
      1613, 1608, 1634, -1,
      1634, 1608, 1635, -1,
      1634, 1635, 1636, -1,
      1636, 1635, 1637, -1,
      1637, 1635, 1638, -1,
      1637, 1638, 1639, -1,
      1640, 1641, 1642, -1,
      1642, 1641, 1643, -1,
      1642, 1643, 1644, -1,
      1645, 1646, 1647, -1,
      1647, 1646, 1648, -1,
      1647, 1648, 1649, -1,
      1644, 1650, 1642, -1,
      1642, 1650, 1651, -1,
      1642, 1651, 1652, -1,
      1652, 1651, 1653, -1,
      1652, 1653, 1654, -1,
      1649, 1655, 1647, -1,
      1647, 1655, 1637, -1,
      1647, 1637, 1656, -1,
      1656, 1637, 1639, -1,
      1656, 1639, 1640, -1,
      1653, 1657, 1654, -1,
      1654, 1657, 1658, -1,
      1654, 1658, 1647, -1,
      1647, 1658, 1659, -1,
      1647, 1659, 1645, -1,
      1612, 1660, 1661, -1,
      1661, 1660, 1662, -1,
      1661, 1662, 1641, -1,
      1663, 1664, 1665, -1,
      1665, 1664, 1666, -1,
      1667, 1668, 1669, -1,
      1666, 1670, 1665, -1,
      1665, 1670, 1671, -1,
      1665, 1671, 1672, -1,
      1673, 1674, 1675, -1,
      1675, 1674, 1667, -1,
      1675, 1667, 1676, -1,
      1676, 1667, 1669, -1,
      1672, 1677, 1665, -1,
      1665, 1677, 1678, -1,
      1665, 1678, 1667, -1,
      1667, 1678, 1679, -1,
      1667, 1679, 1668, -1,
      1680, 1681, 1682, -1,
      1683, 1684, 1685, -1,
      1685, 1684, 1686, -1,
      1685, 1686, 1687, -1,
      1687, 1686, 1674, -1,
      1687, 1674, 1688, -1,
      1688, 1674, 1673, -1,
      1689, 1690, 1691, -1,
      1689, 1691, 1692, -1,
      1693, 1694, 1695, -1,
      1696, 1697, 1698, -1,
      1697, 1699, 1698, -1,
      1698, 1699, 1694, -1,
      1698, 1694, 1700, -1,
      1700, 1694, 1693, -1,
      1700, 1693, 1701, -1,
      1698, 1606, 1696, -1,
      1696, 1606, 1595, -1,
      1696, 1595, 1702, -1,
      1702, 1595, 1605, -1,
      1703, 1604, 1704, -1,
      1705, 1706, 1707, -1,
      1707, 1706, 1708, -1,
      1708, 1709, 1707, -1,
      1707, 1709, 1710, -1,
      1707, 1710, 1704, -1,
      1704, 1710, 1711, -1,
      1704, 1711, 1703, -1,
      1712, 1713, 1714, -1,
      1714, 1713, 1709, -1,
      1714, 1709, 1715, -1,
      1715, 1709, 1708, -1,
      1712, 1716, 1713, -1,
      1713, 1716, 1717, -1,
      1713, 1717, 1718, -1,
      1718, 1717, 1719, -1,
      1718, 1719, 1720, -1,
      1720, 1719, 1721, -1,
      1720, 1721, 1722, -1,
      1722, 1723, 1720, -1,
      1720, 1723, 1724, -1,
      1720, 1724, 1725, -1,
      1725, 1724, 1726, -1,
      1725, 1726, 1727, -1,
      1727, 1726, 1728, -1,
      1727, 1728, 1729, -1,
      1730, 1731, 1727, -1,
      1727, 1731, 1732, -1,
      1727, 1732, 1733, -1,
      1733, 1734, 1727, -1,
      1727, 1734, 1735, -1,
      1727, 1735, 1725, -1,
      1639, 1736, 1640, -1,
      1640, 1736, 1737, -1,
      1640, 1737, 1641, -1,
      1641, 1737, 1738, -1,
      1641, 1738, 1661, -1,
      1661, 1738, 1739, -1,
      1661, 1739, 1740, -1,
      1741, 1742, 1635, -1,
      1635, 1742, 1743, -1,
      1743, 1744, 1635, -1,
      1635, 1744, 1745, -1,
      1635, 1745, 1746, -1,
      1746, 1747, 1635, -1,
      1635, 1747, 1748, -1,
      1635, 1748, 1638, -1,
      1749, 1750, 1635, -1,
      1750, 1751, 1635, -1,
      1635, 1751, 1752, -1,
      1635, 1752, 1741, -1,
      1752, 1753, 1741, -1,
      1741, 1753, 1754, -1,
      1741, 1754, 1755, -1,
      1755, 1754, 1756, -1,
      1755, 1756, 1757, -1,
      1758, 1759, 1760, -1,
      1760, 1759, 1761, -1,
      1760, 1761, 1762, -1,
      1762, 1761, 1755, -1,
      1762, 1755, 1763, -1,
      1763, 1755, 1757, -1,
      1758, 1764, 1759, -1,
      1759, 1764, 1765, -1,
      1759, 1765, 1766, -1,
      1766, 1765, 1767, -1,
      1768, 1769, 1770, -1,
      1768, 1770, 1771, -1,
      1767, 1772, 1766, -1,
      1766, 1772, 1773, -1,
      1766, 1773, 1771, -1,
      1774, 1775, 1770, -1,
      1770, 1775, 1776, -1,
      1771, 1770, 1766, -1,
      1766, 1770, 1776, -1,
      1766, 1776, 1777, -1,
      1777, 1776, 1778, -1,
      1777, 1778, 1779, -1,
      1780, 1781, 1782, -1,
      1778, 1783, 1779, -1,
      1779, 1783, 1782, -1,
      1779, 1782, 1784, -1,
      1784, 1782, 1781, -1,
      1782, 1601, 1780, -1,
      1780, 1601, 1603, -1,
      1780, 1603, 1785, -1,
      1785, 1603, 1786, -1,
      1785, 1786, 1787, -1,
      1787, 1786, 1598, -1,
      1691, 1788, 1692, -1,
      1692, 1788, 1789, -1,
      1692, 1789, 1600, -1,
      1600, 1789, 1790, -1,
      1600, 1790, 1598, -1,
      1598, 1790, 1791, -1,
      1598, 1791, 1787, -1,
      1792, 1793, 1794, -1,
      1794, 1793, 1795, -1,
      1794, 1795, 1796, -1,
      1797, 1798, 1799, -1,
      1799, 1798, 1800, -1,
      1799, 1800, 1801, -1,
      1729, 1802, 1727, -1,
      1727, 1802, 1661, -1,
      1727, 1661, 1730, -1,
      1730, 1661, 1740, -1,
      1803, 1804, 1707, -1,
      1707, 1804, 1805, -1,
      1707, 1805, 1705, -1,
      1802, 1806, 1661, -1,
      1661, 1806, 1807, -1,
      1661, 1807, 1808, -1,
      1808, 1807, 1809, -1,
      1808, 1809, 1810, -1,
      1811, 1812, 1813, -1,
      1813, 1812, 1814, -1,
      1813, 1814, 1803, -1,
      1803, 1814, 1815, -1,
      1803, 1815, 1804, -1,
      1810, 1816, 1808, -1,
      1808, 1816, 1817, -1,
      1808, 1817, 1813, -1,
      1813, 1817, 1818, -1,
      1813, 1818, 1811, -1,
      1604, 1595, 1704, -1,
      1704, 1595, 1597, -1,
      1704, 1597, 1707, -1,
      1707, 1597, 1819, -1,
      1707, 1819, 1803, -1,
      1803, 1819, 1820, -1,
      1803, 1820, 1701, -1,
      1701, 1820, 1821, -1,
      1701, 1821, 1700, -1,
      1822, 1823, 1824, -1,
      1824, 1823, 1665, -1,
      1599, 1825, 1600, -1,
      1600, 1825, 1826, -1,
      1600, 1826, 1692, -1,
      1692, 1826, 1827, -1,
      1681, 1663, 1682, -1,
      1682, 1663, 1665, -1,
      1682, 1665, 1770, -1,
      1770, 1665, 1823, -1,
      1770, 1823, 1774, -1,
      1774, 1823, 1822, -1,
      1774, 1822, 1828, -1,
      1769, 1797, 1770, -1,
      1770, 1797, 1799, -1,
      1770, 1799, 1682, -1,
      1682, 1799, 1684, -1,
      1682, 1684, 1680, -1,
      1680, 1684, 1683, -1,
      1829, 1830, 1831, -1,
      1831, 1830, 1832, -1,
      1833, 1831, 1689, -1,
      1689, 1831, 1832, -1,
      1689, 1832, 1667, -1,
      1667, 1832, 1834, -1,
      1667, 1834, 1665, -1,
      1665, 1834, 1835, -1,
      1665, 1835, 1836, -1,
      1833, 1689, 1836, -1,
      1836, 1689, 1692, -1,
      1836, 1692, 1665, -1,
      1665, 1692, 1827, -1,
      1665, 1827, 1824, -1,
      1801, 1792, 1799, -1,
      1799, 1792, 1794, -1,
      1799, 1794, 1684, -1,
      1684, 1794, 1837, -1,
      1684, 1837, 1838, -1,
      1838, 1839, 1684, -1,
      1684, 1839, 1840, -1,
      1684, 1840, 1686, -1,
      1686, 1840, 1841, -1,
      1686, 1841, 1842, -1,
      1842, 1841, 1843, -1,
      1842, 1843, 1837, -1,
      1837, 1843, 1844, -1,
      1837, 1844, 1838, -1,
      1845, 1846, 1847, -1,
      1847, 1846, 1840, -1,
      1847, 1840, 1848, -1,
      1848, 1840, 1839, -1,
      1848, 1839, 1849, -1,
      1849, 1839, 1850, -1,
      1796, 1749, 1794, -1,
      1794, 1749, 1635, -1,
      1794, 1635, 1837, -1,
      1837, 1635, 1608, -1,
      1837, 1608, 1842, -1,
      1842, 1608, 1607, -1,
      1612, 1661, 1607, -1,
      1607, 1661, 1808, -1,
      1607, 1808, 1842, -1,
      1842, 1808, 1813, -1,
      1842, 1813, 1686, -1,
      1686, 1813, 1803, -1,
      1686, 1803, 1674, -1,
      1674, 1803, 1701, -1,
      1674, 1701, 1667, -1,
      1667, 1701, 1693, -1,
      1667, 1693, 1689, -1,
      1689, 1693, 1695, -1,
      1689, 1695, 1690, -1,
    ]
  }
}

Shape {
  appearance Appearance {
    material Material {
      diffuseColor 1.0000 1.0000 1.0000
      specularColor 0.5020 0.5020 0.5020
      ambientIntensity 0.2
      transparency 0.0000
      shininess 0.5
    }
  }
  geometry IndexedFaceSet {
    ccw TRUE
    solid FALSE
    coord DEF co Coordinate {
      point [
        -0.098425 -0.492126 0.078740,
        -0.095617 -0.513456 0.078740,
        -0.095071 -0.517600 0.078740,
        -0.052879 -0.574552 0.078740,
        -0.069597 -0.561723 0.078740,
        -0.085239 -0.541339 0.078740,
        -0.049213 -0.577365 0.078740,
        -0.025474 -0.587197 0.078740,
        -0.000000 -0.590551 0.078740,
        0.025474 -0.587197 0.078740,
        0.049213 -0.577365 0.078740,
        0.069597 -0.561723 0.078740,
        0.085189 -0.541403 0.078740,
        0.085239 -0.541339 0.078740,
        0.095071 -0.517600 0.078740,
        0.095617 -0.513456 0.078740,
        0.098425 -0.492126 0.078740,
        -0.085239 -0.442913 0.078740,
        -0.095071 -0.466652 0.078740,
        0.095071 -0.466652 0.078740,
        0.085239 -0.442913 0.078740,
        0.085189 -0.442849 0.078740,
        0.069597 -0.422529 0.078740,
        -0.025474 -0.397054 0.078740,
        -0.049213 -0.406887 0.078740,
        -0.052879 -0.409700 0.078740,
        -0.069597 -0.422529 0.078740,
        0.049213 -0.406887 0.078740,
        0.025474 -0.397054 0.078740,
        -0.000000 -0.393701 0.078740,
        0.095071 -0.517600 -1.574803,
        0.085239 -0.541339 -1.574803,
        0.069597 -0.561723 -1.574803,
        -0.025474 -0.587197 -1.574803,
        -0.000000 -0.590551 -1.574803,
        0.025474 -0.587197 -1.574803,
        0.049213 -0.577365 -1.574803,
        -0.069597 -0.561723 -1.574803,
        -0.049213 -0.577365 -1.574803,
        -0.085239 -0.541339 -1.574803,
        -0.098425 -0.492126 -1.574803,
        -0.095071 -0.517600 -1.574803,
        -0.095071 -0.466652 -1.574803,
        -0.085239 -0.442913 -1.574803,
        -0.069597 -0.422529 -1.574803,
        -0.049213 -0.406887 -1.574803,
        -0.025474 -0.397054 -1.574803,
        -0.000000 -0.393701 -1.574803,
        0.025474 -0.397054 -1.574803,
        0.049213 -0.406887 -1.574803,
        0.069597 -0.422529 -1.574803,
        0.085239 -0.442913 -1.574803,
        0.095071 -0.466652 -1.574803,
        0.098425 -0.492126 -1.574803,
      ]
    }
    coordIndex [
      30, 13, 31, -1,
      31, 13, 12, -1,
      31, 12, 32, -1,
      6, 33, 7, -1,
      7, 33, 34, -1,
      7, 34, 8, -1,
      8, 34, 35, -1,
      8, 35, 9, -1,
      9, 35, 36, -1,
      9, 36, 10, -1,
      10, 36, 32, -1,
      10, 32, 11, -1,
      11, 32, 12, -1,
      3, 37, 6, -1,
      6, 37, 38, -1,
      6, 38, 33, -1,
      2, 39, 5, -1,
      5, 39, 37, -1,
      5, 37, 4, -1,
      4, 37, 3, -1,
      1, 40, 2, -1,
      2, 40, 41, -1,
      2, 41, 39, -1,
      1, 0, 40, -1,
      40, 0, 18, -1,
      40, 18, 42, -1,
      42, 18, 17, -1,
      42, 17, 43, -1,
      43, 17, 26, -1,
      43, 26, 44, -1,
      44, 26, 25, -1,
      44, 25, 45, -1,
      25, 24, 45, -1,
      45, 24, 23, -1,
      45, 23, 46, -1,
      46, 23, 29, -1,
      46, 29, 47, -1,
      47, 29, 28, -1,
      47, 28, 48, -1,
      48, 28, 27, -1,
      48, 27, 49, -1,
      49, 27, 22, -1,
      49, 22, 50, -1,
      50, 22, 21, -1,
      50, 21, 51, -1,
      21, 20, 51, -1,
      51, 20, 19, -1,
      51, 19, 52, -1,
      52, 19, 16, -1,
      52, 16, 53, -1,
      53, 16, 15, -1,
      53, 15, 30, -1,
      30, 15, 14, -1,
      30, 14, 13, -1,
    ]
  }
}

Shape {
  appearance Appearance {
    material Material {
      diffuseColor 0.2510 0.2510 0.2510
      specularColor 0.1255 0.1255 0.1255
      ambientIntensity 0.2
      transparency 0.0000
      shininess 0.5
    }
  }
  geometry IndexedFaceSet {
    ccw TRUE
    solid FALSE
    coord DEF co Coordinate {
      point [
        0.338991 -0.818397 0.000000,
        0.492139 -0.736538 0.000000,
        0.736538 -0.492139 0.000000,
        0.626374 -0.626374 0.000000,
        0.818397 -0.338991 0.000000,
        0.885827 0.000000 0.000000,
        0.868806 -0.172816 0.000000,
        -0.818397 0.338991 0.000000,
        -0.736538 0.492139 0.000000,
        -0.626374 0.626374 0.000000,
        0.868806 0.172816 0.000000,
        0.492139 0.736538 0.000000,
        0.626374 0.626374 0.000000,
        0.736538 0.492139 0.000000,
        -0.492139 0.736538 0.000000,
        -0.338991 0.818397 0.000000,
        -0.172816 0.868806 0.000000,
        -0.868806 0.172816 0.000000,
        -0.626374 -0.626374 0.000000,
        -0.492139 -0.736538 0.000000,
        -0.338991 -0.818397 0.000000,
        0.818397 0.338991 0.000000,
        0.338991 0.818397 0.000000,
        -0.000000 0.885827 0.000000,
        0.172816 0.868806 0.000000,
        -0.736538 -0.492139 0.000000,
        -0.818397 -0.338991 0.000000,
        -0.868806 -0.172816 0.000000,
        -0.885827 -0.000000 0.000000,
        -0.492139 -0.736538 0.078740,
        -0.492975 -0.735852 0.078740,
        0.868806 0.172816 0.078740,
        0.873737 0.122754 0.078740,
        -0.878293 -0.076497 0.078740,
        -0.885827 -0.000000 0.078740,
        -0.850694 -0.232522 0.078740,
        -0.868806 -0.172816 0.078740,
        -0.719043 -0.513456 0.078740,
        -0.736538 -0.492139 0.078740,
        -0.818397 -0.338991 0.078740,
        -0.626374 -0.626374 0.078740,
        -0.338991 -0.818397 0.078740,
        -0.164475 -0.869628 0.078740,
        -0.172816 -0.868806 0.078740,
        -0.238552 -0.848865 0.078740,
        -0.052879 -0.880619 0.078740,
        0.000000 -0.885827 0.078740,
        0.085189 -0.877436 0.078740,
        0.104394 -0.875545 0.078740,
        0.736538 -0.492139 0.078740,
        0.719043 -0.513456 0.078740,
        0.626374 -0.626374 0.078740,
        0.492139 -0.736538 0.078740,
        0.338991 -0.818397 0.078740,
        0.172816 -0.868806 0.078740,
        0.885827 0.000000 0.078740,
        0.878293 -0.076497 0.078740,
        0.868806 -0.172816 0.078740,
        0.850694 -0.232522 0.078740,
        0.818397 -0.338991 0.078740,
        0.104394 0.875545 0.078740,
        0.172816 0.868806 0.078740,
        0.338991 0.818397 0.078740,
        0.492139 0.736538 0.078740,
        0.626374 0.626374 0.078740,
        0.736538 0.492139 0.078740,
        0.818397 0.338991 0.078740,
        0.821798 0.327781 0.078740,
        0.085189 0.877436 0.078740,
        -0.052879 0.880619 0.078740,
        -0.000000 0.885827 0.078740,
        -0.164475 0.869628 0.078740,
        -0.172816 0.868806 0.078740,
        -0.238552 0.848865 0.078740,
        -0.492975 0.735852 0.078740,
        -0.492139 0.736538 0.078740,
        -0.338991 0.818397 0.078740,
        -0.626374 0.626374 0.078740,
        -0.736538 0.492139 0.078740,
        -0.873737 0.122754 0.078740,
        -0.868806 0.172816 0.078740,
        -0.821798 0.327781 0.078740,
        -0.818397 0.338991 0.078740,
        0.338991 -0.818397 -0.003937,
        0.172816 -0.868806 -0.003937,
        0.000000 -0.885827 -0.003937,
        -0.172816 -0.868806 -0.003937,
        -0.338991 -0.818397 -0.003937,
      ]
    }
    coordIndex [
      0, 83, 84, -1,
      3, 50, 2, -1,
      2, 50, 49, -1,
      2, 49, 4, -1,
      4, 49, 59, -1,
      4, 59, 6, -1,
      59, 58, 6, -1,
      6, 58, 57, -1,
      6, 57, 5, -1,
      57, 56, 5, -1,
      5, 56, 55, -1,
      5, 55, 10, -1,
      10, 55, 32, -1,
      32, 31, 10, -1,
      10, 31, 67, -1,
      10, 67, 21, -1,
      21, 67, 66, -1,
      21, 66, 13, -1,
      13, 66, 65, -1,
      13, 65, 12, -1,
      12, 65, 64, -1,
      12, 64, 11, -1,
      11, 64, 63, -1,
      11, 63, 22, -1,
      22, 63, 62, -1,
      22, 62, 24, -1,
      62, 61, 24, -1,
      24, 61, 60, -1,
      24, 60, 23, -1,
      23, 60, 68, -1,
      68, 70, 23, -1,
      23, 70, 69, -1,
      23, 69, 16, -1,
      16, 69, 71, -1,
      71, 72, 16, -1,
      16, 72, 73, -1,
      16, 73, 15, -1,
      15, 73, 76, -1,
      15, 76, 14, -1,
      76, 75, 14, -1,
      14, 75, 74, -1,
      14, 74, 9, -1,
      9, 74, 77, -1,
      9, 77, 8, -1,
      8, 77, 78, -1,
      8, 78, 7, -1,
      78, 82, 7, -1,
      7, 82, 81, -1,
      7, 81, 17, -1,
      81, 80, 17, -1,
      17, 80, 79, -1,
      17, 79, 28, -1,
      79, 34, 28, -1,
      28, 34, 33, -1,
      28, 33, 27, -1,
      33, 36, 27, -1,
      27, 36, 35, -1,
      27, 35, 26, -1,
      26, 35, 39, -1,
      26, 39, 25, -1,
      39, 38, 25, -1,
      25, 38, 37, -1,
      25, 37, 18, -1,
      37, 40, 18, -1,
      18, 40, 30, -1,
      18, 30, 19, -1,
      19, 30, 29, -1,
      19, 29, 20, -1,
      85, 46, 47, -1,
      85, 47, 84, -1,
      47, 48, 84, -1,
      84, 48, 54, -1,
      84, 54, 0, -1,
      0, 54, 53, -1,
      0, 53, 1, -1,
      1, 53, 52, -1,
      1, 52, 3, -1,
      3, 52, 51, -1,
      3, 51, 50, -1,
      86, 42, 85, -1,
      85, 42, 45, -1,
      85, 45, 46, -1,
      86, 87, 20, -1,
      29, 41, 20, -1,
      20, 41, 44, -1,
      20, 44, 86, -1,
      86, 44, 43, -1,
      86, 43, 42, -1,
    ]
  }
}

Shape {
  appearance Appearance {
    material Material {
      diffuseColor 1.0000 1.0000 1.0000
      specularColor 0.5020 0.5020 0.5020
      ambientIntensity 0.2
      transparency 0.0000
      shininess 0.5
    }
  }
  geometry IndexedFaceSet {
    ccw TRUE
    solid FALSE
    coord DEF co Coordinate {
      point [
        0.085189 0.442849 0.078740,
        0.085239 0.442913 0.078740,
        0.095071 0.466652 0.078740,
        0.098425 0.492126 0.078740,
        0.095071 0.517600 0.078740,
        0.085239 0.541339 0.078740,
        0.085189 0.541403 0.078740,
        0.069597 0.561723 0.078740,
        -0.025474 0.587197 0.078740,
        -0.000000 0.590551 0.078740,
        0.025474 0.587197 0.078740,
        0.049213 0.577365 0.078740,
        -0.049213 0.577365 0.078740,
        -0.052879 0.574552 0.078740,
        -0.069597 0.561723 0.078740,
        -0.095071 0.466652 0.078740,
        -0.085239 0.442913 0.078740,
        -0.098425 0.492126 0.078740,
        -0.085239 0.541339 0.078740,
        -0.095071 0.517600 0.078740,
        -0.000000 0.393701 0.078740,
        0.025474 0.397054 0.078740,
        0.049213 0.406887 0.078740,
        0.069597 0.422529 0.078740,
        -0.069597 0.422529 0.078740,
        -0.052879 0.409700 0.078740,
        -0.049213 0.406887 0.078740,
        -0.025474 0.397054 0.078740,
        0.095071 -0.517600 -1.574803,
        0.085239 -0.541339 -1.574803,
        0.069597 -0.561723 -1.574803,
        -0.025474 -0.587197 -1.574803,
        -0.000000 -0.590551 -1.574803,
        0.025474 -0.587197 -1.574803,
        0.049213 -0.577365 -1.574803,
        -0.069597 -0.561723 -1.574803,
        -0.049213 -0.577365 -1.574803,
        -0.085239 -0.541339 -1.574803,
        -0.098425 -0.492126 -1.574803,
        -0.095071 -0.517600 -1.574803,
        -0.095071 -0.466652 -1.574803,
        -0.085239 -0.442913 -1.574803,
        -0.069597 -0.422529 -1.574803,
        -0.049213 -0.406887 -1.574803,
        -0.025474 -0.397054 -1.574803,
        -0.000000 -0.393701 -1.574803,
        0.025474 -0.397054 -1.574803,
        0.049213 -0.406887 -1.574803,
        0.069597 -0.422529 -1.574803,
        0.085239 -0.442913 -1.574803,
        0.095071 -0.466652 -1.574803,
        0.098425 -0.492126 -1.574803,
        -0.025474 0.397054 -1.968504,
        -0.000000 0.393701 -1.968504,
        0.025474 0.397054 -1.968504,
        0.049213 0.406887 -1.968504,
        0.069597 0.422529 -1.968504,
        -0.069597 0.422529 -1.968504,
        -0.049213 0.406887 -1.968504,
        -0.085239 0.442913 -1.968504,
        -0.095071 0.466652 -1.968504,
        -0.098425 0.492126 -1.968504,
        -0.095071 0.517600 -1.968504,
        -0.085239 0.541339 -1.968504,
        -0.069597 0.561723 -1.968504,
        -0.049213 0.577365 -1.968504,
        -0.025474 0.587197 -1.968504,
        -0.000000 0.590551 -1.968504,
        0.025474 0.587197 -1.968504,
        0.049213 0.577365 -1.968504,
        0.069597 0.561723 -1.968504,
        0.085239 0.541339 -1.968504,
        0.095071 0.517600 -1.968504,
        0.098425 0.492126 -1.968504,
        0.095071 0.466652 -1.968504,
        0.085239 0.442913 -1.968504,
        -0.000000 0.492126 -1.968504,
        -0.000000 -0.492126 -1.574803,
      ]
    }
    coordIndex [
      26, 52, 27, -1,
      27, 52, 53, -1,
      27, 53, 20, -1,
      20, 53, 54, -1,
      20, 54, 21, -1,
      21, 54, 55, -1,
      21, 55, 22, -1,
      22, 55, 56, -1,
      25, 57, 26, -1,
      26, 57, 58, -1,
      26, 58, 52, -1,
      25, 24, 57, -1,
      57, 24, 16, -1,
      57, 16, 59, -1,
      59, 16, 15, -1,
      59, 15, 60, -1,
      60, 15, 17, -1,
      60, 17, 61, -1,
      61, 17, 19, -1,
      61, 19, 62, -1,
      62, 19, 18, -1,
      62, 18, 63, -1,
      63, 18, 14, -1,
      63, 14, 64, -1,
      64, 14, 13, -1,
      64, 13, 65, -1,
      13, 12, 65, -1,
      65, 12, 8, -1,
      65, 8, 66, -1,
      66, 8, 9, -1,
      66, 9, 67, -1,
      67, 9, 10, -1,
      67, 10, 68, -1,
      68, 10, 11, -1,
      68, 11, 69, -1,
      69, 11, 7, -1,
      69, 7, 70, -1,
      70, 7, 6, -1,
      70, 6, 71, -1,
      6, 5, 71, -1,
      71, 5, 4, -1,
      71, 4, 72, -1,
      72, 4, 3, -1,
      72, 3, 73, -1,
      73, 3, 2, -1,
      73, 2, 74, -1,
      74, 2, 1, -1,
      74, 1, 75, -1,
      75, 1, 0, -1,
      75, 0, 56, -1,
      56, 0, 23, -1,
      56, 23, 22, -1,
      71, 72, 76, -1,
      76, 72, 73, -1,
      76, 73, 74, -1,
      68, 69, 76, -1,
      76, 69, 70, -1,
      76, 70, 71, -1,
      65, 66, 76, -1,
      76, 66, 67, -1,
      76, 67, 68, -1,
      62, 63, 76, -1,
      76, 63, 64, -1,
      76, 64, 65, -1,
      59, 60, 76, -1,
      76, 60, 61, -1,
      76, 61, 62, -1,
      52, 58, 76, -1,
      76, 58, 57, -1,
      76, 57, 59, -1,
      55, 54, 76, -1,
      76, 54, 53, -1,
      76, 53, 52, -1,
      74, 75, 76, -1,
      76, 75, 56, -1,
      76, 56, 55, -1,
      37, 39, 77, -1,
      77, 39, 38, -1,
      77, 38, 40, -1,
      31, 36, 77, -1,
      77, 36, 35, -1,
      77, 35, 37, -1,
      34, 33, 77, -1,
      77, 33, 32, -1,
      77, 32, 31, -1,
      28, 29, 77, -1,
      77, 29, 30, -1,
      77, 30, 34, -1,
      49, 50, 77, -1,
      77, 50, 51, -1,
      77, 51, 28, -1,
      46, 47, 77, -1,
      77, 47, 48, -1,
      77, 48, 49, -1,
      43, 44, 77, -1,
      77, 44, 45, -1,
      77, 45, 46, -1,
      40, 41, 77, -1,
      77, 41, 42, -1,
      77, 42, 43, -1,
    ]
  }
}

Shape {
  appearance Appearance {
    material Material {
      diffuseColor 0.0000 0.0000 0.0000
      specularColor 0.0000 0.0000 0.0000
      ambientIntensity 0.2
      transparency 0.0000
      shininess 0.5
    }
  }
  geometry IndexedFaceSet {
    ccw TRUE
    solid FALSE
    coord DEF co Coordinate {
      point [
        -0.492975 -0.436361 0.078740,
        -0.238552 -0.436361 0.078740,
        -0.563378 0.387347 0.078740,
        -0.492975 0.387347 0.078740,
        -0.421585 0.561847 0.078740,
        -0.421585 0.436361 0.078740,
        -0.492975 0.436361 0.078740,
        -0.563378 -0.436361 0.078740,
        0.110363 -0.043489 0.078740,
        0.110363 -0.065094 0.078740,
        0.131346 -0.073710 0.078740,
        0.151237 -0.076497 0.078740,
        0.133122 0.122328 0.078740,
        0.110363 0.116152 0.078740,
        0.110363 0.089746 0.078740,
        0.132536 0.099240 0.078740,
        0.113891 -0.045443 0.078740,
        0.156463 0.102349 0.078740,
        0.175846 0.100172 0.078740,
        0.190580 0.094855 0.078740,
        0.204205 0.085740 0.078740,
        0.216092 0.072616 0.078740,
        0.230394 0.021028 0.078740,
        0.228401 -0.000282 0.078740,
        0.223052 -0.017214 0.078740,
        0.179249 -0.054032 0.078740,
        0.160889 -0.056092 0.078740,
        0.193593 -0.048752 0.078740,
        0.205674 -0.040609 0.078740,
        0.214911 -0.030864 0.078740,
        0.134758 -0.053191 0.078740,
        0.224208 0.057417 0.078740,
        0.229455 0.036344 0.078740,
        0.139293 0.122754 0.078740,
        0.156687 0.123954 0.078740,
        0.171390 0.122754 0.078740,
        0.374431 -0.075297 0.078740,
        0.176103 -0.076497 0.078740,
        0.273605 -0.075297 0.078740,
        0.188786 -0.075182 0.078740,
        0.207865 -0.068615 0.078740,
        0.246411 0.069706 0.078740,
        0.234874 0.088110 0.078740,
        0.348024 0.121554 0.078740,
        0.217102 0.105202 0.078740,
        0.198404 0.115965 0.078740,
        0.223700 -0.058503 0.078740,
        0.238486 -0.042937 0.078740,
        0.273605 -0.053691 0.078740,
        0.248972 -0.024219 0.078740,
        0.348024 -0.053691 0.078740,
        0.176459 0.122340 0.078740,
        0.374431 0.121554 0.078740,
        0.254897 -0.003383 0.078740,
        0.256800 0.019415 0.078740,
        0.253969 0.047401 0.078740,
        0.159144 -0.077605 0.078740,
        0.164527 -0.077697 0.078740,
        -0.164475 0.115564 0.078740,
        -0.179107 0.110426 0.078740,
        -0.200532 0.096067 0.078740,
        -0.220694 -0.021344 0.078740,
        -0.209406 -0.038951 0.078740,
        -0.200738 0.095887 0.078740,
        -0.214658 0.080451 0.078740,
        -0.223807 0.063522 0.078740,
        -0.164475 -0.068846 0.078740,
        -0.172649 -0.066410 0.078740,
        -0.193203 -0.054465 0.078740,
        -0.229094 0.044127 0.078740,
        -0.230524 0.025604 0.078740,
        -0.227762 -0.000740 0.078740,
        -0.127635 0.121554 0.078740,
        -0.156075 0.118514 0.078740,
        -0.072083 0.121554 0.078740,
        -0.072083 -0.075297 0.078740,
        -0.125610 -0.075297 0.078740,
        -0.149967 -0.073170 0.078740,
        -0.563378 -0.387347 0.078740,
        -0.492975 -0.387347 0.078740,
        -0.238552 0.387347 0.078740,
        -0.232177 0.387347 0.078740,
        -0.232177 0.436361 0.078740,
        -0.238552 0.436361 0.078740,
        -0.373969 0.561847 0.078740,
        -0.373969 0.436361 0.078740,
        -0.563378 0.436361 0.078740,
        -0.232177 -0.436361 0.078740,
        -0.232177 -0.387347 0.078740,
        -0.238552 -0.387347 0.078740,
        -0.373969 0.327781 0.078740,
        -0.373969 0.261861 0.078740,
        -0.421585 0.387347 0.078740,
        -0.421585 0.327781 0.078740,
        -0.421585 0.261861 0.078740,
        -0.373969 0.387347 0.078740,
        -0.373848 -0.020083 0.078740,
        -0.292528 -0.020083 0.078740,
        -0.393766 -0.075297 0.078740,
        -0.273735 -0.075297 0.078740,
        -0.422573 -0.075297 0.078740,
        -0.244928 -0.075297 0.078740,
        -0.319347 0.121554 0.078740,
        -0.345754 0.121554 0.078740,
        -0.028872 0.121554 0.078740,
        -0.028872 0.099948 0.078740,
        -0.033674 -0.053691 0.078740,
        -0.033674 -0.075297 0.078740,
        0.071953 -0.075297 0.078740,
        0.071953 0.121554 0.078740,
        0.045546 0.013526 0.078740,
        0.045546 -0.053691 0.078740,
        -0.024071 0.013526 0.078740,
        -0.024071 0.035131 0.078740,
        0.045546 0.035131 0.078740,
        0.045546 0.099948 0.078740,
        -0.232177 -0.436361 0.079134,
        -0.232177 -0.387347 0.079134,
        -0.563378 -0.387347 0.079134,
        -0.563378 -0.436361 0.079134,
        -0.563378 0.387347 0.079134,
        -0.421585 0.387347 0.079134,
        -0.421585 0.261861 0.079134,
        -0.373969 0.261861 0.079134,
        -0.373969 0.387347 0.079134,
        -0.232177 0.387347 0.079134,
        -0.232177 0.436361 0.079134,
        -0.373969 0.436361 0.079134,
        -0.373969 0.561847 0.079134,
        -0.421585 0.561847 0.079134,
        -0.421585 0.436361 0.079134,
        -0.563378 0.436361 0.079134,
        -0.345754 0.121554 0.079134,
        -0.422573 -0.075297 0.079134,
        -0.393766 -0.075297 0.079134,
        -0.373848 -0.020083 0.079134,
        -0.292528 -0.020083 0.079134,
        -0.273735 -0.075297 0.079134,
        -0.244928 -0.075297 0.079134,
        -0.319347 0.121554 0.079134,
        -0.299167 0.001523 0.079134,
        -0.364996 0.001523 0.079134,
        -0.328537 0.083744 0.079134,
        -0.330431 0.090571 0.079134,
        -0.331687 0.097548 0.079134,
        -0.332325 0.097548 0.079134,
        -0.333610 0.090592 0.079134,
        -0.335363 0.083744 0.079134,
        -0.299167 0.001523 0.078740,
        -0.364996 0.001523 0.078740,
        -0.328537 0.083744 0.078740,
        -0.330431 0.090571 0.078740,
        -0.331687 0.097548 0.078740,
        -0.332325 0.097548 0.078740,
        -0.333610 0.090592 0.078740,
        -0.335363 0.083744 0.078740,
        -0.125610 -0.075297 0.079134,
        -0.072083 -0.075297 0.079134,
        -0.072083 0.121554 0.079134,
        -0.127635 0.121554 0.079134,
        -0.156075 0.118514 0.079134,
        -0.230524 0.025604 0.079134,
        -0.229094 0.044127 0.079134,
        -0.223807 0.063522 0.079134,
        -0.214658 0.080451 0.079134,
        -0.200738 0.095887 0.079134,
        -0.200532 0.096067 0.079134,
        -0.179107 0.110426 0.079134,
        -0.149967 -0.073170 0.079134,
        -0.172649 -0.066410 0.079134,
        -0.193203 -0.054465 0.079134,
        -0.209406 -0.038951 0.079134,
        -0.220694 -0.021344 0.079134,
        -0.227762 -0.000740 0.079134,
        -0.191011 0.072344 0.079134,
        -0.181450 0.082496 0.079134,
        -0.167070 0.091785 0.079134,
        -0.150822 0.097471 0.079134,
        -0.127523 0.099948 0.079134,
        -0.098491 0.099948 0.079134,
        -0.098491 -0.053691 0.079134,
        -0.126435 -0.053691 0.079134,
        -0.147203 -0.051758 0.079134,
        -0.163768 -0.046587 0.079134,
        -0.177193 -0.038615 0.079134,
        -0.188234 -0.027710 0.079134,
        -0.196537 -0.014138 0.079134,
        -0.202310 0.004366 0.079134,
        -0.204117 0.025041 0.079134,
        -0.202445 0.044633 0.079134,
        -0.197850 0.060203 0.079134,
        -0.127523 0.099948 0.078740,
        -0.098491 0.099948 0.078740,
        -0.150822 0.097471 0.078740,
        -0.167070 0.091785 0.078740,
        -0.181450 0.082496 0.078740,
        -0.191011 0.072344 0.078740,
        -0.197850 0.060203 0.078740,
        -0.202445 0.044633 0.078740,
        -0.204117 0.025041 0.078740,
        -0.202310 0.004366 0.078740,
        -0.196537 -0.014138 0.078740,
        -0.188234 -0.027710 0.078740,
        -0.177193 -0.038615 0.078740,
        -0.163768 -0.046587 0.078740,
        -0.147203 -0.051758 0.078740,
        -0.126435 -0.053691 0.078740,
        -0.098491 -0.053691 0.078740,
        -0.033674 -0.053691 0.079134,
        -0.033674 -0.075297 0.079134,
        0.071953 -0.075297 0.079134,
        0.071953 0.121554 0.079134,
        -0.028872 0.121554 0.079134,
        -0.028872 0.099948 0.079134,
        0.045546 0.099948 0.079134,
        0.045546 0.035131 0.079134,
        -0.024071 0.035131 0.079134,
        -0.024071 0.013526 0.079134,
        0.045546 0.013526 0.079134,
        0.045546 -0.053691 0.079134,
        0.110363 -0.043489 0.079134,
        0.110363 -0.065094 0.079134,
        0.131346 -0.073710 0.079134,
        0.164527 -0.077697 0.079134,
        0.159144 -0.077605 0.079134,
        0.188786 -0.075182 0.079134,
        0.207865 -0.068615 0.079134,
        0.223700 -0.058503 0.079134,
        0.238486 -0.042937 0.079134,
        0.248972 -0.024219 0.079134,
        0.254897 -0.003383 0.079134,
        0.256800 0.019415 0.079134,
        0.176459 0.122340 0.079134,
        0.156687 0.123954 0.079134,
        0.198404 0.115965 0.079134,
        0.217102 0.105202 0.079134,
        0.234874 0.088110 0.079134,
        0.246411 0.069706 0.079134,
        0.253969 0.047401 0.079134,
        0.133122 0.122328 0.079134,
        0.110363 0.116152 0.079134,
        0.110363 0.089746 0.079134,
        0.156463 0.102349 0.079134,
        0.132536 0.099240 0.079134,
        0.230394 0.021028 0.079134,
        0.229455 0.036344 0.079134,
        0.224208 0.057417 0.079134,
        0.216092 0.072616 0.079134,
        0.204205 0.085740 0.079134,
        0.190580 0.094855 0.079134,
        0.175846 0.100172 0.079134,
        0.160889 -0.056092 0.079134,
        0.179249 -0.054032 0.079134,
        0.193593 -0.048752 0.079134,
        0.205674 -0.040609 0.079134,
        0.214911 -0.030864 0.079134,
        0.223052 -0.017214 0.079134,
        0.228401 -0.000282 0.079134,
        0.113891 -0.045443 0.079134,
        0.134758 -0.053191 0.079134,
        0.273605 -0.053691 0.079134,
        0.273605 -0.075297 0.079134,
        0.374431 -0.075297 0.079134,
        0.374431 0.121554 0.079134,
        0.348024 0.121554 0.079134,
        0.348024 -0.053691 0.079134,
      ]
    }
    coordIndex [
      116, 117, 87, -1,
      87, 117, 88, -1,
      89, 88, 117, -1,
      89, 117, 79, -1,
      79, 117, 118, -1,
      79, 118, 78, -1,
      118, 119, 78, -1,
      78, 119, 7, -1,
      87, 1, 116, -1,
      116, 1, 0, -1,
      116, 0, 119, -1,
      119, 0, 7, -1,
      119, 118, 116, -1,
      116, 118, 117, -1,
      2, 120, 3, -1,
      3, 120, 121, -1,
      3, 121, 92, -1,
      92, 121, 93, -1,
      93, 121, 122, -1,
      93, 122, 94, -1,
      122, 123, 94, -1,
      94, 123, 91, -1,
      91, 123, 90, -1,
      90, 123, 124, -1,
      90, 124, 95, -1,
      95, 124, 80, -1,
      80, 124, 125, -1,
      80, 125, 81, -1,
      125, 126, 81, -1,
      81, 126, 82, -1,
      82, 126, 83, -1,
      83, 126, 127, -1,
      83, 127, 85, -1,
      127, 128, 85, -1,
      85, 128, 84, -1,
      128, 129, 84, -1,
      84, 129, 4, -1,
      129, 130, 4, -1,
      4, 130, 5, -1,
      5, 130, 6, -1,
      6, 130, 131, -1,
      6, 131, 86, -1,
      131, 120, 86, -1,
      86, 120, 2, -1,
      123, 122, 124, -1,
      124, 122, 121, -1,
      129, 128, 130, -1,
      130, 128, 127, -1,
      126, 125, 127, -1,
      127, 125, 124, -1,
      127, 124, 130, -1,
      130, 124, 121, -1,
      130, 121, 131, -1,
      131, 121, 120, -1,
      132, 133, 103, -1,
      103, 133, 100, -1,
      133, 134, 100, -1,
      100, 134, 98, -1,
      134, 135, 98, -1,
      98, 135, 96, -1,
      135, 136, 96, -1,
      96, 136, 97, -1,
      136, 137, 97, -1,
      97, 137, 99, -1,
      137, 138, 99, -1,
      99, 138, 101, -1,
      138, 139, 101, -1,
      101, 139, 102, -1,
      139, 132, 102, -1,
      102, 132, 103, -1,
      140, 136, 141, -1,
      141, 136, 135, -1,
      142, 139, 140, -1,
      140, 139, 138, -1,
      140, 138, 136, -1,
      136, 138, 137, -1,
      142, 143, 139, -1,
      139, 143, 144, -1,
      139, 144, 132, -1,
      132, 144, 145, -1,
      132, 145, 146, -1,
      146, 147, 132, -1,
      132, 147, 141, -1,
      132, 141, 133, -1,
      133, 141, 135, -1,
      133, 135, 134, -1,
      140, 141, 148, -1,
      148, 141, 149, -1,
      142, 140, 150, -1,
      150, 140, 148, -1,
      142, 150, 151, -1,
      142, 151, 143, -1,
      143, 151, 152, -1,
      143, 152, 144, -1,
      145, 144, 153, -1,
      153, 144, 152, -1,
      145, 153, 154, -1,
      145, 154, 146, -1,
      146, 154, 155, -1,
      146, 155, 147, -1,
      141, 147, 149, -1,
      149, 147, 155, -1,
      156, 157, 76, -1,
      76, 157, 75, -1,
      157, 158, 75, -1,
      75, 158, 74, -1,
      158, 159, 74, -1,
      74, 159, 72, -1,
      72, 159, 160, -1,
      161, 70, 69, -1,
      161, 69, 162, -1,
      162, 69, 65, -1,
      162, 65, 163, -1,
      163, 65, 64, -1,
      163, 64, 164, -1,
      164, 64, 63, -1,
      164, 63, 165, -1,
      165, 63, 60, -1,
      165, 60, 166, -1,
      166, 60, 59, -1,
      166, 59, 167, -1,
      167, 59, 58, -1,
      167, 58, 160, -1,
      160, 58, 73, -1,
      160, 73, 72, -1,
      156, 76, 77, -1,
      156, 77, 168, -1,
      168, 77, 66, -1,
      168, 66, 169, -1,
      66, 67, 169, -1,
      169, 67, 68, -1,
      169, 68, 170, -1,
      170, 68, 62, -1,
      170, 62, 171, -1,
      171, 62, 61, -1,
      171, 61, 172, -1,
      172, 61, 71, -1,
      172, 71, 173, -1,
      173, 71, 70, -1,
      173, 70, 161, -1,
      163, 164, 174, -1,
      174, 164, 165, -1,
      174, 165, 175, -1,
      175, 165, 166, -1,
      175, 166, 176, -1,
      176, 166, 167, -1,
      176, 167, 177, -1,
      177, 167, 160, -1,
      177, 160, 178, -1,
      178, 160, 159, -1,
      178, 159, 179, -1,
      179, 159, 158, -1,
      179, 158, 180, -1,
      180, 158, 157, -1,
      180, 157, 181, -1,
      181, 157, 156, -1,
      181, 156, 182, -1,
      182, 156, 168, -1,
      182, 168, 183, -1,
      183, 168, 169, -1,
      183, 169, 184, -1,
      184, 169, 170, -1,
      184, 170, 185, -1,
      185, 170, 171, -1,
      185, 171, 186, -1,
      186, 171, 172, -1,
      186, 172, 187, -1,
      187, 172, 173, -1,
      187, 173, 188, -1,
      188, 173, 161, -1,
      188, 161, 189, -1,
      189, 161, 162, -1,
      189, 162, 190, -1,
      190, 162, 163, -1,
      190, 163, 174, -1,
      178, 179, 191, -1,
      191, 179, 192, -1,
      178, 191, 193, -1,
      178, 193, 177, -1,
      177, 193, 194, -1,
      177, 194, 176, -1,
      176, 194, 195, -1,
      176, 195, 175, -1,
      175, 195, 196, -1,
      175, 196, 174, -1,
      174, 196, 197, -1,
      174, 197, 190, -1,
      190, 197, 198, -1,
      190, 198, 189, -1,
      189, 198, 199, -1,
      189, 199, 188, -1,
      188, 199, 200, -1,
      188, 200, 187, -1,
      187, 200, 201, -1,
      187, 201, 186, -1,
      186, 201, 202, -1,
      186, 202, 185, -1,
      185, 202, 203, -1,
      185, 203, 184, -1,
      184, 203, 204, -1,
      184, 204, 183, -1,
      183, 204, 205, -1,
      183, 205, 182, -1,
      182, 205, 206, -1,
      182, 206, 181, -1,
      180, 181, 207, -1,
      207, 181, 206, -1,
      179, 180, 192, -1,
      192, 180, 207, -1,
      208, 209, 106, -1,
      106, 209, 107, -1,
      209, 210, 107, -1,
      107, 210, 108, -1,
      210, 211, 108, -1,
      108, 211, 109, -1,
      211, 212, 109, -1,
      109, 212, 104, -1,
      212, 213, 104, -1,
      104, 213, 105, -1,
      213, 214, 105, -1,
      105, 214, 115, -1,
      214, 215, 115, -1,
      115, 215, 114, -1,
      215, 216, 114, -1,
      114, 216, 113, -1,
      216, 217, 113, -1,
      113, 217, 112, -1,
      217, 218, 112, -1,
      112, 218, 110, -1,
      218, 219, 110, -1,
      110, 219, 111, -1,
      219, 208, 111, -1,
      111, 208, 106, -1,
      210, 209, 208, -1,
      208, 219, 210, -1,
      210, 219, 218, -1,
      210, 218, 211, -1,
      213, 212, 214, -1,
      214, 212, 211, -1,
      214, 211, 215, -1,
      215, 211, 218, -1,
      215, 218, 216, -1,
      216, 218, 217, -1,
      220, 221, 8, -1,
      8, 221, 9, -1,
      9, 221, 222, -1,
      223, 57, 56, -1,
      223, 56, 224, -1,
      224, 56, 11, -1,
      224, 11, 222, -1,
      222, 11, 10, -1,
      222, 10, 9, -1,
      57, 223, 37, -1,
      37, 223, 225, -1,
      37, 225, 39, -1,
      39, 225, 226, -1,
      39, 226, 40, -1,
      40, 226, 227, -1,
      40, 227, 46, -1,
      46, 227, 228, -1,
      46, 228, 47, -1,
      47, 228, 229, -1,
      47, 229, 49, -1,
      49, 229, 230, -1,
      49, 230, 53, -1,
      53, 230, 231, -1,
      53, 231, 54, -1,
      232, 233, 35, -1,
      35, 233, 34, -1,
      35, 51, 232, -1,
      232, 51, 45, -1,
      232, 45, 234, -1,
      234, 45, 44, -1,
      234, 44, 235, -1,
      235, 44, 42, -1,
      235, 42, 236, -1,
      236, 42, 41, -1,
      236, 41, 237, -1,
      237, 41, 55, -1,
      237, 55, 238, -1,
      238, 55, 54, -1,
      238, 54, 231, -1,
      34, 233, 33, -1,
      33, 233, 239, -1,
      33, 239, 12, -1,
      12, 239, 240, -1,
      12, 240, 13, -1,
      240, 241, 13, -1,
      13, 241, 14, -1,
      242, 17, 15, -1,
      242, 15, 243, -1,
      243, 15, 14, -1,
      243, 14, 241, -1,
      244, 22, 32, -1,
      244, 32, 245, -1,
      245, 32, 31, -1,
      245, 31, 246, -1,
      246, 31, 21, -1,
      246, 21, 247, -1,
      247, 21, 20, -1,
      247, 20, 248, -1,
      248, 20, 19, -1,
      248, 19, 249, -1,
      249, 19, 18, -1,
      249, 18, 250, -1,
      250, 18, 17, -1,
      250, 17, 242, -1,
      251, 26, 25, -1,
      251, 25, 252, -1,
      252, 25, 27, -1,
      252, 27, 253, -1,
      253, 27, 28, -1,
      253, 28, 254, -1,
      254, 28, 29, -1,
      254, 29, 255, -1,
      255, 29, 24, -1,
      255, 24, 256, -1,
      256, 24, 23, -1,
      256, 23, 257, -1,
      257, 23, 22, -1,
      257, 22, 244, -1,
      220, 8, 16, -1,
      220, 16, 258, -1,
      258, 16, 30, -1,
      258, 30, 259, -1,
      259, 30, 26, -1,
      259, 26, 251, -1,
      252, 223, 251, -1,
      251, 223, 224, -1,
      251, 224, 259, -1,
      259, 224, 222, -1,
      259, 222, 258, -1,
      258, 222, 221, -1,
      258, 221, 220, -1,
      241, 240, 243, -1,
      243, 240, 239, -1,
      243, 239, 242, -1,
      242, 239, 233, -1,
      242, 233, 250, -1,
      250, 233, 232, -1,
      250, 232, 249, -1,
      249, 232, 234, -1,
      249, 234, 248, -1,
      248, 234, 235, -1,
      248, 235, 247, -1,
      247, 235, 236, -1,
      247, 236, 246, -1,
      246, 236, 237, -1,
      246, 237, 245, -1,
      245, 237, 238, -1,
      245, 238, 244, -1,
      244, 238, 231, -1,
      244, 231, 257, -1,
      257, 231, 230, -1,
      257, 230, 256, -1,
      256, 230, 229, -1,
      256, 229, 255, -1,
      255, 229, 228, -1,
      255, 228, 254, -1,
      254, 228, 227, -1,
      254, 227, 253, -1,
      253, 227, 226, -1,
      253, 226, 252, -1,
      252, 226, 225, -1,
      252, 225, 223, -1,
      260, 261, 48, -1,
      48, 261, 38, -1,
      261, 262, 38, -1,
      38, 262, 36, -1,
      262, 263, 36, -1,
      36, 263, 52, -1,
      263, 264, 52, -1,
      52, 264, 43, -1,
      264, 265, 43, -1,
      43, 265, 50, -1,
      265, 260, 50, -1,
      50, 260, 48, -1,
      264, 263, 265, -1,
      265, 263, 262, -1,
      265, 262, 260, -1,
      260, 262, 261, -1,
    ]
  }
}

Shape {
  appearance Appearance {
    material Material {
      diffuseColor 0.2510 0.2510 0.2510
      specularColor 0.1255 0.1255 0.1255
      ambientIntensity 0.2
      transparency 0.0000
      shininess 0.5
    }
  }
  geometry IndexedFaceSet {
    ccw TRUE
    solid FALSE
    coord DEF co Coordinate {
      point [
        -0.299167 0.001523 0.078740,
        -0.364996 0.001523 0.078740,
        -0.328537 0.083744 0.078740,
        -0.330431 0.090571 0.078740,
        -0.331687 0.097548 0.078740,
        -0.332325 0.097548 0.078740,
        -0.333610 0.090592 0.078740,
        -0.335363 0.083744 0.078740,
        -0.127523 0.099948 0.078740,
        -0.098491 0.099948 0.078740,
        -0.150822 0.097471 0.078740,
        -0.167070 0.091785 0.078740,
        -0.181450 0.082496 0.078740,
        -0.191011 0.072344 0.078740,
        -0.197850 0.060203 0.078740,
        -0.202445 0.044633 0.078740,
        -0.204117 0.025041 0.078740,
        -0.202310 0.004366 0.078740,
        -0.196537 -0.014138 0.078740,
        -0.188234 -0.027710 0.078740,
        -0.177193 -0.038615 0.078740,
        -0.163768 -0.046587 0.078740,
        -0.147203 -0.051758 0.078740,
        -0.126435 -0.053691 0.078740,
        -0.098491 -0.053691 0.078740,
      ]
    }
    coordIndex [
      0, 1, 2, -1,
      2, 1, 7, -1,
      2, 7, 3, -1,
      3, 7, 6, -1,
      3, 6, 4, -1,
      4, 6, 5, -1,
      9, 24, 8, -1,
      8, 24, 23, -1,
      8, 23, 22, -1,
      16, 15, 8, -1,
      8, 15, 14, -1,
      8, 14, 10, -1,
      22, 21, 8, -1,
      8, 21, 20, -1,
      8, 20, 19, -1,
      19, 18, 8, -1,
      8, 18, 17, -1,
      8, 17, 16, -1,
      13, 12, 14, -1,
      14, 12, 11, -1,
      14, 11, 10, -1,
    ]
  }
}

Shape {
  appearance Appearance {
    material Material {
      diffuseColor 0.7529 0.7529 0.7529
      specularColor 0.3765 0.3765 0.3765
      ambientIntensity 0.2
      transparency 0.0000
      shininess 0.5
    }
  }
  geometry IndexedFaceSet {
    ccw TRUE
    solid FALSE
    coord DEF co Coordinate {
      point [
        0.393701 -0.681910 4.330709,
        0.301326 -0.727464 4.330709,
        0.787402 -0.000000 4.330709,
        0.770195 0.163710 4.330709,
        0.719327 0.320265 4.330709,
        0.770195 -0.163710 4.330709,
        -0.770195 -0.163710 4.330709,
        -0.719327 -0.320265 4.330709,
        -0.637021 -0.462823 4.330709,
        0.526874 -0.585154 4.330709,
        0.637021 -0.462823 4.330709,
        0.719327 -0.320265 4.330709,
        -0.301326 -0.727464 4.330709,
        -0.393701 -0.681910 4.330709,
        -0.526874 -0.585154 4.330709,
        -0.787402 0.000000 4.330709,
        -0.770195 0.163710 4.330709,
        -0.637021 0.462823 4.330709,
        -0.719327 0.320265 4.330709,
        -0.526874 0.585154 4.330709,
        -0.393701 0.681910 4.330709,
        -0.082306 0.783088 4.330709,
        -0.243320 0.748863 4.330709,
        0.082306 0.783088 4.330709,
        0.243320 0.748863 4.330709,
        0.526874 0.585154 4.330709,
        0.393701 0.681910 4.330709,
        0.637021 0.462823 4.330709,
        -0.301326 -0.727464 4.334645,
        -0.243320 -0.748863 4.334645,
        0.301326 -0.727464 4.334645,
        0.243320 -0.748863 4.251969,
        0.393701 -0.681910 4.251969,
        0.526874 -0.585154 4.251969,
        0.637021 -0.462823 4.251969,
        0.719327 -0.320265 4.251969,
        0.770195 -0.163710 4.251969,
        0.787402 -0.000000 4.251969,
        0.770195 0.163710 4.251969,
        0.719327 0.320265 4.251969,
        0.637021 0.462823 4.251969,
        0.526874 0.585154 4.251969,
        0.393701 0.681910 4.251969,
        0.243320 0.748863 4.251969,
        0.082306 0.783088 4.251969,
        -0.082306 0.783088 4.251969,
        -0.243320 0.748863 4.251969,
        -0.393701 0.681910 4.251969,
        -0.526874 0.585154 4.251969,
        -0.637021 0.462823 4.251969,
        -0.719327 0.320265 4.251969,
        -0.770195 0.163710 4.251969,
        -0.787402 0.000000 4.251969,
        -0.770195 -0.163710 4.251969,
        -0.719327 -0.320265 4.251969,
        -0.637021 -0.462823 4.251969,
        -0.526874 -0.585154 4.251969,
        -0.393701 -0.681910 4.251969,
        -0.243320 -0.748863 4.251969,
        -0.082306 -0.783088 4.251969,
        -0.082306 -0.783088 4.334645,
        0.082306 -0.783088 4.251969,
        0.082306 -0.783088 4.334645,
        0.243320 -0.748863 4.334645,
        0.000000 0.000000 4.251969,
      ]
    }
    coordIndex [
      12, 28, 29, -1,
      30, 1, 31, -1,
      31, 1, 32, -1,
      32, 1, 0, -1,
      32, 0, 33, -1,
      33, 0, 9, -1,
      33, 9, 34, -1,
      34, 9, 10, -1,
      34, 10, 35, -1,
      35, 10, 11, -1,
      35, 11, 36, -1,
      36, 11, 5, -1,
      36, 5, 37, -1,
      37, 5, 2, -1,
      37, 2, 38, -1,
      38, 2, 3, -1,
      38, 3, 39, -1,
      39, 3, 4, -1,
      39, 4, 40, -1,
      40, 4, 27, -1,
      40, 27, 41, -1,
      41, 27, 25, -1,
      41, 25, 42, -1,
      42, 25, 26, -1,
      42, 26, 43, -1,
      43, 26, 24, -1,
      43, 24, 44, -1,
      44, 24, 23, -1,
      44, 23, 45, -1,
      45, 23, 21, -1,
      45, 21, 46, -1,
      46, 21, 22, -1,
      46, 22, 47, -1,
      47, 22, 20, -1,
      47, 20, 48, -1,
      48, 20, 19, -1,
      48, 19, 49, -1,
      49, 19, 17, -1,
      49, 17, 50, -1,
      50, 17, 18, -1,
      50, 18, 51, -1,
      51, 18, 16, -1,
      51, 16, 52, -1,
      52, 16, 15, -1,
      52, 15, 53, -1,
      53, 15, 6, -1,
      53, 6, 54, -1,
      54, 6, 7, -1,
      54, 7, 55, -1,
      55, 7, 8, -1,
      55, 8, 56, -1,
      56, 8, 14, -1,
      56, 14, 57, -1,
      57, 14, 13, -1,
      57, 13, 58, -1,
      13, 12, 58, -1,
      58, 12, 29, -1,
      58, 29, 59, -1,
      59, 29, 60, -1,
      59, 60, 61, -1,
      61, 60, 62, -1,
      61, 62, 31, -1,
      31, 62, 63, -1,
      31, 63, 30, -1,
      35, 36, 64, -1,
      64, 36, 37, -1,
      64, 37, 38, -1,
      32, 33, 64, -1,
      64, 33, 34, -1,
      64, 34, 35, -1,
      59, 61, 64, -1,
      64, 61, 31, -1,
      64, 31, 32, -1,
      56, 57, 64, -1,
      64, 57, 58, -1,
      64, 58, 59, -1,
      53, 54, 64, -1,
      64, 54, 55, -1,
      64, 55, 56, -1,
      50, 51, 64, -1,
      64, 51, 52, -1,
      64, 52, 53, -1,
      47, 48, 64, -1,
      64, 48, 49, -1,
      64, 49, 50, -1,
      44, 45, 64, -1,
      64, 45, 46, -1,
      64, 46, 47, -1,
      41, 42, 64, -1,
      64, 42, 43, -1,
      64, 43, 44, -1,
      38, 39, 64, -1,
      64, 39, 40, -1,
      64, 40, 41, -1,
    ]
  }
}

Shape {
  appearance Appearance {
    material Material {
      diffuseColor 1.0000 1.0000 1.0000
      specularColor 0.5020 0.5020 0.5020
      ambientIntensity 0.2
      transparency 0.0000
      shininess 0.5
    }
  }
  geometry IndexedFaceSet {
    ccw TRUE
    solid FALSE
    coord DEF co Coordinate {
      point [
        0.474588 -1.145756 0.268726,
        0.474588 -1.145756 0.118110,
        -0.474588 -1.145756 0.268726,
        -0.474588 -1.145756 0.118110,
        0.429389 -1.036637 0.000000,
        0.338991 -0.818397 0.000000,
        -0.338991 -0.818397 0.000000,
        -0.429389 -1.036637 0.000000,
        -0.441087 -1.064879 0.004024,
        -0.451988 -1.091196 0.015824,
        -0.461349 -1.113796 0.034594,
        -0.468532 -1.131137 0.059055,
        -0.473048 -1.142038 0.087541,
        0.473048 -1.142038 0.087541,
        0.468532 -1.131137 0.059055,
        0.461349 -1.113796 0.034594,
        0.451988 -1.091196 0.015824,
        0.441087 -1.064879 0.004024,
        0.459911 -1.110324 0.606820,
        0.449866 -1.086072 0.576338,
        -0.459911 -1.110324 0.606820,
        -0.449866 -1.086072 0.576338,
        0.442840 -1.069109 0.540545,
        -0.442840 -1.069109 0.540545,
        0.439226 -1.060384 0.501443,
        -0.439226 -1.060384 0.501443,
        0.439226 -1.060384 0.461215,
        -0.439226 -1.060384 0.461215,
        0.442840 -1.069109 0.422113,
        -0.442840 -1.069109 0.422113,
        0.449866 -1.086072 0.386320,
        -0.449866 -1.086072 0.386320,
        0.459911 -1.110324 0.355838,
        -0.459911 -1.110324 0.355838,
        0.301326 -0.727464 4.330709,
        0.429389 -1.036637 4.330709,
        -0.429389 -1.036637 4.330709,
        -0.301326 -0.727464 4.330709,
        -0.441087 -1.064879 4.326684,
        -0.451988 -1.091196 4.314885,
        -0.461349 -1.113796 4.296115,
        -0.468532 -1.131137 4.271654,
        -0.473048 -1.142038 4.243168,
        -0.474588 -1.145756 4.212599,
        0.441087 -1.064879 4.326684,
        0.451988 -1.091196 4.314885,
        0.461349 -1.113796 4.296115,
        0.468532 -1.131137 4.271654,
        0.473048 -1.142038 4.243168,
        0.474588 -1.145756 4.212599,
        0.474588 -1.145756 0.693932,
        -0.474588 -1.145756 0.693932,
        0.466120 -1.125315 0.337552,
        0.470756 -1.136506 0.316317,
        0.473619 -1.143419 0.293042,
        -0.473619 -1.143419 0.293042,
        -0.470756 -1.136506 0.316317,
        -0.466120 -1.125315 0.337552,
        0.466120 -1.125315 0.625106,
        0.470756 -1.136506 0.646342,
        0.473619 -1.143419 0.669616,
        -0.466120 -1.125315 0.625106,
        -0.470756 -1.136506 0.646342,
        -0.473619 -1.143419 0.669616,
        0.338991 -0.818397 -0.003937,
        0.172816 -0.868806 -0.003937,
        0.000000 -0.885827 -0.003937,
        -0.172816 -0.868806 -0.003937,
        -0.338991 -0.818397 -0.003937,
        -0.301326 -0.727464 4.334645,
        -0.243320 -0.748863 4.334645,
        0.301326 -0.727464 4.334645,
        -0.082306 -0.783088 4.334645,
        0.082306 -0.783088 4.334645,
        0.243320 -0.748863 4.334645,
        -0.429389 -1.036637 4.334645,
        -0.310622 -1.078194 4.334645,
        -0.187950 -1.106194 4.334645,
        -0.062914 -1.120282 4.334645,
        0.429389 -1.036637 4.334645,
        0.310622 -1.078194 4.334645,
        0.187950 -1.106194 4.334645,
        0.062914 -1.120282 4.334645,
        -0.290010 -1.207888 4.212599,
        -0.208394 -1.226517 4.212599,
        -0.207697 -1.222417 4.244187,
        0.097470 -1.239015 4.212599,
        0.208394 -1.226517 4.212599,
        0.207697 -1.222417 4.244187,
        0.319367 -1.108548 4.330487,
        0.193241 -1.137336 4.330487,
        0.327516 -1.136833 4.318294,
        0.198172 -1.166356 4.318294,
        0.334513 -1.161122 4.298899,
        0.202406 -1.191275 4.298899,
        0.339883 -1.179760 4.273622,
        0.205655 -1.210396 4.273622,
        0.343258 -1.191476 4.244187,
        -0.064685 -1.151820 4.330487,
        -0.193241 -1.137336 4.330487,
        -0.066335 -1.181210 4.318294,
        -0.198172 -1.166356 4.318294,
        -0.067753 -1.206447 4.298899,
        -0.202406 -1.191275 4.298899,
        -0.068840 -1.225812 4.273622,
        -0.205655 -1.210396 4.273622,
        -0.069524 -1.237985 4.244187,
        0.441477 -1.065820 4.330487,
        0.452742 -1.093015 4.318294,
        0.462415 -1.116368 4.298899,
        0.469837 -1.134287 4.273622,
        0.474503 -1.145551 4.244187,
        0.476094 -1.149393 4.212599,
        0.344409 -1.195472 4.212599,
        0.290010 -1.207888 4.212599,
        0.069757 -1.242137 4.212599,
        0.069524 -1.237985 4.244187,
        0.068840 -1.225812 4.273622,
        0.067753 -1.206447 4.298899,
        0.066335 -1.181210 4.318294,
        0.064685 -1.151820 4.330487,
        -0.069757 -1.242137 4.212599,
        -0.097470 -1.239015 4.212599,
        -0.344409 -1.195472 4.212599,
        -0.343258 -1.191476 4.244187,
        -0.339883 -1.179760 4.273622,
        -0.334513 -1.161122 4.298899,
        -0.327516 -1.136833 4.318294,
        -0.319367 -1.108548 4.330487,
        -0.441477 -1.065820 4.330487,
        -0.452742 -1.093015 4.318294,
        -0.462415 -1.116368 4.298899,
        -0.469837 -1.134287 4.273622,
        -0.474503 -1.145551 4.244187,
        -0.476094 -1.149393 4.212599,
        0.476094 -1.149393 0.693932,
        0.344409 -1.195472 0.693932,
        0.290010 -1.207888 0.693932,
        0.208394 -1.226517 0.693932,
        0.097470 -1.239015 0.693932,
        0.069757 -1.242137 0.693932,
        -0.069757 -1.242137 0.693932,
        -0.097470 -1.239015 0.693932,
        -0.208394 -1.226517 0.693932,
        -0.290010 -1.207888 0.693932,
        -0.344409 -1.195472 0.693932,
        -0.476094 -1.149393 0.693932,
        0.460929 -1.112780 0.603916,
        0.467345 -1.128270 0.622812,
        0.338080 -1.173502 0.622812,
        0.472135 -1.139835 0.644756,
        0.341545 -1.185530 0.644756,
        0.475094 -1.146978 0.668806,
        0.343686 -1.192959 0.668806,
        0.069610 -1.239527 0.668806,
        0.207956 -1.223939 0.668806,
        -0.069610 -1.239527 0.668806,
        -0.207956 -1.223939 0.668806,
        -0.343686 -1.192959 0.668806,
        -0.475094 -1.146978 0.668806,
        0.206661 -1.216317 0.644756,
        0.069177 -1.231808 0.644756,
        -0.069177 -1.231808 0.644756,
        -0.206661 -1.216317 0.644756,
        -0.341545 -1.185530 0.644756,
        -0.472135 -1.139835 0.644756,
        0.204564 -1.203977 0.622812,
        0.068475 -1.219310 0.622812,
        -0.068475 -1.219310 0.622812,
        -0.204564 -1.203977 0.622812,
        -0.338080 -1.173502 0.622812,
        -0.467345 -1.128270 0.622812,
        0.333439 -1.157391 0.603916,
        0.201756 -1.187447 0.603916,
        0.067535 -1.202570 0.603916,
        -0.067535 -1.202570 0.603916,
        -0.201756 -1.187447 0.603916,
        -0.333439 -1.157391 0.603916,
        -0.460929 -1.112780 0.603916,
        -0.451116 -1.089089 0.574140,
        -0.326340 -1.132750 0.574140,
        -0.197460 -1.162167 0.574140,
        -0.066097 -1.176967 0.574140,
        0.066097 -1.176967 0.574140,
        0.197460 -1.162167 0.574140,
        0.326340 -1.132750 0.574140,
        0.451116 -1.089089 0.574140,
        -0.444252 -1.072519 0.539175,
        -0.321375 -1.115516 0.539175,
        -0.194456 -1.144484 0.539175,
        -0.065091 -1.159060 0.539175,
        0.065091 -1.159060 0.539175,
        0.194456 -1.144484 0.539175,
        0.321375 -1.115516 0.539175,
        0.444252 -1.072519 0.539175,
        -0.440722 -1.063996 0.500977,
        -0.318820 -1.106651 0.500977,
        -0.192910 -1.135389 0.500977,
        -0.064574 -1.149849 0.500977,
        0.064574 -1.149849 0.500977,
        0.192910 -1.135389 0.500977,
        0.318820 -1.106651 0.500977,
        0.440722 -1.063996 0.500977,
        -0.440722 -1.063996 0.461681,
        -0.318820 -1.106651 0.461681,
        -0.192910 -1.135389 0.461681,
        -0.064574 -1.149849 0.461681,
        0.064574 -1.149849 0.461681,
        0.192910 -1.135389 0.461681,
        0.318820 -1.106651 0.461681,
        0.440722 -1.063996 0.461681,
        -0.444252 -1.072519 0.423483,
        -0.321375 -1.115516 0.423483,
        -0.194456 -1.144484 0.423483,
        -0.065091 -1.159060 0.423483,
        0.065091 -1.159060 0.423483,
        0.194456 -1.144484 0.423483,
        0.321375 -1.115516 0.423483,
        0.444252 -1.072519 0.423483,
        -0.451116 -1.089089 0.388519,
        -0.326340 -1.132750 0.388519,
        -0.197460 -1.162167 0.388519,
        -0.066097 -1.176967 0.388519,
        0.066097 -1.176967 0.388519,
        0.197460 -1.162167 0.388519,
        0.326340 -1.132750 0.388519,
        0.451116 -1.089089 0.388519,
        -0.460929 -1.112780 0.358742,
        -0.333439 -1.157391 0.358742,
        -0.201756 -1.187447 0.358742,
        -0.067535 -1.202570 0.358742,
        0.067535 -1.202570 0.358742,
        0.201756 -1.187447 0.358742,
        0.333439 -1.157391 0.358742,
        0.460929 -1.112780 0.358742,
        -0.290010 -1.207888 0.268726,
        -0.208394 -1.226517 0.268726,
        -0.207956 -1.223939 0.293853,
        0.097470 -1.239015 0.268726,
        0.208394 -1.226517 0.268726,
        0.207956 -1.223939 0.293853,
        0.338080 -1.173502 0.339846,
        0.204564 -1.203977 0.339846,
        0.341545 -1.185530 0.317903,
        0.206661 -1.216317 0.317903,
        0.343686 -1.192959 0.293853,
        -0.068475 -1.219310 0.339846,
        -0.204564 -1.203977 0.339846,
        -0.069177 -1.231808 0.317903,
        -0.206661 -1.216317 0.317903,
        -0.069610 -1.239527 0.293853,
        0.467345 -1.128270 0.339846,
        0.472135 -1.139835 0.317903,
        0.475094 -1.146978 0.293853,
        0.476094 -1.149393 0.268726,
        0.344409 -1.195472 0.268726,
        0.290010 -1.207888 0.268726,
        0.069757 -1.242137 0.268726,
        0.069610 -1.239527 0.293853,
        0.069177 -1.231808 0.317903,
        0.068475 -1.219310 0.339846,
        -0.069757 -1.242137 0.268726,
        -0.097470 -1.239015 0.268726,
        -0.344409 -1.195472 0.268726,
        -0.343686 -1.192959 0.293853,
        -0.341545 -1.185530 0.317903,
        -0.338080 -1.173502 0.339846,
        -0.467345 -1.128270 0.339846,
        -0.472135 -1.139835 0.317903,
        -0.475094 -1.146978 0.293853,
        -0.476094 -1.149393 0.268726,
        0.476094 -1.149393 0.118110,
        0.344409 -1.195472 0.118110,
        0.290010 -1.207888 0.118110,
        0.208394 -1.226517 0.118110,
        0.097470 -1.239015 0.118110,
        0.069757 -1.242137 0.118110,
        -0.069757 -1.242137 0.118110,
        -0.097470 -1.239015 0.118110,
        -0.208394 -1.226517 0.118110,
        -0.290010 -1.207888 0.118110,
        -0.344409 -1.195472 0.118110,
        -0.476094 -1.149393 0.118110,
        0.429389 -1.036637 -0.003937,
        0.441477 -1.065820 0.000222,
        0.319367 -1.108548 0.000222,
        0.452742 -1.093015 0.012414,
        0.327516 -1.136833 0.012414,
        0.462415 -1.116368 0.031810,
        0.334513 -1.161122 0.031810,
        0.469837 -1.134287 0.057087,
        0.339883 -1.179760 0.057087,
        0.474503 -1.145551 0.086522,
        0.343258 -1.191476 0.086522,
        0.069524 -1.237985 0.086522,
        0.207697 -1.222417 0.086522,
        -0.069524 -1.237985 0.086522,
        -0.207697 -1.222417 0.086522,
        -0.343258 -1.191476 0.086522,
        -0.474503 -1.145551 0.086522,
        0.205655 -1.210396 0.057087,
        0.068840 -1.225812 0.057087,
        -0.068840 -1.225812 0.057087,
        -0.205655 -1.210396 0.057087,
        -0.339883 -1.179760 0.057087,
        -0.469837 -1.134287 0.057087,
        0.202406 -1.191275 0.031810,
        0.067753 -1.206447 0.031810,
        -0.067753 -1.206447 0.031810,
        -0.202406 -1.191275 0.031810,
        -0.334513 -1.161122 0.031810,
        -0.462415 -1.116368 0.031810,
        0.198172 -1.166356 0.012414,
        0.066335 -1.181210 0.012414,
        -0.066335 -1.181210 0.012414,
        -0.198172 -1.166356 0.012414,
        -0.327516 -1.136833 0.012414,
        -0.452742 -1.093015 0.012414,
        0.193241 -1.137336 0.000222,
        0.064685 -1.151820 0.000222,
        -0.064685 -1.151820 0.000222,
        -0.193241 -1.137336 0.000222,
        -0.319367 -1.108548 0.000222,
        -0.441477 -1.065820 0.000222,
        0.310622 -1.078194 -0.003937,
        0.187950 -1.106194 -0.003937,
        0.062914 -1.120282 -0.003937,
        -0.062914 -1.120282 -0.003937,
        -0.187950 -1.106194 -0.003937,
        -0.310622 -1.078194 -0.003937,
        -0.429389 -1.036637 -0.003937,
      ]
    }
    coordIndex [
      70, 69, 75, -1,
      75, 76, 70, -1,
      70, 76, 77, -1,
      70, 77, 72, -1,
      72, 77, 78, -1,
      72, 78, 73, -1,
      79, 71, 80, -1,
      80, 71, 74, -1,
      80, 74, 81, -1,
      81, 74, 73, -1,
      81, 73, 82, -1,
      82, 73, 78, -1,
      83, 84, 85, -1,
      86, 87, 88, -1,
      80, 81, 89, -1,
      89, 81, 90, -1,
      89, 90, 91, -1,
      91, 90, 92, -1,
      91, 92, 93, -1,
      93, 92, 94, -1,
      93, 94, 95, -1,
      95, 94, 96, -1,
      95, 96, 97, -1,
      97, 96, 88, -1,
      78, 77, 98, -1,
      98, 77, 99, -1,
      98, 99, 100, -1,
      100, 99, 101, -1,
      100, 101, 102, -1,
      102, 101, 103, -1,
      102, 103, 104, -1,
      104, 103, 105, -1,
      104, 105, 106, -1,
      106, 105, 85, -1,
      79, 80, 107, -1,
      107, 80, 89, -1,
      107, 89, 108, -1,
      108, 89, 91, -1,
      108, 91, 109, -1,
      109, 91, 93, -1,
      109, 93, 110, -1,
      110, 93, 95, -1,
      110, 95, 111, -1,
      111, 95, 97, -1,
      111, 97, 112, -1,
      112, 97, 113, -1,
      88, 87, 97, -1,
      97, 87, 114, -1,
      97, 114, 113, -1,
      115, 86, 116, -1,
      116, 86, 88, -1,
      116, 88, 117, -1,
      117, 88, 96, -1,
      117, 96, 118, -1,
      118, 96, 94, -1,
      118, 94, 119, -1,
      119, 94, 92, -1,
      119, 92, 120, -1,
      120, 92, 90, -1,
      120, 90, 82, -1,
      82, 90, 81, -1,
      82, 78, 120, -1,
      120, 78, 98, -1,
      120, 98, 119, -1,
      119, 98, 100, -1,
      119, 100, 118, -1,
      118, 100, 102, -1,
      118, 102, 117, -1,
      117, 102, 104, -1,
      117, 104, 116, -1,
      116, 104, 106, -1,
      116, 106, 115, -1,
      115, 106, 121, -1,
      85, 84, 106, -1,
      106, 84, 122, -1,
      106, 122, 121, -1,
      123, 83, 124, -1,
      124, 83, 85, -1,
      124, 85, 125, -1,
      125, 85, 105, -1,
      125, 105, 126, -1,
      126, 105, 103, -1,
      126, 103, 127, -1,
      127, 103, 101, -1,
      127, 101, 128, -1,
      128, 101, 99, -1,
      128, 99, 76, -1,
      76, 99, 77, -1,
      76, 75, 128, -1,
      128, 75, 129, -1,
      128, 129, 127, -1,
      127, 129, 130, -1,
      127, 130, 126, -1,
      126, 130, 131, -1,
      126, 131, 125, -1,
      125, 131, 132, -1,
      125, 132, 124, -1,
      124, 132, 133, -1,
      124, 133, 123, -1,
      123, 133, 134, -1,
      135, 112, 136, -1,
      136, 112, 113, -1,
      136, 113, 137, -1,
      137, 113, 114, -1,
      137, 114, 138, -1,
      138, 114, 87, -1,
      138, 87, 139, -1,
      139, 87, 86, -1,
      139, 86, 140, -1,
      140, 86, 115, -1,
      140, 115, 141, -1,
      141, 115, 121, -1,
      141, 121, 142, -1,
      142, 121, 122, -1,
      142, 122, 143, -1,
      143, 122, 84, -1,
      143, 84, 144, -1,
      144, 84, 83, -1,
      144, 83, 145, -1,
      145, 83, 123, -1,
      145, 123, 146, -1,
      146, 123, 134, -1,
      147, 148, 149, -1,
      148, 150, 151, -1,
      150, 152, 153, -1,
      139, 154, 138, -1,
      138, 154, 155, -1,
      138, 155, 137, -1,
      137, 155, 153, -1,
      137, 153, 136, -1,
      136, 153, 152, -1,
      136, 152, 135, -1,
      139, 140, 154, -1,
      154, 140, 141, -1,
      154, 141, 156, -1,
      156, 141, 142, -1,
      156, 142, 157, -1,
      157, 142, 143, -1,
      157, 143, 158, -1,
      158, 143, 144, -1,
      144, 145, 158, -1,
      158, 145, 146, -1,
      158, 146, 159, -1,
      150, 153, 151, -1,
      151, 153, 155, -1,
      151, 155, 160, -1,
      160, 155, 154, -1,
      160, 154, 161, -1,
      161, 154, 156, -1,
      161, 156, 162, -1,
      162, 156, 157, -1,
      162, 157, 163, -1,
      163, 157, 158, -1,
      163, 158, 164, -1,
      164, 158, 159, -1,
      164, 159, 165, -1,
      148, 151, 149, -1,
      149, 151, 160, -1,
      149, 160, 166, -1,
      166, 160, 161, -1,
      166, 161, 167, -1,
      167, 161, 162, -1,
      167, 162, 168, -1,
      168, 162, 163, -1,
      168, 163, 169, -1,
      169, 163, 164, -1,
      169, 164, 170, -1,
      170, 164, 165, -1,
      170, 165, 171, -1,
      147, 149, 172, -1,
      172, 149, 166, -1,
      172, 166, 173, -1,
      173, 166, 167, -1,
      173, 167, 174, -1,
      174, 167, 168, -1,
      174, 168, 175, -1,
      175, 168, 169, -1,
      175, 169, 176, -1,
      176, 169, 170, -1,
      176, 170, 177, -1,
      177, 170, 171, -1,
      177, 171, 178, -1,
      178, 179, 177, -1,
      177, 179, 180, -1,
      177, 180, 176, -1,
      176, 180, 181, -1,
      176, 181, 175, -1,
      175, 181, 182, -1,
      175, 182, 174, -1,
      174, 182, 183, -1,
      174, 183, 173, -1,
      173, 183, 184, -1,
      173, 184, 172, -1,
      172, 184, 185, -1,
      172, 185, 147, -1,
      147, 185, 186, -1,
      179, 187, 180, -1,
      180, 187, 188, -1,
      180, 188, 181, -1,
      181, 188, 189, -1,
      181, 189, 182, -1,
      182, 189, 190, -1,
      182, 190, 183, -1,
      183, 190, 191, -1,
      183, 191, 184, -1,
      184, 191, 192, -1,
      184, 192, 185, -1,
      185, 192, 193, -1,
      185, 193, 186, -1,
      186, 193, 194, -1,
      187, 195, 188, -1,
      188, 195, 196, -1,
      188, 196, 189, -1,
      189, 196, 197, -1,
      189, 197, 190, -1,
      190, 197, 198, -1,
      190, 198, 191, -1,
      191, 198, 199, -1,
      191, 199, 192, -1,
      192, 199, 200, -1,
      192, 200, 193, -1,
      193, 200, 201, -1,
      193, 201, 194, -1,
      194, 201, 202, -1,
      195, 203, 196, -1,
      196, 203, 204, -1,
      196, 204, 197, -1,
      197, 204, 205, -1,
      197, 205, 198, -1,
      198, 205, 206, -1,
      198, 206, 199, -1,
      199, 206, 207, -1,
      199, 207, 200, -1,
      200, 207, 208, -1,
      200, 208, 201, -1,
      201, 208, 209, -1,
      201, 209, 202, -1,
      202, 209, 210, -1,
      203, 211, 204, -1,
      204, 211, 212, -1,
      204, 212, 205, -1,
      205, 212, 213, -1,
      205, 213, 206, -1,
      206, 213, 214, -1,
      206, 214, 207, -1,
      207, 214, 215, -1,
      207, 215, 208, -1,
      208, 215, 216, -1,
      208, 216, 209, -1,
      209, 216, 217, -1,
      209, 217, 210, -1,
      210, 217, 218, -1,
      211, 219, 212, -1,
      212, 219, 220, -1,
      212, 220, 213, -1,
      213, 220, 221, -1,
      213, 221, 214, -1,
      214, 221, 222, -1,
      214, 222, 215, -1,
      215, 222, 223, -1,
      215, 223, 216, -1,
      216, 223, 224, -1,
      216, 224, 217, -1,
      217, 224, 225, -1,
      217, 225, 218, -1,
      218, 225, 226, -1,
      219, 227, 220, -1,
      220, 227, 228, -1,
      220, 228, 221, -1,
      221, 228, 229, -1,
      221, 229, 222, -1,
      222, 229, 230, -1,
      222, 230, 223, -1,
      223, 230, 231, -1,
      223, 231, 224, -1,
      224, 231, 232, -1,
      224, 232, 225, -1,
      225, 232, 233, -1,
      225, 233, 226, -1,
      226, 233, 234, -1,
      235, 236, 237, -1,
      238, 239, 240, -1,
      233, 232, 241, -1,
      241, 232, 242, -1,
      241, 242, 243, -1,
      243, 242, 244, -1,
      243, 244, 245, -1,
      245, 244, 240, -1,
      230, 229, 246, -1,
      246, 229, 247, -1,
      246, 247, 248, -1,
      248, 247, 249, -1,
      248, 249, 250, -1,
      250, 249, 237, -1,
      234, 233, 251, -1,
      251, 233, 241, -1,
      251, 241, 252, -1,
      252, 241, 243, -1,
      252, 243, 253, -1,
      253, 243, 245, -1,
      253, 245, 254, -1,
      254, 245, 255, -1,
      240, 239, 245, -1,
      245, 239, 256, -1,
      245, 256, 255, -1,
      257, 238, 258, -1,
      258, 238, 240, -1,
      258, 240, 259, -1,
      259, 240, 244, -1,
      259, 244, 260, -1,
      260, 244, 242, -1,
      260, 242, 231, -1,
      231, 242, 232, -1,
      231, 230, 260, -1,
      260, 230, 246, -1,
      260, 246, 259, -1,
      259, 246, 248, -1,
      259, 248, 258, -1,
      258, 248, 250, -1,
      258, 250, 257, -1,
      257, 250, 261, -1,
      237, 236, 250, -1,
      250, 236, 262, -1,
      250, 262, 261, -1,
      263, 235, 264, -1,
      264, 235, 237, -1,
      264, 237, 265, -1,
      265, 237, 249, -1,
      265, 249, 266, -1,
      266, 249, 247, -1,
      266, 247, 228, -1,
      228, 247, 229, -1,
      228, 227, 266, -1,
      266, 227, 267, -1,
      266, 267, 265, -1,
      265, 267, 268, -1,
      265, 268, 264, -1,
      264, 268, 269, -1,
      264, 269, 263, -1,
      263, 269, 270, -1,
      271, 254, 272, -1,
      272, 254, 255, -1,
      272, 255, 273, -1,
      273, 255, 256, -1,
      273, 256, 274, -1,
      274, 256, 239, -1,
      274, 239, 275, -1,
      275, 239, 238, -1,
      275, 238, 276, -1,
      276, 238, 257, -1,
      276, 257, 277, -1,
      277, 257, 261, -1,
      277, 261, 278, -1,
      278, 261, 262, -1,
      278, 262, 279, -1,
      279, 262, 236, -1,
      279, 236, 280, -1,
      280, 236, 235, -1,
      280, 235, 281, -1,
      281, 235, 263, -1,
      281, 263, 282, -1,
      282, 263, 270, -1,
      283, 284, 285, -1,
      284, 286, 287, -1,
      286, 288, 289, -1,
      288, 290, 291, -1,
      290, 292, 293, -1,
      275, 294, 274, -1,
      274, 294, 295, -1,
      274, 295, 273, -1,
      273, 295, 293, -1,
      273, 293, 272, -1,
      272, 293, 292, -1,
      272, 292, 271, -1,
      275, 276, 294, -1,
      294, 276, 277, -1,
      294, 277, 296, -1,
      296, 277, 278, -1,
      296, 278, 297, -1,
      297, 278, 279, -1,
      297, 279, 298, -1,
      298, 279, 280, -1,
      280, 281, 298, -1,
      298, 281, 282, -1,
      298, 282, 299, -1,
      290, 293, 291, -1,
      291, 293, 295, -1,
      291, 295, 300, -1,
      300, 295, 294, -1,
      300, 294, 301, -1,
      301, 294, 296, -1,
      301, 296, 302, -1,
      302, 296, 297, -1,
      302, 297, 303, -1,
      303, 297, 298, -1,
      303, 298, 304, -1,
      304, 298, 299, -1,
      304, 299, 305, -1,
      288, 291, 289, -1,
      289, 291, 300, -1,
      289, 300, 306, -1,
      306, 300, 301, -1,
      306, 301, 307, -1,
      307, 301, 302, -1,
      307, 302, 308, -1,
      308, 302, 303, -1,
      308, 303, 309, -1,
      309, 303, 304, -1,
      309, 304, 310, -1,
      310, 304, 305, -1,
      310, 305, 311, -1,
      286, 289, 287, -1,
      287, 289, 306, -1,
      287, 306, 312, -1,
      312, 306, 307, -1,
      312, 307, 313, -1,
      313, 307, 308, -1,
      313, 308, 314, -1,
      314, 308, 309, -1,
      314, 309, 315, -1,
      315, 309, 310, -1,
      315, 310, 316, -1,
      316, 310, 311, -1,
      316, 311, 317, -1,
      284, 287, 285, -1,
      285, 287, 312, -1,
      285, 312, 318, -1,
      318, 312, 313, -1,
      318, 313, 319, -1,
      319, 313, 314, -1,
      319, 314, 320, -1,
      320, 314, 315, -1,
      320, 315, 321, -1,
      321, 315, 316, -1,
      321, 316, 322, -1,
      322, 316, 317, -1,
      322, 317, 323, -1,
      283, 285, 324, -1,
      324, 285, 318, -1,
      324, 318, 325, -1,
      325, 318, 319, -1,
      325, 319, 326, -1,
      326, 319, 320, -1,
      326, 320, 327, -1,
      327, 320, 321, -1,
      327, 321, 328, -1,
      328, 321, 322, -1,
      328, 322, 329, -1,
      329, 322, 323, -1,
      329, 323, 330, -1,
      66, 65, 325, -1,
      325, 65, 324, -1,
      324, 65, 64, -1,
      324, 64, 283, -1,
      330, 68, 329, -1,
      329, 68, 67, -1,
      325, 326, 66, -1,
      66, 326, 327, -1,
      66, 327, 67, -1,
      67, 327, 328, -1,
      67, 328, 329, -1,
      69, 37, 75, -1,
      75, 37, 36, -1,
      75, 36, 129, -1,
      129, 36, 38, -1,
      129, 38, 130, -1,
      130, 38, 39, -1,
      130, 39, 131, -1,
      131, 39, 40, -1,
      131, 40, 132, -1,
      132, 40, 41, -1,
      132, 41, 133, -1,
      133, 41, 42, -1,
      133, 42, 134, -1,
      134, 42, 43, -1,
      134, 43, 146, -1,
      146, 43, 51, -1,
      146, 51, 159, -1,
      159, 51, 63, -1,
      159, 63, 165, -1,
      165, 63, 62, -1,
      165, 62, 171, -1,
      171, 62, 61, -1,
      171, 61, 178, -1,
      178, 61, 20, -1,
      178, 20, 179, -1,
      179, 20, 21, -1,
      179, 21, 187, -1,
      187, 21, 23, -1,
      187, 23, 195, -1,
      195, 23, 25, -1,
      195, 25, 203, -1,
      203, 25, 27, -1,
      203, 27, 211, -1,
      211, 27, 29, -1,
      211, 29, 219, -1,
      219, 29, 31, -1,
      219, 31, 227, -1,
      227, 31, 33, -1,
      227, 33, 267, -1,
      267, 33, 57, -1,
      267, 57, 268, -1,
      268, 57, 56, -1,
      268, 56, 269, -1,
      269, 56, 55, -1,
      269, 55, 270, -1,
      270, 55, 2, -1,
      270, 2, 282, -1,
      282, 2, 3, -1,
      282, 3, 299, -1,
      299, 3, 12, -1,
      299, 12, 305, -1,
      305, 12, 11, -1,
      305, 11, 311, -1,
      311, 11, 10, -1,
      311, 10, 317, -1,
      317, 10, 9, -1,
      317, 9, 323, -1,
      323, 9, 8, -1,
      323, 8, 330, -1,
      330, 8, 7, -1,
      330, 7, 68, -1,
      68, 7, 6, -1,
      64, 5, 283, -1,
      283, 5, 4, -1,
      283, 4, 284, -1,
      284, 4, 17, -1,
      284, 17, 286, -1,
      286, 17, 16, -1,
      286, 16, 288, -1,
      288, 16, 15, -1,
      288, 15, 290, -1,
      290, 15, 14, -1,
      290, 14, 292, -1,
      292, 14, 13, -1,
      292, 13, 271, -1,
      271, 13, 1, -1,
      271, 1, 254, -1,
      254, 1, 0, -1,
      254, 0, 253, -1,
      253, 0, 54, -1,
      253, 54, 252, -1,
      252, 54, 53, -1,
      252, 53, 251, -1,
      251, 53, 52, -1,
      251, 52, 234, -1,
      234, 52, 32, -1,
      234, 32, 226, -1,
      226, 32, 30, -1,
      226, 30, 218, -1,
      218, 30, 28, -1,
      218, 28, 210, -1,
      210, 28, 26, -1,
      210, 26, 202, -1,
      202, 26, 24, -1,
      202, 24, 194, -1,
      194, 24, 22, -1,
      194, 22, 186, -1,
      186, 22, 19, -1,
      186, 19, 147, -1,
      147, 19, 18, -1,
      147, 18, 148, -1,
      148, 18, 58, -1,
      148, 58, 150, -1,
      150, 58, 59, -1,
      150, 59, 152, -1,
      152, 59, 60, -1,
      152, 60, 135, -1,
      135, 60, 50, -1,
      135, 50, 112, -1,
      112, 50, 49, -1,
      112, 49, 111, -1,
      111, 49, 48, -1,
      111, 48, 110, -1,
      110, 48, 47, -1,
      110, 47, 109, -1,
      109, 47, 46, -1,
      109, 46, 108, -1,
      108, 46, 45, -1,
      108, 45, 107, -1,
      107, 45, 44, -1,
      107, 44, 79, -1,
      79, 44, 35, -1,
      79, 35, 71, -1,
      71, 35, 34, -1,
    ]
  }
}
