#VRML V2.0 utf8

Shape {
  appearance Appearance {
    material Material {
      diffuseColor 1.0000 1.0000 1.0000
      specularColor 0.8784 0.8784 0.8784
      ambientIntensity 0.2
      transparency 0.0000
      shininess 0.5
    }
  }
  geometry IndexedFaceSet {
    ccw TRUE
    solid FALSE
    coord DEF co Coordinate {
      point [
        -0.863863 -0.187319 -4.370078,
        -0.241085 -0.187319 -4.370078,
        -0.241085 -0.265170 -4.370078,
        0.763739 0.440945 -4.370078,
        0.811582 0.338344 -4.370078,
        0.746063 0.338344 -4.370078,
        0.261102 0.846472 -4.370078,
        0.413919 0.783173 -4.370078,
        0.253922 0.338344 -4.370078,
        0.767148 0.442913 -4.370078,
        0.746063 0.472631 -4.370078,
        0.671431 0.577814 -4.370078,
        0.552304 0.692567 -4.370078,
        0.253922 0.847970 -4.370078,
        0.132388 0.338344 -4.370078,
        0.132388 0.873328 -4.370078,
        -0.079346 0.437730 -4.370078,
        -0.079346 0.348427 -4.370078,
        -0.106713 0.338344 -4.370078,
        -0.105273 0.348427 -4.370078,
        -0.105273 0.469418 -4.370078,
        -0.106713 0.876466 -4.370078,
        -0.066198 0.883350 -4.370078,
        0.130947 0.469418 -4.370078,
        0.099181 0.880257 -4.370078,
        0.130947 0.437730 -4.370078,
        -0.229269 0.855643 -4.370078,
        -0.241085 0.338344 -4.370078,
        -0.241085 0.851259 -4.370078,
        -0.824593 0.323629 -4.370078,
        -0.817164 0.338344 -4.370078,
        -0.750051 0.471288 -4.370078,
        -0.649357 0.602515 -4.370078,
        -0.526022 0.712734 -4.370078,
        -0.384346 0.798102 -4.370078,
        -0.241085 0.135324 -4.370078,
        -0.873137 0.135324 -4.370078,
        -0.870383 0.164685 -4.370078,
        -0.241085 0.112278 -4.370078,
        -0.457192 0.112278 -4.370078,
        -0.461557 0.114086 -4.370078,
        -0.492126 0.118110 -4.370078,
        -0.522695 0.114086 -4.370078,
        -0.875298 0.112278 -4.370078,
        -0.527060 0.112278 -4.370078,
        -0.551181 0.102287 -4.370078,
        -0.575643 0.083517 -4.370078,
        -0.594413 0.059055 -4.370078,
        -0.606212 0.030569 -4.370078,
        -0.885827 0.000000 -4.370078,
        -0.610236 0.000000 -4.370078,
        -0.881761 -0.043353 -4.370078,
        -0.606212 -0.030569 -4.370078,
        -0.600917 -0.043353 -4.370078,
        -0.870383 -0.164685 -4.370078,
        -0.594413 -0.059055 -4.370078,
        -0.575643 -0.083517 -4.370078,
        -0.551181 -0.102287 -4.370078,
        -0.522695 -0.114086 -4.370078,
        -0.492126 -0.118110 -4.370078,
        -0.461557 -0.114086 -4.370078,
        -0.433071 -0.102287 -4.370078,
        -0.383335 -0.043353 -4.370078,
        -0.241085 -0.043353 -4.370078,
        -0.389839 -0.059055 -4.370078,
        -0.408609 -0.083517 -4.370078,
        -0.229269 -0.855643 -4.370078,
        -0.241085 -0.851259 -4.370078,
        -0.384346 -0.798102 -4.370078,
        -0.526022 -0.712734 -4.370078,
        -0.649357 -0.602515 -4.370078,
        -0.750051 -0.471288 -4.370078,
        -0.824593 -0.323629 -4.370078,
        -0.841435 -0.265170 -4.370078,
        -0.105273 -0.308381 -4.370078,
        -0.039016 -0.330932 -4.370078,
        -0.039016 -0.428517 -4.370078,
        0.130947 -0.394803 -4.370078,
        0.130947 -0.363115 -4.370078,
        0.132388 -0.265170 -4.370078,
        -0.066198 -0.883350 -4.370078,
        -0.106713 -0.876466 -4.370078,
        -0.105273 -0.486987 -4.370078,
        -0.106713 -0.265170 -4.370078,
        -0.105273 -0.452418 -4.370078,
        0.132388 -0.873328 -4.370078,
        0.099181 -0.880257 -4.370078,
        -0.105273 -0.273812 -4.370078,
        0.253922 -0.265170 -4.370078,
        0.253922 -0.847970 -4.370078,
        0.552304 -0.692567 -4.370078,
        0.413919 -0.783173 -4.370078,
        0.261102 -0.846472 -4.370078,
        0.746063 -0.265170 -4.370078,
        0.746063 -0.472631 -4.370078,
        0.671431 -0.577814 -4.370078,
        0.767148 -0.442913 -4.370078,
        0.763739 -0.440945 -4.370078,
        0.828706 -0.301624 -4.370078,
        0.838473 -0.265170 -4.370078,
        0.746063 -0.043353 -4.370078,
        0.868492 -0.153139 -4.370078,
        0.746063 -0.187319 -4.370078,
        0.859333 -0.187319 -4.370078,
        0.746063 0.112278 -4.370078,
        0.881890 0.000000 -4.370078,
        0.878097 -0.043353 -4.370078,
        0.828706 0.301624 -4.370078,
        0.746063 0.135324 -4.370078,
        0.868492 0.153139 -4.370078,
        0.870050 0.135324 -4.370078,
        0.872067 0.112278 -4.370078,
        -0.378040 -0.030569 -4.370078,
        -0.374016 0.000000 -4.370078,
        -0.378040 0.030569 -4.370078,
        -0.389839 0.059055 -4.370078,
        -0.408609 0.083517 -4.370078,
        -0.433071 0.102287 -4.370078,
        0.253922 0.112278 -4.370078,
        0.433071 0.102287 -4.370078,
        0.408609 0.083517 -4.370078,
        0.374016 0.000000 -4.370078,
        0.253922 -0.043353 -4.370078,
        0.378040 0.030569 -4.370078,
        0.389839 0.059055 -4.370078,
        0.527060 0.112278 -4.370078,
        0.522695 0.114086 -4.370078,
        0.492126 0.118110 -4.370078,
        0.253922 0.135324 -4.370078,
        0.461557 0.114086 -4.370078,
        0.457192 0.112278 -4.370078,
        0.606212 -0.030569 -4.370078,
        0.610236 0.000000 -4.370078,
        0.606212 0.030569 -4.370078,
        0.594413 0.059055 -4.370078,
        0.575643 0.083517 -4.370078,
        0.551181 0.102287 -4.370078,
        0.378040 -0.030569 -4.370078,
        0.383335 -0.043353 -4.370078,
        0.253922 -0.187319 -4.370078,
        0.389839 -0.059055 -4.370078,
        0.408609 -0.083517 -4.370078,
        0.433071 -0.102287 -4.370078,
        0.461557 -0.114086 -4.370078,
        0.492126 -0.118110 -4.370078,
        0.522695 -0.114086 -4.370078,
        0.551181 -0.102287 -4.370078,
        0.575643 -0.083517 -4.370078,
        0.594413 -0.059055 -4.370078,
        0.600917 -0.043353 -4.370078,
        -0.102592 -0.160560 -4.370078,
        -0.106713 -0.187319 -4.370078,
        -0.105273 -0.130631 -4.370078,
        -0.106713 -0.043353 -4.370078,
        0.120231 -0.187319 -4.370078,
        0.127299 -0.167190 -4.370078,
        0.132388 -0.187319 -4.370078,
        0.130947 -0.133061 -4.370078,
        0.132388 -0.043353 -4.370078,
        0.130947 -0.066399 -4.370078,
        -0.105273 -0.066399 -4.370078,
        0.060969 -0.248559 -4.370078,
        0.081595 -0.237511 -4.370078,
        -0.094452 -0.187319 -4.370078,
        -0.094320 -0.187753 -4.370078,
        0.100156 -0.220775 -4.370078,
        0.100363 -0.220538 -4.370078,
        0.117594 -0.194828 -4.370078,
        -0.079920 -0.212207 -4.370078,
        -0.061254 -0.231514 -4.370078,
        -0.040419 -0.244766 -4.370078,
        -0.015801 -0.253219 -4.370078,
        0.015808 -0.256528 -4.370078,
        0.037513 -0.254895 -4.370078,
        -0.093030 0.152537 -4.370078,
        -0.106713 0.135324 -4.370078,
        -0.103369 0.177717 -4.370078,
        -0.106713 0.201586 -4.370078,
        0.132388 0.135324 -4.370078,
        0.124466 0.152537 -4.370078,
        0.131877 0.179848 -4.370078,
        -0.035574 0.287764 -4.370078,
        -0.015256 0.294182 -4.370078,
        -0.069448 0.156770 -4.370078,
        0.010317 0.296574 -4.370078,
        0.028696 0.295447 -4.370078,
        0.092778 0.152537 -4.370078,
        -0.067103 0.152537 -4.370078,
        0.104171 0.179144 -4.370078,
        0.107902 0.207856 -4.370078,
        0.087970 0.265147 -4.370078,
        0.098909 0.248797 -4.370078,
        0.105289 0.231116 -4.370078,
        -0.079756 0.235200 -4.370078,
        -0.073419 0.252412 -4.370078,
        -0.082227 0.213167 -4.370078,
        -0.063648 0.266910 -4.370078,
        -0.078747 0.181811 -4.370078,
        -0.051954 0.277994 -4.370078,
        0.053984 0.289150 -4.370078,
        0.072222 0.279412 -4.370078,
        -0.108154 0.217533 -4.370078,
        -0.108043 0.211074 -4.370078,
        -0.106713 0.231454 -4.370078,
        0.124420 0.257764 -4.370078,
        0.111613 0.280234 -4.370078,
        0.091131 0.301693 -4.370078,
        0.068791 0.315773 -4.370078,
        -0.045106 0.318374 -4.370078,
        -0.067215 0.305665 -4.370078,
        -0.085289 0.288330 -4.370078,
        -0.097316 0.269420 -4.370078,
        -0.105146 0.246596 -4.370078,
        0.041970 0.324857 -4.370078,
        0.008381 0.328262 -4.370078,
        -0.019831 0.325823 -4.370078,
        0.132388 0.187252 -4.370078,
        0.133828 0.208126 -4.370078,
        0.132388 0.226131 -4.370078,
        0.131964 0.231427 -4.370078,
        0.105021 -0.014546 -4.370078,
        0.130947 -0.014546 -4.370078,
        -0.079346 0.074757 -4.370078,
        0.001314 0.074757 -4.370078,
        -0.079346 -0.020307 -4.370078,
        0.001314 -0.008784 -4.370078,
        0.132388 0.112278 -4.370078,
        0.130947 0.106445 -4.370078,
        -0.106713 0.112278 -4.370078,
        -0.105273 0.106445 -4.370078,
        -0.105273 -0.020307 -4.370078,
        0.027241 -0.008784 -4.370078,
        0.105021 0.074757 -4.370078,
        0.027241 0.074757 -4.370078,
        -0.750051 0.471288 -0.039370,
        -0.824593 0.323629 -0.039370,
        -0.011365 0.019685 -0.039370,
        -0.870383 0.164685 -0.039370,
        -0.885608 0.019685 -0.039370,
        0.425756 0.776802 -0.039370,
        0.413919 0.783173 -0.039370,
        0.261102 0.846472 -0.039370,
        0.099181 0.880257 -0.039370,
        -0.384346 0.798102 -0.039370,
        -0.526022 0.712734 -0.039370,
        -0.649357 0.602515 -0.039370,
        -0.066198 0.883350 -0.039370,
        -0.229269 0.855643 -0.039370,
        0.671431 -0.577814 -0.039370,
        0.767148 -0.442913 -0.039370,
        0.763739 -0.440945 -0.039370,
        0.763739 0.440945 -0.039370,
        0.767148 0.442913 -0.039370,
        0.671431 0.577814 -0.039370,
        0.022730 0.000000 -0.039370,
        0.459852 -0.757117 -0.039370,
        0.552304 -0.692567 -0.039370,
        0.828706 -0.301624 -0.039370,
        0.868492 -0.153139 -0.039370,
        0.881890 0.000000 -0.039370,
        0.552304 0.692567 -0.039370,
        0.459852 0.757117 -0.039370,
        0.828706 0.301624 -0.039370,
        0.868492 0.153139 -0.039370,
        0.413919 -0.783173 -0.039370,
        0.425756 -0.776802 -0.039370,
        -0.011365 -0.019685 -0.039370,
        0.261102 -0.846472 -0.039370,
        -0.885608 -0.019685 -0.039370,
        -0.870383 -0.164685 -0.039370,
        -0.824593 -0.323629 -0.039370,
        -0.750051 -0.471288 -0.039370,
        -0.649357 -0.602515 -0.039370,
        -0.526022 -0.712734 -0.039370,
        -0.384346 -0.798102 -0.039370,
        -0.229269 -0.855643 -0.039370,
        -0.066198 -0.883350 -0.039370,
        0.099181 -0.880257 -0.039370,
      ]
    }
    coordIndex [
      0, 1, 2, -1,
      3, 4, 5, -1,
      6, 7, 8, -1,
      9, 3, 10, -1,
      10, 3, 5, -1,
      10, 5, 11, -1,
      11, 5, 8, -1,
      11, 8, 12, -1,
      12, 8, 7, -1,
      6, 8, 13, -1,
      13, 8, 14, -1,
      13, 14, 15, -1,
      16, 14, 17, -1,
      17, 14, 18, -1,
      17, 18, 19, -1,
      19, 18, 20, -1,
      21, 22, 23, -1,
      23, 22, 24, -1,
      16, 25, 14, -1,
      14, 25, 23, -1,
      14, 23, 15, -1,
      15, 23, 24, -1,
      23, 20, 21, -1,
      21, 20, 18, -1,
      21, 18, 26, -1,
      26, 18, 27, -1,
      26, 27, 28, -1,
      29, 30, 27, -1,
      27, 30, 31, -1,
      27, 31, 32, -1,
      32, 33, 27, -1,
      27, 33, 34, -1,
      27, 34, 28, -1,
      35, 36, 37, -1,
      35, 38, 39, -1,
      39, 40, 35, -1,
      35, 40, 41, -1,
      35, 41, 36, -1,
      36, 41, 42, -1,
      36, 42, 43, -1,
      42, 44, 43, -1,
      43, 44, 45, -1,
      43, 45, 46, -1,
      46, 47, 43, -1,
      43, 47, 48, -1,
      43, 48, 49, -1,
      49, 48, 50, -1,
      49, 50, 51, -1,
      50, 52, 51, -1,
      51, 52, 53, -1,
      51, 53, 54, -1,
      54, 53, 55, -1,
      54, 55, 0, -1,
      0, 55, 56, -1,
      0, 56, 57, -1,
      57, 58, 0, -1,
      0, 58, 59, -1,
      0, 59, 1, -1,
      1, 59, 60, -1,
      1, 60, 61, -1,
      62, 63, 64, -1,
      64, 63, 1, -1,
      64, 1, 65, -1,
      65, 1, 61, -1,
      66, 67, 2, -1,
      2, 67, 68, -1,
      68, 69, 2, -1,
      2, 69, 70, -1,
      2, 70, 71, -1,
      71, 72, 2, -1,
      2, 72, 73, -1,
      2, 73, 0, -1,
      74, 75, 76, -1,
      77, 78, 79, -1,
      80, 81, 82, -1,
      82, 81, 83, -1,
      82, 83, 84, -1,
      77, 85, 82, -1,
      82, 85, 86, -1,
      82, 86, 80, -1,
      79, 78, 83, -1,
      78, 87, 83, -1,
      83, 87, 74, -1,
      83, 74, 84, -1,
      84, 74, 76, -1,
      77, 79, 85, -1,
      85, 79, 88, -1,
      85, 88, 89, -1,
      90, 91, 88, -1,
      88, 91, 92, -1,
      88, 92, 89, -1,
      93, 94, 88, -1,
      88, 94, 95, -1,
      88, 95, 90, -1,
      96, 94, 97, -1,
      97, 94, 93, -1,
      97, 93, 98, -1,
      98, 93, 99, -1,
      100, 101, 102, -1,
      102, 101, 103, -1,
      102, 103, 99, -1,
      104, 105, 100, -1,
      100, 105, 106, -1,
      100, 106, 101, -1,
      4, 107, 108, -1,
      107, 109, 108, -1,
      108, 109, 110, -1,
      108, 110, 111, -1,
      62, 112, 63, -1,
      63, 112, 113, -1,
      63, 113, 38, -1,
      38, 113, 114, -1,
      38, 114, 115, -1,
      115, 116, 38, -1,
      38, 116, 117, -1,
      38, 117, 39, -1,
      118, 119, 120, -1,
      121, 122, 123, -1,
      123, 122, 118, -1,
      123, 118, 124, -1,
      124, 118, 120, -1,
      125, 108, 104, -1,
      104, 108, 111, -1,
      104, 111, 105, -1,
      125, 126, 108, -1,
      108, 126, 127, -1,
      108, 127, 128, -1,
      128, 127, 129, -1,
      128, 129, 118, -1,
      118, 129, 130, -1,
      118, 130, 119, -1,
      100, 131, 132, -1,
      100, 132, 104, -1,
      104, 132, 133, -1,
      104, 133, 134, -1,
      134, 135, 104, -1,
      104, 135, 136, -1,
      104, 136, 125, -1,
      121, 137, 122, -1,
      122, 137, 138, -1,
      122, 138, 139, -1,
      138, 140, 139, -1,
      139, 140, 141, -1,
      139, 141, 142, -1,
      142, 143, 139, -1,
      139, 143, 144, -1,
      139, 144, 102, -1,
      102, 144, 145, -1,
      102, 145, 146, -1,
      146, 147, 102, -1,
      102, 147, 148, -1,
      102, 148, 100, -1,
      100, 148, 149, -1,
      100, 149, 131, -1,
      150, 151, 152, -1,
      152, 151, 153, -1,
      154, 155, 156, -1,
      156, 155, 157, -1,
      156, 157, 158, -1,
      158, 157, 159, -1,
      158, 159, 153, -1,
      153, 159, 160, -1,
      153, 160, 152, -1,
      161, 162, 79, -1,
      150, 163, 151, -1,
      151, 163, 164, -1,
      151, 164, 83, -1,
      162, 165, 79, -1,
      79, 165, 166, -1,
      79, 166, 167, -1,
      164, 168, 83, -1,
      83, 168, 169, -1,
      83, 169, 170, -1,
      170, 171, 83, -1,
      83, 171, 172, -1,
      83, 172, 79, -1,
      79, 172, 173, -1,
      79, 173, 161, -1,
      174, 175, 176, -1,
      176, 175, 177, -1,
      178, 179, 180, -1,
      181, 182, 183, -1,
      183, 182, 184, -1,
      183, 184, 185, -1,
      179, 178, 186, -1,
      186, 178, 187, -1,
      186, 187, 188, -1,
      188, 187, 183, -1,
      188, 183, 189, -1,
      190, 191, 183, -1,
      183, 191, 192, -1,
      183, 192, 189, -1,
      193, 194, 195, -1,
      195, 194, 196, -1,
      195, 196, 197, -1,
      197, 196, 183, -1,
      183, 196, 198, -1,
      183, 198, 181, -1,
      185, 199, 183, -1,
      183, 199, 200, -1,
      183, 200, 190, -1,
      201, 202, 35, -1,
      201, 35, 203, -1,
      204, 205, 14, -1,
      14, 205, 206, -1,
      14, 206, 207, -1,
      208, 209, 18, -1,
      18, 209, 210, -1,
      18, 210, 211, -1,
      37, 29, 35, -1,
      35, 29, 27, -1,
      35, 27, 203, -1,
      203, 27, 18, -1,
      203, 18, 212, -1,
      212, 18, 211, -1,
      207, 213, 14, -1,
      14, 213, 214, -1,
      14, 214, 18, -1,
      18, 214, 215, -1,
      18, 215, 208, -1,
      216, 217, 128, -1,
      128, 217, 218, -1,
      4, 108, 5, -1,
      5, 108, 128, -1,
      5, 128, 8, -1,
      8, 128, 218, -1,
      8, 218, 14, -1,
      14, 218, 219, -1,
      14, 219, 204, -1,
      220, 221, 158, -1,
      222, 223, 224, -1,
      224, 223, 225, -1,
      158, 221, 226, -1,
      221, 227, 226, -1,
      226, 227, 228, -1,
      226, 228, 178, -1,
      178, 228, 175, -1,
      178, 175, 187, -1,
      187, 175, 174, -1,
      227, 229, 228, -1,
      228, 229, 230, -1,
      228, 230, 153, -1,
      153, 230, 224, -1,
      153, 224, 158, -1,
      158, 224, 225, -1,
      158, 225, 220, -1,
      220, 225, 231, -1,
      220, 231, 232, -1,
      232, 231, 233, -1,
      180, 216, 178, -1,
      178, 216, 128, -1,
      178, 128, 226, -1,
      226, 128, 118, -1,
      226, 118, 158, -1,
      158, 118, 122, -1,
      158, 122, 156, -1,
      156, 122, 139, -1,
      202, 177, 35, -1,
      35, 177, 175, -1,
      35, 175, 38, -1,
      38, 175, 228, -1,
      38, 228, 63, -1,
      63, 228, 153, -1,
      63, 153, 1, -1,
      1, 153, 151, -1,
      1, 151, 2, -1,
      2, 151, 83, -1,
      2, 83, 66, -1,
      66, 83, 81, -1,
      99, 93, 102, -1,
      102, 93, 88, -1,
      102, 88, 139, -1,
      139, 88, 79, -1,
      139, 79, 156, -1,
      156, 79, 167, -1,
      156, 167, 154, -1,
      234, 235, 236, -1,
      236, 235, 237, -1,
      236, 237, 238, -1,
      239, 240, 236, -1,
      236, 240, 241, -1,
      236, 241, 242, -1,
      243, 244, 236, -1,
      236, 244, 245, -1,
      236, 245, 234, -1,
      242, 246, 236, -1,
      236, 246, 247, -1,
      236, 247, 243, -1,
      248, 249, 250, -1,
      251, 252, 253, -1,
      254, 255, 250, -1,
      250, 255, 256, -1,
      250, 256, 248, -1,
      250, 257, 254, -1,
      254, 257, 258, -1,
      254, 258, 259, -1,
      253, 260, 251, -1,
      251, 260, 261, -1,
      251, 261, 262, -1,
      262, 261, 254, -1,
      262, 254, 263, -1,
      263, 254, 259, -1,
      264, 265, 266, -1,
      264, 266, 267, -1,
      266, 268, 269, -1,
      269, 270, 266, -1,
      266, 270, 271, -1,
      266, 271, 272, -1,
      272, 273, 266, -1,
      266, 273, 274, -1,
      266, 274, 275, -1,
      275, 276, 266, -1,
      266, 276, 277, -1,
      266, 277, 267, -1,
    ]
  }
}

Shape {
  appearance Appearance {
    material Material {
      diffuseColor 0.2235 0.2235 0.2235
      specularColor 0.1137 0.1137 0.1137
      ambientIntensity 0.2
      transparency 0.0000
      shininess 0.5
    }
  }
  geometry IndexedFaceSet {
    ccw TRUE
    solid FALSE
    coord DEF co Coordinate {
      point [
        0.998488 -0.104461 -4.413386,
        1.003937 0.000000 -4.413386,
        1.024601 -0.103709 -4.411985,
        1.063043 0.000000 -4.405999,
        1.052480 -0.100751 -4.406939,
        1.092291 -0.092418 -4.394959,
        1.059907 -0.099963 -4.405595,
        1.058293 -0.100134 -4.405887,
        1.165618 -0.009467 -4.350773,
        1.162196 -0.027268 -4.353585,
        1.118512 0.000000 -4.384293,
        1.159637 -0.034778 -4.355630,
        1.152613 -0.048267 -4.360964,
        1.128992 -0.074366 -4.376745,
        1.118129 -0.081350 -4.382876,
        1.115385 -0.082526 -4.384159,
        1.104496 -0.087190 -4.389251,
        1.150762 -0.051821 -4.362369,
        1.145656 -0.058688 -4.366007,
        1.135794 0.068887 -4.372563,
        1.138811 0.066098 -4.370621,
        1.152557 0.049026 -4.361049,
        1.152636 0.048889 -4.360991,
        1.155291 0.044255 -4.358998,
        1.162449 0.026390 -4.353380,
        1.164224 0.018985 -4.351930,
        1.166069 0.000876 -4.350397,
        1.166031 0.000000 -4.350429,
        1.058243 0.099944 -4.405671,
        1.070060 0.098128 -4.402770,
        1.101650 0.089099 -4.390971,
        1.104621 0.087772 -4.389546,
        1.113737 0.083701 -4.385172,
        1.115402 0.082583 -4.384220,
        0.998488 0.104461 -4.413386,
        1.007174 0.104379 -4.413231,
        1.044791 0.102011 -4.408974,
        1.052481 0.100829 -4.407086,
        0.875681 0.104461 -4.413386,
        0.881890 0.000000 -4.413386,
        0.875681 -0.104461 -4.413386,
      ]
    }
    coordIndex [
      0, 1, 2, -1,
      2, 1, 3, -1,
      2, 3, 4, -1,
      5, 6, 3, -1,
      3, 6, 7, -1,
      3, 7, 4, -1,
      8, 9, 10, -1,
      10, 9, 11, -1,
      10, 11, 12, -1,
      13, 14, 10, -1,
      10, 14, 15, -1,
      10, 15, 3, -1,
      3, 15, 16, -1,
      3, 16, 5, -1,
      12, 17, 10, -1,
      10, 17, 18, -1,
      10, 18, 13, -1,
      19, 20, 10, -1,
      10, 20, 21, -1,
      10, 21, 22, -1,
      22, 23, 10, -1,
      10, 23, 24, -1,
      10, 24, 25, -1,
      25, 26, 10, -1,
      10, 26, 27, -1,
      10, 27, 8, -1,
      28, 29, 3, -1,
      3, 29, 30, -1,
      30, 31, 3, -1,
      3, 31, 32, -1,
      3, 32, 10, -1,
      10, 32, 33, -1,
      10, 33, 19, -1,
      34, 35, 1, -1,
      1, 35, 36, -1,
      1, 36, 3, -1,
      3, 36, 37, -1,
      3, 37, 28, -1,
      38, 34, 39, -1,
      39, 34, 1, -1,
      39, 1, 40, -1,
      40, 1, 0, -1,
    ]
  }
}

Shape {
  appearance Appearance {
    material Material {
      diffuseColor 0.7451 0.9216 0.9882
      specularColor 0.3725 0.4588 0.4941
      ambientIntensity 0.2
      transparency 0.0000
      shininess 0.5
    }
  }
  geometry IndexedFaceSet {
    ccw TRUE
    solid FALSE
    coord DEF co Coordinate {
      point [
        0.998488 -0.104461 -4.413386,
        0.875681 -0.104461 -4.413386,
        0.869435 -0.501969 -4.413386,
        0.763739 -0.440945 -4.413386,
        0.917142 -0.408338 -4.413386,
        0.828706 -0.301624 -4.413386,
        0.954801 -0.310233 -4.413386,
        0.981998 -0.208730 -4.413386,
        0.868492 -0.153139 -4.413386,
        0.998437 -0.104940 -4.413386,
      ]
    }
    coordIndex [
      2, 3, 4, -1,
      4, 3, 5, -1,
      4, 5, 6, -1,
      6, 5, 7, -1,
      7, 5, 8, -1,
      7, 8, 9, -1,
      9, 8, 1, -1,
      9, 1, 0, -1,
    ]
  }
}

Shape {
  appearance Appearance {
    material Material {
      diffuseColor 0.2235 0.2235 0.2235
      specularColor 0.1137 0.1137 0.1137
      ambientIntensity 0.2
      transparency 0.0000
      shininess 0.5
    }
  }
  geometry IndexedFaceSet {
    ccw TRUE
    solid FALSE
    coord DEF co Coordinate {
      point [
        1.239765 0.103696 -2.049755,
        1.240616 0.092971 -2.033454,
        1.242689 0.059122 -2.047244,
        1.241877 0.074252 -2.709961,
        1.240616 0.092971 -2.690955,
        1.242689 0.059122 -2.677165,
        1.239394 0.108045 -2.665820,
        1.244094 0.000000 -2.736220,
        1.243737 0.029797 -2.732400,
        1.242760 0.057602 -2.721222,
        1.238630 0.116482 -2.637656,
        1.238475 0.118110 -2.618110,
        1.238475 0.118110 -2.106299,
        1.243811 0.026584 -1.991220,
        1.244094 0.000000 -1.988189,
        1.242033 0.071592 -2.012360,
        1.243259 0.045599 -1.997346,
        1.238631 0.116461 -2.086633,
        1.239076 0.111631 -2.067719,
        1.241877 -0.074252 -2.014448,
        1.240616 -0.092971 -2.033454,
        1.242689 -0.059122 -2.047244,
        1.239394 -0.108045 -2.058589,
        1.243737 -0.029797 -1.992009,
        1.242760 -0.057602 -2.003187,
        1.238630 -0.116482 -2.086754,
        1.238475 -0.118110 -2.106299,
        1.238475 -0.118110 -2.618110,
        1.243811 -0.026584 -2.733190,
        1.242689 -0.059122 -2.677165,
        1.240616 -0.092971 -2.690955,
        1.242033 -0.071592 -2.712050,
        1.243259 -0.045599 -2.727063,
        1.238631 -0.116461 -2.637776,
        1.239076 -0.111631 -2.656690,
        1.239765 -0.103696 -2.674654,
        0.996965 0.118110 0.003937,
        0.873945 0.118110 0.003937,
        1.003143 0.039924 0.003937,
        0.881890 0.000000 0.003937,
        1.003143 -0.039924 0.003937,
        0.873945 -0.118110 0.003937,
        0.996965 -0.118110 0.003937,
      ]
    }
    coordIndex [
      0, 1, 2, -1,
      3, 4, 5, -1,
      5, 4, 6, -1,
      7, 8, 5, -1,
      5, 8, 9, -1,
      5, 9, 3, -1,
      6, 10, 5, -1,
      5, 10, 11, -1,
      5, 11, 12, -1,
      13, 14, 2, -1,
      1, 15, 2, -1,
      2, 15, 16, -1,
      2, 16, 13, -1,
      12, 17, 2, -1,
      2, 17, 18, -1,
      2, 18, 0, -1,
      19, 20, 21, -1,
      21, 20, 22, -1,
      14, 23, 21, -1,
      21, 23, 24, -1,
      21, 24, 19, -1,
      22, 25, 21, -1,
      21, 25, 26, -1,
      21, 26, 27, -1,
      28, 7, 29, -1,
      30, 31, 29, -1,
      29, 31, 32, -1,
      29, 32, 28, -1,
      33, 34, 29, -1,
      29, 34, 35, -1,
      29, 35, 30, -1,
      12, 2, 5, -1,
      5, 2, 14, -1,
      5, 14, 7, -1,
      7, 14, 21, -1,
      7, 21, 29, -1,
      29, 21, 27, -1,
      29, 27, 33, -1,
      36, 37, 38, -1,
      38, 37, 39, -1,
      38, 39, 40, -1,
      40, 39, 41, -1,
      40, 41, 42, -1,
    ]
  }
}

Shape {
  appearance Appearance {
    material Material {
      diffuseColor 0.7451 0.9216 0.9882
      specularColor 0.3725 0.4588 0.4941
      ambientIntensity 0.2
      transparency 0.0000
      shininess 0.5
    }
  }
  geometry IndexedFaceSet {
    ccw TRUE
    solid FALSE
    coord DEF co Coordinate {
      point [
        0.873945 -0.118110 0.003937,
        0.996965 -0.118110 0.003937,
        0.983869 -0.199728 0.003937,
        0.868492 -0.153139 0.003937,
        0.956677 -0.304398 0.003937,
        0.828706 -0.301624 0.003937,
        0.918384 -0.405536 0.003937,
        0.763739 -0.440945 0.003937,
        0.869435 -0.501969 0.003937,
      ]
    }
    coordIndex [
      1, 0, 2, -1,
      2, 0, 3, -1,
      2, 3, 4, -1,
      4, 3, 5, -1,
      4, 5, 6, -1,
      6, 5, 7, -1,
      6, 7, 8, -1,
    ]
  }
}

Shape {
  appearance Appearance {
    material Material {
      diffuseColor 0.2235 0.2235 0.2235
      specularColor 0.1137 0.1137 0.1137
      ambientIntensity 0.2
      transparency 0.0000
      shininess 0.5
    }
  }
  geometry IndexedFaceSet {
    ccw TRUE
    solid FALSE
    coord DEF co Coordinate {
      point [
        0.996965 0.118110 0.003937,
        1.003143 0.039924 0.003937,
        1.003143 -0.039924 0.003937,
        0.996965 -0.118110 0.003937,
        1.141255 -0.118110 -0.043585,
        1.147252 -0.118110 -0.048860,
        1.152760 -0.045879 -0.048458,
        1.237468 -0.118110 -0.214298,
        1.238475 -0.118110 -0.236220,
        1.243110 -0.049475 -0.236220,
        1.037262 0.118110 0.000578,
        1.056541 0.042050 -0.002084,
        1.050702 0.118110 -0.002339,
        1.107261 0.044068 -0.019846,
        1.101657 0.118110 -0.020137,
        1.097855 0.118110 -0.017989,
        1.059727 0.118110 -0.004298,
        1.133959 0.118110 -0.038389,
        1.152760 0.045879 -0.048458,
        1.147084 0.118110 -0.049094,
        1.190757 0.047391 -0.086485,
        1.219346 0.048529 -0.132020,
        1.213287 0.118110 -0.129385,
        1.192313 0.118110 -0.094950,
        1.185319 0.118110 -0.086927,
        1.165267 0.118110 -0.063924,
        1.237094 0.049235 -0.182780,
        1.228327 0.118110 -0.167298,
        1.214366 0.118110 -0.132105,
        1.238475 0.118110 -0.236220,
        1.236646 0.118110 -0.206704,
        1.231631 0.118110 -0.182947,
        1.219346 -0.048529 -0.132020,
        1.214250 -0.118110 -0.132206,
        1.216793 -0.118110 -0.136719,
        1.237094 -0.049235 -0.182780,
        1.230407 -0.118110 -0.174631,
        1.231875 -0.118110 -0.182878,
        1.196985 -0.118110 -0.101574,
        1.190757 -0.047391 -0.086485,
        1.185176 -0.118110 -0.087011,
        1.171617 -0.118110 -0.070291,
        1.106871 -0.118110 -0.022335,
        1.107261 -0.044068 -0.019846,
        1.101669 -0.118110 -0.020221,
        1.069305 -0.118110 -0.007070,
        1.056541 -0.042050 -0.002084,
        1.050569 -0.118110 -0.002914,
        1.029575 -0.118110 0.001743,
        1.243110 0.000000 -0.236220,
        1.243110 0.049475 -0.236220,
      ]
    }
    coordIndex [
      4, 5, 6, -1,
      7, 8, 9, -1,
      0, 1, 10, -1,
      10, 1, 11, -1,
      10, 11, 12, -1,
      13, 14, 15, -1,
      13, 15, 11, -1,
      11, 15, 16, -1,
      11, 16, 12, -1,
      14, 13, 17, -1,
      17, 13, 18, -1,
      17, 18, 19, -1,
      20, 21, 22, -1,
      22, 23, 20, -1,
      20, 23, 24, -1,
      20, 24, 18, -1,
      18, 24, 25, -1,
      18, 25, 19, -1,
      26, 27, 21, -1,
      21, 27, 28, -1,
      21, 28, 22, -1,
      29, 30, 26, -1,
      26, 30, 31, -1,
      26, 31, 27, -1,
      32, 33, 34, -1,
      32, 34, 35, -1,
      35, 34, 36, -1,
      35, 36, 37, -1,
      33, 32, 38, -1,
      38, 32, 39, -1,
      38, 39, 40, -1,
      6, 5, 39, -1,
      39, 5, 41, -1,
      39, 41, 40, -1,
      4, 6, 42, -1,
      42, 6, 43, -1,
      42, 43, 44, -1,
      44, 43, 45, -1,
      45, 43, 46, -1,
      45, 46, 47, -1,
      47, 46, 48, -1,
      48, 46, 2, -1,
      48, 2, 3, -1,
      9, 49, 26, -1,
      26, 49, 50, -1,
      26, 50, 29, -1,
      1, 2, 11, -1,
      11, 2, 46, -1,
      11, 46, 13, -1,
      13, 46, 43, -1,
      13, 43, 18, -1,
      18, 43, 6, -1,
      18, 6, 20, -1,
      20, 6, 39, -1,
      20, 39, 21, -1,
      21, 39, 32, -1,
      21, 32, 26, -1,
      26, 32, 35, -1,
      26, 35, 9, -1,
      9, 35, 37, -1,
      9, 37, 7, -1,
    ]
  }
}

Shape {
  appearance Appearance {
    material Material {
      diffuseColor 0.7451 0.9216 0.9882
      specularColor 0.3725 0.4588 0.4941
      ambientIntensity 0.2
      transparency 0.0000
      shininess 0.5
    }
  }
  geometry IndexedFaceSet {
    ccw TRUE
    solid FALSE
    coord DEF co Coordinate {
      point [
        0.996965 -0.118110 0.003937,
        0.983869 -0.199728 0.003937,
        0.956677 -0.304398 0.003937,
        0.918384 -0.405536 0.003937,
        0.869435 -0.501969 0.003937,
        1.141255 -0.118110 -0.043585,
        1.147252 -0.118110 -0.048860,
        1.237468 -0.118110 -0.214298,
        1.238475 -0.118110 -0.236220,
        1.214250 -0.118110 -0.132206,
        1.216793 -0.118110 -0.136719,
        1.230407 -0.118110 -0.174631,
        1.231875 -0.118110 -0.182878,
        1.196985 -0.118110 -0.101574,
        1.185176 -0.118110 -0.087011,
        1.171617 -0.118110 -0.070291,
        1.106871 -0.118110 -0.022335,
        1.101669 -0.118110 -0.020221,
        1.069305 -0.118110 -0.007070,
        1.050569 -0.118110 -0.002914,
        1.029575 -0.118110 0.001743,
        1.211688 -0.276522 -0.236220,
        1.219226 -0.247506 -0.236220,
        1.213325 -0.246309 -0.182780,
        1.156491 -0.453911 -0.236220,
        1.185530 -0.377215 -0.236220,
        1.179791 -0.375389 -0.182780,
        1.036241 -0.210360 -0.002084,
        1.085987 -0.220458 -0.019846,
        1.130611 -0.229517 -0.048458,
        1.167878 -0.237083 -0.086485,
        1.195918 -0.242775 -0.132020,
        1.077417 -0.622047 -0.236220,
        1.138076 -0.502547 -0.236220,
        1.072203 -0.619037 -0.182780,
        1.132568 -0.500115 -0.182780,
        1.056821 -0.610156 -0.132020,
        1.116320 -0.492940 -0.132020,
        1.032042 -0.595850 -0.086485,
        1.090146 -0.481382 -0.086485,
        0.999110 -0.576836 -0.048458,
        1.055360 -0.466021 -0.048458,
        0.959675 -0.554069 -0.019846,
        1.013705 -0.447628 -0.019846,
        0.915715 -0.528689 -0.002084,
        0.967270 -0.427123 -0.002084,
        1.162866 -0.370004 -0.132020,
        1.135601 -0.361329 -0.086485,
        1.099364 -0.349799 -0.048458,
        1.055972 -0.335993 -0.019846,
        1.007602 -0.320602 -0.002084,
      ]
    }
    coordIndex [
      21, 22, 23, -1,
      24, 25, 26, -1,
      0, 1, 20, -1,
      20, 1, 27, -1,
      20, 27, 19, -1,
      19, 27, 18, -1,
      18, 27, 28, -1,
      18, 28, 17, -1,
      29, 5, 28, -1,
      28, 5, 16, -1,
      28, 16, 17, -1,
      30, 15, 29, -1,
      29, 15, 6, -1,
      29, 6, 5, -1,
      31, 13, 30, -1,
      30, 13, 14, -1,
      30, 14, 15, -1,
      12, 11, 23, -1,
      23, 11, 10, -1,
      23, 10, 31, -1,
      31, 10, 9, -1,
      31, 9, 13, -1,
      12, 23, 7, -1,
      7, 23, 22, -1,
      7, 22, 8, -1,
      32, 33, 34, -1,
      34, 33, 35, -1,
      34, 35, 36, -1,
      36, 35, 37, -1,
      36, 37, 38, -1,
      38, 37, 39, -1,
      38, 39, 40, -1,
      40, 39, 41, -1,
      40, 41, 42, -1,
      42, 41, 43, -1,
      42, 43, 44, -1,
      44, 43, 45, -1,
      44, 45, 4, -1,
      4, 45, 3, -1,
      33, 24, 35, -1,
      35, 24, 26, -1,
      35, 26, 37, -1,
      37, 26, 46, -1,
      37, 46, 39, -1,
      39, 46, 47, -1,
      39, 47, 41, -1,
      41, 47, 48, -1,
      41, 48, 43, -1,
      43, 48, 49, -1,
      43, 49, 45, -1,
      45, 49, 50, -1,
      45, 50, 3, -1,
      3, 50, 2, -1,
      25, 21, 26, -1,
      26, 21, 23, -1,
      26, 23, 46, -1,
      46, 23, 31, -1,
      46, 31, 47, -1,
      47, 31, 30, -1,
      47, 30, 48, -1,
      48, 30, 29, -1,
      48, 29, 49, -1,
      49, 29, 28, -1,
      49, 28, 50, -1,
      50, 28, 27, -1,
      50, 27, 2, -1,
      2, 27, 1, -1,
    ]
  }
}

Shape {
  appearance Appearance {
    material Material {
      diffuseColor 0.2235 0.2235 0.2235
      specularColor 0.1137 0.1137 0.1137
      ambientIntensity 0.2
      transparency 0.0000
      shininess 0.5
    }
  }
  geometry IndexedFaceSet {
    ccw TRUE
    solid FALSE
    coord DEF co Coordinate {
      point [
        1.238475 -0.118110 -0.236220,
        1.243110 -0.049475 -0.236220,
        1.238475 0.118110 -0.236220,
        1.243110 0.000000 -0.236220,
        1.243110 0.049475 -0.236220,
        1.238475 0.118110 -0.255906,
        1.241877 0.074252 -0.347757,
        1.240616 0.092971 -0.328750,
        1.239394 0.108045 -0.303615,
        1.238630 0.116482 -0.275451,
        1.243737 0.029797 -0.370195,
        1.242760 0.057602 -0.359017,
        1.243811 -0.026584 -0.370985,
        1.244094 0.000000 -0.374016,
        1.238475 -0.118110 -0.255906,
        1.238631 -0.116461 -0.275571,
        1.239076 -0.111631 -0.294485,
        1.239765 -0.103696 -0.312449,
        1.240616 -0.092971 -0.328750,
        1.242033 -0.071592 -0.349845,
        1.243259 -0.045599 -0.364858,
        1.077417 -0.622047 -3.007874,
        1.145853 -0.484553 -3.145369,
        1.077417 -0.622047 -2.948819,
        1.145853 -0.484553 -3.086313,
        1.156607 -0.453986 -3.116880,
        1.156262 -0.454969 -3.174952,
        1.196826 -0.339674 -3.231193,
        1.196826 -0.339674 -3.290247,
        1.210642 -0.276340 -3.294526,
        1.210197 -0.278377 -3.351544,
        1.229559 -0.189618 -3.381248,
        1.229559 -0.189618 -3.440304,
        1.238563 -0.092787 -3.478080,
        1.240118 -0.099392 -3.530530,
        1.243441 -0.040337 -3.530530,
        1.238544 0.092784 -3.478082,
        1.243441 0.040337 -3.530530,
        1.240274 0.097424 -3.530530,
        1.229419 0.190524 -3.380342,
        1.229419 0.190524 -3.437429,
        1.210602 0.276329 -3.294537,
        1.210439 0.277073 -3.350880,
        1.196324 0.341437 -3.229429,
        1.196324 0.341437 -3.286516,
        1.156507 0.453947 -3.116919,
        1.156380 0.454306 -3.173647,
        1.144780 0.487084 -3.140869,
        1.144780 0.487084 -3.083782,
        1.078552 0.620079 -3.007874,
        1.077417 0.622047 -2.948819,
      ]
    }
    coordIndex [
      5, 2, 4, -1,
      4, 6, 7, -1,
      7, 8, 4, -1,
      4, 8, 9, -1,
      4, 9, 5, -1,
      3, 10, 4, -1,
      4, 10, 11, -1,
      4, 11, 6, -1,
      1, 12, 3, -1,
      3, 12, 13, -1,
      3, 13, 10, -1,
      0, 14, 1, -1,
      1, 14, 15, -1,
      15, 16, 1, -1,
      1, 16, 17, -1,
      1, 17, 18, -1,
      18, 19, 1, -1,
      1, 19, 20, -1,
      1, 20, 12, -1,
      21, 22, 23, -1,
      23, 22, 24, -1,
      24, 22, 25, -1,
      25, 22, 26, -1,
      25, 26, 27, -1,
      27, 26, 28, -1,
      27, 28, 29, -1,
      29, 28, 30, -1,
      29, 30, 31, -1,
      31, 30, 32, -1,
      31, 32, 33, -1,
      33, 32, 34, -1,
      33, 34, 35, -1,
      36, 37, 38, -1,
      36, 38, 39, -1,
      39, 38, 40, -1,
      39, 40, 41, -1,
      41, 40, 42, -1,
      41, 42, 43, -1,
      43, 42, 44, -1,
      43, 44, 45, -1,
      44, 46, 45, -1,
      45, 46, 47, -1,
      45, 47, 48, -1,
      48, 47, 49, -1,
      48, 49, 50, -1,
    ]
  }
}

Shape {
  appearance Appearance {
    material Material {
      diffuseColor 0.7451 0.9216 0.9882
      specularColor 0.3725 0.4588 0.4941
      ambientIntensity 0.2
      transparency 0.0000
      shininess 0.5
    }
  }
  geometry IndexedFaceSet {
    ccw TRUE
    solid FALSE
    coord DEF co Coordinate {
      point [
        1.077417 -0.622047 -3.007874,
        1.145853 -0.484553 -3.145369,
        1.156262 -0.454969 -3.174952,
        1.196826 -0.339674 -3.290247,
        1.210197 -0.278377 -3.351544,
        1.229559 -0.189618 -3.440304,
        1.240118 -0.099392 -3.530530,
        1.240274 0.097424 -3.530530,
        1.229419 0.190524 -3.437429,
        1.210439 0.277073 -3.350880,
        1.196324 0.341437 -3.286516,
        1.156380 0.454306 -3.173647,
        1.144780 0.487084 -3.140869,
        1.078552 0.620079 -3.007874,
        1.077417 0.622047 -2.948819,
        1.156399 0.454276 -3.530530,
        1.136537 0.506019 -3.530530,
        1.077417 0.622047 -3.530530,
        1.237279 0.130043 -3.530530,
        1.216908 0.258662 -3.530530,
        1.211899 0.277356 -3.530530,
        1.183204 0.384446 -3.530530,
        1.077417 -0.622047 -3.530530,
        1.136537 -0.506019 -3.530530,
        1.156162 -0.454894 -3.530530,
        1.183204 -0.384446 -3.530530,
        1.211556 -0.278634 -3.530530,
        1.216908 -0.258662 -3.530530,
        1.237279 -0.130043 -3.530530,
      ]
    }
    coordIndex [
      15, 16, 13, -1,
      13, 16, 17, -1,
      13, 17, 14, -1,
      7, 18, 8, -1,
      8, 18, 19, -1,
      8, 19, 9, -1,
      9, 19, 20, -1,
      9, 20, 10, -1,
      10, 20, 21, -1,
      10, 21, 11, -1,
      11, 21, 15, -1,
      11, 15, 12, -1,
      12, 15, 13, -1,
      0, 22, 1, -1,
      1, 22, 23, -1,
      1, 23, 2, -1,
      2, 23, 24, -1,
      2, 24, 3, -1,
      3, 24, 25, -1,
      3, 25, 4, -1,
      25, 26, 4, -1,
      4, 26, 27, -1,
      4, 27, 5, -1,
      5, 27, 28, -1,
      5, 28, 6, -1,
    ]
  }
}

Shape {
  appearance Appearance {
    material Material {
      diffuseColor 0.2235 0.2235 0.2235
      specularColor 0.1137 0.1137 0.1137
      ambientIntensity 0.2
      transparency 0.0000
      shininess 0.5
    }
  }
  geometry IndexedFaceSet {
    ccw TRUE
    solid FALSE
    coord DEF co Coordinate {
      point [
        1.240118 -0.099392 -3.530530,
        1.243441 -0.040337 -3.530530,
        1.243441 0.040337 -3.530530,
        1.240274 0.097424 -3.530530,
        1.240683 0.000000 -3.570866,
        1.240750 -0.000985 -3.569881,
        1.238699 -0.000983 -3.581148,
        1.240744 -0.086000 -3.543921,
        1.240435 -0.071920 -3.558002,
        1.237267 -0.050813 -3.579108,
        1.236978 -0.048886 -3.581035,
        1.228326 0.011990 -3.615963,
        1.232880 0.025747 -3.602206,
        1.237038 0.046941 -3.581012,
        1.237414 0.048854 -3.579098,
        1.239839 0.061215 -3.566738,
        1.223012 -0.000970 -3.628923,
        1.223411 0.000003 -3.627950,
        1.224263 0.002080 -3.625873,
        1.223006 -0.000984 -3.628937,
        1.224078 -0.004095 -3.625826,
        1.235028 -0.035902 -3.594019,
      ]
    }
    coordIndex [
      4, 5, 6, -1,
      1, 0, 7, -1,
      7, 8, 1, -1,
      1, 8, 9, -1,
      1, 9, 5, -1,
      5, 9, 10, -1,
      5, 10, 6, -1,
      11, 12, 6, -1,
      6, 12, 13, -1,
      6, 13, 4, -1,
      4, 13, 14, -1,
      4, 14, 2, -1,
      2, 14, 15, -1,
      2, 15, 3, -1,
      16, 17, 6, -1,
      6, 17, 18, -1,
      6, 18, 11, -1,
      19, 16, 20, -1,
      20, 16, 6, -1,
      20, 6, 21, -1,
      21, 6, 10, -1,
    ]
  }
}

Shape {
  appearance Appearance {
    material Material {
      diffuseColor 0.7451 0.9216 0.9882
      specularColor 0.3725 0.4588 0.4941
      ambientIntensity 0.2
      transparency 0.0000
      shininess 0.5
    }
  }
  geometry IndexedFaceSet {
    ccw TRUE
    solid FALSE
    coord DEF co Coordinate {
      point [
        1.240118 -0.099392 -3.530530,
        1.240274 0.097424 -3.530530,
        1.156399 0.454276 -3.530530,
        1.136537 0.506019 -3.530530,
        1.077417 0.622047 -3.530530,
        1.237279 0.130043 -3.530530,
        1.216908 0.258662 -3.530530,
        1.211899 0.277356 -3.530530,
        1.183204 0.384446 -3.530530,
        1.077417 -0.622047 -3.530530,
        1.136537 -0.506019 -3.530530,
        1.156162 -0.454894 -3.530530,
        1.183204 -0.384446 -3.530530,
        1.211556 -0.278634 -3.530530,
        1.216908 -0.258662 -3.530530,
        1.237279 -0.130043 -3.530530,
        1.240744 -0.086000 -3.543921,
        1.240435 -0.071920 -3.558002,
        1.237267 -0.050813 -3.579108,
        1.236978 -0.048886 -3.581035,
        1.228326 0.011990 -3.615963,
        1.232880 0.025747 -3.602206,
        1.237038 0.046941 -3.581012,
        1.237414 0.048854 -3.579098,
        1.239839 0.061215 -3.566738,
        1.223012 -0.000970 -3.628923,
        1.223411 0.000003 -3.627950,
        1.224263 0.002080 -3.625873,
        1.223006 -0.000984 -3.628937,
        1.224078 -0.004095 -3.625826,
        1.235028 -0.035902 -3.594019,
        1.178459 0.382905 -3.579226,
        1.212028 0.257624 -3.579226,
        1.101647 0.475233 -3.668610,
        1.096647 0.488259 -3.668610,
        1.118496 0.497987 -3.625899,
        1.148900 0.343993 -3.668610,
        1.141676 0.370953 -3.668610,
        1.164422 0.378344 -3.625899,
        1.232318 -0.129522 -3.579226,
        1.200430 0.000000 -3.668610,
        1.196776 -0.069714 -3.668610,
        1.217639 -0.127979 -3.625899,
        1.196776 0.069714 -3.668610,
        1.217639 0.127979 -3.625899,
        1.232318 0.129522 -3.579226,
        1.118496 -0.497987 -3.625899,
        1.096647 -0.488259 -3.668610,
        1.101647 -0.475233 -3.668610,
        1.164422 -0.378344 -3.625899,
        1.141676 -0.370953 -3.668610,
        1.148900 -0.343993 -3.668610,
        1.197591 -0.254556 -3.625899,
        1.174197 -0.249583 -3.668610,
        1.180748 -0.208224 -3.668610,
        1.193854 -0.125479 -3.668610,
        1.193854 0.125479 -3.668610,
        1.180748 0.208224 -3.668610,
        1.197591 0.254556 -3.625899,
        1.174197 0.249583 -3.668610,
        1.212028 -0.257624 -3.579226,
        1.178459 -0.382905 -3.579226,
        1.131979 -0.503990 -3.579226,
        1.039602 -0.600215 -3.668610,
        1.060315 -0.612173 -3.625899,
        1.073097 -0.619553 -3.579226,
        1.131979 0.503990 -3.579226,
        1.039602 0.600215 -3.668610,
        1.060315 0.612173 -3.625899,
        1.073097 0.619553 -3.579226,
      ]
    }
    coordIndex [
      2, 8, 31, -1,
      7, 6, 32, -1,
      33, 34, 35, -1,
      36, 37, 38, -1,
      16, 0, 15, -1,
      19, 18, 39, -1,
      39, 18, 17, -1,
      39, 17, 16, -1,
      40, 28, 41, -1,
      41, 28, 29, -1,
      41, 29, 42, -1,
      42, 29, 30, -1,
      42, 30, 19, -1,
      27, 26, 40, -1,
      40, 26, 25, -1,
      40, 25, 28, -1,
      40, 43, 27, -1,
      27, 43, 44, -1,
      27, 44, 20, -1,
      20, 44, 21, -1,
      45, 5, 1, -1,
      1, 24, 45, -1,
      45, 24, 23, -1,
      45, 23, 44, -1,
      44, 23, 22, -1,
      44, 22, 21, -1,
      46, 47, 48, -1,
      46, 48, 49, -1,
      48, 50, 49, -1,
      49, 50, 51, -1,
      49, 51, 52, -1,
      51, 53, 52, -1,
      52, 53, 54, -1,
      52, 54, 42, -1,
      42, 54, 55, -1,
      42, 55, 41, -1,
      56, 57, 58, -1,
      36, 38, 59, -1,
      19, 39, 42, -1,
      42, 39, 60, -1,
      42, 60, 52, -1,
      52, 60, 61, -1,
      52, 61, 49, -1,
      49, 61, 62, -1,
      49, 62, 46, -1,
      63, 47, 64, -1,
      64, 47, 46, -1,
      64, 46, 65, -1,
      65, 46, 62, -1,
      65, 62, 9, -1,
      9, 62, 10, -1,
      16, 15, 39, -1,
      39, 15, 14, -1,
      39, 14, 60, -1,
      60, 14, 13, -1,
      60, 13, 61, -1,
      61, 13, 12, -1,
      61, 12, 62, -1,
      62, 12, 11, -1,
      62, 11, 10, -1,
      43, 56, 44, -1,
      44, 56, 58, -1,
      44, 58, 45, -1,
      45, 58, 32, -1,
      45, 32, 5, -1,
      5, 32, 6, -1,
      8, 7, 31, -1,
      31, 7, 32, -1,
      31, 32, 38, -1,
      38, 32, 58, -1,
      38, 58, 59, -1,
      59, 58, 57, -1,
      3, 2, 66, -1,
      66, 2, 31, -1,
      66, 31, 35, -1,
      35, 31, 38, -1,
      35, 38, 33, -1,
      33, 38, 37, -1,
      34, 67, 35, -1,
      35, 67, 68, -1,
      35, 68, 66, -1,
      66, 68, 69, -1,
      66, 69, 3, -1,
      3, 69, 4, -1,
    ]
  }
}

Shape {
  appearance Appearance {
    material Material {
      diffuseColor 0.2235 0.2235 0.2235
      specularColor 0.1137 0.1137 0.1137
      ambientIntensity 0.2
      transparency 0.0000
      shininess 0.5
    }
  }
  geometry IndexedFaceSet {
    ccw TRUE
    solid FALSE
    coord DEF co Coordinate {
      point [
        1.078552 0.620079 -0.645669,
        1.077417 0.622047 -0.586614,
        1.119928 0.541786 -0.723962,
        1.119433 0.542809 -0.665853,
        1.155411 0.460655 -0.805093,
        1.155630 0.460749 -0.747912,
        1.158095 0.454519 -0.811229,
        1.157866 0.454437 -0.754225,
        1.187997 0.369370 -0.896378,
        1.187997 0.369370 -0.839291,
        1.211452 0.282226 -0.983522,
        1.211648 0.282278 -0.926383,
        1.212902 0.276837 -0.988911,
        1.212702 0.276797 -0.931864,
        1.229864 0.187631 -1.078117,
        1.229864 0.187631 -1.021031,
        1.240112 0.097407 -1.168341,
        1.240274 0.097425 -1.111237,
        1.240616 0.092971 -1.172777,
        1.240449 0.092964 -1.115698,
        1.244094 -0.000984 -1.266732,
        1.244094 0.000000 -1.208661,
        1.240742 -0.089625 -1.178091,
        1.240861 -0.089630 -1.119031,
        1.240616 -0.092971 -1.174745,
        1.240493 -0.092958 -1.115703,
        1.230365 -0.184319 -1.083398,
        1.230365 -0.184319 -1.024343,
        1.213317 -0.274643 -0.993073,
        1.213398 -0.274659 -0.934002,
        1.212902 -0.276837 -0.990880,
        1.212822 -0.276816 -0.931845,
        1.188987 -0.366170 -0.901547,
        1.188987 -0.366170 -0.842492,
        1.158463 -0.453465 -0.814251,
        1.158502 -0.453479 -0.755182,
        1.158095 -0.454519 -0.813198,
        1.158057 -0.454502 -0.754159,
        1.120891 -0.539793 -0.727924,
        1.120891 -0.539793 -0.668869,
        1.077417 -0.622047 -0.645669,
        1.077417 -0.622047 -0.586614,
      ]
    }
    coordIndex [
      0, 1, 2, -1,
      2, 1, 3, -1,
      2, 3, 4, -1,
      4, 3, 5, -1,
      4, 5, 6, -1,
      6, 5, 7, -1,
      6, 7, 8, -1,
      8, 7, 9, -1,
      8, 9, 10, -1,
      10, 9, 11, -1,
      10, 11, 12, -1,
      12, 11, 13, -1,
      12, 13, 14, -1,
      14, 13, 15, -1,
      14, 15, 16, -1,
      16, 15, 17, -1,
      16, 17, 18, -1,
      18, 17, 19, -1,
      18, 19, 20, -1,
      20, 19, 21, -1,
      20, 21, 22, -1,
      22, 21, 23, -1,
      22, 23, 24, -1,
      24, 23, 25, -1,
      24, 25, 26, -1,
      26, 25, 27, -1,
      26, 27, 28, -1,
      28, 27, 29, -1,
      28, 29, 30, -1,
      30, 29, 31, -1,
      30, 31, 32, -1,
      32, 31, 33, -1,
      32, 33, 34, -1,
      34, 33, 35, -1,
      34, 35, 36, -1,
      36, 35, 37, -1,
      36, 37, 38, -1,
      38, 37, 39, -1,
      38, 39, 40, -1,
      40, 39, 41, -1,
    ]
  }
}

Shape {
  appearance Appearance {
    material Material {
      diffuseColor 0.7451 0.9216 0.9882
      specularColor 0.3725 0.4588 0.4941
      ambientIntensity 0.2
      transparency 0.0000
      shininess 0.5
    }
  }
  geometry IndexedFaceSet {
    ccw TRUE
    solid FALSE
    coord DEF co Coordinate {
      point [
        0.763739 0.440945 -4.370078,
        0.811582 0.338344 -4.370078,
        0.763739 -0.440945 -4.370078,
        0.828706 -0.301624 -4.370078,
        0.838473 -0.265170 -4.370078,
        0.868492 -0.153139 -4.370078,
        0.859333 -0.187319 -4.370078,
        0.881890 0.000000 -4.370078,
        0.878097 -0.043353 -4.370078,
        0.828706 0.301624 -4.370078,
        0.868492 0.153139 -4.370078,
        0.870050 0.135324 -4.370078,
        0.872067 0.112278 -4.370078,
        0.763739 -0.440945 -0.039370,
        0.763739 0.440945 -0.039370,
        0.828706 -0.301624 -0.039370,
        0.868492 -0.153139 -0.039370,
        0.881890 0.000000 -0.039370,
        0.828706 0.301624 -0.039370,
        0.868492 0.153139 -0.039370,
        0.998488 -0.104461 -4.413386,
        1.024601 -0.103709 -4.411985,
        1.052480 -0.100751 -4.406939,
        1.092291 -0.092418 -4.394959,
        1.059907 -0.099963 -4.405595,
        1.058293 -0.100134 -4.405887,
        1.165618 -0.009467 -4.350773,
        1.162196 -0.027268 -4.353585,
        1.159637 -0.034778 -4.355630,
        1.152613 -0.048267 -4.360964,
        1.128992 -0.074366 -4.376745,
        1.118129 -0.081350 -4.382876,
        1.115385 -0.082526 -4.384159,
        1.104496 -0.087190 -4.389251,
        1.150762 -0.051821 -4.362369,
        1.145656 -0.058688 -4.366007,
        1.135794 0.068887 -4.372563,
        1.138811 0.066098 -4.370621,
        1.152557 0.049026 -4.361049,
        1.152636 0.048889 -4.360991,
        1.155291 0.044255 -4.358998,
        1.162449 0.026390 -4.353380,
        1.164224 0.018985 -4.351930,
        1.166069 0.000876 -4.350397,
        1.166031 0.000000 -4.350429,
        1.058243 0.099944 -4.405671,
        1.070060 0.098128 -4.402770,
        1.101650 0.089099 -4.390971,
        1.104621 0.087772 -4.389546,
        1.113737 0.083701 -4.385172,
        1.115402 0.082583 -4.384220,
        0.998488 0.104461 -4.413386,
        1.007174 0.104379 -4.413231,
        1.044791 0.102011 -4.408974,
        1.052481 0.100829 -4.407086,
        0.875681 0.104461 -4.413386,
        0.881890 0.000000 -4.413386,
        0.875681 -0.104461 -4.413386,
        0.869435 -0.501969 -4.413386,
        0.763739 -0.440945 -4.413386,
        0.917142 -0.408338 -4.413386,
        0.828706 -0.301624 -4.413386,
        0.954801 -0.310233 -4.413386,
        0.981998 -0.208730 -4.413386,
        0.868492 -0.153139 -4.413386,
        0.998437 -0.104940 -4.413386,
        1.239765 0.103696 -2.049755,
        1.240616 0.092971 -2.033454,
        1.241877 0.074252 -2.709961,
        1.240616 0.092971 -2.690955,
        1.239394 0.108045 -2.665820,
        1.244094 0.000000 -2.736220,
        1.243737 0.029797 -2.732400,
        1.242760 0.057602 -2.721222,
        1.238630 0.116482 -2.637656,
        1.238475 0.118110 -2.618110,
        1.238475 0.118110 -2.106299,
        1.243811 0.026584 -1.991220,
        1.244094 0.000000 -1.988189,
        1.242033 0.071592 -2.012360,
        1.243259 0.045599 -1.997346,
        1.238631 0.116461 -2.086633,
        1.239076 0.111631 -2.067719,
        1.241877 -0.074252 -2.014448,
        1.240616 -0.092971 -2.033454,
        1.239394 -0.108045 -2.058589,
        1.243737 -0.029797 -1.992009,
        1.242760 -0.057602 -2.003187,
        1.238630 -0.116482 -2.086754,
        1.238475 -0.118110 -2.106299,
        1.238475 -0.118110 -2.618110,
        1.243811 -0.026584 -2.733190,
        1.240616 -0.092971 -2.690955,
        1.242033 -0.071592 -2.712050,
        1.243259 -0.045599 -2.727063,
        1.238631 -0.116461 -2.637776,
        1.239076 -0.111631 -2.656690,
        1.239765 -0.103696 -2.674654,
        0.996965 0.118110 0.003937,
        0.873945 0.118110 0.003937,
        0.881890 0.000000 0.003937,
        0.873945 -0.118110 0.003937,
        0.868492 -0.153139 0.003937,
        0.828706 -0.301624 0.003937,
        0.763739 -0.440945 0.003937,
        1.238475 -0.118110 -0.236220,
        1.037262 0.118110 0.000578,
        1.050702 0.118110 -0.002339,
        1.101657 0.118110 -0.020137,
        1.097855 0.118110 -0.017989,
        1.059727 0.118110 -0.004298,
        1.133959 0.118110 -0.038389,
        1.147084 0.118110 -0.049094,
        1.213287 0.118110 -0.129385,
        1.192313 0.118110 -0.094950,
        1.185319 0.118110 -0.086927,
        1.165267 0.118110 -0.063924,
        1.228327 0.118110 -0.167298,
        1.214366 0.118110 -0.132105,
        1.238475 0.118110 -0.236220,
        1.236646 0.118110 -0.206704,
        1.231631 0.118110 -0.182947,
        1.211688 -0.276522 -0.236220,
        1.219226 -0.247506 -0.236220,
        1.156491 -0.453911 -0.236220,
        1.185530 -0.377215 -0.236220,
        1.077417 -0.622047 -0.236220,
        1.138076 -0.502547 -0.236220,
        1.238475 0.118110 -0.255906,
        1.241877 0.074252 -0.347757,
        1.240616 0.092971 -0.328750,
        1.239394 0.108045 -0.303615,
        1.238630 0.116482 -0.275451,
        1.243737 0.029797 -0.370195,
        1.242760 0.057602 -0.359017,
        1.243811 -0.026584 -0.370985,
        1.244094 0.000000 -0.374016,
        1.238475 -0.118110 -0.255906,
        1.238631 -0.116461 -0.275571,
        1.239076 -0.111631 -0.294485,
        1.239765 -0.103696 -0.312449,
        1.240616 -0.092971 -0.328750,
        1.242033 -0.071592 -0.349845,
        1.243259 -0.045599 -0.364858,
        1.077417 -0.622047 -2.948819,
        1.145853 -0.484553 -3.086313,
        1.156607 -0.453986 -3.116880,
        1.196826 -0.339674 -3.231193,
        1.210642 -0.276340 -3.294526,
        1.229559 -0.189618 -3.381248,
        1.238563 -0.092787 -3.478080,
        1.243441 -0.040337 -3.530530,
        1.238544 0.092784 -3.478082,
        1.243441 0.040337 -3.530530,
        1.229419 0.190524 -3.380342,
        1.210602 0.276329 -3.294537,
        1.196324 0.341437 -3.229429,
        1.156507 0.453947 -3.116919,
        1.144780 0.487084 -3.083782,
        1.077417 0.622047 -2.948819,
        1.240683 0.000000 -3.570866,
        1.240750 -0.000985 -3.569881,
        1.101647 0.475233 -3.668610,
        1.096647 0.488259 -3.668610,
        1.148900 0.343993 -3.668610,
        1.141676 0.370953 -3.668610,
        1.200430 0.000000 -3.668610,
        1.196776 -0.069714 -3.668610,
        1.196776 0.069714 -3.668610,
        1.096647 -0.488259 -3.668610,
        1.101647 -0.475233 -3.668610,
        1.141676 -0.370953 -3.668610,
        1.148900 -0.343993 -3.668610,
        1.174197 -0.249583 -3.668610,
        1.180748 -0.208224 -3.668610,
        1.193854 -0.125479 -3.668610,
        1.193854 0.125479 -3.668610,
        1.180748 0.208224 -3.668610,
        1.174197 0.249583 -3.668610,
        1.039602 -0.600215 -3.668610,
        1.039602 0.600215 -3.668610,
        1.078552 0.620079 -0.645669,
        1.077417 0.622047 -0.586614,
        1.119928 0.541786 -0.723962,
        1.119433 0.542809 -0.665853,
        1.155411 0.460655 -0.805093,
        1.155630 0.460749 -0.747912,
        1.158095 0.454519 -0.811229,
        1.157866 0.454437 -0.754225,
        1.187997 0.369370 -0.896378,
        1.187997 0.369370 -0.839291,
        1.211452 0.282226 -0.983522,
        1.211648 0.282278 -0.926383,
        1.212902 0.276837 -0.988911,
        1.212702 0.276797 -0.931864,
        1.229864 0.187631 -1.078117,
        1.229864 0.187631 -1.021031,
        1.240112 0.097407 -1.168341,
        1.240274 0.097425 -1.111237,
        1.240616 0.092971 -1.172777,
        1.240449 0.092964 -1.115698,
        1.244094 -0.000984 -1.266732,
        1.244094 0.000000 -1.208661,
        1.240742 -0.089625 -1.178091,
        1.240861 -0.089630 -1.119031,
        1.240616 -0.092971 -1.174745,
        1.240493 -0.092958 -1.115703,
        1.230365 -0.184319 -1.083398,
        1.230365 -0.184319 -1.024343,
        1.213317 -0.274643 -0.993073,
        1.213398 -0.274659 -0.934002,
        1.212902 -0.276837 -0.990880,
        1.212822 -0.276816 -0.931845,
        1.188987 -0.366170 -0.901547,
        1.188987 -0.366170 -0.842492,
        1.158463 -0.453465 -0.814251,
        1.158502 -0.453479 -0.755182,
        1.158095 -0.454519 -0.813198,
        1.158057 -0.454502 -0.754159,
        1.120891 -0.539793 -0.727924,
        1.120891 -0.539793 -0.668869,
        1.077417 -0.622047 -0.645669,
        1.077417 -0.622047 -0.586614,
        0.763739 0.440945 -4.413386,
        0.828706 0.301624 -4.413386,
        0.868492 0.153139 -4.413386,
        1.156535 0.453920 -4.173228,
        1.183204 0.384446 -4.173228,
        1.177478 0.382586 -4.226669,
        1.212096 0.276621 -4.173228,
        1.216908 0.258662 -4.173228,
        1.211019 0.257410 -4.226669,
        1.239226 0.092898 -4.173228,
        1.244094 0.000000 -4.173228,
        1.238073 0.000000 -4.226669,
        1.212096 -0.276621 -4.173228,
        1.183204 -0.384446 -4.173228,
        1.177478 -0.382586 -4.226669,
        0.998437 0.104940 -4.413386,
        1.051585 0.110526 -4.407365,
        1.102067 0.115832 -4.389602,
        1.147353 0.120592 -4.360991,
        1.185171 0.124567 -4.322964,
        1.191700 0.000000 -4.322964,
        1.185171 -0.124567 -4.322964,
        1.147353 -0.120592 -4.360991,
        1.102067 -0.115832 -4.389602,
        1.051585 -0.110526 -4.407365,
        0.965962 -0.430074 -4.407365,
        1.005625 -0.326748 -4.407365,
        1.012334 -0.450720 -4.389602,
        1.053901 -0.342433 -4.389602,
        1.053933 -0.469241 -4.360991,
        1.097208 -0.356504 -4.360991,
        1.088672 -0.484708 -4.322964,
        1.133374 -0.368256 -4.322964,
        1.114810 -0.496345 -4.277429,
        1.160585 -0.377097 -4.277429,
        1.131036 -0.503570 -4.226669,
        1.213626 -0.127557 -4.277429,
        1.220311 0.000000 -4.277429,
        1.231291 -0.129414 -4.226669,
        0.915715 -0.528689 -4.407365,
        0.959675 -0.554069 -4.389602,
        0.999110 -0.576836 -4.360991,
        1.032042 -0.595850 -4.322964,
        1.056821 -0.610156 -4.277429,
        1.072203 -0.619037 -4.226669,
        1.077417 -0.622047 -4.173228,
        1.136537 -0.506019 -4.173228,
        1.156535 -0.453920 -4.173228,
        1.216908 -0.258662 -4.173228,
        1.211019 -0.257410 -4.226669,
        1.193644 -0.253717 -4.277429,
        1.165658 -0.247768 -4.322964,
        1.128462 -0.239862 -4.360991,
        1.083922 -0.230395 -4.389602,
        1.034271 -0.219841 -4.407365,
        1.237279 -0.130043 -4.173228,
        1.239226 -0.092898 -4.173228,
        1.237279 0.130043 -4.173228,
        1.231291 0.129414 -4.226669,
        1.213626 0.127557 -4.277429,
        0.981998 0.208730 -4.413386,
        1.034271 0.219841 -4.407365,
        1.083922 0.230395 -4.389602,
        1.128462 0.239862 -4.360991,
        1.165658 0.247768 -4.322964,
        1.193644 0.253717 -4.277429,
        1.160585 0.377097 -4.277429,
        1.133374 0.368256 -4.322964,
        1.097208 0.356504 -4.360991,
        1.053901 0.342433 -4.389602,
        1.005625 0.326748 -4.407365,
        0.954801 0.310233 -4.413386,
        1.136537 0.506019 -4.173228,
        1.131036 0.503570 -4.226669,
        1.114810 0.496345 -4.277429,
        1.088672 0.484708 -4.322964,
        1.053933 0.469241 -4.360991,
        1.012334 0.450720 -4.389602,
        0.965962 0.430074 -4.407365,
        0.917142 0.408338 -4.413386,
        0.869435 0.501969 -4.413386,
        0.915715 0.528689 -4.407365,
        0.959675 0.554069 -4.389602,
        0.999110 0.576836 -4.360991,
        1.032042 0.595850 -4.322964,
        1.056821 0.610156 -4.277429,
        1.072203 0.619037 -4.226669,
        1.077417 0.622047 -4.173228,
        0.763739 0.440945 0.003937,
        0.828706 0.301624 0.003937,
        0.868492 0.153139 0.003937,
        0.869435 0.501969 0.003937,
        0.918384 0.405536 0.003937,
        0.983869 0.199728 0.003937,
        0.956677 0.304398 0.003937,
        1.156491 0.453911 -0.236220,
        1.138076 0.502547 -0.236220,
        1.132568 0.500115 -0.182780,
        1.219226 0.247506 -0.236220,
        1.213325 0.246309 -0.182780,
        1.195918 0.242775 -0.132020,
        1.167878 0.237083 -0.086485,
        1.130611 0.229517 -0.048458,
        1.085987 0.220458 -0.019846,
        1.036241 0.210360 -0.002084,
        1.185530 0.377215 -0.236220,
        1.211688 0.276522 -0.236220,
        1.179791 0.375389 -0.182780,
        1.162866 0.370004 -0.132020,
        1.135601 0.361329 -0.086485,
        1.099364 0.349799 -0.048458,
        1.055972 0.335993 -0.019846,
        1.007602 0.320602 -0.002084,
        1.116320 0.492940 -0.132020,
        1.090146 0.481382 -0.086485,
        1.055360 0.466021 -0.048458,
        1.013705 0.447628 -0.019846,
        0.967270 0.427123 -0.002084,
        1.077417 0.622047 -0.236220,
        1.072203 0.619037 -0.182780,
        1.056821 0.610156 -0.132020,
        1.032042 0.595850 -0.086485,
        0.999110 0.576836 -0.048458,
        0.959675 0.554069 -0.019846,
        0.915715 0.528689 -0.002084,
        1.081877 0.466676 -3.710211,
        1.176244 -0.068508 -3.710211,
        1.160338 -0.204599 -3.710211,
        1.160338 0.204599 -3.848844,
        1.128739 0.337922 -3.848844,
        1.117782 0.334642 -3.803103,
        1.198398 0.000000 -3.890445,
        1.198398 0.069799 -3.890445,
        1.176244 0.068508 -3.848844,
        1.168396 -0.266662 -3.890445,
        1.182192 -0.208452 -3.890445,
        1.160338 -0.204599 -3.848844,
        1.079883 -0.520010 -3.890445,
        1.102254 -0.475466 -3.890445,
        1.081877 -0.466676 -3.848844,
        1.039602 -0.600215 -3.890445,
        1.115891 -0.437999 -3.890445,
        1.146592 -0.353648 -3.890445,
        1.128739 -0.337922 -3.848844,
        1.149999 -0.344287 -3.890445,
        1.185663 -0.178756 -3.890445,
        1.196085 -0.089593 -3.890445,
        1.176244 -0.068508 -3.848844,
        1.198398 -0.069799 -3.890445,
        1.196085 0.089593 -3.890445,
        1.185663 0.178756 -3.890445,
        1.182192 0.208452 -3.890445,
        1.168396 0.266662 -3.890445,
        1.149999 0.344287 -3.890445,
        1.146592 0.353648 -3.890445,
        1.115891 0.437999 -3.890445,
        1.102254 0.475466 -3.890445,
        1.081877 0.466676 -3.848844,
        1.079883 0.520010 -3.890445,
        1.071375 0.462146 -3.755953,
        1.071375 0.462146 -3.803103,
        1.020384 0.589119 -3.710211,
        1.010479 0.583400 -3.755953,
        1.010479 0.583400 -3.803103,
        1.020384 0.589119 -3.848844,
        1.039602 0.600215 -3.890445,
        1.128739 -0.337922 -3.710211,
        1.081877 -0.466676 -3.710211,
        1.071375 -0.462146 -3.755953,
        1.149074 -0.202613 -3.803103,
        1.164826 -0.067843 -3.803103,
        1.164826 -0.067843 -3.755953,
        1.164826 0.067843 -3.755953,
        1.176244 0.068508 -3.710211,
        1.160338 0.204599 -3.710211,
        1.010479 -0.583400 -3.803103,
        1.010479 -0.583400 -3.755953,
        1.020384 -0.589119 -3.710211,
        1.117782 -0.334642 -3.755953,
        1.071375 -0.462146 -3.803103,
        1.020384 -0.589119 -3.848844,
        1.149074 -0.202613 -3.755953,
        1.117782 -0.334642 -3.803103,
        1.128739 0.337922 -3.710211,
        1.149074 0.202613 -3.755953,
        1.164826 0.067843 -3.803103,
        1.117782 0.334642 -3.755953,
        1.149074 0.202613 -3.803103,
        1.060315 -0.612173 -3.933156,
        1.073097 -0.619553 -3.979830,
        1.116396 -0.537628 -3.979830,
        1.077417 -0.622047 -4.028526,
        1.120891 -0.539793 -4.028526,
        1.103098 -0.531224 -3.933156,
        1.139712 -0.447304 -3.933156,
        1.169952 -0.360882 -3.933156,
        1.220923 -0.091496 -3.933156,
        1.210671 -0.182480 -3.933156,
        1.193649 -0.272443 -3.933156,
        1.224346 0.000000 -3.933156,
        1.220923 0.091496 -3.933156,
        1.210671 0.182480 -3.933156,
        1.139712 0.447304 -3.933156,
        1.169952 0.360882 -3.933156,
        1.193649 0.272443 -3.933156,
        1.158095 -0.454519 -4.028526,
        1.153451 -0.452696 -3.979830,
        1.188823 -0.366703 -4.028526,
        1.184056 -0.365233 -3.979830,
        1.212902 -0.276837 -4.028526,
        1.208039 -0.275727 -3.979830,
        1.230199 -0.185423 -4.028526,
        1.225266 -0.184679 -3.979830,
        1.240616 -0.092971 -4.028526,
        1.235641 -0.092598 -3.979830,
        1.244094 0.000000 -4.028526,
        1.239106 0.000000 -3.979830,
        1.240616 0.092971 -4.028526,
        1.235641 0.092598 -3.979830,
        1.230199 0.185423 -4.028526,
        1.225266 0.184679 -3.979830,
        1.212902 0.276837 -4.028526,
        1.208039 0.275727 -3.979830,
        1.188823 0.366703 -4.028526,
        1.184056 0.365233 -3.979830,
        1.158095 0.454519 -4.028526,
        1.153451 0.452696 -3.979830,
        1.120891 0.539793 -4.028526,
        1.077417 0.622047 -4.028526,
        1.116396 0.537628 -3.979830,
        1.073097 0.619553 -3.979830,
        1.103098 0.531224 -3.933156,
        1.060315 0.612173 -3.933156,
      ]
    }
    coordIndex [
      145, 146, 217, -1,
      91, 94, 150, -1,
      91, 150, 71, -1,
      150, 151, 71, -1,
      71, 151, 153, -1,
      71, 153, 72, -1,
      72, 153, 152, -1,
      72, 152, 73, -1,
      92, 97, 148, -1,
      94, 93, 150, -1,
      150, 93, 92, -1,
      150, 92, 149, -1,
      149, 92, 148, -1,
      97, 96, 148, -1,
      148, 96, 95, -1,
      148, 95, 90, -1,
      90, 89, 148, -1,
      148, 89, 211, -1,
      148, 211, 147, -1,
      89, 88, 211, -1,
      211, 88, 85, -1,
      211, 85, 209, -1,
      209, 85, 207, -1,
      217, 146, 215, -1,
      147, 211, 146, -1,
      146, 211, 213, -1,
      146, 213, 215, -1,
      145, 217, 144, -1,
      144, 217, 219, -1,
      144, 219, 221, -1,
      77, 80, 199, -1,
      87, 86, 205, -1,
      87, 205, 83, -1,
      207, 85, 205, -1,
      205, 85, 84, -1,
      205, 84, 83, -1,
      77, 199, 78, -1,
      78, 199, 201, -1,
      78, 201, 86, -1,
      86, 201, 203, -1,
      86, 203, 205, -1,
      80, 79, 199, -1,
      199, 79, 67, -1,
      199, 67, 197, -1,
      197, 67, 66, -1,
      197, 66, 195, -1,
      195, 66, 193, -1,
      66, 82, 193, -1,
      193, 82, 81, -1,
      193, 81, 76, -1,
      75, 74, 155, -1,
      155, 74, 70, -1,
      155, 70, 154, -1,
      154, 70, 69, -1,
      154, 69, 152, -1,
      152, 69, 68, -1,
      152, 68, 73, -1,
      157, 191, 156, -1,
      156, 191, 193, -1,
      156, 193, 155, -1,
      155, 193, 76, -1,
      155, 76, 75, -1,
      185, 187, 157, -1,
      157, 187, 189, -1,
      157, 189, 191, -1,
      158, 159, 181, -1,
      181, 159, 182, -1,
      158, 181, 157, -1,
      157, 181, 183, -1,
      157, 183, 185, -1,
      0, 223, 1, -1,
      1, 223, 224, -1,
      55, 11, 225, -1,
      225, 11, 10, -1,
      225, 10, 224, -1,
      224, 10, 9, -1,
      224, 9, 1, -1,
      5, 8, 56, -1,
      56, 8, 7, -1,
      56, 7, 55, -1,
      55, 7, 12, -1,
      55, 12, 11, -1,
      64, 61, 4, -1,
      56, 57, 5, -1,
      5, 57, 64, -1,
      5, 64, 6, -1,
      6, 64, 4, -1,
      59, 2, 61, -1,
      61, 2, 3, -1,
      61, 3, 4, -1,
      226, 227, 228, -1,
      229, 230, 231, -1,
      232, 233, 234, -1,
      235, 236, 237, -1,
      51, 238, 52, -1,
      52, 238, 239, -1,
      52, 239, 53, -1,
      53, 239, 54, -1,
      240, 47, 46, -1,
      240, 46, 239, -1,
      239, 46, 45, -1,
      239, 45, 54, -1,
      38, 240, 241, -1,
      50, 49, 240, -1,
      240, 49, 48, -1,
      240, 48, 47, -1,
      38, 37, 240, -1,
      240, 37, 36, -1,
      240, 36, 50, -1,
      42, 41, 242, -1,
      242, 41, 40, -1,
      242, 40, 241, -1,
      241, 40, 39, -1,
      241, 39, 38, -1,
      27, 26, 243, -1,
      243, 26, 44, -1,
      243, 44, 43, -1,
      28, 244, 29, -1,
      29, 244, 245, -1,
      29, 245, 34, -1,
      31, 30, 245, -1,
      245, 30, 35, -1,
      245, 35, 34, -1,
      31, 245, 32, -1,
      32, 245, 246, -1,
      32, 246, 33, -1,
      22, 25, 247, -1,
      247, 25, 24, -1,
      247, 24, 246, -1,
      246, 24, 23, -1,
      246, 23, 33, -1,
      22, 247, 21, -1,
      21, 247, 65, -1,
      21, 65, 20, -1,
      60, 62, 248, -1,
      248, 62, 249, -1,
      248, 249, 250, -1,
      250, 249, 251, -1,
      250, 251, 252, -1,
      252, 251, 253, -1,
      252, 253, 254, -1,
      254, 253, 255, -1,
      254, 255, 256, -1,
      256, 255, 257, -1,
      256, 257, 258, -1,
      258, 257, 237, -1,
      28, 27, 244, -1,
      244, 27, 243, -1,
      244, 243, 259, -1,
      259, 243, 260, -1,
      259, 260, 261, -1,
      261, 260, 234, -1,
      58, 60, 262, -1,
      262, 60, 248, -1,
      262, 248, 263, -1,
      263, 248, 250, -1,
      263, 250, 264, -1,
      264, 250, 252, -1,
      264, 252, 265, -1,
      265, 252, 254, -1,
      265, 254, 266, -1,
      266, 254, 256, -1,
      266, 256, 267, -1,
      267, 256, 258, -1,
      267, 258, 268, -1,
      268, 258, 269, -1,
      237, 236, 258, -1,
      258, 236, 270, -1,
      258, 270, 269, -1,
      271, 235, 272, -1,
      272, 235, 237, -1,
      272, 237, 273, -1,
      273, 237, 257, -1,
      273, 257, 274, -1,
      274, 257, 255, -1,
      274, 255, 275, -1,
      275, 255, 253, -1,
      275, 253, 276, -1,
      276, 253, 251, -1,
      276, 251, 277, -1,
      277, 251, 249, -1,
      277, 249, 63, -1,
      63, 249, 62, -1,
      63, 65, 277, -1,
      277, 65, 247, -1,
      277, 247, 276, -1,
      276, 247, 246, -1,
      276, 246, 275, -1,
      275, 246, 245, -1,
      275, 245, 274, -1,
      274, 245, 244, -1,
      274, 244, 273, -1,
      273, 244, 259, -1,
      273, 259, 272, -1,
      272, 259, 261, -1,
      272, 261, 271, -1,
      271, 261, 278, -1,
      234, 233, 261, -1,
      261, 233, 279, -1,
      261, 279, 278, -1,
      280, 232, 281, -1,
      281, 232, 234, -1,
      281, 234, 282, -1,
      282, 234, 260, -1,
      282, 260, 242, -1,
      242, 260, 243, -1,
      242, 243, 42, -1,
      42, 243, 43, -1,
      238, 283, 239, -1,
      239, 283, 284, -1,
      239, 284, 240, -1,
      240, 284, 285, -1,
      240, 285, 241, -1,
      241, 285, 286, -1,
      241, 286, 242, -1,
      242, 286, 287, -1,
      242, 287, 282, -1,
      282, 287, 288, -1,
      282, 288, 281, -1,
      281, 288, 231, -1,
      281, 231, 280, -1,
      280, 231, 230, -1,
      227, 229, 228, -1,
      228, 229, 231, -1,
      228, 231, 289, -1,
      289, 231, 288, -1,
      289, 288, 290, -1,
      290, 288, 287, -1,
      290, 287, 291, -1,
      291, 287, 286, -1,
      291, 286, 292, -1,
      292, 286, 285, -1,
      292, 285, 293, -1,
      293, 285, 284, -1,
      293, 284, 294, -1,
      294, 284, 283, -1,
      295, 226, 296, -1,
      296, 226, 228, -1,
      296, 228, 297, -1,
      297, 228, 289, -1,
      297, 289, 298, -1,
      298, 289, 290, -1,
      298, 290, 299, -1,
      299, 290, 291, -1,
      299, 291, 300, -1,
      300, 291, 292, -1,
      300, 292, 301, -1,
      301, 292, 293, -1,
      301, 293, 302, -1,
      302, 293, 294, -1,
      302, 303, 301, -1,
      301, 303, 304, -1,
      301, 304, 300, -1,
      300, 304, 305, -1,
      300, 305, 299, -1,
      299, 305, 306, -1,
      299, 306, 298, -1,
      298, 306, 307, -1,
      298, 307, 297, -1,
      297, 307, 308, -1,
      297, 308, 296, -1,
      296, 308, 309, -1,
      296, 309, 295, -1,
      295, 309, 310, -1,
      223, 303, 302, -1,
      51, 55, 238, -1,
      238, 55, 225, -1,
      223, 302, 224, -1,
      224, 302, 294, -1,
      224, 294, 225, -1,
      225, 294, 283, -1,
      225, 283, 238, -1,
      311, 14, 312, -1,
      312, 14, 18, -1,
      312, 18, 313, -1,
      313, 18, 19, -1,
      16, 101, 17, -1,
      17, 101, 100, -1,
      17, 100, 19, -1,
      19, 100, 99, -1,
      19, 99, 313, -1,
      13, 104, 15, -1,
      15, 104, 103, -1,
      15, 103, 16, -1,
      16, 103, 102, -1,
      16, 102, 101, -1,
      314, 311, 315, -1,
      315, 311, 312, -1,
      99, 98, 313, -1,
      313, 98, 316, -1,
      313, 316, 312, -1,
      312, 316, 317, -1,
      312, 317, 315, -1,
      318, 319, 320, -1,
      119, 321, 120, -1,
      120, 321, 322, -1,
      120, 322, 121, -1,
      121, 322, 117, -1,
      117, 322, 323, -1,
      117, 323, 118, -1,
      118, 323, 113, -1,
      113, 323, 324, -1,
      113, 324, 114, -1,
      325, 116, 324, -1,
      324, 116, 115, -1,
      324, 115, 114, -1,
      326, 111, 325, -1,
      325, 111, 112, -1,
      325, 112, 116, -1,
      107, 110, 327, -1,
      327, 110, 109, -1,
      327, 109, 326, -1,
      326, 109, 108, -1,
      326, 108, 111, -1,
      107, 327, 106, -1,
      106, 327, 316, -1,
      106, 316, 98, -1,
      318, 320, 328, -1,
      321, 329, 322, -1,
      322, 329, 330, -1,
      322, 330, 323, -1,
      323, 330, 331, -1,
      323, 331, 324, -1,
      324, 331, 332, -1,
      324, 332, 325, -1,
      325, 332, 333, -1,
      325, 333, 326, -1,
      326, 333, 334, -1,
      326, 334, 327, -1,
      327, 334, 335, -1,
      327, 335, 316, -1,
      316, 335, 317, -1,
      329, 328, 330, -1,
      330, 328, 320, -1,
      330, 320, 331, -1,
      331, 320, 336, -1,
      331, 336, 332, -1,
      332, 336, 337, -1,
      332, 337, 333, -1,
      333, 337, 338, -1,
      333, 338, 334, -1,
      334, 338, 339, -1,
      334, 339, 335, -1,
      335, 339, 340, -1,
      335, 340, 317, -1,
      317, 340, 315, -1,
      319, 341, 320, -1,
      320, 341, 342, -1,
      320, 342, 336, -1,
      336, 342, 343, -1,
      336, 343, 337, -1,
      337, 343, 344, -1,
      337, 344, 338, -1,
      338, 344, 345, -1,
      338, 345, 339, -1,
      339, 345, 346, -1,
      339, 346, 340, -1,
      340, 346, 347, -1,
      340, 347, 315, -1,
      315, 347, 314, -1,
      132, 131, 329, -1,
      132, 329, 128, -1,
      128, 329, 321, -1,
      128, 321, 119, -1,
      184, 182, 341, -1,
      188, 186, 318, -1,
      318, 186, 184, -1,
      318, 184, 319, -1,
      319, 184, 341, -1,
      130, 196, 131, -1,
      131, 196, 194, -1,
      131, 194, 329, -1,
      329, 194, 192, -1,
      329, 192, 190, -1,
      188, 318, 190, -1,
      190, 318, 328, -1,
      190, 328, 329, -1,
      129, 200, 130, -1,
      130, 200, 198, -1,
      130, 198, 196, -1,
      135, 143, 206, -1,
      135, 206, 136, -1,
      129, 134, 200, -1,
      200, 134, 133, -1,
      200, 133, 202, -1,
      202, 133, 136, -1,
      202, 136, 204, -1,
      204, 136, 206, -1,
      143, 142, 206, -1,
      206, 142, 141, -1,
      206, 141, 208, -1,
      139, 122, 140, -1,
      140, 122, 212, -1,
      140, 212, 141, -1,
      141, 212, 210, -1,
      141, 210, 208, -1,
      139, 138, 122, -1,
      122, 138, 137, -1,
      122, 137, 123, -1,
      123, 137, 105, -1,
      126, 222, 127, -1,
      127, 222, 220, -1,
      127, 220, 124, -1,
      124, 220, 218, -1,
      124, 218, 125, -1,
      125, 218, 216, -1,
      125, 216, 122, -1,
      122, 216, 214, -1,
      122, 214, 212, -1,
      160, 153, 161, -1,
      161, 153, 151, -1,
      163, 162, 348, -1,
      166, 167, 349, -1,
      175, 174, 350, -1,
      351, 352, 353, -1,
      354, 355, 356, -1,
      357, 358, 359, -1,
      360, 361, 362, -1,
      360, 362, 363, -1,
      364, 365, 366, -1,
      357, 359, 367, -1,
      368, 369, 370, -1,
      354, 356, 371, -1,
      372, 373, 351, -1,
      373, 374, 351, -1,
      351, 374, 375, -1,
      351, 375, 352, -1,
      352, 375, 376, -1,
      352, 376, 377, -1,
      378, 379, 380, -1,
      380, 379, 381, -1,
      382, 353, 383, -1,
      383, 353, 352, -1,
      383, 352, 380, -1,
      380, 352, 377, -1,
      380, 377, 378, -1,
      384, 382, 385, -1,
      385, 382, 383, -1,
      385, 383, 386, -1,
      386, 383, 380, -1,
      386, 380, 387, -1,
      387, 380, 381, -1,
      387, 381, 388, -1,
      389, 390, 391, -1,
      365, 367, 366, -1,
      366, 367, 359, -1,
      366, 359, 392, -1,
      392, 359, 393, -1,
      392, 393, 394, -1,
      394, 393, 395, -1,
      394, 395, 396, -1,
      396, 395, 397, -1,
      398, 391, 399, -1,
      399, 391, 390, -1,
      399, 390, 400, -1,
      400, 390, 169, -1,
      400, 169, 179, -1,
      173, 172, 389, -1,
      389, 172, 171, -1,
      389, 171, 390, -1,
      390, 171, 170, -1,
      390, 170, 169, -1,
      174, 173, 350, -1,
      350, 173, 389, -1,
      350, 389, 401, -1,
      401, 389, 391, -1,
      401, 391, 402, -1,
      402, 391, 398, -1,
      402, 398, 403, -1,
      167, 175, 349, -1,
      349, 175, 350, -1,
      349, 350, 404, -1,
      404, 350, 401, -1,
      404, 401, 405, -1,
      405, 401, 402, -1,
      405, 402, 362, -1,
      362, 402, 403, -1,
      362, 403, 363, -1,
      168, 166, 396, -1,
      396, 166, 349, -1,
      396, 349, 394, -1,
      394, 349, 404, -1,
      394, 404, 392, -1,
      392, 404, 405, -1,
      392, 405, 366, -1,
      366, 405, 362, -1,
      366, 362, 364, -1,
      364, 362, 361, -1,
      165, 164, 406, -1,
      406, 164, 397, -1,
      406, 397, 407, -1,
      407, 397, 395, -1,
      407, 395, 408, -1,
      408, 395, 393, -1,
      408, 393, 370, -1,
      370, 393, 359, -1,
      370, 359, 368, -1,
      368, 359, 358, -1,
      164, 178, 397, -1,
      397, 178, 177, -1,
      397, 177, 396, -1,
      396, 177, 176, -1,
      396, 176, 168, -1,
      162, 165, 348, -1,
      348, 165, 406, -1,
      348, 406, 409, -1,
      409, 406, 407, -1,
      409, 407, 410, -1,
      410, 407, 408, -1,
      410, 408, 356, -1,
      356, 408, 370, -1,
      356, 370, 371, -1,
      371, 370, 369, -1,
      180, 163, 384, -1,
      384, 163, 348, -1,
      384, 348, 382, -1,
      382, 348, 409, -1,
      382, 409, 353, -1,
      353, 409, 410, -1,
      353, 410, 351, -1,
      351, 410, 356, -1,
      351, 356, 372, -1,
      372, 356, 355, -1,
      411, 412, 413, -1,
      412, 414, 415, -1,
      411, 416, 363, -1,
      363, 416, 360, -1,
      360, 416, 361, -1,
      361, 416, 417, -1,
      361, 417, 364, -1,
      364, 417, 418, -1,
      364, 418, 365, -1,
      371, 369, 419, -1,
      419, 369, 368, -1,
      419, 368, 420, -1,
      420, 368, 358, -1,
      420, 358, 421, -1,
      421, 358, 357, -1,
      421, 357, 418, -1,
      418, 357, 367, -1,
      418, 367, 365, -1,
      371, 419, 354, -1,
      354, 419, 422, -1,
      354, 422, 355, -1,
      355, 422, 423, -1,
      355, 423, 372, -1,
      372, 423, 424, -1,
      372, 424, 373, -1,
      425, 377, 426, -1,
      426, 377, 376, -1,
      426, 376, 427, -1,
      427, 376, 375, -1,
      427, 375, 424, -1,
      424, 375, 374, -1,
      424, 374, 373, -1,
      412, 415, 413, -1,
      413, 415, 428, -1,
      413, 428, 429, -1,
      429, 428, 430, -1,
      429, 430, 431, -1,
      431, 430, 432, -1,
      431, 432, 433, -1,
      433, 432, 434, -1,
      433, 434, 435, -1,
      435, 434, 436, -1,
      435, 436, 437, -1,
      437, 436, 438, -1,
      437, 438, 439, -1,
      439, 438, 440, -1,
      439, 440, 441, -1,
      441, 440, 442, -1,
      441, 442, 443, -1,
      443, 442, 444, -1,
      443, 444, 445, -1,
      445, 444, 446, -1,
      445, 446, 447, -1,
      447, 446, 448, -1,
      447, 448, 449, -1,
      411, 413, 416, -1,
      416, 413, 429, -1,
      416, 429, 417, -1,
      417, 429, 431, -1,
      417, 431, 418, -1,
      418, 431, 433, -1,
      418, 433, 421, -1,
      421, 433, 435, -1,
      421, 435, 420, -1,
      420, 435, 437, -1,
      420, 437, 419, -1,
      419, 437, 439, -1,
      419, 439, 422, -1,
      422, 439, 441, -1,
      422, 441, 423, -1,
      423, 441, 443, -1,
      423, 443, 424, -1,
      424, 443, 445, -1,
      424, 445, 427, -1,
      427, 445, 447, -1,
      427, 447, 426, -1,
      426, 447, 449, -1,
      426, 449, 425, -1,
      381, 379, 425, -1,
      425, 379, 378, -1,
      425, 378, 377, -1,
      450, 451, 452, -1,
      452, 451, 453, -1,
      452, 453, 454, -1,
      454, 453, 455, -1,
      448, 450, 449, -1,
      449, 450, 452, -1,
      449, 452, 425, -1,
      425, 452, 454, -1,
      425, 454, 381, -1,
      381, 454, 455, -1,
      381, 455, 388, -1,
      414, 268, 415, -1,
      415, 268, 269, -1,
      415, 269, 428, -1,
      428, 269, 270, -1,
      428, 270, 430, -1,
      430, 270, 236, -1,
      430, 236, 432, -1,
      236, 235, 432, -1,
      432, 235, 271, -1,
      432, 271, 434, -1,
      434, 271, 278, -1,
      434, 278, 436, -1,
      436, 278, 279, -1,
      436, 279, 438, -1,
      438, 279, 233, -1,
      438, 233, 440, -1,
      440, 233, 232, -1,
      440, 232, 442, -1,
      232, 280, 442, -1,
      442, 280, 230, -1,
      442, 230, 444, -1,
      444, 230, 229, -1,
      444, 229, 446, -1,
      446, 229, 227, -1,
      446, 227, 448, -1,
      448, 227, 226, -1,
      448, 226, 450, -1,
      450, 226, 295, -1,
      450, 295, 451, -1,
      451, 295, 310, -1,
    ]
  }
}

Shape {
  appearance Appearance {
    material Material {
      diffuseColor 1.0000 1.0000 1.0000
      specularColor 0.8784 0.8784 0.8784
      ambientIntensity 0.2
      transparency 0.0000
      shininess 0.5
    }
  }
  geometry IndexedFaceSet {
    ccw TRUE
    solid FALSE
    coord DEF co Coordinate {
      point [
        0.763739 0.440945 -4.370078,
        0.767148 0.442913 -4.370078,
        0.767148 -0.442913 -4.370078,
        0.763739 -0.440945 -4.370078,
        0.767148 -0.442913 -0.039370,
        0.763739 -0.440945 -0.039370,
        0.763739 0.440945 -0.039370,
        0.767148 0.442913 -0.039370,
        0.869435 -0.501969 -4.413386,
        0.763739 -0.440945 -4.413386,
        0.763739 -0.440945 0.003937,
        0.869435 -0.501969 0.003937,
        1.077417 -0.622047 -0.236220,
        1.072203 -0.619037 -0.182780,
        1.056821 -0.610156 -0.132020,
        1.032042 -0.595850 -0.086485,
        0.999110 -0.576836 -0.048458,
        0.959675 -0.554069 -0.019846,
        0.915715 -0.528689 -0.002084,
        1.077417 -0.622047 -3.007874,
        1.077417 -0.622047 -2.948819,
        1.077417 0.622047 -2.948819,
        1.077417 0.622047 -3.530530,
        1.077417 -0.622047 -3.530530,
        1.039602 -0.600215 -3.668610,
        1.060315 -0.612173 -3.625899,
        1.073097 -0.619553 -3.579226,
        1.039602 0.600215 -3.668610,
        1.060315 0.612173 -3.625899,
        1.073097 0.619553 -3.579226,
        1.077417 0.622047 -0.586614,
        1.077417 -0.622047 -0.645669,
        1.077417 -0.622047 -0.586614,
        0.763739 0.440945 -4.413386,
        0.915715 -0.528689 -4.407365,
        0.959675 -0.554069 -4.389602,
        0.999110 -0.576836 -4.360991,
        1.032042 -0.595850 -4.322964,
        1.056821 -0.610156 -4.277429,
        1.072203 -0.619037 -4.226669,
        1.077417 -0.622047 -4.173228,
        0.869435 0.501969 -4.413386,
        0.915715 0.528689 -4.407365,
        0.959675 0.554069 -4.389602,
        0.999110 0.576836 -4.360991,
        1.032042 0.595850 -4.322964,
        1.056821 0.610156 -4.277429,
        1.072203 0.619037 -4.226669,
        1.077417 0.622047 -4.173228,
        0.763739 0.440945 0.003937,
        0.869435 0.501969 0.003937,
        1.077417 0.622047 -0.236220,
        1.072203 0.619037 -0.182780,
        1.056821 0.610156 -0.132020,
        1.032042 0.595850 -0.086485,
        0.999110 0.576836 -0.048458,
        0.959675 0.554069 -0.019846,
        0.915715 0.528689 -0.002084,
        1.039602 -0.600215 -3.890445,
        1.020384 0.589119 -3.710211,
        1.010479 0.583400 -3.755953,
        1.010479 0.583400 -3.803103,
        1.020384 0.589119 -3.848844,
        1.039602 0.600215 -3.890445,
        1.010479 -0.583400 -3.803103,
        1.010479 -0.583400 -3.755953,
        1.020384 -0.589119 -3.710211,
        1.020384 -0.589119 -3.848844,
        1.060315 -0.612173 -3.933156,
        1.073097 -0.619553 -3.979830,
        1.077417 -0.622047 -4.028526,
        1.077417 0.622047 -4.028526,
        1.073097 0.619553 -3.979830,
        1.060315 0.612173 -3.933156,
        1.067037 0.616054 -4.234367,
        1.046600 0.604255 -4.291339,
        1.014090 0.585485 -4.340261,
        0.971722 0.561024 -4.377802,
        0.922382 0.532538 -4.401400,
        0.869435 0.501969 -4.409449,
        0.767148 0.442913 -4.409449,
        0.767148 0.442913 -0.000000,
        0.869435 0.501969 0.000000,
        0.914957 0.528250 -0.005922,
        0.958196 0.553215 -0.023393,
        0.996984 0.575609 -0.051536,
        1.029376 0.594311 -0.088939,
        1.053749 0.608382 -0.133728,
        1.068879 0.617117 -0.183656,
        1.074008 0.620079 -0.236220,
        1.074008 0.620079 -3.530530,
        1.069758 0.617625 -3.578428,
        1.057186 0.610367 -3.624335,
        1.036813 0.598604 -3.666346,
        1.017202 0.587282 -3.708796,
        1.007094 0.581446 -3.755472,
        1.007094 0.581446 -3.803583,
        1.017202 0.587282 -3.850259,
        1.036813 0.598604 -3.892709,
        1.057186 0.610367 -3.934719,
        1.069758 0.617625 -3.980628,
        1.074008 0.620079 -4.028526,
        1.074008 0.620079 -4.173228,
        0.767148 -0.442913 -4.409449,
        0.869435 -0.501969 -4.409449,
        0.922382 -0.532538 -4.401400,
        0.767148 -0.442913 -0.000000,
        0.869435 -0.501969 0.000000,
        0.914957 -0.528250 -0.005922,
        0.958196 -0.553215 -0.023393,
        0.996984 -0.575609 -0.051536,
        1.029376 -0.594311 -0.088939,
        1.053749 -0.608382 -0.133728,
        1.068879 -0.617117 -0.183656,
        1.074008 -0.620079 -0.236220,
        0.971722 -0.561024 -4.377802,
        1.014090 -0.585485 -4.340261,
        1.046600 -0.604255 -4.291339,
        1.067037 -0.616054 -4.234367,
        1.074008 -0.620079 -4.173228,
        1.074008 -0.620079 -4.028526,
        1.069758 -0.617625 -3.980628,
        1.057186 -0.610367 -3.934719,
        1.036813 -0.598604 -3.892709,
        1.017202 -0.587282 -3.850259,
        1.007094 -0.581446 -3.803583,
        1.007094 -0.581446 -3.755472,
        1.017202 -0.587282 -3.708796,
        1.036813 -0.598604 -3.666346,
        1.057186 -0.610367 -3.624335,
        1.069758 -0.617625 -3.578428,
        1.074008 -0.620079 -3.530530,
      ]
    }
    coordIndex [
      74, 46, 75, -1,
      75, 46, 45, -1,
      75, 45, 76, -1,
      76, 45, 44, -1,
      76, 44, 77, -1,
      77, 44, 43, -1,
      77, 43, 78, -1,
      78, 43, 42, -1,
      78, 42, 79, -1,
      79, 42, 41, -1,
      79, 41, 80, -1,
      80, 41, 33, -1,
      80, 33, 1, -1,
      1, 33, 0, -1,
      7, 6, 81, -1,
      81, 6, 49, -1,
      81, 49, 82, -1,
      82, 49, 50, -1,
      82, 50, 83, -1,
      83, 50, 57, -1,
      83, 57, 84, -1,
      84, 57, 56, -1,
      84, 56, 85, -1,
      85, 56, 55, -1,
      85, 55, 86, -1,
      86, 55, 54, -1,
      86, 54, 87, -1,
      87, 54, 53, -1,
      87, 53, 88, -1,
      88, 53, 52, -1,
      88, 52, 89, -1,
      89, 52, 51, -1,
      51, 30, 89, -1,
      89, 30, 21, -1,
      89, 21, 90, -1,
      90, 21, 22, -1,
      90, 22, 91, -1,
      91, 22, 29, -1,
      91, 29, 92, -1,
      92, 29, 28, -1,
      92, 28, 93, -1,
      93, 28, 27, -1,
      93, 27, 94, -1,
      94, 27, 59, -1,
      94, 59, 95, -1,
      95, 59, 60, -1,
      95, 60, 96, -1,
      96, 60, 61, -1,
      96, 61, 97, -1,
      97, 61, 62, -1,
      97, 62, 98, -1,
      98, 62, 63, -1,
      98, 63, 99, -1,
      99, 63, 73, -1,
      99, 73, 100, -1,
      100, 73, 72, -1,
      100, 72, 101, -1,
      101, 72, 71, -1,
      101, 71, 102, -1,
      102, 71, 48, -1,
      102, 48, 74, -1,
      74, 48, 47, -1,
      74, 47, 46, -1,
      2, 3, 103, -1,
      103, 3, 9, -1,
      103, 9, 104, -1,
      104, 9, 8, -1,
      104, 8, 105, -1,
      5, 4, 10, -1,
      10, 4, 106, -1,
      10, 106, 11, -1,
      11, 106, 107, -1,
      11, 107, 18, -1,
      18, 107, 108, -1,
      18, 108, 17, -1,
      17, 108, 109, -1,
      17, 109, 16, -1,
      16, 109, 110, -1,
      16, 110, 15, -1,
      15, 110, 111, -1,
      15, 111, 14, -1,
      14, 111, 112, -1,
      14, 112, 13, -1,
      13, 112, 113, -1,
      13, 113, 12, -1,
      12, 113, 114, -1,
      8, 34, 105, -1,
      105, 34, 35, -1,
      105, 35, 115, -1,
      115, 35, 36, -1,
      115, 36, 116, -1,
      116, 36, 37, -1,
      116, 37, 117, -1,
      117, 37, 38, -1,
      117, 38, 118, -1,
      118, 38, 39, -1,
      118, 39, 119, -1,
      119, 39, 40, -1,
      119, 40, 120, -1,
      120, 40, 70, -1,
      120, 70, 121, -1,
      121, 70, 69, -1,
      121, 69, 122, -1,
      122, 69, 68, -1,
      122, 68, 123, -1,
      123, 68, 58, -1,
      123, 58, 124, -1,
      124, 58, 67, -1,
      124, 67, 125, -1,
      125, 67, 64, -1,
      125, 64, 126, -1,
      126, 64, 65, -1,
      126, 65, 127, -1,
      127, 65, 66, -1,
      127, 66, 128, -1,
      128, 66, 24, -1,
      128, 24, 129, -1,
      129, 24, 25, -1,
      129, 25, 130, -1,
      130, 25, 26, -1,
      130, 26, 131, -1,
      131, 26, 23, -1,
      131, 23, 19, -1,
      19, 20, 131, -1,
      131, 20, 31, -1,
      131, 31, 114, -1,
      114, 31, 32, -1,
      114, 32, 12, -1,
    ]
  }
}

Shape {
  appearance Appearance {
    material Material {
      diffuseColor 0.0000 0.0000 0.0000
      specularColor 0.0000 0.0000 0.0000
      ambientIntensity 0.2
      transparency 0.0000
      shininess 0.5
    }
  }
  geometry IndexedFaceSet {
    ccw TRUE
    solid FALSE
    coord DEF co Coordinate {
      point [
        -0.863863 -0.187319 -4.370078,
        0.261102 0.846472 -4.370078,
        0.413919 0.783173 -4.370078,
        0.767148 0.442913 -4.370078,
        0.746063 0.472631 -4.370078,
        0.671431 0.577814 -4.370078,
        0.552304 0.692567 -4.370078,
        0.253922 0.847970 -4.370078,
        0.132388 0.873328 -4.370078,
        -0.106713 0.876466 -4.370078,
        -0.066198 0.883350 -4.370078,
        0.099181 0.880257 -4.370078,
        -0.229269 0.855643 -4.370078,
        -0.241085 0.851259 -4.370078,
        -0.824593 0.323629 -4.370078,
        -0.817164 0.338344 -4.370078,
        -0.750051 0.471288 -4.370078,
        -0.649357 0.602515 -4.370078,
        -0.526022 0.712734 -4.370078,
        -0.384346 0.798102 -4.370078,
        -0.873137 0.135324 -4.370078,
        -0.870383 0.164685 -4.370078,
        -0.875298 0.112278 -4.370078,
        -0.885827 0.000000 -4.370078,
        -0.881761 -0.043353 -4.370078,
        -0.870383 -0.164685 -4.370078,
        -0.229269 -0.855643 -4.370078,
        -0.241085 -0.851259 -4.370078,
        -0.384346 -0.798102 -4.370078,
        -0.526022 -0.712734 -4.370078,
        -0.649357 -0.602515 -4.370078,
        -0.750051 -0.471288 -4.370078,
        -0.824593 -0.323629 -4.370078,
        -0.841435 -0.265170 -4.370078,
        -0.066198 -0.883350 -4.370078,
        -0.106713 -0.876466 -4.370078,
        0.132388 -0.873328 -4.370078,
        0.099181 -0.880257 -4.370078,
        0.253922 -0.847970 -4.370078,
        0.552304 -0.692567 -4.370078,
        0.413919 -0.783173 -4.370078,
        0.261102 -0.846472 -4.370078,
        0.746063 -0.472631 -4.370078,
        0.671431 -0.577814 -4.370078,
        0.767148 -0.442913 -4.370078,
        0.767148 0.442913 -4.409449,
        0.767148 -0.442913 -4.409449,
        0.099181 -0.880257 -4.409449,
        -0.066198 -0.883350 -4.409449,
        -0.066198 0.883350 -4.409449,
        0.099181 0.880257 -4.409449,
        0.671431 0.577814 -4.409449,
        0.552304 0.692567 -4.409449,
        0.413919 0.783173 -4.409449,
        0.261102 0.846472 -4.409449,
        -0.229269 0.855643 -4.409449,
        -0.384346 0.798102 -4.409449,
        -0.526022 0.712734 -4.409449,
        -0.649357 0.602515 -4.409449,
        -0.750051 0.471288 -4.409449,
        -0.824593 0.323629 -4.409449,
        -0.870383 0.164685 -4.409449,
        -0.885827 0.000000 -4.409449,
        -0.870383 -0.164685 -4.409449,
        -0.824593 -0.323629 -4.409449,
        -0.750051 -0.471288 -4.409449,
        -0.649357 -0.602515 -4.409449,
        -0.526022 -0.712734 -4.409449,
        -0.384346 -0.798102 -4.409449,
        -0.229269 -0.855643 -4.409449,
        0.261102 -0.846472 -4.409449,
        0.413919 -0.783173 -4.409449,
        0.552304 -0.692567 -4.409449,
        0.671431 -0.577814 -4.409449,
      ]
    }
    coordIndex [
      47, 48, 34, -1,
      49, 50, 11, -1,
      45, 3, 4, -1,
      45, 4, 51, -1,
      51, 4, 5, -1,
      51, 5, 52, -1,
      52, 5, 6, -1,
      52, 6, 53, -1,
      53, 6, 2, -1,
      53, 2, 54, -1,
      2, 1, 54, -1,
      54, 1, 7, -1,
      54, 7, 50, -1,
      50, 7, 8, -1,
      50, 8, 11, -1,
      11, 10, 49, -1,
      49, 10, 9, -1,
      49, 9, 55, -1,
      9, 12, 55, -1,
      55, 12, 13, -1,
      55, 13, 56, -1,
      56, 13, 19, -1,
      56, 19, 57, -1,
      57, 19, 18, -1,
      57, 18, 58, -1,
      58, 18, 17, -1,
      58, 17, 59, -1,
      17, 16, 59, -1,
      59, 16, 15, -1,
      59, 15, 60, -1,
      60, 15, 14, -1,
      60, 14, 61, -1,
      61, 14, 21, -1,
      21, 20, 61, -1,
      61, 20, 22, -1,
      61, 22, 62, -1,
      22, 23, 62, -1,
      62, 23, 24, -1,
      62, 24, 63, -1,
      24, 25, 63, -1,
      63, 25, 0, -1,
      63, 0, 64, -1,
      0, 33, 64, -1,
      64, 33, 32, -1,
      64, 32, 65, -1,
      65, 32, 31, -1,
      65, 31, 66, -1,
      66, 31, 30, -1,
      66, 30, 67, -1,
      67, 30, 29, -1,
      67, 29, 68, -1,
      29, 28, 68, -1,
      68, 28, 27, -1,
      68, 27, 69, -1,
      69, 27, 26, -1,
      69, 26, 48, -1,
      48, 26, 35, -1,
      48, 35, 34, -1,
      34, 37, 47, -1,
      47, 37, 36, -1,
      47, 36, 70, -1,
      36, 38, 70, -1,
      70, 38, 41, -1,
      70, 41, 71, -1,
      71, 41, 40, -1,
      71, 40, 72, -1,
      72, 40, 39, -1,
      72, 39, 73, -1,
      73, 39, 43, -1,
      73, 43, 46, -1,
      46, 43, 42, -1,
      46, 42, 44, -1,
    ]
  }
}

Shape {
  appearance Appearance {
    material Material {
      diffuseColor 1.0000 1.0000 1.0000
      specularColor 0.8784 0.8784 0.8784
      ambientIntensity 0.2
      transparency 0.0000
      shininess 0.5
    }
  }
  geometry IndexedFaceSet {
    ccw TRUE
    solid FALSE
    coord DEF co Coordinate {
      point [
        -0.750051 0.471288 -0.039370,
        -0.824593 0.323629 -0.039370,
        -0.870383 0.164685 -0.039370,
        -0.885608 0.019685 -0.039370,
        0.425756 0.776802 -0.039370,
        0.413919 0.783173 -0.039370,
        0.261102 0.846472 -0.039370,
        0.099181 0.880257 -0.039370,
        -0.384346 0.798102 -0.039370,
        -0.526022 0.712734 -0.039370,
        -0.649357 0.602515 -0.039370,
        -0.066198 0.883350 -0.039370,
        -0.229269 0.855643 -0.039370,
        0.671431 -0.577814 -0.039370,
        0.767148 -0.442913 -0.039370,
        0.767148 0.442913 -0.039370,
        0.671431 0.577814 -0.039370,
        0.459852 -0.757117 -0.039370,
        0.552304 -0.692567 -0.039370,
        0.552304 0.692567 -0.039370,
        0.459852 0.757117 -0.039370,
        0.413919 -0.783173 -0.039370,
        0.425756 -0.776802 -0.039370,
        0.261102 -0.846472 -0.039370,
        -0.885608 -0.019685 -0.039370,
        -0.870383 -0.164685 -0.039370,
        -0.824593 -0.323629 -0.039370,
        -0.750051 -0.471288 -0.039370,
        -0.649357 -0.602515 -0.039370,
        -0.526022 -0.712734 -0.039370,
        -0.384346 -0.798102 -0.039370,
        -0.229269 -0.855643 -0.039370,
        -0.066198 -0.883350 -0.039370,
        0.099181 -0.880257 -0.039370,
        0.767148 0.442913 -0.000000,
        0.767148 -0.442913 -0.000000,
        0.671431 0.577814 0.000000,
        0.552304 0.692567 0.000000,
        0.413919 0.783173 0.000000,
        0.261102 0.846472 0.000000,
        0.099181 0.880257 0.000000,
        -0.066198 0.883350 0.000000,
        -0.229269 0.855643 0.000000,
        -0.384346 0.798102 0.000000,
        -0.526022 0.712734 0.000000,
        -0.649357 0.602515 0.000000,
        -0.750051 0.471288 0.000000,
        -0.824593 0.323629 0.000000,
        -0.870383 0.164685 0.000000,
        -0.885827 0.000000 0.000000,
        -0.885827 0.000000 -0.039370,
        -0.870383 -0.164685 0.000000,
        -0.824593 -0.323629 0.000000,
        -0.750051 -0.471288 0.000000,
        -0.649357 -0.602515 0.000000,
        -0.526022 -0.712734 0.000000,
        -0.384346 -0.798102 0.000000,
        -0.229269 -0.855643 0.000000,
        -0.066198 -0.883350 0.000000,
        0.099181 -0.880257 0.000000,
        0.261102 -0.846472 0.000000,
        0.413919 -0.783173 0.000000,
        0.671431 -0.577814 0.000000,
        0.552304 -0.692567 0.000000,
      ]
    }
    coordIndex [
      15, 34, 16, -1,
      16, 34, 36, -1,
      16, 36, 19, -1,
      19, 36, 37, -1,
      19, 37, 20, -1,
      20, 37, 38, -1,
      20, 38, 4, -1,
      4, 38, 5, -1,
      5, 38, 6, -1,
      6, 38, 39, -1,
      6, 39, 7, -1,
      7, 39, 40, -1,
      7, 40, 11, -1,
      11, 40, 41, -1,
      11, 41, 12, -1,
      12, 41, 42, -1,
      12, 42, 8, -1,
      8, 42, 43, -1,
      8, 43, 9, -1,
      9, 43, 44, -1,
      9, 44, 10, -1,
      10, 44, 45, -1,
      10, 45, 0, -1,
      0, 45, 46, -1,
      0, 46, 1, -1,
      1, 46, 47, -1,
      1, 47, 2, -1,
      2, 47, 48, -1,
      2, 48, 3, -1,
      3, 48, 49, -1,
      3, 49, 50, -1,
      50, 49, 24, -1,
      24, 49, 51, -1,
      24, 51, 25, -1,
      25, 51, 26, -1,
      26, 51, 52, -1,
      26, 52, 27, -1,
      27, 52, 53, -1,
      27, 53, 28, -1,
      28, 53, 54, -1,
      28, 54, 29, -1,
      29, 54, 55, -1,
      29, 55, 30, -1,
      30, 55, 56, -1,
      30, 56, 31, -1,
      31, 56, 57, -1,
      31, 57, 32, -1,
      32, 57, 58, -1,
      32, 58, 33, -1,
      33, 58, 59, -1,
      33, 59, 23, -1,
      23, 59, 60, -1,
      23, 60, 21, -1,
      21, 60, 61, -1,
      21, 61, 22, -1,
      35, 14, 62, -1,
      62, 14, 13, -1,
      62, 13, 63, -1,
      63, 13, 18, -1,
      63, 18, 61, -1,
      61, 18, 17, -1,
      61, 17, 22, -1,
    ]
  }
}

Shape {
  appearance Appearance {
    material Material {
      diffuseColor 0.0000 0.0000 0.0000
      specularColor 0.0000 0.0000 0.0000
      ambientIntensity 0.2
      transparency 0.0000
      shininess 0.5
    }
  }
  geometry IndexedFaceSet {
    ccw TRUE
    solid FALSE
    coord DEF co Coordinate {
      point [
        1.067037 0.616054 -4.234367,
        1.046600 0.604255 -4.291339,
        1.014090 0.585485 -4.340261,
        0.971722 0.561024 -4.377802,
        0.922382 0.532538 -4.401400,
        0.869435 0.501969 -4.409449,
        0.767148 0.442913 -4.409449,
        0.767148 0.442913 -0.000000,
        0.869435 0.501969 0.000000,
        0.914957 0.528250 -0.005922,
        0.958196 0.553215 -0.023393,
        0.996984 0.575609 -0.051536,
        1.029376 0.594311 -0.088939,
        1.053749 0.608382 -0.133728,
        1.068879 0.617117 -0.183656,
        1.074008 0.620079 -0.236220,
        1.074008 0.620079 -3.530530,
        1.069758 0.617625 -3.578428,
        1.057186 0.610367 -3.624335,
        1.036813 0.598604 -3.666346,
        1.017202 0.587282 -3.708796,
        1.007094 0.581446 -3.755472,
        1.007094 0.581446 -3.803583,
        1.017202 0.587282 -3.850259,
        1.036813 0.598604 -3.892709,
        1.057186 0.610367 -3.934719,
        1.069758 0.617625 -3.980628,
        1.074008 0.620079 -4.028526,
        1.074008 0.620079 -4.173228,
        0.767148 -0.442913 -4.409449,
        0.869435 -0.501969 -4.409449,
        0.922382 -0.532538 -4.401400,
        0.767148 -0.442913 -0.000000,
        0.869435 -0.501969 0.000000,
        0.914957 -0.528250 -0.005922,
        0.958196 -0.553215 -0.023393,
        0.996984 -0.575609 -0.051536,
        1.029376 -0.594311 -0.088939,
        1.053749 -0.608382 -0.133728,
        1.068879 -0.617117 -0.183656,
        1.074008 -0.620079 -0.236220,
        0.971722 -0.561024 -4.377802,
        1.014090 -0.585485 -4.340261,
        1.046600 -0.604255 -4.291339,
        1.067037 -0.616054 -4.234367,
        1.074008 -0.620079 -4.173228,
        1.074008 -0.620079 -4.028526,
        1.069758 -0.617625 -3.980628,
        1.057186 -0.610367 -3.934719,
        1.036813 -0.598604 -3.892709,
        1.017202 -0.587282 -3.850259,
        1.007094 -0.581446 -3.803583,
        1.007094 -0.581446 -3.755472,
        1.017202 -0.587282 -3.708796,
        1.036813 -0.598604 -3.666346,
        1.057186 -0.610367 -3.624335,
        1.069758 -0.617625 -3.578428,
        1.074008 -0.620079 -3.530530,
        0.099181 -0.880257 -4.409449,
        -0.066198 -0.883350 -4.409449,
        -0.066198 0.883350 -4.409449,
        0.099181 0.880257 -4.409449,
        0.671431 0.577814 -4.409449,
        0.552304 0.692567 -4.409449,
        0.413919 0.783173 -4.409449,
        0.261102 0.846472 -4.409449,
        -0.229269 0.855643 -4.409449,
        -0.384346 0.798102 -4.409449,
        -0.526022 0.712734 -4.409449,
        -0.649357 0.602515 -4.409449,
        -0.750051 0.471288 -4.409449,
        -0.824593 0.323629 -4.409449,
        -0.870383 0.164685 -4.409449,
        -0.885827 0.000000 -4.409449,
        -0.870383 -0.164685 -4.409449,
        -0.824593 -0.323629 -4.409449,
        -0.750051 -0.471288 -4.409449,
        -0.649357 -0.602515 -4.409449,
        -0.526022 -0.712734 -4.409449,
        -0.384346 -0.798102 -4.409449,
        -0.229269 -0.855643 -4.409449,
        0.261102 -0.846472 -4.409449,
        0.413919 -0.783173 -4.409449,
        0.552304 -0.692567 -4.409449,
        0.671431 -0.577814 -4.409449,
        0.671431 0.577814 0.000000,
        0.552304 0.692567 0.000000,
        0.413919 0.783173 0.000000,
        0.261102 0.846472 0.000000,
        0.099181 0.880257 0.000000,
        -0.066198 0.883350 0.000000,
        -0.229269 0.855643 0.000000,
        -0.384346 0.798102 0.000000,
        -0.526022 0.712734 0.000000,
        -0.649357 0.602515 0.000000,
        -0.750051 0.471288 0.000000,
        -0.824593 0.323629 0.000000,
        -0.870383 0.164685 0.000000,
        -0.885827 0.000000 0.000000,
        -0.870383 -0.164685 0.000000,
        -0.824593 -0.323629 0.000000,
        -0.750051 -0.471288 0.000000,
        -0.649357 -0.602515 0.000000,
        -0.526022 -0.712734 0.000000,
        -0.384346 -0.798102 0.000000,
        -0.229269 -0.855643 0.000000,
        -0.066198 -0.883350 0.000000,
        0.099181 -0.880257 0.000000,
        0.261102 -0.846472 0.000000,
        0.413919 -0.783173 0.000000,
        0.671431 -0.577814 0.000000,
        0.552304 -0.692567 0.000000,
        -0.901664 0.441466 0.000000,
        -0.945971 0.336198 0.000000,
        -0.778765 0.633572 0.000000,
        -0.845687 0.541020 0.000000,
        0.248783 0.972624 0.000000,
        0.806795 -0.597471 0.000000,
        -0.521630 0.857783 0.000000,
        -0.615681 0.792986 0.000000,
        -0.701765 0.717925 0.000000,
        0.357644 0.938072 0.000000,
        0.461876 0.891381 0.000000,
        0.560131 -0.833153 0.000000,
        0.651135 -0.764141 0.000000,
        0.733713 -0.685240 0.000000,
        -0.778765 -0.633572 0.000000,
        -0.701765 -0.717925 0.000000,
        -0.901664 -0.441466 0.000000,
        -0.845687 -0.541020 0.000000,
        -0.997441 -0.114027 0.000000,
        -0.978035 -0.226579 0.000000,
        -0.945971 -0.336198 0.000000,
        -0.314578 0.953378 0.000000,
        -0.420827 0.911479 0.000000,
        0.560131 0.833153 0.000000,
        0.651135 0.764141 0.000000,
        0.733713 0.685240 0.000000,
        0.806795 0.597471 0.000000,
        -0.978035 0.226579 0.000000,
        -0.997441 0.114027 0.000000,
        -1.003937 -0.000000 0.000000,
        0.136703 0.994586 0.000000,
        0.022853 1.003677 0.000000,
        -0.091293 0.999778 0.000000,
        -0.204257 0.982939 0.000000,
        -0.204257 -0.982939 0.000000,
        -0.615681 -0.792986 0.000000,
        -0.521630 -0.857783 0.000000,
        -0.420827 -0.911479 0.000000,
        -0.314578 -0.953378 0.000000,
        0.357644 -0.938072 0.000000,
        0.461876 -0.891381 0.000000,
        -0.091293 -0.999778 0.000000,
        0.022853 -1.003677 0.000000,
        0.136703 -0.994586 0.000000,
        0.248783 -0.972624 0.000000,
        0.957136 0.785483 -0.236220,
        0.906352 0.846474 -0.236220,
        0.902023 0.842431 -0.183656,
        0.817086 0.931765 -0.236220,
        0.804344 0.943939 -0.236220,
        0.800503 0.939431 -0.183656,
        0.654007 1.051660 -0.236220,
        0.570553 1.101118 -0.236220,
        0.567828 1.095859 -0.183656,
        0.281375 1.206560 -0.236220,
        0.168868 1.228607 -0.236220,
        0.168062 1.222739 -0.183656,
        -0.121487 1.233720 -0.236220,
        -0.252317 1.214219 -0.236220,
        -0.251113 1.208420 -0.183656,
        -0.511649 1.129177 -0.236220,
        -0.519845 1.125945 -0.236220,
        -0.517362 1.120568 -0.183656,
        -0.687927 1.029603 -0.236220,
        -0.760547 0.979570 -0.236220,
        -0.756915 0.974893 -0.183656,
        -0.846958 0.904224 -0.236220,
        -0.866885 0.886848 -0.236220,
        -0.862746 0.882613 -0.183656,
        -0.982663 0.754078 -0.236220,
        -1.044672 0.668319 -0.236220,
        -1.039683 0.665128 -0.183656,
        -1.173500 0.398389 -0.236220,
        -1.208160 0.279892 -0.236220,
        -1.202391 0.278555 -0.183656,
        -1.221645 -0.201680 -0.236220,
        -1.208160 -0.279892 -0.236220,
        -1.202391 -0.278555 -0.183656,
        -1.173500 -0.398389 -0.236220,
        -1.168552 -0.415304 -0.236220,
        -1.162971 -0.413320 -0.183656,
        -1.092217 -0.583761 -0.236220,
        -1.044672 -0.668319 -0.236220,
        -1.039683 -0.665128 -0.183656,
        -0.846958 -0.904224 -0.236220,
        -0.760547 -0.979570 -0.236220,
        -0.756915 -0.974893 -0.183656,
        -0.511649 -1.129177 -0.236220,
        -0.388596 -1.177703 -0.236220,
        -0.386740 -1.172078 -0.183656,
        -0.320457 -1.195961 -0.236220,
        -0.252317 -1.214219 -0.236220,
        -0.251113 -1.208420 -0.183656,
        -0.121487 -1.233720 -0.236220,
        -0.112774 -1.235019 -0.236220,
        -0.112235 -1.229121 -0.183656,
        0.080960 -1.235626 -0.236220,
        0.168868 -1.228607 -0.236220,
        0.168062 -1.222739 -0.183656,
        0.281375 -1.206560 -0.236220,
        0.307321 -1.201476 -0.236220,
        0.305853 -1.195738 -0.183656,
        0.473972 -1.144382 -0.236220,
        0.570553 -1.101118 -0.236220,
        0.567828 -1.095859 -0.183656,
        0.817086 -0.931765 -0.236220,
        0.906352 -0.846474 -0.236220,
        0.902023 -0.842431 -0.183656,
        0.849037 -0.628753 -0.005922,
        0.772129 -0.721118 -0.005922,
        0.889161 -0.658467 -0.023393,
        0.808618 -0.755197 -0.023393,
        0.925155 -0.685122 -0.051536,
        0.841352 -0.785767 -0.051536,
        0.955213 -0.707382 -0.088939,
        0.868687 -0.811298 -0.088939,
        0.977830 -0.724130 -0.133728,
        0.889255 -0.830506 -0.133728,
        0.991870 -0.734528 -0.183656,
        0.589458 -0.876775 -0.005922,
        0.486059 -0.938052 -0.005922,
        0.617315 -0.918209 -0.023393,
        0.509030 -0.982382 -0.023393,
        0.642304 -0.955379 -0.051536,
        0.529635 -1.022150 -0.051536,
        0.663172 -0.986420 -0.088939,
        0.546843 -1.055359 -0.088939,
        0.678874 -1.009775 -0.133728,
        0.559791 -1.080347 -0.133728,
        0.688622 -1.024274 -0.183656,
        -0.548941 -0.902695 -0.005922,
        -0.647917 -0.834505 -0.005922,
        -0.574883 -0.945355 -0.023393,
        -0.678536 -0.873942 -0.023393,
        -0.598154 -0.983623 -0.051536,
        -0.706004 -0.909319 -0.051536,
        -0.617589 -1.015581 -0.088939,
        -0.728942 -0.938863 -0.088939,
        -0.632211 -1.039627 -0.133728,
        -0.746201 -0.961093 -0.133728,
        -0.641289 -1.054554 -0.183656,
        -0.819540 -0.666745 -0.005922,
        -0.889965 -0.569347 -0.005922,
        -0.858270 -0.698254 -0.023393,
        -0.932024 -0.596253 -0.023393,
        -0.893013 -0.726520 -0.051536,
        -0.969752 -0.620390 -0.051536,
        -0.922027 -0.750125 -0.088939,
        -1.001260 -0.640546 -0.088939,
        -0.943858 -0.767885 -0.133728,
        -1.024967 -0.655713 -0.133728,
        -0.957410 -0.778911 -0.183656,
        -1.049664 0.119998 -0.005922,
        -1.029242 0.238442 -0.005922,
        -1.099269 0.125669 -0.023393,
        -1.077882 0.249710 -0.023393,
        -1.143769 0.130756 -0.051536,
        -1.121516 0.259819 -0.051536,
        -1.180930 0.135004 -0.088939,
        -1.157954 0.268261 -0.088939,
        -1.208891 0.138200 -0.133728,
        -1.185371 0.274612 -0.133728,
        -1.226248 0.140185 -0.183656,
        -0.948873 0.464580 -0.005922,
        -0.889965 0.569347 -0.005922,
        -0.993715 0.486535 -0.023393,
        -0.932024 0.596253 -0.023393,
        -1.033941 0.506231 -0.051536,
        -0.969752 0.620390 -0.051536,
        -1.067534 0.522678 -0.088939,
        -1.001260 0.640546 -0.088939,
        -1.092810 0.535054 -0.133728,
        -1.024967 0.655713 -0.133728,
        -1.108500 0.542736 -0.183656,
        -0.331048 1.003295 -0.005922,
        -0.214952 1.034403 -0.005922,
        -0.346693 1.050709 -0.023393,
        -0.225110 1.083287 -0.023393,
        -0.360727 1.093243 -0.051536,
        -0.234222 1.127139 -0.051536,
        -0.372447 1.128762 -0.088939,
        -0.241832 1.163761 -0.088939,
        -0.381266 1.155488 -0.133728,
        -0.247558 1.191315 -0.133728,
        -0.386740 1.172078 -0.183656,
        0.024049 1.056227 -0.005922,
        0.143860 1.046661 -0.005922,
        0.025186 1.106143 -0.023393,
        0.150659 1.096124 -0.023393,
        0.026206 1.150920 -0.051536,
        0.156757 1.140496 -0.051536,
        0.027057 1.188314 -0.088939,
        0.161851 1.177551 -0.088939,
        0.027698 1.216449 -0.133728,
        0.165683 1.205431 -0.133728,
        0.028095 1.233915 -0.183656,
        0.376370 0.987188 -0.005922,
        0.486059 0.938052 -0.005922,
        0.394156 1.033841 -0.023393,
        0.509030 0.982382 -0.023393,
        0.410112 1.075691 -0.051536,
        0.529635 1.022150 -0.051536,
        0.423437 1.110641 -0.088939,
        0.546843 1.055359 -0.088939,
        0.433462 1.136937 -0.133728,
        0.559791 1.080347 -0.133728,
        0.439686 1.153261 -0.183656,
        0.996629 -0.738052 -0.236220,
        0.957136 -0.785483 -0.236220,
        0.804344 -0.943939 -0.236220,
        0.800503 -0.939431 -0.183656,
        0.789172 -0.926134 -0.133728,
        0.770919 -0.904713 -0.088939,
        0.746659 -0.876244 -0.051536,
        0.717610 -0.842153 -0.023393,
        0.685228 -0.804150 -0.005922,
        0.691926 -1.029189 -0.236220,
        0.654007 -1.051660 -0.236220,
        0.441796 -1.158796 -0.236220,
        0.439686 -1.153261 -0.183656,
        0.433462 -1.136937 -0.133728,
        0.423437 -1.110641 -0.088939,
        0.410112 -1.075691 -0.051536,
        0.394156 -1.033841 -0.023393,
        0.376370 -0.987188 -0.005922,
        0.261809 -1.023548 -0.005922,
        0.274182 -1.071919 -0.023393,
        0.285281 -1.115311 -0.051536,
        0.294550 -1.151548 -0.088939,
        0.301524 -1.178813 -0.133728,
        0.165683 -1.205431 -0.133728,
        0.161851 -1.177551 -0.088939,
        0.156757 -1.140496 -0.051536,
        0.150659 -1.096124 -0.023393,
        0.143860 -1.046661 -0.005922,
        0.028230 -1.239836 -0.236220,
        0.028095 -1.233915 -0.183656,
        0.027698 -1.216449 -0.133728,
        0.027057 -1.188314 -0.088939,
        0.026206 -1.150920 -0.051536,
        0.025186 -1.106143 -0.023393,
        0.024049 -1.056227 -0.005922,
        -0.096073 -1.052124 -0.005922,
        -0.100613 -1.101845 -0.023393,
        -0.104686 -1.146448 -0.051536,
        -0.108087 -1.183697 -0.088939,
        -0.110646 -1.211723 -0.133728,
        -0.247558 -1.191315 -0.133728,
        -0.241832 -1.163761 -0.088939,
        -0.234222 -1.127139 -0.051536,
        -0.225110 -1.083287 -0.023393,
        -0.214952 -1.034403 -0.005922,
        -0.381266 -1.155488 -0.133728,
        -0.372447 -1.128762 -0.088939,
        -0.360727 -1.093243 -0.051536,
        -0.346693 -1.050709 -0.023393,
        -0.331048 -1.003295 -0.005922,
        -0.519845 -1.125945 -0.236220,
        -0.517362 -1.120568 -0.183656,
        -0.510039 -1.104706 -0.133728,
        -0.498242 -1.079155 -0.088939,
        -0.482564 -1.045196 -0.051536,
        -0.463789 -1.004532 -0.023393,
        -0.442861 -0.959202 -0.005922,
        -0.644366 -1.059615 -0.236220,
        -0.687927 -1.029603 -0.236220,
        -0.866885 -0.886848 -0.236220,
        -0.862746 -0.882613 -0.183656,
        -0.850533 -0.870120 -0.133728,
        -0.830861 -0.849994 -0.088939,
        -0.804716 -0.823247 -0.051536,
        -0.773408 -0.791218 -0.023393,
        -0.738507 -0.755514 -0.005922,
        -0.962004 -0.782648 -0.236220,
        -0.982663 -0.754078 -0.236220,
        -1.113820 -0.545340 -0.236220,
        -1.108500 -0.542736 -0.183656,
        -1.092810 -0.535054 -0.133728,
        -1.067534 -0.522678 -0.088939,
        -1.033941 -0.506231 -0.051536,
        -0.993715 -0.486535 -0.023393,
        -0.948873 -0.464580 -0.005922,
        -0.995500 -0.353801 -0.005922,
        -1.042545 -0.370520 -0.023393,
        -1.084748 -0.385519 -0.051536,
        -1.119992 -0.398045 -0.088939,
        -1.146509 -0.407470 -0.133728,
        -1.185371 -0.274612 -0.133728,
        -1.157954 -0.268261 -0.088939,
        -1.121516 -0.259819 -0.051536,
        -1.077882 -0.249710 -0.023393,
        -1.029242 -0.238442 -0.005922,
        -1.232132 -0.140857 -0.236220,
        -1.226248 -0.140185 -0.183656,
        -1.208891 -0.138200 -0.133728,
        -1.180930 -0.135004 -0.088939,
        -1.143769 -0.130756 -0.051536,
        -1.099269 -0.125669 -0.023393,
        -1.049664 -0.119998 -0.005922,
        -1.056501 0.000000 -0.005922,
        -1.106429 0.000000 -0.023393,
        -1.151218 0.000000 -0.051536,
        -1.188622 0.000000 -0.088939,
        -1.216764 0.000000 -0.133728,
        -1.234235 0.000000 -0.183656,
        -1.240157 0.000000 -0.236220,
        -1.232132 0.140857 -0.236220,
        -1.221645 0.201680 -0.236220,
        -1.168552 0.415304 -0.236220,
        -1.162971 0.413320 -0.183656,
        -1.146509 0.407470 -0.133728,
        -1.119992 0.398045 -0.088939,
        -1.084748 0.385519 -0.051536,
        -1.042545 0.370520 -0.023393,
        -0.995500 0.353801 -0.005922,
        -1.113820 0.545340 -0.236220,
        -1.092217 0.583761 -0.236220,
        -0.962004 0.782648 -0.236220,
        -0.957410 0.778911 -0.183656,
        -0.943858 0.767885 -0.133728,
        -0.922027 0.750125 -0.088939,
        -0.893013 0.726520 -0.051536,
        -0.858270 0.698254 -0.023393,
        -0.819540 0.666745 -0.005922,
        -0.738507 0.755514 -0.005922,
        -0.773408 0.791218 -0.023393,
        -0.804716 0.823247 -0.051536,
        -0.830861 0.849994 -0.088939,
        -0.850533 0.870120 -0.133728,
        -0.746201 0.961093 -0.133728,
        -0.728942 0.938863 -0.088939,
        -0.706004 0.909319 -0.051536,
        -0.678536 0.873942 -0.023393,
        -0.647917 0.834505 -0.005922,
        -0.644366 1.059615 -0.236220,
        -0.641289 1.054554 -0.183656,
        -0.632211 1.039627 -0.133728,
        -0.617589 1.015581 -0.088939,
        -0.598154 0.983623 -0.051536,
        -0.574883 0.945355 -0.023393,
        -0.548941 0.902695 -0.005922,
        -0.442861 0.959202 -0.005922,
        -0.463789 1.004532 -0.023393,
        -0.482564 1.045196 -0.051536,
        -0.498242 1.079155 -0.088939,
        -0.510039 1.104706 -0.133728,
        -0.388596 1.177703 -0.236220,
        -0.320457 1.195961 -0.236220,
        -0.112774 1.235019 -0.236220,
        -0.112235 1.229121 -0.183656,
        -0.110646 1.211723 -0.133728,
        -0.108087 1.183697 -0.088939,
        -0.104686 1.146448 -0.051536,
        -0.100613 1.101845 -0.023393,
        -0.096073 1.052124 -0.005922,
        0.028230 1.239836 -0.236220,
        0.080960 1.235626 -0.236220,
        0.307321 1.201476 -0.236220,
        0.305853 1.195738 -0.183656,
        0.301524 1.178813 -0.133728,
        0.294550 1.151548 -0.088939,
        0.285281 1.115311 -0.051536,
        0.274182 1.071919 -0.023393,
        0.261809 1.023548 -0.005922,
        0.441796 1.158796 -0.236220,
        0.473972 1.144382 -0.236220,
        0.691926 1.029189 -0.236220,
        0.688622 1.024274 -0.183656,
        0.678874 1.009775 -0.133728,
        0.663172 0.986420 -0.088939,
        0.642304 0.955379 -0.051536,
        0.617315 0.918209 -0.023393,
        0.589458 0.876775 -0.005922,
        0.685228 0.804150 -0.005922,
        0.717610 0.842153 -0.023393,
        0.746659 0.876244 -0.051536,
        0.770919 0.904713 -0.088939,
        0.789172 0.926134 -0.133728,
        0.889255 0.830506 -0.133728,
        0.868687 0.811298 -0.088939,
        0.841352 0.785767 -0.051536,
        0.808618 0.755197 -0.023393,
        0.772129 0.721118 -0.005922,
        0.996629 0.738052 -0.236220,
        0.991870 0.734528 -0.183656,
        0.977830 0.724130 -0.133728,
        0.955213 0.707382 -0.088939,
        0.925155 0.685122 -0.051536,
        0.889161 0.658467 -0.023393,
        0.849037 0.628753 -0.005922,
        1.019742 -0.705774 -3.530530,
        0.958655 -0.786748 -3.530530,
        0.891154 -0.862459 -3.530530,
        0.817693 -0.932400 -3.530530,
        0.738761 -0.996104 -3.530530,
        0.654887 -1.053144 -3.530530,
        0.566633 -1.103140 -3.530530,
        0.474588 -1.145756 -3.530530,
        0.379368 -1.180707 -3.530530,
        0.281610 -1.207761 -3.530530,
        0.181969 -1.226735 -3.530530,
        0.081110 -1.237502 -3.530530,
        -0.020291 -1.239991 -3.530530,
        -0.121557 -1.234186 -3.530530,
        -0.222009 -1.220124 -3.530530,
        -0.320976 -1.197900 -3.530530,
        -0.417796 -1.167663 -3.530530,
        -0.511822 -1.129615 -3.530530,
        -0.602423 -1.084010 -3.530530,
        -0.688994 -1.031153 -3.530530,
        -0.770957 -0.971399 -3.530530,
        -0.847762 -0.905146 -3.530530,
        -0.918896 -0.832839 -3.530530,
        -0.983883 -0.754960 -3.530530,
        -1.042289 -0.672031 -3.530530,
        -1.093721 -0.584606 -3.530530,
        -1.137838 -0.493271 -3.530530,
        -1.174343 -0.398635 -3.530530,
        -1.202991 -0.301334 -3.530530,
        -1.223593 -0.202016 -3.530530,
        -1.236009 -0.101347 -3.530530,
        -1.240157 0.000000 -3.530530,
        -1.236009 0.101347 -3.530530,
        -1.223593 0.202016 -3.530530,
        -1.202991 0.301334 -3.530530,
        -1.174343 0.398635 -3.530530,
        -1.137838 0.493271 -3.530530,
        -1.093721 0.584606 -3.530530,
        -1.042289 0.672031 -3.530530,
        -0.983883 0.754960 -3.530530,
        -0.918896 0.832839 -3.530530,
        -0.847762 0.905146 -3.530530,
        -0.770957 0.971399 -3.530530,
        -0.688994 1.031153 -3.530530,
        -0.602423 1.084010 -3.530530,
        -0.511822 1.129615 -3.530530,
        -0.417796 1.167663 -3.530530,
        -0.320976 1.197900 -3.530530,
        -0.222009 1.220124 -3.530530,
        -0.121557 1.234186 -3.530530,
        -0.020291 1.239991 -3.530530,
        0.081110 1.237502 -3.530530,
        0.181969 1.226735 -3.530530,
        0.281610 1.207761 -3.530530,
        0.379368 1.180707 -3.530530,
        0.474588 1.145756 -3.530530,
        0.566633 1.103140 -3.530530,
        0.654887 1.053144 -3.530530,
        0.738761 0.996104 -3.530530,
        1.019742 0.705774 -3.530530,
        0.958655 0.786748 -3.530530,
        0.891154 0.862459 -3.530530,
        0.817693 0.932400 -3.530530,
        0.409469 1.125008 -3.666346,
        0.365717 1.138106 -3.666346,
        0.373426 1.162214 -3.624335,
        -0.537306 -1.069865 -3.666346,
        -0.493372 -1.088815 -3.666346,
        -0.503805 -1.111922 -3.624335,
        1.015707 -0.702981 -3.578428,
        0.960309 -0.714923 -3.666346,
        0.983013 -0.680402 -3.666346,
        1.003770 -0.694719 -3.624335,
        0.923957 -0.758245 -3.666346,
        0.943639 -0.774425 -3.624335,
        0.870818 -0.821574 -3.666346,
        0.877196 -0.848950 -3.624335,
        0.859750 -0.832016 -3.666346,
        0.804885 -0.917796 -3.624335,
        0.788528 -0.899211 -3.666346,
        0.537306 -1.069865 -3.666346,
        0.546717 -1.064431 -3.666346,
        0.557757 -1.085861 -3.624335,
        0.631515 -1.015473 -3.666346,
        0.644630 -1.036649 -3.624335,
        0.657877 -1.000253 -3.666346,
        0.727190 -0.980502 -3.624335,
        0.711968 -0.959984 -3.666346,
        0.769551 -0.917115 -3.666346,
        0.457400 -1.104333 -3.666346,
        0.467154 -1.127810 -3.624335,
        0.409469 -1.125008 -3.666346,
        0.373426 -1.162214 -3.624335,
        0.365717 -1.138106 -3.666346,
        0.276095 -1.164937 -3.666346,
        0.277200 -1.188844 -3.624335,
        0.271815 -1.165692 -3.666346,
        0.179119 -1.207520 -3.624335,
        0.175393 -1.182694 -3.666346,
        -0.138987 -1.189113 -3.666346,
        -0.117285 -1.190377 -3.666346,
        -0.119653 -1.214855 -3.624335,
        -0.019531 -1.196071 -3.666346,
        -0.019973 -1.220570 -3.624335,
        -0.000000 -1.197208 -3.666346,
        0.079840 -1.218119 -3.624335,
        0.078185 -1.192654 -3.666346,
        0.138987 -1.189113 -3.666346,
        -0.213972 -1.175891 -3.666346,
        -0.218532 -1.201013 -3.624335,
        -0.276095 -1.164937 -3.666346,
        -0.315949 -1.179137 -3.624335,
        -0.309425 -1.154959 -3.666346,
        -0.411252 -1.149374 -3.624335,
        -0.403224 -1.126878 -3.666346,
        -0.409469 -1.125008 -3.666346,
        -0.580628 -1.044853 -3.666346,
        -0.592987 -1.067031 -3.624335,
        -0.657877 -1.000253 -3.666346,
        -0.678203 -1.015002 -3.624335,
        -0.664850 -0.995062 -3.666346,
        -0.758881 -0.956184 -3.624335,
        -0.743389 -0.936591 -3.666346,
        -0.960309 -0.714923 -3.666346,
        -0.949130 -0.728245 -3.666346,
        -0.968472 -0.743135 -3.624335,
        -0.886189 -0.803255 -3.666346,
        -0.904504 -0.819794 -3.624335,
        -0.870818 -0.821574 -3.666346,
        -0.834483 -0.890969 -3.624335,
        -0.817018 -0.872332 -3.666346,
        -0.769551 -0.917115 -3.666346,
        -1.004541 -0.647671 -3.666346,
        -1.025963 -0.661505 -3.624335,
        -1.036813 -0.598604 -3.666346,
        -1.076590 -0.575450 -3.624335,
        -1.054380 -0.563625 -3.666346,
        -1.120016 -0.485544 -3.624335,
        -1.098321 -0.476132 -3.666346,
        -1.155949 -0.392392 -3.624335,
        -1.132037 -0.384235 -3.666346,
        -1.099296 -0.474190 -3.666346,
        -1.195183 -0.069611 -3.666346,
        -1.191902 -0.097685 -3.666346,
        -1.216650 -0.099759 -3.624335,
        -1.180534 -0.194940 -3.666346,
        -1.204428 -0.198852 -3.624335,
        -1.179020 -0.207893 -3.666346,
        -1.184149 -0.296614 -3.624335,
        -1.159453 -0.290453 -3.666346,
        -1.146913 -0.343363 -3.666346,
        -1.195183 0.000000 -3.666346,
        -1.220733 0.000000 -3.624335,
        -1.195183 0.069611 -3.666346,
        -1.216650 0.099759 -3.624335,
        -1.191902 0.097685 -3.666346,
        -1.204428 0.198852 -3.624335,
        -1.180534 0.194940 -3.666346,
        -1.155949 0.392392 -3.624335,
        -1.146913 0.343363 -3.666346,
        -1.184149 0.296614 -3.624335,
        -1.159453 0.290453 -3.666346,
        -1.179020 0.207893 -3.666346,
        -1.036813 0.598604 -3.666346,
        -1.054380 0.563625 -3.666346,
        -1.076590 0.575450 -3.624335,
        -1.098321 0.476132 -3.666346,
        -1.120016 0.485544 -3.624335,
        -1.099296 0.474190 -3.666346,
        -1.132037 0.384235 -3.666346,
        -1.004541 0.647671 -3.666346,
        -1.025963 0.661505 -3.624335,
        -0.960309 0.714923 -3.666346,
        -0.968472 0.743135 -3.624335,
        -0.949130 0.728245 -3.666346,
        -0.904504 0.819794 -3.624335,
        -0.886189 0.803255 -3.666346,
        -0.657877 1.000253 -3.666346,
        -0.664850 0.995062 -3.666346,
        -0.678203 1.015002 -3.624335,
        -0.743389 0.936591 -3.666346,
        -0.758881 0.956184 -3.624335,
        -0.769551 0.917115 -3.666346,
        -0.834483 0.890969 -3.624335,
        -0.817018 0.872332 -3.666346,
        -0.870818 0.821574 -3.666346,
        -0.580628 1.044853 -3.666346,
        -0.592987 1.067031 -3.624335,
        -0.537306 1.069865 -3.666346,
        -0.503805 1.111922 -3.624335,
        -0.493372 1.088815 -3.666346,
        -0.409469 1.125008 -3.666346,
        -0.411252 1.149374 -3.624335,
        -0.403224 1.126878 -3.666346,
        -0.315949 1.179137 -3.624335,
        -0.309425 1.154959 -3.666346,
        -0.000000 1.197208 -3.666346,
        -0.019531 1.196071 -3.666346,
        -0.019973 1.220570 -3.624335,
        -0.117285 1.190377 -3.666346,
        -0.119653 1.214855 -3.624335,
        -0.138987 1.189113 -3.666346,
        -0.218532 1.201013 -3.624335,
        -0.213972 1.175891 -3.666346,
        -0.276095 1.164937 -3.666346,
        0.078185 1.192654 -3.666346,
        0.079840 1.218119 -3.624335,
        0.138987 1.189113 -3.666346,
        0.179119 1.207520 -3.624335,
        0.175393 1.182694 -3.666346,
        0.277200 1.188844 -3.624335,
        0.271815 1.165692 -3.666346,
        0.276095 1.164937 -3.666346,
        0.457400 1.104333 -3.666346,
        0.467154 1.127810 -3.624335,
        0.537306 1.069865 -3.666346,
        0.557757 1.085861 -3.624335,
        0.546717 1.064431 -3.666346,
        0.644630 1.036649 -3.624335,
        0.631515 1.015473 -3.666346,
        0.870818 0.821574 -3.666346,
        0.859750 0.832016 -3.666346,
        0.877196 0.848950 -3.624335,
        0.788528 0.899211 -3.666346,
        0.804885 0.917796 -3.624335,
        0.769551 0.917115 -3.666346,
        0.727190 0.980502 -3.624335,
        0.711968 0.959984 -3.666346,
        0.657877 1.000253 -3.666346,
        0.954861 -0.783635 -3.578428,
        0.887628 -0.859046 -3.578428,
        0.814457 -0.928710 -3.578428,
        0.735838 -0.992162 -3.578428,
        0.652296 -1.048977 -3.578428,
        0.564391 -1.098775 -3.578428,
        0.472710 -1.141222 -3.578428,
        0.377867 -1.176036 -3.578428,
        0.280496 -1.202982 -3.578428,
        0.181249 -1.221881 -3.578428,
        0.080789 -1.232606 -3.578428,
        -0.020211 -1.235085 -3.578428,
        -0.121076 -1.229302 -3.578428,
        -0.221131 -1.215296 -3.578428,
        -0.319706 -1.193160 -3.578428,
        -0.416143 -1.163043 -3.578428,
        -0.509796 -1.125145 -3.578428,
        -0.600039 -1.079720 -3.578428,
        -0.686269 -1.027073 -3.578428,
        -0.767906 -0.967555 -3.578428,
        -0.844407 -0.901565 -3.578428,
        -0.915260 -0.829543 -3.578428,
        -0.979990 -0.751973 -3.578428,
        -1.038164 -0.669372 -3.578428,
        -1.089394 -0.582293 -3.578428,
        -1.133335 -0.491319 -3.578428,
        -1.169696 -0.397058 -3.578428,
        -1.198231 -0.300141 -3.578428,
        -1.218752 -0.201217 -3.578428,
        -1.231119 -0.100946 -3.578428,
        -1.235250 0.000000 -3.578428,
        -1.231119 0.100946 -3.578428,
        -1.218752 0.201217 -3.578428,
        -1.198231 0.300141 -3.578428,
        -1.169696 0.397058 -3.578428,
        -1.133335 0.491319 -3.578428,
        -1.089394 0.582293 -3.578428,
        -1.038164 0.669372 -3.578428,
        -0.979990 0.751973 -3.578428,
        -0.915260 0.829543 -3.578428,
        -0.844407 0.901565 -3.578428,
        -0.767906 0.967555 -3.578428,
        -0.686269 1.027073 -3.578428,
        -0.600039 1.079720 -3.578428,
        -0.509796 1.125145 -3.578428,
        -0.416143 1.163043 -3.578428,
        -0.319706 1.193160 -3.578428,
        -0.221131 1.215296 -3.578428,
        -0.121076 1.229302 -3.578428,
        -0.020211 1.235085 -3.578428,
        0.080789 1.232606 -3.578428,
        0.181249 1.221881 -3.578428,
        0.280496 1.202982 -3.578428,
        0.377867 1.176036 -3.578428,
        0.472710 1.141222 -3.578428,
        0.564391 1.098775 -3.578428,
        0.652296 1.048977 -3.578428,
        0.735838 0.992162 -3.578428,
        0.814457 0.928710 -3.578428,
        0.887628 0.859046 -3.578428,
        0.954861 0.783635 -3.578428,
        1.015707 0.702981 -3.578428,
        0.943639 0.774425 -3.624335,
        1.003770 0.694719 -3.624335,
        0.923957 0.758245 -3.666346,
        0.960309 0.714923 -3.666346,
        0.983013 0.680402 -3.666346,
        0.789374 0.900109 -3.892709,
        0.769059 0.916505 -3.892709,
        0.754995 0.899768 -3.850259,
        0.547009 1.064936 -3.892709,
        0.537140 1.069506 -3.892709,
        0.527143 1.049628 -3.850259,
        -0.117347 1.191443 -3.892709,
        -0.138891 1.188428 -3.892709,
        -0.136359 1.166622 -3.850259,
        -0.403327 1.127224 -3.892709,
        -0.409376 1.124777 -3.892709,
        -0.401724 1.103729 -3.850259,
        -0.949809 0.728814 -3.892709,
        -0.959830 0.714586 -3.892709,
        -0.942145 0.701401 -3.850259,
        -1.098432 0.476188 -3.892709,
        -1.099215 0.474159 -3.892709,
        -1.078503 0.465221 -3.850259,
        -1.181218 -0.195020 -3.892709,
        -1.178567 -0.207799 -3.892709,
        -1.156719 -0.203961 -3.850259,
        -1.133672 -0.384830 -3.892709,
        -1.099215 -0.474159 -3.892709,
        -1.078503 -0.465221 -3.850259,
        -1.006192 -0.648757 -3.892709,
        -0.959830 -0.714586 -3.892709,
        -0.942145 -0.701401 -3.850259,
        -0.665133 -0.995443 -3.892709,
        -0.657707 -0.999976 -3.892709,
        -0.645433 -0.981333 -3.850259,
        -0.019589 -1.197048 -3.892709,
        -0.000016 -1.196568 -3.892709,
        -0.000000 -1.174564 -3.850259,
        0.271857 -1.165934 -3.892709,
        0.276050 -1.164773 -3.892709,
        0.270873 -1.142903 -3.850259,
        -1.078503 0.465221 -3.708796,
        -1.017202 0.587282 -3.708796,
        -1.007094 0.581446 -3.755472,
        -1.078503 -0.465221 -3.708796,
        -1.125220 -0.336869 -3.708796,
        -1.114039 -0.333521 -3.755472,
        0.270873 -1.142903 -3.708796,
        0.136359 -1.166622 -3.708796,
        0.135004 -1.155030 -3.755472,
        0.854347 0.806035 -3.708796,
        0.270873 1.142903 -3.708796,
        -0.000000 1.174564 -3.708796,
        -0.645433 0.981333 -3.708796,
        -1.125220 0.336869 -3.708796,
        -1.156719 0.203961 -3.708796,
        -1.017202 -0.587282 -3.708796,
        -0.854347 -0.806035 -3.708796,
        -0.754995 -0.899768 -3.708796,
        -0.645433 -0.981333 -3.708796,
        -0.527143 -1.049628 -3.708796,
        -0.401724 -1.103729 -3.708796,
        -0.136359 -1.166622 -3.708796,
        0.401724 -1.103729 -3.708796,
        0.527143 -1.049628 -3.708796,
        0.754995 -0.899768 -3.708796,
        0.942145 -0.701401 -3.708796,
        0.854347 -0.806035 -3.708796,
        0.645433 -0.981333 -3.708796,
        -0.000000 -1.174564 -3.708796,
        -0.270873 -1.142903 -3.708796,
        -0.942145 -0.701401 -3.708796,
        -1.156719 -0.203961 -3.708796,
        -1.172576 0.068295 -3.708796,
        -0.942145 0.701401 -3.708796,
        -0.754995 0.899768 -3.708796,
        -0.527143 1.049628 -3.708796,
        -0.401724 1.103729 -3.708796,
        -0.270873 1.142903 -3.708796,
        -0.136359 1.166622 -3.708796,
        0.136359 1.166622 -3.708796,
        0.401724 1.103729 -3.708796,
        0.527143 1.049628 -3.708796,
        0.645433 0.981333 -3.708796,
        0.754995 0.899768 -3.708796,
        0.942145 0.701401 -3.708796,
        -0.000000 -1.162893 -3.803583,
        -0.000000 -1.162893 -3.755472,
        -1.145226 -0.201934 -3.803583,
        -1.145226 -0.201934 -3.755472,
        -0.932783 0.694431 -3.803583,
        -0.932783 0.694431 -3.755472,
        -0.136359 -1.166622 -3.850259,
        -0.135004 -1.155030 -3.803583,
        -0.135004 -1.155030 -3.755472,
        -1.172576 -0.068295 -3.850259,
        -1.160925 -0.067616 -3.803583,
        -1.160925 -0.067616 -3.755472,
        -1.172576 -0.068295 -3.708796,
        -0.854347 0.806035 -3.850259,
        -0.845857 0.798025 -3.803583,
        -0.845857 0.798025 -3.755472,
        -0.854347 0.806035 -3.708796,
        0.136359 -1.166622 -3.850259,
        0.135004 -1.155030 -3.803583,
        -0.854347 -0.806035 -3.850259,
        -0.754995 -0.899768 -3.850259,
        -0.747493 -0.890828 -3.803583,
        -1.007094 -0.581446 -3.755472,
        -1.067787 -0.460598 -3.755472,
        -1.067787 -0.460598 -3.803583,
        -1.114039 -0.333521 -3.803583,
        -1.125220 -0.336869 -3.850259,
        -1.017202 0.587282 -3.850259,
        -1.007094 0.581446 -3.803583,
        0.925454 -0.759501 -3.892709,
        0.959528 -0.714335 -3.892709,
        0.942145 -0.701401 -3.850259,
        0.984426 -0.681331 -3.892709,
        0.932783 -0.694431 -3.755472,
        0.932783 -0.694431 -3.803583,
        0.845857 -0.798025 -3.755472,
        0.845857 -0.798025 -3.803583,
        0.854347 -0.806035 -3.850259,
        0.870425 -0.821224 -3.892709,
        0.769059 -0.916505 -3.892709,
        0.789374 -0.900109 -3.892709,
        0.754995 -0.899768 -3.850259,
        0.860292 -0.832590 -3.892709,
        0.747493 -0.890828 -3.755472,
        0.747493 -0.890828 -3.803583,
        0.632207 -1.016672 -3.892709,
        0.657394 -0.999543 -3.892709,
        0.645433 -0.981333 -3.850259,
        0.713176 -0.961607 -3.892709,
        0.639020 -0.971583 -3.755472,
        0.639020 -0.971583 -3.803583,
        0.527143 -1.049628 -3.850259,
        0.537140 -1.069506 -3.892709,
        0.547009 -1.064936 -3.892709,
        0.521905 -1.039199 -3.755472,
        0.521905 -1.039199 -3.803583,
        0.366230 -1.139817 -3.892709,
        0.409126 -1.124072 -3.892709,
        0.401724 -1.103729 -3.850259,
        0.458152 -1.106076 -3.892709,
        0.397733 -1.092762 -3.755472,
        0.397733 -1.092762 -3.803583,
        0.268181 -1.131547 -3.755472,
        0.268181 -1.131547 -3.803583,
        0.138887 -1.188177 -3.892709,
        0.175667 -1.184250 -3.892709,
        0.078301 -1.194645 -3.892709,
        -0.138891 -1.188428 -3.892709,
        -0.117347 -1.191443 -3.892709,
        -0.309860 -1.156415 -3.892709,
        -0.275894 -1.164042 -3.892709,
        -0.270873 -1.142903 -3.850259,
        -0.214320 -1.177869 -3.892709,
        -0.268181 -1.131547 -3.755472,
        -0.268181 -1.131547 -3.803583,
        -0.401724 -1.103729 -3.850259,
        -0.409376 -1.124777 -3.892709,
        -0.403327 -1.127224 -3.892709,
        -0.397733 -1.092762 -3.755472,
        -0.397733 -1.092762 -3.803583,
        -0.581560 -1.046468 -3.892709,
        -0.536856 -1.068970 -3.892709,
        -0.527143 -1.049628 -3.850259,
        -0.494096 -1.090494 -3.892709,
        -0.521905 -1.039199 -3.755472,
        -0.521905 -1.039199 -3.803583,
        -0.639020 -0.971583 -3.755472,
        -0.639020 -0.971583 -3.803583,
        -0.768969 -0.916441 -3.892709,
        -0.744257 -0.937757 -3.892709,
        -0.949809 -0.728814 -3.892709,
        -0.887073 -0.803996 -3.892709,
        -0.870290 -0.821056 -3.892709,
        -0.818402 -0.873799 -3.892709,
        -0.845857 -0.798025 -3.803583,
        -0.747493 -0.890828 -3.755472,
        -0.845857 -0.798025 -3.755472,
        -0.932783 -0.694431 -3.803583,
        -1.017202 -0.587282 -3.850259,
        -1.098432 -0.476188 -3.892709,
        -1.055843 -0.564360 -3.892709,
        -1.035984 -0.598117 -3.892709,
        -1.007094 -0.581446 -3.803583,
        -0.932783 -0.694431 -3.755472,
        -1.145964 -0.343084 -3.892709,
        -1.161330 -0.290898 -3.892709,
        -1.194361 -0.069578 -3.892709,
        -1.193204 -0.097837 -3.892709,
        -1.193204 0.097837 -3.892709,
        -1.194361 0.069578 -3.892709,
        -1.172576 0.068295 -3.850259,
        -1.197208 0.000000 -3.892709,
        -1.160925 0.067616 -3.755472,
        -1.160925 0.067616 -3.803583,
        -1.156719 0.203961 -3.850259,
        -1.178567 0.207799 -3.892709,
        -1.181218 0.195020 -3.892709,
        -1.145226 0.201934 -3.755472,
        -1.145226 0.201934 -3.803583,
        -1.133672 0.384830 -3.892709,
        -1.145964 0.343084 -3.892709,
        -1.125220 0.336869 -3.850259,
        -1.161330 0.290898 -3.892709,
        -1.114039 0.333521 -3.755472,
        -1.114039 0.333521 -3.803583,
        -1.067787 0.460598 -3.755472,
        -1.067787 0.460598 -3.803583,
        -1.035984 0.598117 -3.892709,
        -1.055843 0.564360 -3.892709,
        -1.006192 0.648757 -3.892709,
        -0.870290 0.821056 -3.892709,
        -0.887073 0.803996 -3.892709,
        -0.744257 0.937757 -3.892709,
        -0.768969 0.916441 -3.892709,
        -0.754995 0.899768 -3.850259,
        -0.818402 0.873799 -3.892709,
        -0.747493 0.890828 -3.755472,
        -0.747493 0.890828 -3.803583,
        -0.645433 0.981333 -3.850259,
        -0.657707 0.999976 -3.892709,
        -0.665133 0.995443 -3.892709,
        -0.639020 0.971583 -3.755472,
        -0.639020 0.971583 -3.803583,
        -0.494096 1.090494 -3.892709,
        -0.536856 1.068970 -3.892709,
        -0.527143 1.049628 -3.850259,
        -0.581560 1.046468 -3.892709,
        -0.521905 1.039199 -3.755472,
        -0.521905 1.039199 -3.803583,
        -0.397733 1.092762 -3.755472,
        -0.397733 1.092762 -3.803583,
        -0.214320 1.177869 -3.892709,
        -0.275894 1.164042 -3.892709,
        -0.270873 1.142903 -3.850259,
        -0.309860 1.156415 -3.892709,
        -0.268181 1.131547 -3.755472,
        -0.268181 1.131547 -3.803583,
        -0.135004 1.155030 -3.755472,
        -0.135004 1.155030 -3.803583,
        -0.000000 1.174564 -3.850259,
        -0.000016 1.196568 -3.892709,
        -0.019589 1.197048 -3.892709,
        -0.000000 1.162893 -3.755472,
        -0.000000 1.162893 -3.803583,
        0.175667 1.184250 -3.892709,
        0.138887 1.188177 -3.892709,
        0.136359 1.166622 -3.850259,
        0.078301 1.194645 -3.892709,
        0.135004 1.155030 -3.755472,
        0.135004 1.155030 -3.803583,
        0.270873 1.142903 -3.850259,
        0.276050 1.164773 -3.892709,
        0.271857 1.165934 -3.892709,
        0.268181 1.131547 -3.755472,
        0.268181 1.131547 -3.803583,
        0.458152 1.106076 -3.892709,
        0.409126 1.124072 -3.892709,
        0.401724 1.103729 -3.850259,
        0.366230 1.139817 -3.892709,
        0.397733 1.092762 -3.755472,
        0.397733 1.092762 -3.803583,
        0.521905 1.039199 -3.755472,
        0.521905 1.039199 -3.803583,
        0.713176 0.961607 -3.892709,
        0.657394 0.999543 -3.892709,
        0.645433 0.981333 -3.850259,
        0.632207 1.016672 -3.892709,
        0.639020 0.971583 -3.755472,
        0.639020 0.971583 -3.803583,
        0.747493 0.890828 -3.755472,
        0.747493 0.890828 -3.803583,
        0.854347 0.806035 -3.850259,
        0.870425 0.821224 -3.892709,
        0.860292 0.832590 -3.892709,
        0.845857 0.798025 -3.755472,
        0.845857 0.798025 -3.803583,
        0.984426 0.681331 -3.892709,
        0.959528 0.714335 -3.892709,
        0.942145 0.701401 -3.850259,
        0.925454 0.759501 -3.892709,
        0.932783 0.694431 -3.755472,
        0.932783 0.694431 -3.803583,
        1.015707 -0.702981 -3.980628,
        1.003770 -0.694719 -3.934719,
        0.943639 -0.774425 -3.934719,
        0.877196 -0.848950 -3.934719,
        0.804885 -0.917796 -3.934719,
        0.727190 -0.980502 -3.934719,
        0.644630 -1.036649 -3.934719,
        0.557757 -1.085861 -3.934719,
        0.467154 -1.127810 -3.934719,
        0.373426 -1.162214 -3.934719,
        0.277200 -1.188844 -3.934719,
        0.179119 -1.207520 -3.934719,
        0.079840 -1.218119 -3.934719,
        -0.019973 -1.220570 -3.934719,
        -0.119653 -1.214855 -3.934719,
        -0.218532 -1.201013 -3.934719,
        -0.315949 -1.179137 -3.934719,
        -0.411252 -1.149374 -3.934719,
        -0.503805 -1.111922 -3.934719,
        -0.592987 -1.067031 -3.934719,
        -0.678203 -1.015002 -3.934719,
        -0.758881 -0.956184 -3.934719,
        -0.834483 -0.890969 -3.934719,
        -0.904504 -0.819794 -3.934719,
        -0.968472 -0.743135 -3.934719,
        -1.025963 -0.661505 -3.934719,
        -1.076590 -0.575450 -3.934719,
        -1.120016 -0.485544 -3.934719,
        -1.155949 -0.392392 -3.934719,
        -1.184149 -0.296614 -3.934719,
        -1.204428 -0.198852 -3.934719,
        -1.216650 -0.099759 -3.934719,
        -1.220733 0.000000 -3.934719,
        -1.216650 0.099759 -3.934719,
        -1.204428 0.198852 -3.934719,
        -1.184149 0.296614 -3.934719,
        -1.155949 0.392392 -3.934719,
        -1.120016 0.485544 -3.934719,
        -1.076590 0.575450 -3.934719,
        -1.025963 0.661505 -3.934719,
        -0.968472 0.743135 -3.934719,
        -0.904504 0.819794 -3.934719,
        -0.834483 0.890969 -3.934719,
        -0.758881 0.956184 -3.934719,
        -0.678203 1.015002 -3.934719,
        -0.592987 1.067031 -3.934719,
        -0.503805 1.111922 -3.934719,
        -0.411252 1.149374 -3.934719,
        -0.315949 1.179137 -3.934719,
        -0.218532 1.201013 -3.934719,
        -0.119653 1.214855 -3.934719,
        -0.019973 1.220570 -3.934719,
        0.079840 1.218119 -3.934719,
        0.179119 1.207520 -3.934719,
        0.277200 1.188844 -3.934719,
        0.373426 1.162214 -3.934719,
        0.467154 1.127810 -3.934719,
        0.557757 1.085861 -3.934719,
        0.644630 1.036649 -3.934719,
        0.727190 0.980502 -3.934719,
        0.804885 0.917796 -3.934719,
        0.877196 0.848950 -3.934719,
        0.943639 0.774425 -3.934719,
        1.003770 0.694719 -3.934719,
        0.954861 -0.783635 -3.980628,
        0.887628 -0.859046 -3.980628,
        0.814457 -0.928710 -3.980628,
        0.735838 -0.992162 -3.980628,
        0.652296 -1.048977 -3.980628,
        0.564391 -1.098775 -3.980628,
        0.472710 -1.141222 -3.980628,
        0.377867 -1.176036 -3.980628,
        0.280496 -1.202982 -3.980628,
        0.181249 -1.221881 -3.980628,
        0.080789 -1.232606 -3.980628,
        -0.020211 -1.235085 -3.980628,
        -0.121076 -1.229302 -3.980628,
        -0.221131 -1.215296 -3.980628,
        -0.319706 -1.193160 -3.980628,
        -0.416143 -1.163043 -3.980628,
        -0.509796 -1.125145 -3.980628,
        -0.600039 -1.079720 -3.980628,
        -0.686269 -1.027073 -3.980628,
        -0.767906 -0.967555 -3.980628,
        -0.844407 -0.901565 -3.980628,
        -0.915260 -0.829543 -3.980628,
        -0.979990 -0.751973 -3.980628,
        -1.038164 -0.669372 -3.980628,
        -1.089394 -0.582293 -3.980628,
        -1.133335 -0.491319 -3.980628,
        -1.169696 -0.397058 -3.980628,
        -1.198231 -0.300141 -3.980628,
        -1.218752 -0.201217 -3.980628,
        -1.231119 -0.100946 -3.980628,
        -1.235250 0.000000 -3.980628,
        -1.231119 0.100946 -3.980628,
        -1.218752 0.201217 -3.980628,
        -1.198231 0.300141 -3.980628,
        -1.169696 0.397058 -3.980628,
        -1.133335 0.491319 -3.980628,
        -1.089394 0.582293 -3.980628,
        -1.038164 0.669372 -3.980628,
        -0.979990 0.751973 -3.980628,
        -0.915260 0.829543 -3.980628,
        -0.844407 0.901565 -3.980628,
        -0.767906 0.967555 -3.980628,
        -0.686269 1.027073 -3.980628,
        -0.600039 1.079720 -3.980628,
        -0.509796 1.125145 -3.980628,
        -0.416143 1.163043 -3.980628,
        -0.319706 1.193160 -3.980628,
        -0.221131 1.215296 -3.980628,
        -0.121076 1.229302 -3.980628,
        -0.020211 1.235085 -3.980628,
        0.080789 1.232606 -3.980628,
        0.181249 1.221881 -3.980628,
        0.280496 1.202982 -3.980628,
        0.377867 1.176036 -3.980628,
        0.472710 1.141222 -3.980628,
        0.564391 1.098775 -3.980628,
        0.652296 1.048977 -3.980628,
        0.735838 0.992162 -3.980628,
        0.814457 0.928710 -3.980628,
        0.887628 0.859046 -3.980628,
        0.954861 0.783635 -3.980628,
        1.015707 0.702981 -3.980628,
        1.019742 -0.705774 -4.028526,
        0.958655 -0.786748 -4.028526,
        0.891154 -0.862459 -4.028526,
        0.817693 -0.932400 -4.028526,
        0.738761 -0.996104 -4.028526,
        0.654887 -1.053144 -4.028526,
        0.566633 -1.103140 -4.028526,
        0.474588 -1.145756 -4.028526,
        0.379368 -1.180707 -4.028526,
        0.281610 -1.207761 -4.028526,
        0.181969 -1.226735 -4.028526,
        0.081110 -1.237502 -4.028526,
        -0.020291 -1.239991 -4.028526,
        -0.121557 -1.234186 -4.028526,
        -0.222009 -1.220124 -4.028526,
        -0.320976 -1.197900 -4.028526,
        -0.417796 -1.167663 -4.028526,
        -0.511822 -1.129615 -4.028526,
        -0.602423 -1.084010 -4.028526,
        -0.688994 -1.031153 -4.028526,
        -0.770957 -0.971399 -4.028526,
        -0.847762 -0.905146 -4.028526,
        -0.918896 -0.832839 -4.028526,
        -0.983883 -0.754960 -4.028526,
        -1.042289 -0.672031 -4.028526,
        -1.093721 -0.584606 -4.028526,
        -1.137838 -0.493271 -4.028526,
        -1.174343 -0.398635 -4.028526,
        -1.202991 -0.301334 -4.028526,
        -1.223593 -0.202016 -4.028526,
        -1.236009 -0.101347 -4.028526,
        -1.240157 0.000000 -4.028526,
        -1.236009 0.101347 -4.028526,
        -1.223593 0.202016 -4.028526,
        -1.202991 0.301334 -4.028526,
        -1.174343 0.398635 -4.028526,
        -1.137838 0.493271 -4.028526,
        -1.093721 0.584606 -4.028526,
        -1.042289 0.672031 -4.028526,
        -0.983883 0.754960 -4.028526,
        -0.918896 0.832839 -4.028526,
        -0.847762 0.905146 -4.028526,
        -0.770957 0.971399 -4.028526,
        -0.688994 1.031153 -4.028526,
        -0.602423 1.084010 -4.028526,
        -0.511822 1.129615 -4.028526,
        -0.417796 1.167663 -4.028526,
        -0.320976 1.197900 -4.028526,
        -0.222009 1.220124 -4.028526,
        -0.121557 1.234186 -4.028526,
        -0.020291 1.239991 -4.028526,
        0.081110 1.237502 -4.028526,
        0.181969 1.226735 -4.028526,
        0.281610 1.207761 -4.028526,
        0.379368 1.180707 -4.028526,
        0.474588 1.145756 -4.028526,
        0.566633 1.103140 -4.028526,
        0.654887 1.053144 -4.028526,
        0.738761 0.996104 -4.028526,
        0.817693 0.932400 -4.028526,
        0.891154 0.862459 -4.028526,
        0.958655 0.786748 -4.028526,
        1.019742 0.705774 -4.028526,
        0.691926 -1.029189 -4.173228,
        0.804344 -0.943939 -4.173228,
        0.817086 -0.931765 -4.173228,
        0.906352 -0.846474 -4.173228,
        0.957136 -0.785483 -4.173228,
        0.996629 -0.738052 -4.173228,
        0.307321 -1.201476 -4.173228,
        0.441796 -1.158796 -4.173228,
        0.473972 -1.144382 -4.173228,
        0.570553 -1.101118 -4.173228,
        0.654007 -1.051660 -4.173228,
        -0.112774 -1.235019 -4.173228,
        0.028230 -1.239836 -4.173228,
        0.080960 -1.235626 -4.173228,
        0.168868 -1.228607 -4.173228,
        0.281375 -1.206560 -4.173228,
        -0.519845 -1.125945 -4.173228,
        -0.511649 -1.129177 -4.173228,
        -0.388596 -1.177703 -4.173228,
        -0.320457 -1.195961 -4.173228,
        -0.252317 -1.214219 -4.173228,
        -0.121487 -1.233720 -4.173228,
        -0.962004 -0.782648 -4.173228,
        -0.866885 -0.886848 -4.173228,
        -0.846958 -0.904224 -4.173228,
        -0.760547 -0.979570 -4.173228,
        -0.687927 -1.029603 -4.173228,
        -0.644366 -1.059615 -4.173228,
        -1.168552 -0.415304 -4.173228,
        -1.113820 -0.545340 -4.173228,
        -1.092217 -0.583761 -4.173228,
        -1.044672 -0.668319 -4.173228,
        -0.982663 -0.754078 -4.173228,
        -1.113820 0.545340 -4.173228,
        -1.168552 0.415304 -4.173228,
        -1.173500 0.398389 -4.173228,
        -1.208160 0.279892 -4.173228,
        -1.221645 0.201680 -4.173228,
        -1.232132 0.140857 -4.173228,
        -1.240157 0.000000 -4.173228,
        -1.232132 -0.140857 -4.173228,
        -1.221645 -0.201680 -4.173228,
        -1.208160 -0.279892 -4.173228,
        -1.173500 -0.398389 -4.173228,
        -0.866885 0.886848 -4.173228,
        -0.962004 0.782648 -4.173228,
        -0.982663 0.754078 -4.173228,
        -1.044672 0.668319 -4.173228,
        -1.092217 0.583761 -4.173228,
        -0.519845 1.125945 -4.173228,
        -0.644366 1.059615 -4.173228,
        -0.687927 1.029603 -4.173228,
        -0.760547 0.979570 -4.173228,
        -0.846958 0.904224 -4.173228,
        -0.112774 1.235019 -4.173228,
        -0.121487 1.233720 -4.173228,
        -0.252317 1.214219 -4.173228,
        -0.320457 1.195961 -4.173228,
        -0.388596 1.177703 -4.173228,
        -0.511649 1.129177 -4.173228,
        0.441796 1.158796 -4.173228,
        0.307321 1.201476 -4.173228,
        0.281375 1.206560 -4.173228,
        0.168868 1.228607 -4.173228,
        0.080960 1.235626 -4.173228,
        0.028230 1.239836 -4.173228,
        0.804344 0.943939 -4.173228,
        0.691926 1.029189 -4.173228,
        0.654007 1.051660 -4.173228,
        0.570553 1.101118 -4.173228,
        0.473972 1.144382 -4.173228,
        0.996629 0.738052 -4.173228,
        0.957136 0.785483 -4.173228,
        0.906352 0.846474 -4.173228,
        0.817086 0.931765 -4.173228,
        0.855928 -0.633856 -4.401400,
        0.901712 -0.667761 -4.377802,
        0.941028 -0.696877 -4.340261,
        0.971196 -0.719218 -4.291339,
        0.990161 -0.733262 -4.234367,
        0.900469 -0.840980 -4.234367,
        0.799123 -0.937813 -4.234367,
        0.687435 -1.022509 -4.234367,
        0.566850 -1.093971 -4.234367,
        0.438928 -1.151274 -4.234367,
        0.305326 -1.193678 -4.234367,
        0.167772 -1.220633 -4.234367,
        0.028047 -1.231789 -4.234367,
        -0.112042 -1.227004 -4.234367,
        -0.250680 -1.206338 -4.234367,
        -0.386074 -1.170059 -4.234367,
        -0.516471 -1.118637 -4.234367,
        -0.640184 -1.052737 -4.234367,
        -0.755611 -0.973213 -4.234367,
        -0.861259 -0.881093 -4.234367,
        -0.955761 -0.777569 -4.234367,
        -1.037892 -0.663981 -4.234367,
        -1.106591 -0.541801 -4.234367,
        -1.160968 -0.412608 -4.234367,
        -1.200319 -0.278075 -4.234367,
        -1.224135 -0.139943 -4.234367,
        -1.232109 0.000000 -4.234367,
        -1.224135 0.139943 -4.234367,
        -1.200319 0.278075 -4.234367,
        -1.160968 0.412608 -4.234367,
        -1.106591 0.541801 -4.234367,
        -1.037892 0.663981 -4.234367,
        -0.955761 0.777569 -4.234367,
        -0.861259 0.881093 -4.234367,
        -0.755611 0.973213 -4.234367,
        -0.640184 1.052737 -4.234367,
        -0.516471 1.118637 -4.234367,
        -0.386074 1.170059 -4.234367,
        -0.250680 1.206338 -4.234367,
        -0.112042 1.227004 -4.234367,
        0.028047 1.231789 -4.234367,
        0.167772 1.220633 -4.234367,
        0.305326 1.193678 -4.234367,
        0.438928 1.151274 -4.234367,
        0.566850 1.093971 -4.234367,
        0.687435 1.022509 -4.234367,
        0.799123 0.937813 -4.234367,
        0.900469 0.840980 -4.234367,
        0.990161 0.733262 -4.234367,
        0.883222 -0.824872 -4.291339,
        0.783818 -0.919851 -4.291339,
        0.674269 -1.002924 -4.291339,
        0.555993 -1.073018 -4.291339,
        0.430522 -1.129224 -4.291339,
        0.299478 -1.170815 -4.291339,
        0.164559 -1.197254 -4.291339,
        0.027509 -1.208197 -4.291339,
        -0.109896 -1.203503 -4.291339,
        -0.245879 -1.183233 -4.291339,
        -0.378679 -1.147649 -4.291339,
        -0.506579 -1.097212 -4.291339,
        -0.627922 -1.032574 -4.291339,
        -0.741139 -0.954573 -4.291339,
        -0.844763 -0.864217 -4.291339,
        -0.937455 -0.762676 -4.291339,
        -1.018013 -0.651264 -4.291339,
        -1.085396 -0.531424 -4.291339,
        -1.138732 -0.404706 -4.291339,
        -1.177329 -0.272749 -4.291339,
        -1.200689 -0.137263 -4.291339,
        -1.208510 0.000000 -4.291339,
        -1.200689 0.137263 -4.291339,
        -1.177329 0.272749 -4.291339,
        -1.138732 0.404706 -4.291339,
        -1.085396 0.531424 -4.291339,
        -1.018013 0.651264 -4.291339,
        -0.937455 0.762676 -4.291339,
        -0.844763 0.864217 -4.291339,
        -0.741139 0.954573 -4.291339,
        -0.627922 1.032574 -4.291339,
        -0.506579 1.097212 -4.291339,
        -0.378679 1.147649 -4.291339,
        -0.245879 1.183233 -4.291339,
        -0.109896 1.203503 -4.291339,
        0.027509 1.208197 -4.291339,
        0.164559 1.197254 -4.291339,
        0.299478 1.170815 -4.291339,
        0.430522 1.129224 -4.291339,
        0.555993 1.073018 -4.291339,
        0.674269 1.002924 -4.291339,
        0.783818 0.919851 -4.291339,
        0.883222 0.824872 -4.291339,
        0.971196 0.719218 -4.291339,
        0.855787 -0.799249 -4.340261,
        0.759470 -0.891278 -4.340261,
        0.653324 -0.971771 -4.340261,
        0.538722 -1.039687 -4.340261,
        0.417148 -1.094147 -4.340261,
        0.290176 -1.134446 -4.340261,
        0.159447 -1.160064 -4.340261,
        0.026655 -1.170667 -4.340261,
        -0.106482 -1.166119 -4.340261,
        -0.238241 -1.146478 -4.340261,
        -0.366917 -1.112000 -4.340261,
        -0.490843 -1.063129 -4.340261,
        -0.608417 -1.000500 -4.340261,
        -0.718117 -0.924921 -4.340261,
        -0.818522 -0.837372 -4.340261,
        -0.908335 -0.738985 -4.340261,
        -0.986391 -0.631034 -4.340261,
        -1.051681 -0.514916 -4.340261,
        -1.103359 -0.392134 -4.340261,
        -1.140758 -0.264277 -4.340261,
        -1.163393 -0.132999 -4.340261,
        -1.170970 0.000000 -4.340261,
        -1.163393 0.132999 -4.340261,
        -1.140758 0.264277 -4.340261,
        -1.103359 0.392134 -4.340261,
        -1.051681 0.514916 -4.340261,
        -0.986391 0.631034 -4.340261,
        -0.908335 0.738985 -4.340261,
        -0.818522 0.837372 -4.340261,
        -0.718117 0.924921 -4.340261,
        -0.608417 1.000500 -4.340261,
        -0.490843 1.063129 -4.340261,
        -0.366917 1.112000 -4.340261,
        -0.238241 1.146478 -4.340261,
        -0.106482 1.166119 -4.340261,
        0.026655 1.170667 -4.340261,
        0.159447 1.160064 -4.340261,
        0.290176 1.134446 -4.340261,
        0.417148 1.094147 -4.340261,
        0.538722 1.039687 -4.340261,
        0.653324 0.971771 -4.340261,
        0.759470 0.891278 -4.340261,
        0.855787 0.799249 -4.340261,
        0.941028 0.696877 -4.340261,
        0.820032 -0.765857 -4.377802,
        0.727740 -0.854040 -4.377802,
        0.626028 -0.931170 -4.377802,
        0.516215 -0.996249 -4.377802,
        0.399720 -1.048434 -4.377802,
        0.278052 -1.087050 -4.377802,
        0.152785 -1.111596 -4.377802,
        0.025541 -1.121757 -4.377802,
        -0.102033 -1.117398 -4.377802,
        -0.228287 -1.098579 -4.377802,
        -0.351587 -1.065541 -4.377802,
        -0.470336 -1.018712 -4.377802,
        -0.582998 -0.958699 -4.377802,
        -0.688114 -0.886278 -4.377802,
        -0.784325 -0.802387 -4.377802,
        -0.870385 -0.708111 -4.377802,
        -0.945180 -0.604670 -4.377802,
        -1.007742 -0.493403 -4.377802,
        -1.057261 -0.375751 -4.377802,
        -1.093098 -0.253235 -4.377802,
        -1.114786 -0.127443 -4.377802,
        -1.122047 0.000000 -4.377802,
        -1.114786 0.127443 -4.377802,
        -1.093098 0.253235 -4.377802,
        -1.057261 0.375751 -4.377802,
        -1.007742 0.493403 -4.377802,
        -0.945180 0.604670 -4.377802,
        -0.870385 0.708111 -4.377802,
        -0.784325 0.802387 -4.377802,
        -0.688114 0.886278 -4.377802,
        -0.582998 0.958699 -4.377802,
        -0.470336 1.018712 -4.377802,
        -0.351587 1.065541 -4.377802,
        -0.228287 1.098579 -4.377802,
        -0.102033 1.117398 -4.377802,
        0.025541 1.121757 -4.377802,
        0.152785 1.111596 -4.377802,
        0.278052 1.087050 -4.377802,
        0.399720 1.048434 -4.377802,
        0.516215 0.996249 -4.377802,
        0.626028 0.931170 -4.377802,
        0.727740 0.854040 -4.377802,
        0.820032 0.765857 -4.377802,
        0.901712 0.667761 -4.377802,
        0.778395 -0.726970 -4.401400,
        0.690789 -0.810676 -4.401400,
        0.594242 -0.883891 -4.401400,
        0.490004 -0.945665 -4.401400,
        0.379424 -0.995200 -4.401400,
        0.263934 -1.031855 -4.401400,
        0.145028 -1.055155 -4.401400,
        0.024244 -1.064800 -4.401400,
        -0.096852 -1.060663 -4.401400,
        -0.216696 -1.042798 -4.401400,
        -0.333735 -1.011438 -4.401400,
        -0.446455 -0.966987 -4.401400,
        -0.553396 -0.910021 -4.401400,
        -0.653175 -0.841277 -4.401400,
        -0.744501 -0.761646 -4.401400,
        -0.826191 -0.672156 -4.401400,
        -0.897188 -0.573968 -4.401400,
        -0.956574 -0.468351 -4.401400,
        -1.003579 -0.356672 -4.401400,
        -1.037596 -0.240377 -4.401400,
        -1.058183 -0.120972 -4.401400,
        -1.065075 0.000000 -4.401400,
        -1.058183 0.120972 -4.401400,
        -1.037596 0.240377 -4.401400,
        -1.003579 0.356672 -4.401400,
        -0.956574 0.468351 -4.401400,
        -0.897188 0.573968 -4.401400,
        -0.826191 0.672156 -4.401400,
        -0.744501 0.761646 -4.401400,
        -0.653175 0.841277 -4.401400,
        -0.553396 0.910021 -4.401400,
        -0.446455 0.966987 -4.401400,
        -0.333735 1.011438 -4.401400,
        -0.216696 1.042798 -4.401400,
        -0.096852 1.060663 -4.401400,
        0.024244 1.064800 -4.401400,
        0.145028 1.055155 -4.401400,
        0.263934 1.031855 -4.401400,
        0.379424 0.995200 -4.401400,
        0.490004 0.945665 -4.401400,
        0.594242 0.883891 -4.401400,
        0.690789 0.810676 -4.401400,
        0.778395 0.726970 -4.401400,
        0.855928 0.633856 -4.401400,
        0.806795 -0.597471 -4.409449,
        0.733713 -0.685240 -4.409449,
        0.651135 -0.764141 -4.409449,
        0.560131 -0.833153 -4.409449,
        0.461876 -0.891381 -4.409449,
        0.357644 -0.938072 -4.409449,
        0.248783 -0.972624 -4.409449,
        0.136703 -0.994586 -4.409449,
        0.022853 -1.003677 -4.409449,
        -0.091293 -0.999778 -4.409449,
        -0.204257 -0.982939 -4.409449,
        -0.314578 -0.953378 -4.409449,
        -0.420827 -0.911479 -4.409449,
        -0.521630 -0.857783 -4.409449,
        -0.615681 -0.792986 -4.409449,
        -0.701765 -0.717925 -4.409449,
        -0.778765 -0.633572 -4.409449,
        -0.845687 -0.541020 -4.409449,
        -0.901664 -0.441466 -4.409449,
        -0.945971 -0.336198 -4.409449,
        -0.978035 -0.226579 -4.409449,
        -0.997441 -0.114027 -4.409449,
        -1.003937 0.000000 -4.409449,
        -0.997441 0.114027 -4.409449,
        -0.978035 0.226579 -4.409449,
        -0.945971 0.336198 -4.409449,
        -0.901664 0.441466 -4.409449,
        -0.845687 0.541020 -4.409449,
        -0.778765 0.633572 -4.409449,
        -0.701765 0.717925 -4.409449,
        -0.615681 0.792986 -4.409449,
        -0.521630 0.857783 -4.409449,
        -0.420827 0.911479 -4.409449,
        -0.314578 0.953378 -4.409449,
        -0.204257 0.982939 -4.409449,
        -0.091293 0.999778 -4.409449,
        0.022853 1.003677 -4.409449,
        0.136703 0.994586 -4.409449,
        0.248783 0.972624 -4.409449,
        0.357644 0.938072 -4.409449,
        0.461876 0.891381 -4.409449,
        0.560131 0.833153 -4.409449,
        0.651135 0.764141 -4.409449,
        0.733713 0.685240 -4.409449,
        0.806795 0.597471 -4.409449,
      ]
    }
    coordIndex [
      95, 112, 96, -1,
      96, 112, 113, -1,
      96, 113, 97, -1,
      94, 114, 95, -1,
      95, 114, 115, -1,
      95, 115, 112, -1,
      89, 88, 116, -1,
      33, 32, 117, -1,
      117, 32, 110, -1,
      92, 118, 93, -1,
      93, 118, 119, -1,
      93, 119, 94, -1,
      94, 119, 120, -1,
      94, 120, 114, -1,
      116, 88, 121, -1,
      121, 88, 87, -1,
      121, 87, 122, -1,
      109, 123, 111, -1,
      111, 123, 124, -1,
      111, 124, 110, -1,
      110, 124, 125, -1,
      110, 125, 117, -1,
      101, 126, 102, -1,
      102, 126, 127, -1,
      102, 127, 103, -1,
      100, 128, 101, -1,
      101, 128, 129, -1,
      101, 129, 126, -1,
      98, 130, 99, -1,
      99, 130, 131, -1,
      99, 131, 100, -1,
      100, 131, 132, -1,
      100, 132, 128, -1,
      91, 133, 92, -1,
      92, 133, 134, -1,
      92, 134, 118, -1,
      122, 87, 135, -1,
      135, 87, 86, -1,
      135, 86, 136, -1,
      136, 86, 137, -1,
      137, 86, 85, -1,
      137, 85, 138, -1,
      138, 85, 7, -1,
      138, 7, 8, -1,
      113, 139, 97, -1,
      97, 139, 140, -1,
      97, 140, 98, -1,
      98, 140, 141, -1,
      98, 141, 130, -1,
      116, 142, 89, -1,
      89, 142, 143, -1,
      89, 143, 90, -1,
      90, 143, 144, -1,
      90, 144, 91, -1,
      91, 144, 145, -1,
      91, 145, 133, -1,
      106, 105, 146, -1,
      127, 147, 103, -1,
      103, 147, 148, -1,
      103, 148, 104, -1,
      104, 148, 149, -1,
      104, 149, 105, -1,
      105, 149, 150, -1,
      105, 150, 146, -1,
      108, 151, 109, -1,
      109, 151, 152, -1,
      109, 152, 123, -1,
      146, 153, 106, -1,
      106, 153, 154, -1,
      106, 154, 107, -1,
      107, 154, 155, -1,
      107, 155, 108, -1,
      108, 155, 156, -1,
      108, 156, 151, -1,
      157, 158, 159, -1,
      160, 161, 162, -1,
      163, 164, 165, -1,
      166, 167, 168, -1,
      169, 170, 171, -1,
      172, 173, 174, -1,
      175, 176, 177, -1,
      178, 179, 180, -1,
      181, 182, 183, -1,
      184, 185, 186, -1,
      187, 188, 189, -1,
      190, 191, 192, -1,
      193, 194, 195, -1,
      196, 197, 198, -1,
      199, 200, 201, -1,
      202, 203, 204, -1,
      205, 206, 207, -1,
      208, 209, 210, -1,
      211, 212, 213, -1,
      214, 215, 216, -1,
      217, 218, 219, -1,
      117, 125, 220, -1,
      220, 125, 221, -1,
      220, 221, 222, -1,
      222, 221, 223, -1,
      222, 223, 224, -1,
      224, 223, 225, -1,
      224, 225, 226, -1,
      226, 225, 227, -1,
      226, 227, 228, -1,
      228, 227, 229, -1,
      228, 229, 230, -1,
      230, 229, 219, -1,
      123, 152, 231, -1,
      231, 152, 232, -1,
      231, 232, 233, -1,
      233, 232, 234, -1,
      233, 234, 235, -1,
      235, 234, 236, -1,
      235, 236, 237, -1,
      237, 236, 238, -1,
      237, 238, 239, -1,
      239, 238, 240, -1,
      239, 240, 241, -1,
      241, 240, 216, -1,
      148, 147, 242, -1,
      242, 147, 243, -1,
      242, 243, 244, -1,
      244, 243, 245, -1,
      244, 245, 246, -1,
      246, 245, 247, -1,
      246, 247, 248, -1,
      248, 247, 249, -1,
      248, 249, 250, -1,
      250, 249, 251, -1,
      250, 251, 252, -1,
      252, 251, 198, -1,
      126, 129, 253, -1,
      253, 129, 254, -1,
      253, 254, 255, -1,
      255, 254, 256, -1,
      255, 256, 257, -1,
      257, 256, 258, -1,
      257, 258, 259, -1,
      259, 258, 260, -1,
      259, 260, 261, -1,
      261, 260, 262, -1,
      261, 262, 263, -1,
      263, 262, 195, -1,
      140, 139, 264, -1,
      264, 139, 265, -1,
      264, 265, 266, -1,
      266, 265, 267, -1,
      266, 267, 268, -1,
      268, 267, 269, -1,
      268, 269, 270, -1,
      270, 269, 271, -1,
      270, 271, 272, -1,
      272, 271, 273, -1,
      272, 273, 274, -1,
      274, 273, 186, -1,
      112, 115, 275, -1,
      275, 115, 276, -1,
      275, 276, 277, -1,
      277, 276, 278, -1,
      277, 278, 279, -1,
      279, 278, 280, -1,
      279, 280, 281, -1,
      281, 280, 282, -1,
      281, 282, 283, -1,
      283, 282, 284, -1,
      283, 284, 285, -1,
      285, 284, 183, -1,
      133, 145, 286, -1,
      286, 145, 287, -1,
      286, 287, 288, -1,
      288, 287, 289, -1,
      288, 289, 290, -1,
      290, 289, 291, -1,
      290, 291, 292, -1,
      292, 291, 293, -1,
      292, 293, 294, -1,
      294, 293, 295, -1,
      294, 295, 296, -1,
      296, 295, 171, -1,
      143, 142, 297, -1,
      297, 142, 298, -1,
      297, 298, 299, -1,
      299, 298, 300, -1,
      299, 300, 301, -1,
      301, 300, 302, -1,
      301, 302, 303, -1,
      303, 302, 304, -1,
      303, 304, 305, -1,
      305, 304, 306, -1,
      305, 306, 307, -1,
      307, 306, 168, -1,
      121, 122, 308, -1,
      308, 122, 309, -1,
      308, 309, 310, -1,
      310, 309, 311, -1,
      310, 311, 312, -1,
      312, 311, 313, -1,
      312, 313, 314, -1,
      314, 313, 315, -1,
      314, 315, 316, -1,
      316, 315, 317, -1,
      316, 317, 318, -1,
      318, 317, 165, -1,
      33, 117, 34, -1,
      34, 117, 220, -1,
      34, 220, 35, -1,
      35, 220, 222, -1,
      35, 222, 36, -1,
      36, 222, 224, -1,
      36, 224, 37, -1,
      37, 224, 226, -1,
      37, 226, 38, -1,
      38, 226, 228, -1,
      38, 228, 39, -1,
      39, 228, 230, -1,
      39, 230, 40, -1,
      40, 230, 319, -1,
      219, 218, 230, -1,
      230, 218, 320, -1,
      230, 320, 319, -1,
      321, 217, 322, -1,
      322, 217, 219, -1,
      322, 219, 323, -1,
      323, 219, 229, -1,
      323, 229, 324, -1,
      324, 229, 227, -1,
      324, 227, 325, -1,
      325, 227, 225, -1,
      325, 225, 326, -1,
      326, 225, 223, -1,
      326, 223, 327, -1,
      327, 223, 221, -1,
      327, 221, 124, -1,
      124, 221, 125, -1,
      124, 123, 327, -1,
      327, 123, 231, -1,
      327, 231, 326, -1,
      326, 231, 233, -1,
      326, 233, 325, -1,
      325, 233, 235, -1,
      325, 235, 324, -1,
      324, 235, 237, -1,
      324, 237, 323, -1,
      323, 237, 239, -1,
      323, 239, 322, -1,
      322, 239, 241, -1,
      322, 241, 321, -1,
      321, 241, 328, -1,
      216, 215, 241, -1,
      241, 215, 329, -1,
      241, 329, 328, -1,
      330, 214, 331, -1,
      331, 214, 216, -1,
      331, 216, 332, -1,
      332, 216, 240, -1,
      332, 240, 333, -1,
      333, 240, 238, -1,
      333, 238, 334, -1,
      334, 238, 236, -1,
      334, 236, 335, -1,
      335, 236, 234, -1,
      335, 234, 336, -1,
      336, 234, 232, -1,
      336, 232, 151, -1,
      151, 232, 152, -1,
      151, 156, 336, -1,
      336, 156, 337, -1,
      336, 337, 335, -1,
      335, 337, 338, -1,
      335, 338, 334, -1,
      334, 338, 339, -1,
      334, 339, 333, -1,
      333, 339, 340, -1,
      333, 340, 332, -1,
      332, 340, 341, -1,
      332, 341, 331, -1,
      331, 341, 213, -1,
      331, 213, 330, -1,
      330, 213, 212, -1,
      209, 211, 210, -1,
      210, 211, 213, -1,
      210, 213, 342, -1,
      342, 213, 341, -1,
      342, 341, 343, -1,
      343, 341, 340, -1,
      343, 340, 344, -1,
      344, 340, 339, -1,
      344, 339, 345, -1,
      345, 339, 338, -1,
      345, 338, 346, -1,
      346, 338, 337, -1,
      346, 337, 155, -1,
      155, 337, 156, -1,
      347, 208, 348, -1,
      348, 208, 210, -1,
      348, 210, 349, -1,
      349, 210, 342, -1,
      349, 342, 350, -1,
      350, 342, 343, -1,
      350, 343, 351, -1,
      351, 343, 344, -1,
      351, 344, 352, -1,
      352, 344, 345, -1,
      352, 345, 353, -1,
      353, 345, 346, -1,
      353, 346, 154, -1,
      154, 346, 155, -1,
      154, 153, 353, -1,
      353, 153, 354, -1,
      353, 354, 352, -1,
      352, 354, 355, -1,
      352, 355, 351, -1,
      351, 355, 356, -1,
      351, 356, 350, -1,
      350, 356, 357, -1,
      350, 357, 349, -1,
      349, 357, 358, -1,
      349, 358, 348, -1,
      348, 358, 207, -1,
      348, 207, 347, -1,
      347, 207, 206, -1,
      203, 205, 204, -1,
      204, 205, 207, -1,
      204, 207, 359, -1,
      359, 207, 358, -1,
      359, 358, 360, -1,
      360, 358, 357, -1,
      360, 357, 361, -1,
      361, 357, 356, -1,
      361, 356, 362, -1,
      362, 356, 355, -1,
      362, 355, 363, -1,
      363, 355, 354, -1,
      363, 354, 146, -1,
      146, 354, 153, -1,
      200, 202, 201, -1,
      201, 202, 204, -1,
      201, 204, 364, -1,
      364, 204, 359, -1,
      364, 359, 365, -1,
      365, 359, 360, -1,
      365, 360, 366, -1,
      366, 360, 361, -1,
      366, 361, 367, -1,
      367, 361, 362, -1,
      367, 362, 368, -1,
      368, 362, 363, -1,
      368, 363, 150, -1,
      150, 363, 146, -1,
      369, 199, 370, -1,
      370, 199, 201, -1,
      370, 201, 371, -1,
      371, 201, 364, -1,
      371, 364, 372, -1,
      372, 364, 365, -1,
      372, 365, 373, -1,
      373, 365, 366, -1,
      373, 366, 374, -1,
      374, 366, 367, -1,
      374, 367, 375, -1,
      375, 367, 368, -1,
      375, 368, 149, -1,
      149, 368, 150, -1,
      149, 148, 375, -1,
      375, 148, 242, -1,
      375, 242, 374, -1,
      374, 242, 244, -1,
      374, 244, 373, -1,
      373, 244, 246, -1,
      373, 246, 372, -1,
      372, 246, 248, -1,
      372, 248, 371, -1,
      371, 248, 250, -1,
      371, 250, 370, -1,
      370, 250, 252, -1,
      370, 252, 369, -1,
      369, 252, 376, -1,
      198, 197, 252, -1,
      252, 197, 377, -1,
      252, 377, 376, -1,
      378, 196, 379, -1,
      379, 196, 198, -1,
      379, 198, 380, -1,
      380, 198, 251, -1,
      380, 251, 381, -1,
      381, 251, 249, -1,
      381, 249, 382, -1,
      382, 249, 247, -1,
      382, 247, 383, -1,
      383, 247, 245, -1,
      383, 245, 384, -1,
      384, 245, 243, -1,
      384, 243, 127, -1,
      127, 243, 147, -1,
      127, 126, 384, -1,
      384, 126, 253, -1,
      384, 253, 383, -1,
      383, 253, 255, -1,
      383, 255, 382, -1,
      382, 255, 257, -1,
      382, 257, 381, -1,
      381, 257, 259, -1,
      381, 259, 380, -1,
      380, 259, 261, -1,
      380, 261, 379, -1,
      379, 261, 263, -1,
      379, 263, 378, -1,
      378, 263, 385, -1,
      195, 194, 263, -1,
      263, 194, 386, -1,
      263, 386, 385, -1,
      387, 193, 388, -1,
      388, 193, 195, -1,
      388, 195, 389, -1,
      389, 195, 262, -1,
      389, 262, 390, -1,
      390, 262, 260, -1,
      390, 260, 391, -1,
      391, 260, 258, -1,
      391, 258, 392, -1,
      392, 258, 256, -1,
      392, 256, 393, -1,
      393, 256, 254, -1,
      393, 254, 128, -1,
      128, 254, 129, -1,
      128, 132, 393, -1,
      393, 132, 394, -1,
      393, 394, 392, -1,
      392, 394, 395, -1,
      392, 395, 391, -1,
      391, 395, 396, -1,
      391, 396, 390, -1,
      390, 396, 397, -1,
      390, 397, 389, -1,
      389, 397, 398, -1,
      389, 398, 388, -1,
      388, 398, 192, -1,
      388, 192, 387, -1,
      387, 192, 191, -1,
      188, 190, 189, -1,
      189, 190, 192, -1,
      189, 192, 399, -1,
      399, 192, 398, -1,
      399, 398, 400, -1,
      400, 398, 397, -1,
      400, 397, 401, -1,
      401, 397, 396, -1,
      401, 396, 402, -1,
      402, 396, 395, -1,
      402, 395, 403, -1,
      403, 395, 394, -1,
      403, 394, 131, -1,
      131, 394, 132, -1,
      404, 187, 405, -1,
      405, 187, 189, -1,
      405, 189, 406, -1,
      406, 189, 399, -1,
      406, 399, 407, -1,
      407, 399, 400, -1,
      407, 400, 408, -1,
      408, 400, 401, -1,
      408, 401, 409, -1,
      409, 401, 402, -1,
      409, 402, 410, -1,
      410, 402, 403, -1,
      410, 403, 130, -1,
      130, 403, 131, -1,
      130, 141, 410, -1,
      410, 141, 411, -1,
      410, 411, 409, -1,
      409, 411, 412, -1,
      409, 412, 408, -1,
      408, 412, 413, -1,
      408, 413, 407, -1,
      407, 413, 414, -1,
      407, 414, 406, -1,
      406, 414, 415, -1,
      406, 415, 405, -1,
      405, 415, 416, -1,
      405, 416, 404, -1,
      404, 416, 417, -1,
      141, 140, 411, -1,
      411, 140, 264, -1,
      411, 264, 412, -1,
      412, 264, 266, -1,
      412, 266, 413, -1,
      413, 266, 268, -1,
      413, 268, 414, -1,
      414, 268, 270, -1,
      414, 270, 415, -1,
      415, 270, 272, -1,
      415, 272, 416, -1,
      416, 272, 274, -1,
      416, 274, 417, -1,
      417, 274, 418, -1,
      186, 185, 274, -1,
      274, 185, 419, -1,
      274, 419, 418, -1,
      420, 184, 421, -1,
      421, 184, 186, -1,
      421, 186, 422, -1,
      422, 186, 273, -1,
      422, 273, 423, -1,
      423, 273, 271, -1,
      423, 271, 424, -1,
      424, 271, 269, -1,
      424, 269, 425, -1,
      425, 269, 267, -1,
      425, 267, 426, -1,
      426, 267, 265, -1,
      426, 265, 113, -1,
      113, 265, 139, -1,
      113, 112, 426, -1,
      426, 112, 275, -1,
      426, 275, 425, -1,
      425, 275, 277, -1,
      425, 277, 424, -1,
      424, 277, 279, -1,
      424, 279, 423, -1,
      423, 279, 281, -1,
      423, 281, 422, -1,
      422, 281, 283, -1,
      422, 283, 421, -1,
      421, 283, 285, -1,
      421, 285, 420, -1,
      420, 285, 427, -1,
      183, 182, 285, -1,
      285, 182, 428, -1,
      285, 428, 427, -1,
      429, 181, 430, -1,
      430, 181, 183, -1,
      430, 183, 431, -1,
      431, 183, 284, -1,
      431, 284, 432, -1,
      432, 284, 282, -1,
      432, 282, 433, -1,
      433, 282, 280, -1,
      433, 280, 434, -1,
      434, 280, 278, -1,
      434, 278, 435, -1,
      435, 278, 276, -1,
      435, 276, 114, -1,
      114, 276, 115, -1,
      114, 120, 435, -1,
      435, 120, 436, -1,
      435, 436, 434, -1,
      434, 436, 437, -1,
      434, 437, 433, -1,
      433, 437, 438, -1,
      433, 438, 432, -1,
      432, 438, 439, -1,
      432, 439, 431, -1,
      431, 439, 440, -1,
      431, 440, 430, -1,
      430, 440, 180, -1,
      430, 180, 429, -1,
      429, 180, 179, -1,
      176, 178, 177, -1,
      177, 178, 180, -1,
      177, 180, 441, -1,
      441, 180, 440, -1,
      441, 440, 442, -1,
      442, 440, 439, -1,
      442, 439, 443, -1,
      443, 439, 438, -1,
      443, 438, 444, -1,
      444, 438, 437, -1,
      444, 437, 445, -1,
      445, 437, 436, -1,
      445, 436, 119, -1,
      119, 436, 120, -1,
      446, 175, 447, -1,
      447, 175, 177, -1,
      447, 177, 448, -1,
      448, 177, 441, -1,
      448, 441, 449, -1,
      449, 441, 442, -1,
      449, 442, 450, -1,
      450, 442, 443, -1,
      450, 443, 451, -1,
      451, 443, 444, -1,
      451, 444, 452, -1,
      452, 444, 445, -1,
      452, 445, 118, -1,
      118, 445, 119, -1,
      118, 134, 452, -1,
      452, 134, 453, -1,
      452, 453, 451, -1,
      451, 453, 454, -1,
      451, 454, 450, -1,
      450, 454, 455, -1,
      450, 455, 449, -1,
      449, 455, 456, -1,
      449, 456, 448, -1,
      448, 456, 457, -1,
      448, 457, 447, -1,
      447, 457, 174, -1,
      447, 174, 446, -1,
      446, 174, 173, -1,
      458, 172, 296, -1,
      296, 172, 174, -1,
      296, 174, 294, -1,
      294, 174, 457, -1,
      294, 457, 292, -1,
      292, 457, 456, -1,
      292, 456, 290, -1,
      290, 456, 455, -1,
      290, 455, 288, -1,
      288, 455, 454, -1,
      288, 454, 286, -1,
      286, 454, 453, -1,
      286, 453, 133, -1,
      133, 453, 134, -1,
      171, 170, 296, -1,
      296, 170, 459, -1,
      296, 459, 458, -1,
      460, 169, 461, -1,
      461, 169, 171, -1,
      461, 171, 462, -1,
      462, 171, 295, -1,
      462, 295, 463, -1,
      463, 295, 293, -1,
      463, 293, 464, -1,
      464, 293, 291, -1,
      464, 291, 465, -1,
      465, 291, 289, -1,
      465, 289, 466, -1,
      466, 289, 287, -1,
      466, 287, 144, -1,
      144, 287, 145, -1,
      144, 143, 466, -1,
      466, 143, 297, -1,
      466, 297, 465, -1,
      465, 297, 299, -1,
      465, 299, 464, -1,
      464, 299, 301, -1,
      464, 301, 463, -1,
      463, 301, 303, -1,
      463, 303, 462, -1,
      462, 303, 305, -1,
      462, 305, 461, -1,
      461, 305, 307, -1,
      461, 307, 460, -1,
      460, 307, 467, -1,
      168, 167, 307, -1,
      307, 167, 468, -1,
      307, 468, 467, -1,
      469, 166, 470, -1,
      470, 166, 168, -1,
      470, 168, 471, -1,
      471, 168, 306, -1,
      471, 306, 472, -1,
      472, 306, 304, -1,
      472, 304, 473, -1,
      473, 304, 302, -1,
      473, 302, 474, -1,
      474, 302, 300, -1,
      474, 300, 475, -1,
      475, 300, 298, -1,
      475, 298, 116, -1,
      116, 298, 142, -1,
      116, 121, 475, -1,
      475, 121, 308, -1,
      475, 308, 474, -1,
      474, 308, 310, -1,
      474, 310, 473, -1,
      473, 310, 312, -1,
      473, 312, 472, -1,
      472, 312, 314, -1,
      472, 314, 471, -1,
      471, 314, 316, -1,
      471, 316, 470, -1,
      470, 316, 318, -1,
      470, 318, 469, -1,
      469, 318, 476, -1,
      165, 164, 318, -1,
      318, 164, 477, -1,
      318, 477, 476, -1,
      478, 163, 479, -1,
      479, 163, 165, -1,
      479, 165, 480, -1,
      480, 165, 317, -1,
      480, 317, 481, -1,
      481, 317, 315, -1,
      481, 315, 482, -1,
      482, 315, 313, -1,
      482, 313, 483, -1,
      483, 313, 311, -1,
      483, 311, 484, -1,
      484, 311, 309, -1,
      484, 309, 135, -1,
      135, 309, 122, -1,
      135, 136, 484, -1,
      484, 136, 485, -1,
      484, 485, 483, -1,
      483, 485, 486, -1,
      483, 486, 482, -1,
      482, 486, 487, -1,
      482, 487, 481, -1,
      481, 487, 488, -1,
      481, 488, 480, -1,
      480, 488, 489, -1,
      480, 489, 479, -1,
      479, 489, 162, -1,
      479, 162, 478, -1,
      478, 162, 161, -1,
      158, 160, 159, -1,
      159, 160, 162, -1,
      159, 162, 490, -1,
      490, 162, 489, -1,
      490, 489, 491, -1,
      491, 489, 488, -1,
      491, 488, 492, -1,
      492, 488, 487, -1,
      492, 487, 493, -1,
      493, 487, 486, -1,
      493, 486, 494, -1,
      494, 486, 485, -1,
      494, 485, 137, -1,
      137, 485, 136, -1,
      495, 157, 496, -1,
      496, 157, 159, -1,
      496, 159, 497, -1,
      497, 159, 490, -1,
      497, 490, 498, -1,
      498, 490, 491, -1,
      498, 491, 499, -1,
      499, 491, 492, -1,
      499, 492, 500, -1,
      500, 492, 493, -1,
      500, 493, 501, -1,
      501, 493, 494, -1,
      501, 494, 138, -1,
      138, 494, 137, -1,
      138, 8, 501, -1,
      501, 8, 9, -1,
      501, 9, 500, -1,
      500, 9, 10, -1,
      500, 10, 499, -1,
      499, 10, 11, -1,
      499, 11, 498, -1,
      498, 11, 12, -1,
      498, 12, 497, -1,
      497, 12, 13, -1,
      497, 13, 496, -1,
      496, 13, 14, -1,
      496, 14, 495, -1,
      495, 14, 15, -1,
      57, 40, 502, -1,
      502, 40, 319, -1,
      502, 319, 503, -1,
      503, 319, 320, -1,
      503, 320, 504, -1,
      504, 320, 218, -1,
      504, 218, 505, -1,
      218, 217, 505, -1,
      505, 217, 321, -1,
      505, 321, 506, -1,
      506, 321, 328, -1,
      506, 328, 507, -1,
      507, 328, 329, -1,
      507, 329, 508, -1,
      508, 329, 215, -1,
      508, 215, 509, -1,
      509, 215, 214, -1,
      509, 214, 510, -1,
      214, 330, 510, -1,
      510, 330, 212, -1,
      510, 212, 511, -1,
      511, 212, 211, -1,
      511, 211, 512, -1,
      512, 211, 209, -1,
      512, 209, 513, -1,
      513, 209, 208, -1,
      513, 208, 514, -1,
      208, 347, 514, -1,
      514, 347, 206, -1,
      514, 206, 515, -1,
      515, 206, 205, -1,
      515, 205, 516, -1,
      516, 205, 203, -1,
      516, 203, 517, -1,
      517, 203, 202, -1,
      517, 202, 518, -1,
      518, 202, 200, -1,
      518, 200, 519, -1,
      519, 200, 199, -1,
      519, 199, 520, -1,
      199, 369, 520, -1,
      520, 369, 376, -1,
      520, 376, 521, -1,
      521, 376, 377, -1,
      521, 377, 522, -1,
      522, 377, 197, -1,
      522, 197, 523, -1,
      197, 196, 523, -1,
      523, 196, 378, -1,
      523, 378, 524, -1,
      524, 378, 385, -1,
      524, 385, 525, -1,
      525, 385, 386, -1,
      525, 386, 526, -1,
      526, 386, 194, -1,
      526, 194, 527, -1,
      527, 194, 193, -1,
      527, 193, 528, -1,
      193, 387, 528, -1,
      528, 387, 191, -1,
      528, 191, 529, -1,
      529, 191, 190, -1,
      529, 190, 530, -1,
      530, 190, 188, -1,
      530, 188, 531, -1,
      531, 188, 187, -1,
      531, 187, 532, -1,
      532, 187, 404, -1,
      532, 404, 533, -1,
      533, 404, 417, -1,
      533, 417, 534, -1,
      534, 417, 418, -1,
      534, 418, 535, -1,
      535, 418, 419, -1,
      535, 419, 536, -1,
      536, 419, 185, -1,
      536, 185, 537, -1,
      185, 184, 537, -1,
      537, 184, 420, -1,
      537, 420, 538, -1,
      538, 420, 427, -1,
      538, 427, 539, -1,
      539, 427, 428, -1,
      539, 428, 540, -1,
      540, 428, 182, -1,
      540, 182, 541, -1,
      541, 182, 181, -1,
      541, 181, 542, -1,
      181, 429, 542, -1,
      542, 429, 179, -1,
      542, 179, 543, -1,
      543, 179, 178, -1,
      543, 178, 544, -1,
      544, 178, 176, -1,
      544, 176, 545, -1,
      545, 176, 175, -1,
      545, 175, 546, -1,
      175, 446, 546, -1,
      546, 446, 173, -1,
      546, 173, 547, -1,
      547, 173, 172, -1,
      547, 172, 548, -1,
      548, 172, 458, -1,
      548, 458, 549, -1,
      549, 458, 459, -1,
      549, 459, 550, -1,
      550, 459, 170, -1,
      550, 170, 551, -1,
      551, 170, 169, -1,
      551, 169, 552, -1,
      169, 460, 552, -1,
      552, 460, 467, -1,
      552, 467, 553, -1,
      553, 467, 468, -1,
      553, 468, 554, -1,
      554, 468, 167, -1,
      554, 167, 555, -1,
      167, 166, 555, -1,
      555, 166, 469, -1,
      555, 469, 556, -1,
      556, 469, 476, -1,
      556, 476, 557, -1,
      557, 476, 477, -1,
      557, 477, 558, -1,
      558, 477, 164, -1,
      558, 164, 559, -1,
      559, 164, 163, -1,
      559, 163, 560, -1,
      15, 16, 495, -1,
      495, 16, 561, -1,
      495, 561, 157, -1,
      157, 561, 562, -1,
      157, 562, 158, -1,
      158, 562, 563, -1,
      158, 563, 160, -1,
      160, 563, 564, -1,
      160, 564, 161, -1,
      161, 564, 560, -1,
      161, 560, 478, -1,
      478, 560, 163, -1,
      565, 566, 567, -1,
      568, 569, 570, -1,
      55, 56, 571, -1,
      56, 57, 502, -1,
      572, 573, 574, -1,
      574, 573, 54, -1,
      574, 54, 55, -1,
      572, 574, 575, -1,
      575, 574, 576, -1,
      575, 576, 577, -1,
      577, 576, 578, -1,
      577, 578, 579, -1,
      579, 578, 580, -1,
      579, 580, 581, -1,
      582, 583, 584, -1,
      584, 583, 585, -1,
      584, 585, 586, -1,
      586, 585, 587, -1,
      586, 587, 588, -1,
      588, 587, 589, -1,
      588, 589, 580, -1,
      580, 589, 590, -1,
      580, 590, 581, -1,
      582, 584, 591, -1,
      591, 584, 592, -1,
      591, 592, 593, -1,
      593, 592, 594, -1,
      593, 594, 595, -1,
      595, 594, 596, -1,
      596, 594, 597, -1,
      596, 597, 598, -1,
      598, 597, 599, -1,
      598, 599, 600, -1,
      601, 602, 603, -1,
      603, 602, 604, -1,
      603, 604, 605, -1,
      605, 604, 606, -1,
      605, 606, 607, -1,
      607, 606, 608, -1,
      607, 608, 599, -1,
      599, 608, 609, -1,
      599, 609, 600, -1,
      601, 603, 610, -1,
      610, 603, 611, -1,
      610, 611, 612, -1,
      612, 611, 613, -1,
      612, 613, 614, -1,
      614, 613, 615, -1,
      614, 615, 616, -1,
      570, 569, 615, -1,
      615, 569, 617, -1,
      615, 617, 616, -1,
      568, 570, 618, -1,
      618, 570, 619, -1,
      618, 619, 620, -1,
      620, 619, 621, -1,
      620, 621, 622, -1,
      622, 621, 623, -1,
      622, 623, 624, -1,
      625, 626, 627, -1,
      627, 626, 628, -1,
      627, 628, 629, -1,
      629, 628, 630, -1,
      629, 630, 631, -1,
      631, 630, 632, -1,
      631, 632, 623, -1,
      623, 632, 633, -1,
      623, 633, 624, -1,
      625, 627, 634, -1,
      634, 627, 635, -1,
      634, 635, 636, -1,
      636, 635, 637, -1,
      636, 637, 638, -1,
      638, 637, 639, -1,
      638, 639, 640, -1,
      641, 642, 639, -1,
      639, 642, 643, -1,
      639, 643, 640, -1,
      644, 645, 646, -1,
      646, 645, 647, -1,
      646, 647, 648, -1,
      648, 647, 649, -1,
      648, 649, 650, -1,
      650, 649, 651, -1,
      650, 651, 641, -1,
      641, 651, 652, -1,
      641, 652, 642, -1,
      644, 646, 653, -1,
      653, 646, 654, -1,
      653, 654, 655, -1,
      655, 654, 656, -1,
      655, 656, 657, -1,
      657, 656, 658, -1,
      657, 658, 659, -1,
      660, 661, 662, -1,
      662, 661, 663, -1,
      662, 663, 658, -1,
      658, 663, 664, -1,
      658, 664, 659, -1,
      665, 666, 667, -1,
      667, 666, 668, -1,
      667, 668, 669, -1,
      669, 668, 670, -1,
      669, 670, 660, -1,
      660, 670, 671, -1,
      660, 671, 661, -1,
      665, 667, 672, -1,
      672, 667, 673, -1,
      672, 673, 674, -1,
      674, 673, 675, -1,
      674, 675, 676, -1,
      676, 675, 677, -1,
      676, 677, 678, -1,
      679, 680, 681, -1,
      681, 680, 682, -1,
      681, 682, 683, -1,
      683, 682, 684, -1,
      683, 684, 685, -1,
      685, 684, 686, -1,
      685, 686, 677, -1,
      677, 686, 687, -1,
      677, 687, 678, -1,
      679, 681, 688, -1,
      688, 681, 689, -1,
      688, 689, 690, -1,
      690, 689, 691, -1,
      690, 691, 692, -1,
      692, 691, 693, -1,
      693, 691, 694, -1,
      693, 694, 695, -1,
      695, 694, 696, -1,
      695, 696, 697, -1,
      698, 699, 700, -1,
      700, 699, 701, -1,
      700, 701, 702, -1,
      702, 701, 703, -1,
      702, 703, 704, -1,
      704, 703, 705, -1,
      704, 705, 696, -1,
      696, 705, 706, -1,
      696, 706, 697, -1,
      698, 700, 707, -1,
      707, 700, 708, -1,
      707, 708, 709, -1,
      709, 708, 710, -1,
      709, 710, 711, -1,
      711, 710, 712, -1,
      711, 712, 713, -1,
      567, 566, 712, -1,
      712, 566, 714, -1,
      712, 714, 713, -1,
      565, 567, 715, -1,
      715, 567, 716, -1,
      715, 716, 717, -1,
      717, 716, 718, -1,
      717, 718, 719, -1,
      719, 718, 720, -1,
      719, 720, 721, -1,
      722, 723, 724, -1,
      724, 723, 725, -1,
      724, 725, 726, -1,
      726, 725, 727, -1,
      726, 727, 728, -1,
      728, 727, 729, -1,
      728, 729, 720, -1,
      720, 729, 730, -1,
      720, 730, 721, -1,
      56, 502, 571, -1,
      571, 502, 503, -1,
      571, 503, 731, -1,
      731, 503, 504, -1,
      731, 504, 732, -1,
      732, 504, 505, -1,
      732, 505, 733, -1,
      733, 505, 506, -1,
      733, 506, 734, -1,
      734, 506, 507, -1,
      734, 507, 735, -1,
      735, 507, 508, -1,
      735, 508, 736, -1,
      736, 508, 509, -1,
      736, 509, 737, -1,
      737, 509, 510, -1,
      737, 510, 738, -1,
      738, 510, 511, -1,
      738, 511, 739, -1,
      739, 511, 512, -1,
      739, 512, 740, -1,
      740, 512, 513, -1,
      740, 513, 741, -1,
      741, 513, 514, -1,
      741, 514, 742, -1,
      742, 514, 515, -1,
      742, 515, 743, -1,
      743, 515, 516, -1,
      743, 516, 744, -1,
      744, 516, 517, -1,
      744, 517, 745, -1,
      745, 517, 518, -1,
      745, 518, 746, -1,
      746, 518, 519, -1,
      746, 519, 747, -1,
      747, 519, 520, -1,
      747, 520, 748, -1,
      748, 520, 521, -1,
      748, 521, 749, -1,
      749, 521, 522, -1,
      749, 522, 750, -1,
      750, 522, 523, -1,
      750, 523, 751, -1,
      751, 523, 524, -1,
      751, 524, 752, -1,
      752, 524, 525, -1,
      752, 525, 753, -1,
      753, 525, 526, -1,
      753, 526, 754, -1,
      754, 526, 527, -1,
      754, 527, 755, -1,
      755, 527, 528, -1,
      755, 528, 756, -1,
      756, 528, 529, -1,
      756, 529, 757, -1,
      757, 529, 530, -1,
      757, 530, 758, -1,
      758, 530, 531, -1,
      758, 531, 759, -1,
      759, 531, 532, -1,
      759, 532, 760, -1,
      760, 532, 533, -1,
      760, 533, 761, -1,
      761, 533, 534, -1,
      761, 534, 762, -1,
      762, 534, 535, -1,
      762, 535, 763, -1,
      763, 535, 536, -1,
      763, 536, 764, -1,
      764, 536, 537, -1,
      764, 537, 765, -1,
      765, 537, 538, -1,
      765, 538, 766, -1,
      766, 538, 539, -1,
      766, 539, 767, -1,
      767, 539, 540, -1,
      767, 540, 768, -1,
      768, 540, 541, -1,
      768, 541, 769, -1,
      769, 541, 542, -1,
      769, 542, 770, -1,
      770, 542, 543, -1,
      770, 543, 771, -1,
      771, 543, 544, -1,
      771, 544, 772, -1,
      772, 544, 545, -1,
      772, 545, 773, -1,
      773, 545, 546, -1,
      773, 546, 774, -1,
      774, 546, 547, -1,
      774, 547, 775, -1,
      775, 547, 548, -1,
      775, 548, 776, -1,
      776, 548, 549, -1,
      776, 549, 777, -1,
      777, 549, 550, -1,
      777, 550, 778, -1,
      778, 550, 551, -1,
      778, 551, 779, -1,
      779, 551, 552, -1,
      779, 552, 780, -1,
      780, 552, 553, -1,
      780, 553, 781, -1,
      781, 553, 554, -1,
      781, 554, 782, -1,
      782, 554, 555, -1,
      782, 555, 783, -1,
      783, 555, 556, -1,
      783, 556, 784, -1,
      784, 556, 557, -1,
      784, 557, 785, -1,
      785, 557, 558, -1,
      785, 558, 786, -1,
      786, 558, 559, -1,
      786, 559, 787, -1,
      787, 559, 560, -1,
      787, 560, 788, -1,
      788, 560, 564, -1,
      788, 564, 789, -1,
      789, 564, 563, -1,
      789, 563, 790, -1,
      790, 563, 562, -1,
      790, 562, 791, -1,
      791, 562, 561, -1,
      791, 561, 792, -1,
      792, 561, 16, -1,
      792, 16, 17, -1,
      55, 571, 574, -1,
      574, 571, 731, -1,
      574, 731, 576, -1,
      576, 731, 732, -1,
      576, 732, 578, -1,
      578, 732, 733, -1,
      578, 733, 580, -1,
      580, 733, 734, -1,
      580, 734, 588, -1,
      588, 734, 735, -1,
      588, 735, 586, -1,
      586, 735, 736, -1,
      586, 736, 584, -1,
      584, 736, 737, -1,
      584, 737, 592, -1,
      592, 737, 738, -1,
      592, 738, 594, -1,
      594, 738, 739, -1,
      594, 739, 597, -1,
      597, 739, 740, -1,
      597, 740, 599, -1,
      599, 740, 741, -1,
      599, 741, 607, -1,
      607, 741, 742, -1,
      607, 742, 605, -1,
      605, 742, 743, -1,
      605, 743, 603, -1,
      603, 743, 744, -1,
      603, 744, 611, -1,
      611, 744, 745, -1,
      611, 745, 613, -1,
      613, 745, 746, -1,
      613, 746, 615, -1,
      615, 746, 747, -1,
      615, 747, 570, -1,
      570, 747, 748, -1,
      570, 748, 619, -1,
      619, 748, 749, -1,
      619, 749, 621, -1,
      621, 749, 750, -1,
      621, 750, 623, -1,
      623, 750, 751, -1,
      623, 751, 631, -1,
      631, 751, 752, -1,
      631, 752, 629, -1,
      629, 752, 753, -1,
      629, 753, 627, -1,
      627, 753, 754, -1,
      627, 754, 635, -1,
      635, 754, 755, -1,
      635, 755, 637, -1,
      637, 755, 756, -1,
      637, 756, 639, -1,
      639, 756, 757, -1,
      639, 757, 641, -1,
      641, 757, 758, -1,
      641, 758, 650, -1,
      650, 758, 759, -1,
      650, 759, 648, -1,
      648, 759, 760, -1,
      648, 760, 646, -1,
      646, 760, 761, -1,
      646, 761, 654, -1,
      654, 761, 762, -1,
      654, 762, 656, -1,
      656, 762, 763, -1,
      656, 763, 658, -1,
      658, 763, 764, -1,
      658, 764, 662, -1,
      662, 764, 765, -1,
      662, 765, 660, -1,
      660, 765, 766, -1,
      660, 766, 669, -1,
      669, 766, 767, -1,
      669, 767, 667, -1,
      667, 767, 768, -1,
      667, 768, 673, -1,
      673, 768, 769, -1,
      673, 769, 675, -1,
      675, 769, 770, -1,
      675, 770, 677, -1,
      677, 770, 771, -1,
      677, 771, 685, -1,
      685, 771, 772, -1,
      685, 772, 683, -1,
      683, 772, 773, -1,
      683, 773, 681, -1,
      681, 773, 774, -1,
      681, 774, 689, -1,
      689, 774, 775, -1,
      689, 775, 691, -1,
      691, 775, 776, -1,
      691, 776, 694, -1,
      694, 776, 777, -1,
      694, 777, 696, -1,
      696, 777, 778, -1,
      696, 778, 704, -1,
      704, 778, 779, -1,
      704, 779, 702, -1,
      702, 779, 780, -1,
      702, 780, 700, -1,
      700, 780, 781, -1,
      700, 781, 708, -1,
      708, 781, 782, -1,
      708, 782, 710, -1,
      710, 782, 783, -1,
      710, 783, 712, -1,
      712, 783, 784, -1,
      712, 784, 567, -1,
      567, 784, 785, -1,
      567, 785, 716, -1,
      716, 785, 786, -1,
      716, 786, 718, -1,
      718, 786, 787, -1,
      718, 787, 720, -1,
      720, 787, 788, -1,
      720, 788, 728, -1,
      728, 788, 789, -1,
      728, 789, 726, -1,
      726, 789, 790, -1,
      726, 790, 724, -1,
      724, 790, 791, -1,
      724, 791, 793, -1,
      793, 791, 792, -1,
      793, 792, 794, -1,
      794, 792, 17, -1,
      794, 17, 18, -1,
      722, 724, 795, -1,
      795, 724, 793, -1,
      795, 793, 796, -1,
      796, 793, 794, -1,
      796, 794, 797, -1,
      797, 794, 18, -1,
      797, 18, 19, -1,
      798, 799, 800, -1,
      801, 802, 803, -1,
      804, 805, 806, -1,
      807, 808, 809, -1,
      810, 811, 812, -1,
      813, 814, 815, -1,
      816, 817, 818, -1,
      819, 820, 821, -1,
      822, 823, 824, -1,
      825, 826, 827, -1,
      828, 829, 830, -1,
      831, 832, 833, -1,
      834, 835, 836, -1,
      837, 838, 839, -1,
      840, 841, 842, -1,
      797, 19, 20, -1,
      723, 722, 843, -1,
      713, 714, 844, -1,
      699, 698, 845, -1,
      680, 679, 846, -1,
      663, 661, 847, -1,
      659, 664, 848, -1,
      634, 636, 849, -1,
      632, 630, 850, -1,
      624, 633, 851, -1,
      618, 620, 852, -1,
      569, 568, 853, -1,
      616, 617, 854, -1,
      602, 601, 855, -1,
      591, 593, 856, -1,
      583, 582, 857, -1,
      581, 590, 858, -1,
      54, 573, 859, -1,
      859, 573, 572, -1,
      859, 572, 575, -1,
      581, 858, 579, -1,
      575, 577, 860, -1,
      860, 577, 579, -1,
      583, 857, 585, -1,
      590, 589, 861, -1,
      861, 589, 587, -1,
      861, 587, 585, -1,
      591, 856, 582, -1,
      595, 596, 840, -1,
      840, 596, 598, -1,
      840, 598, 841, -1,
      598, 600, 841, -1,
      841, 600, 609, -1,
      841, 609, 608, -1,
      862, 606, 604, -1,
      616, 854, 614, -1,
      601, 610, 863, -1,
      863, 610, 612, -1,
      863, 612, 614, -1,
      569, 853, 617, -1,
      624, 851, 622, -1,
      628, 626, 864, -1,
      634, 849, 625, -1,
      638, 640, 837, -1,
      837, 640, 643, -1,
      837, 643, 838, -1,
      643, 642, 838, -1,
      838, 642, 652, -1,
      838, 652, 651, -1,
      649, 647, 865, -1,
      865, 647, 645, -1,
      659, 848, 657, -1,
      644, 653, 866, -1,
      866, 653, 655, -1,
      866, 655, 657, -1,
      663, 847, 664, -1,
      671, 670, 834, -1,
      834, 670, 668, -1,
      834, 668, 835, -1,
      668, 666, 835, -1,
      835, 666, 665, -1,
      835, 665, 672, -1,
      674, 676, 867, -1,
      867, 676, 678, -1,
      680, 846, 682, -1,
      687, 686, 868, -1,
      868, 686, 684, -1,
      868, 684, 682, -1,
      679, 688, 869, -1,
      869, 688, 690, -1,
      869, 690, 692, -1,
      692, 693, 870, -1,
      870, 693, 695, -1,
      695, 697, 871, -1,
      871, 697, 706, -1,
      871, 706, 705, -1,
      699, 845, 701, -1,
      705, 703, 872, -1,
      872, 703, 701, -1,
      713, 844, 711, -1,
      698, 707, 873, -1,
      873, 707, 709, -1,
      873, 709, 711, -1,
      714, 566, 874, -1,
      874, 566, 565, -1,
      874, 565, 715, -1,
      715, 717, 875, -1,
      875, 717, 719, -1,
      719, 721, 876, -1,
      876, 721, 730, -1,
      876, 730, 729, -1,
      729, 727, 877, -1,
      877, 727, 725, -1,
      877, 725, 723, -1,
      722, 795, 878, -1,
      878, 795, 796, -1,
      878, 796, 797, -1,
      879, 842, 880, -1,
      880, 842, 841, -1,
      880, 841, 862, -1,
      862, 841, 608, -1,
      862, 608, 606, -1,
      881, 839, 882, -1,
      882, 839, 838, -1,
      882, 838, 865, -1,
      865, 838, 651, -1,
      865, 651, 649, -1,
      883, 836, 884, -1,
      884, 836, 835, -1,
      884, 835, 867, -1,
      867, 835, 672, -1,
      867, 672, 674, -1,
      885, 879, 886, -1,
      886, 879, 880, -1,
      886, 880, 887, -1,
      887, 880, 862, -1,
      887, 862, 855, -1,
      855, 862, 604, -1,
      855, 604, 602, -1,
      888, 881, 889, -1,
      889, 881, 882, -1,
      889, 882, 890, -1,
      890, 882, 865, -1,
      890, 865, 891, -1,
      891, 865, 645, -1,
      891, 645, 644, -1,
      892, 883, 893, -1,
      893, 883, 884, -1,
      893, 884, 894, -1,
      894, 884, 867, -1,
      894, 867, 895, -1,
      895, 867, 678, -1,
      895, 678, 687, -1,
      830, 896, 897, -1,
      898, 899, 900, -1,
      626, 625, 864, -1,
      864, 625, 849, -1,
      864, 849, 901, -1,
      901, 849, 902, -1,
      901, 902, 903, -1,
      903, 902, 904, -1,
      903, 904, 905, -1,
      905, 904, 818, -1,
      812, 906, 907, -1,
      908, 909, 910, -1,
      910, 909, 911, -1,
      54, 859, 53, -1,
      53, 859, 912, -1,
      53, 912, 52, -1,
      52, 912, 913, -1,
      52, 913, 51, -1,
      51, 913, 910, -1,
      51, 910, 50, -1,
      50, 910, 911, -1,
      50, 911, 49, -1,
      575, 860, 859, -1,
      859, 860, 914, -1,
      859, 914, 912, -1,
      912, 914, 915, -1,
      912, 915, 913, -1,
      913, 915, 916, -1,
      913, 916, 910, -1,
      910, 916, 917, -1,
      910, 917, 908, -1,
      918, 919, 920, -1,
      920, 919, 921, -1,
      579, 858, 860, -1,
      860, 858, 922, -1,
      860, 922, 914, -1,
      914, 922, 923, -1,
      914, 923, 915, -1,
      915, 923, 920, -1,
      915, 920, 916, -1,
      916, 920, 921, -1,
      916, 921, 917, -1,
      924, 925, 926, -1,
      926, 925, 927, -1,
      590, 861, 858, -1,
      858, 861, 928, -1,
      858, 928, 922, -1,
      922, 928, 929, -1,
      922, 929, 923, -1,
      923, 929, 926, -1,
      923, 926, 920, -1,
      920, 926, 927, -1,
      920, 927, 918, -1,
      930, 931, 932, -1,
      585, 857, 861, -1,
      861, 857, 933, -1,
      861, 933, 928, -1,
      928, 933, 934, -1,
      928, 934, 929, -1,
      929, 934, 930, -1,
      929, 930, 926, -1,
      926, 930, 932, -1,
      926, 932, 924, -1,
      935, 936, 937, -1,
      937, 936, 938, -1,
      582, 856, 857, -1,
      857, 856, 939, -1,
      857, 939, 933, -1,
      933, 939, 940, -1,
      933, 940, 934, -1,
      934, 940, 937, -1,
      934, 937, 930, -1,
      930, 937, 938, -1,
      930, 938, 931, -1,
      856, 941, 939, -1,
      939, 941, 942, -1,
      939, 942, 940, -1,
      940, 942, 833, -1,
      940, 833, 937, -1,
      937, 833, 832, -1,
      937, 832, 935, -1,
      896, 943, 944, -1,
      941, 897, 942, -1,
      942, 897, 896, -1,
      942, 896, 833, -1,
      833, 896, 944, -1,
      833, 944, 831, -1,
      830, 829, 896, -1,
      896, 829, 945, -1,
      896, 945, 943, -1,
      885, 946, 947, -1,
      947, 828, 885, -1,
      885, 828, 830, -1,
      885, 830, 879, -1,
      879, 830, 897, -1,
      879, 897, 842, -1,
      842, 897, 941, -1,
      842, 941, 840, -1,
      840, 941, 856, -1,
      840, 856, 595, -1,
      595, 856, 593, -1,
      948, 949, 950, -1,
      950, 949, 951, -1,
      601, 863, 855, -1,
      855, 863, 952, -1,
      855, 952, 887, -1,
      887, 952, 953, -1,
      887, 953, 886, -1,
      886, 953, 950, -1,
      886, 950, 885, -1,
      885, 950, 951, -1,
      885, 951, 946, -1,
      954, 955, 956, -1,
      614, 854, 863, -1,
      863, 854, 957, -1,
      863, 957, 952, -1,
      952, 957, 958, -1,
      952, 958, 953, -1,
      953, 958, 954, -1,
      953, 954, 950, -1,
      950, 954, 956, -1,
      950, 956, 948, -1,
      959, 960, 961, -1,
      961, 960, 962, -1,
      617, 853, 854, -1,
      854, 853, 963, -1,
      854, 963, 957, -1,
      957, 963, 964, -1,
      957, 964, 958, -1,
      958, 964, 961, -1,
      958, 961, 954, -1,
      954, 961, 962, -1,
      954, 962, 955, -1,
      853, 965, 963, -1,
      963, 965, 966, -1,
      963, 966, 964, -1,
      964, 966, 827, -1,
      964, 827, 961, -1,
      961, 827, 826, -1,
      961, 826, 959, -1,
      899, 967, 968, -1,
      965, 900, 966, -1,
      966, 900, 899, -1,
      966, 899, 827, -1,
      827, 899, 968, -1,
      827, 968, 825, -1,
      969, 970, 898, -1,
      898, 970, 971, -1,
      898, 971, 899, -1,
      899, 971, 972, -1,
      899, 972, 967, -1,
      823, 969, 824, -1,
      824, 969, 898, -1,
      824, 898, 973, -1,
      973, 898, 900, -1,
      973, 900, 974, -1,
      974, 900, 965, -1,
      974, 965, 852, -1,
      852, 965, 853, -1,
      852, 853, 618, -1,
      618, 853, 568, -1,
      620, 622, 852, -1,
      852, 622, 851, -1,
      852, 851, 974, -1,
      974, 851, 975, -1,
      974, 975, 973, -1,
      973, 975, 976, -1,
      973, 976, 824, -1,
      824, 976, 977, -1,
      824, 977, 822, -1,
      978, 979, 977, -1,
      977, 979, 980, -1,
      977, 980, 822, -1,
      820, 978, 821, -1,
      821, 978, 977, -1,
      821, 977, 981, -1,
      981, 977, 976, -1,
      981, 976, 982, -1,
      982, 976, 975, -1,
      982, 975, 850, -1,
      850, 975, 851, -1,
      850, 851, 632, -1,
      632, 851, 633, -1,
      983, 819, 905, -1,
      905, 819, 821, -1,
      905, 821, 903, -1,
      903, 821, 981, -1,
      903, 981, 901, -1,
      901, 981, 982, -1,
      901, 982, 864, -1,
      864, 982, 850, -1,
      864, 850, 628, -1,
      628, 850, 630, -1,
      818, 817, 905, -1,
      905, 817, 984, -1,
      905, 984, 983, -1,
      888, 985, 986, -1,
      986, 816, 888, -1,
      888, 816, 818, -1,
      888, 818, 881, -1,
      881, 818, 904, -1,
      881, 904, 839, -1,
      839, 904, 902, -1,
      839, 902, 837, -1,
      837, 902, 849, -1,
      837, 849, 638, -1,
      638, 849, 636, -1,
      987, 988, 989, -1,
      989, 988, 990, -1,
      644, 866, 891, -1,
      891, 866, 991, -1,
      891, 991, 890, -1,
      890, 991, 992, -1,
      890, 992, 889, -1,
      889, 992, 989, -1,
      889, 989, 888, -1,
      888, 989, 990, -1,
      888, 990, 985, -1,
      993, 994, 995, -1,
      657, 848, 866, -1,
      866, 848, 996, -1,
      866, 996, 991, -1,
      991, 996, 997, -1,
      991, 997, 992, -1,
      992, 997, 993, -1,
      992, 993, 989, -1,
      989, 993, 995, -1,
      989, 995, 987, -1,
      998, 999, 1000, -1,
      1000, 999, 1001, -1,
      664, 847, 848, -1,
      848, 847, 1002, -1,
      848, 1002, 996, -1,
      996, 1002, 1003, -1,
      996, 1003, 997, -1,
      997, 1003, 1000, -1,
      997, 1000, 993, -1,
      993, 1000, 1001, -1,
      993, 1001, 994, -1,
      847, 1004, 1002, -1,
      1002, 1004, 1005, -1,
      1002, 1005, 1003, -1,
      1003, 1005, 815, -1,
      1003, 815, 1000, -1,
      1000, 815, 814, -1,
      1000, 814, 998, -1,
      906, 1006, 1007, -1,
      1004, 907, 1005, -1,
      1005, 907, 906, -1,
      1005, 906, 815, -1,
      815, 906, 1007, -1,
      815, 1007, 813, -1,
      812, 811, 906, -1,
      906, 811, 1008, -1,
      906, 1008, 1006, -1,
      892, 1009, 1010, -1,
      1010, 810, 892, -1,
      892, 810, 812, -1,
      892, 812, 883, -1,
      883, 812, 907, -1,
      883, 907, 836, -1,
      836, 907, 1004, -1,
      836, 1004, 834, -1,
      834, 1004, 847, -1,
      834, 847, 671, -1,
      671, 847, 661, -1,
      1011, 1012, 1013, -1,
      1013, 1012, 1014, -1,
      687, 868, 895, -1,
      895, 868, 1015, -1,
      895, 1015, 894, -1,
      894, 1015, 1016, -1,
      894, 1016, 893, -1,
      893, 1016, 1013, -1,
      893, 1013, 892, -1,
      892, 1013, 1014, -1,
      892, 1014, 1009, -1,
      1017, 1018, 1019, -1,
      682, 846, 868, -1,
      868, 846, 1020, -1,
      868, 1020, 1015, -1,
      1015, 1020, 1021, -1,
      1015, 1021, 1016, -1,
      1016, 1021, 1017, -1,
      1016, 1017, 1013, -1,
      1013, 1017, 1019, -1,
      1013, 1019, 1011, -1,
      1022, 1023, 1024, -1,
      1024, 1023, 1025, -1,
      679, 869, 846, -1,
      846, 869, 1026, -1,
      846, 1026, 1020, -1,
      1020, 1026, 1027, -1,
      1020, 1027, 1021, -1,
      1021, 1027, 1024, -1,
      1021, 1024, 1017, -1,
      1017, 1024, 1025, -1,
      1017, 1025, 1018, -1,
      692, 870, 869, -1,
      869, 870, 1028, -1,
      869, 1028, 1026, -1,
      1026, 1028, 1029, -1,
      1026, 1029, 1027, -1,
      1027, 1029, 809, -1,
      1027, 809, 1024, -1,
      1024, 809, 808, -1,
      1024, 808, 1022, -1,
      1030, 1031, 1032, -1,
      1032, 1031, 1033, -1,
      695, 871, 870, -1,
      870, 871, 1034, -1,
      870, 1034, 1028, -1,
      1028, 1034, 1035, -1,
      1028, 1035, 1029, -1,
      1029, 1035, 1032, -1,
      1029, 1032, 809, -1,
      809, 1032, 1033, -1,
      809, 1033, 807, -1,
      705, 872, 871, -1,
      871, 872, 1036, -1,
      871, 1036, 1034, -1,
      1034, 1036, 1037, -1,
      1034, 1037, 1035, -1,
      1035, 1037, 806, -1,
      1035, 806, 1032, -1,
      1032, 806, 805, -1,
      1032, 805, 1030, -1,
      1038, 1039, 1040, -1,
      701, 845, 872, -1,
      872, 845, 1041, -1,
      872, 1041, 1036, -1,
      1036, 1041, 1042, -1,
      1036, 1042, 1037, -1,
      1037, 1042, 1038, -1,
      1037, 1038, 806, -1,
      806, 1038, 1040, -1,
      806, 1040, 804, -1,
      1043, 1044, 1045, -1,
      1045, 1044, 1046, -1,
      698, 873, 845, -1,
      845, 873, 1047, -1,
      845, 1047, 1041, -1,
      1041, 1047, 1048, -1,
      1041, 1048, 1042, -1,
      1042, 1048, 1045, -1,
      1042, 1045, 1038, -1,
      1038, 1045, 1046, -1,
      1038, 1046, 1039, -1,
      1049, 1050, 1051, -1,
      711, 844, 873, -1,
      873, 844, 1052, -1,
      873, 1052, 1047, -1,
      1047, 1052, 1053, -1,
      1047, 1053, 1048, -1,
      1048, 1053, 1049, -1,
      1048, 1049, 1045, -1,
      1045, 1049, 1051, -1,
      1045, 1051, 1043, -1,
      1054, 1055, 1056, -1,
      1056, 1055, 1057, -1,
      714, 874, 844, -1,
      844, 874, 1058, -1,
      844, 1058, 1052, -1,
      1052, 1058, 1059, -1,
      1052, 1059, 1053, -1,
      1053, 1059, 1056, -1,
      1053, 1056, 1049, -1,
      1049, 1056, 1057, -1,
      1049, 1057, 1050, -1,
      715, 875, 874, -1,
      874, 875, 1060, -1,
      874, 1060, 1058, -1,
      1058, 1060, 1061, -1,
      1058, 1061, 1059, -1,
      1059, 1061, 803, -1,
      1059, 803, 1056, -1,
      1056, 803, 802, -1,
      1056, 802, 1054, -1,
      1062, 1063, 1064, -1,
      1064, 1063, 1065, -1,
      719, 876, 875, -1,
      875, 876, 1066, -1,
      875, 1066, 1060, -1,
      1060, 1066, 1067, -1,
      1060, 1067, 1061, -1,
      1061, 1067, 1064, -1,
      1061, 1064, 803, -1,
      803, 1064, 1065, -1,
      803, 1065, 801, -1,
      729, 877, 876, -1,
      876, 877, 1068, -1,
      876, 1068, 1066, -1,
      1066, 1068, 1069, -1,
      1066, 1069, 1067, -1,
      1067, 1069, 800, -1,
      1067, 800, 1064, -1,
      1064, 800, 799, -1,
      1064, 799, 1062, -1,
      1070, 1071, 1072, -1,
      723, 843, 877, -1,
      877, 843, 1073, -1,
      877, 1073, 1068, -1,
      1068, 1073, 1074, -1,
      1068, 1074, 1069, -1,
      1069, 1074, 1070, -1,
      1069, 1070, 800, -1,
      800, 1070, 1072, -1,
      800, 1072, 798, -1,
      1075, 1076, 1077, -1,
      1077, 1076, 1078, -1,
      722, 878, 843, -1,
      843, 878, 1079, -1,
      843, 1079, 1073, -1,
      1073, 1079, 1080, -1,
      1073, 1080, 1074, -1,
      1074, 1080, 1077, -1,
      1074, 1077, 1070, -1,
      1070, 1077, 1078, -1,
      1070, 1078, 1071, -1,
      797, 20, 878, -1,
      878, 20, 21, -1,
      878, 21, 1079, -1,
      1079, 21, 22, -1,
      1079, 22, 1080, -1,
      1080, 22, 23, -1,
      1080, 23, 1077, -1,
      1077, 23, 24, -1,
      1077, 24, 1075, -1,
      46, 47, 1081, -1,
      47, 48, 1082, -1,
      48, 49, 911, -1,
      48, 911, 1082, -1,
      1082, 911, 909, -1,
      1082, 909, 1083, -1,
      909, 908, 1083, -1,
      1083, 908, 917, -1,
      1083, 917, 1084, -1,
      917, 921, 1084, -1,
      1084, 921, 919, -1,
      1084, 919, 1085, -1,
      1085, 919, 918, -1,
      1085, 918, 1086, -1,
      1086, 918, 927, -1,
      1086, 927, 1087, -1,
      1087, 927, 925, -1,
      925, 924, 1087, -1,
      1087, 924, 932, -1,
      1087, 932, 1088, -1,
      1088, 932, 931, -1,
      1088, 931, 1089, -1,
      1089, 931, 938, -1,
      1089, 938, 1090, -1,
      1090, 938, 936, -1,
      936, 935, 1090, -1,
      1090, 935, 832, -1,
      1090, 832, 1091, -1,
      832, 831, 1091, -1,
      1091, 831, 944, -1,
      1091, 944, 1092, -1,
      1092, 944, 943, -1,
      1092, 943, 1093, -1,
      943, 945, 1093, -1,
      1093, 945, 829, -1,
      1093, 829, 1094, -1,
      829, 828, 1094, -1,
      1094, 828, 947, -1,
      1094, 947, 1095, -1,
      1095, 947, 946, -1,
      1095, 946, 1096, -1,
      1096, 946, 951, -1,
      1096, 951, 1097, -1,
      1097, 951, 949, -1,
      949, 948, 1097, -1,
      1097, 948, 956, -1,
      1097, 956, 1098, -1,
      1098, 956, 955, -1,
      1098, 955, 1099, -1,
      955, 962, 1099, -1,
      1099, 962, 960, -1,
      1099, 960, 1100, -1,
      960, 959, 1100, -1,
      1100, 959, 826, -1,
      1100, 826, 1101, -1,
      826, 825, 1101, -1,
      1101, 825, 968, -1,
      1101, 968, 1102, -1,
      1102, 968, 967, -1,
      1102, 967, 1103, -1,
      967, 972, 1103, -1,
      1103, 972, 971, -1,
      1103, 971, 1104, -1,
      971, 970, 1104, -1,
      1104, 970, 969, -1,
      1104, 969, 1105, -1,
      1105, 969, 823, -1,
      1105, 823, 1106, -1,
      1106, 823, 822, -1,
      1106, 822, 1107, -1,
      1107, 822, 980, -1,
      980, 979, 1107, -1,
      1107, 979, 978, -1,
      1107, 978, 1108, -1,
      1108, 978, 820, -1,
      1108, 820, 1109, -1,
      820, 819, 1109, -1,
      1109, 819, 983, -1,
      1109, 983, 1110, -1,
      983, 984, 1110, -1,
      1110, 984, 817, -1,
      1110, 817, 1111, -1,
      817, 816, 1111, -1,
      1111, 816, 986, -1,
      1111, 986, 1112, -1,
      1112, 986, 985, -1,
      1112, 985, 1113, -1,
      1113, 985, 990, -1,
      1113, 990, 1114, -1,
      1114, 990, 988, -1,
      988, 987, 1114, -1,
      1114, 987, 995, -1,
      1114, 995, 1115, -1,
      1115, 995, 994, -1,
      1115, 994, 1116, -1,
      1116, 994, 1001, -1,
      1116, 1001, 1117, -1,
      1117, 1001, 999, -1,
      999, 998, 1117, -1,
      1117, 998, 814, -1,
      1117, 814, 1118, -1,
      814, 813, 1118, -1,
      1118, 813, 1007, -1,
      1118, 1007, 1119, -1,
      1119, 1007, 1006, -1,
      1119, 1006, 1120, -1,
      1006, 1008, 1120, -1,
      1120, 1008, 811, -1,
      1120, 811, 1121, -1,
      811, 810, 1121, -1,
      1121, 810, 1010, -1,
      1121, 1010, 1122, -1,
      1122, 1010, 1009, -1,
      1122, 1009, 1123, -1,
      1123, 1009, 1014, -1,
      1123, 1014, 1124, -1,
      1124, 1014, 1012, -1,
      1012, 1011, 1124, -1,
      1124, 1011, 1019, -1,
      1124, 1019, 1125, -1,
      1125, 1019, 1018, -1,
      1125, 1018, 1126, -1,
      1126, 1018, 1025, -1,
      1126, 1025, 1127, -1,
      1127, 1025, 1023, -1,
      1023, 1022, 1127, -1,
      1127, 1022, 808, -1,
      1127, 808, 1128, -1,
      808, 807, 1128, -1,
      1128, 807, 1033, -1,
      1128, 1033, 1129, -1,
      1129, 1033, 1031, -1,
      1129, 1031, 1130, -1,
      1031, 1030, 1130, -1,
      1130, 1030, 805, -1,
      1130, 805, 1131, -1,
      805, 804, 1131, -1,
      1131, 804, 1040, -1,
      1131, 1040, 1132, -1,
      1132, 1040, 1039, -1,
      1132, 1039, 1133, -1,
      1133, 1039, 1046, -1,
      1133, 1046, 1134, -1,
      1134, 1046, 1044, -1,
      1044, 1043, 1134, -1,
      1134, 1043, 1051, -1,
      1134, 1051, 1135, -1,
      1135, 1051, 1050, -1,
      1135, 1050, 1136, -1,
      1050, 1057, 1136, -1,
      1136, 1057, 1055, -1,
      1136, 1055, 1137, -1,
      1055, 1054, 1137, -1,
      1137, 1054, 802, -1,
      1137, 802, 1138, -1,
      802, 801, 1138, -1,
      1138, 801, 1065, -1,
      1138, 1065, 1139, -1,
      1139, 1065, 1063, -1,
      1139, 1063, 1140, -1,
      1063, 1062, 1140, -1,
      1140, 1062, 799, -1,
      1140, 799, 1141, -1,
      799, 798, 1141, -1,
      1141, 798, 1072, -1,
      1141, 1072, 1142, -1,
      1142, 1072, 1071, -1,
      1142, 1071, 1143, -1,
      1143, 1071, 1078, -1,
      1143, 1078, 1144, -1,
      1144, 1078, 1076, -1,
      1076, 1075, 1144, -1,
      1144, 1075, 24, -1,
      1144, 24, 25, -1,
      47, 1082, 1081, -1,
      1081, 1082, 1083, -1,
      1081, 1083, 1145, -1,
      1145, 1083, 1084, -1,
      1145, 1084, 1146, -1,
      1146, 1084, 1085, -1,
      1146, 1085, 1147, -1,
      1147, 1085, 1086, -1,
      1147, 1086, 1148, -1,
      1148, 1086, 1087, -1,
      1148, 1087, 1149, -1,
      1149, 1087, 1088, -1,
      1149, 1088, 1150, -1,
      1150, 1088, 1089, -1,
      1150, 1089, 1151, -1,
      1151, 1089, 1090, -1,
      1151, 1090, 1152, -1,
      1152, 1090, 1091, -1,
      1152, 1091, 1153, -1,
      1153, 1091, 1092, -1,
      1153, 1092, 1154, -1,
      1154, 1092, 1093, -1,
      1154, 1093, 1155, -1,
      1155, 1093, 1094, -1,
      1155, 1094, 1156, -1,
      1156, 1094, 1095, -1,
      1156, 1095, 1157, -1,
      1157, 1095, 1096, -1,
      1157, 1096, 1158, -1,
      1158, 1096, 1097, -1,
      1158, 1097, 1159, -1,
      1159, 1097, 1098, -1,
      1159, 1098, 1160, -1,
      1160, 1098, 1099, -1,
      1160, 1099, 1161, -1,
      1161, 1099, 1100, -1,
      1161, 1100, 1162, -1,
      1162, 1100, 1101, -1,
      1162, 1101, 1163, -1,
      1163, 1101, 1102, -1,
      1163, 1102, 1164, -1,
      1164, 1102, 1103, -1,
      1164, 1103, 1165, -1,
      1165, 1103, 1104, -1,
      1165, 1104, 1166, -1,
      1166, 1104, 1105, -1,
      1166, 1105, 1167, -1,
      1167, 1105, 1106, -1,
      1167, 1106, 1168, -1,
      1168, 1106, 1107, -1,
      1168, 1107, 1169, -1,
      1169, 1107, 1108, -1,
      1169, 1108, 1170, -1,
      1170, 1108, 1109, -1,
      1170, 1109, 1171, -1,
      1171, 1109, 1110, -1,
      1171, 1110, 1172, -1,
      1172, 1110, 1111, -1,
      1172, 1111, 1173, -1,
      1173, 1111, 1112, -1,
      1173, 1112, 1174, -1,
      1174, 1112, 1113, -1,
      1174, 1113, 1175, -1,
      1175, 1113, 1114, -1,
      1175, 1114, 1176, -1,
      1176, 1114, 1115, -1,
      1176, 1115, 1177, -1,
      1177, 1115, 1116, -1,
      1177, 1116, 1178, -1,
      1178, 1116, 1117, -1,
      1178, 1117, 1179, -1,
      1179, 1117, 1118, -1,
      1179, 1118, 1180, -1,
      1180, 1118, 1119, -1,
      1180, 1119, 1181, -1,
      1181, 1119, 1120, -1,
      1181, 1120, 1182, -1,
      1182, 1120, 1121, -1,
      1182, 1121, 1183, -1,
      1183, 1121, 1122, -1,
      1183, 1122, 1184, -1,
      1184, 1122, 1123, -1,
      1184, 1123, 1185, -1,
      1185, 1123, 1124, -1,
      1185, 1124, 1186, -1,
      1186, 1124, 1125, -1,
      1186, 1125, 1187, -1,
      1187, 1125, 1126, -1,
      1187, 1126, 1188, -1,
      1188, 1126, 1127, -1,
      1188, 1127, 1189, -1,
      1189, 1127, 1128, -1,
      1189, 1128, 1190, -1,
      1190, 1128, 1129, -1,
      1190, 1129, 1191, -1,
      1191, 1129, 1130, -1,
      1191, 1130, 1192, -1,
      1192, 1130, 1131, -1,
      1192, 1131, 1193, -1,
      1193, 1131, 1132, -1,
      1193, 1132, 1194, -1,
      1194, 1132, 1133, -1,
      1194, 1133, 1195, -1,
      1195, 1133, 1134, -1,
      1195, 1134, 1196, -1,
      1196, 1134, 1135, -1,
      1196, 1135, 1197, -1,
      1197, 1135, 1136, -1,
      1197, 1136, 1198, -1,
      1198, 1136, 1137, -1,
      1198, 1137, 1199, -1,
      1199, 1137, 1138, -1,
      1199, 1138, 1200, -1,
      1200, 1138, 1139, -1,
      1200, 1139, 1201, -1,
      1201, 1139, 1140, -1,
      1201, 1140, 1202, -1,
      1202, 1140, 1141, -1,
      1202, 1141, 1203, -1,
      1203, 1141, 1142, -1,
      1203, 1142, 1204, -1,
      1204, 1142, 1143, -1,
      1204, 1143, 1205, -1,
      1205, 1143, 1144, -1,
      1205, 1144, 1206, -1,
      1206, 1144, 25, -1,
      1206, 25, 26, -1,
      46, 1081, 1207, -1,
      1207, 1081, 1145, -1,
      1207, 1145, 1208, -1,
      1208, 1145, 1146, -1,
      1208, 1146, 1209, -1,
      1209, 1146, 1147, -1,
      1209, 1147, 1210, -1,
      1210, 1147, 1148, -1,
      1210, 1148, 1211, -1,
      1211, 1148, 1149, -1,
      1211, 1149, 1212, -1,
      1212, 1149, 1150, -1,
      1212, 1150, 1213, -1,
      1213, 1150, 1151, -1,
      1213, 1151, 1214, -1,
      1214, 1151, 1152, -1,
      1214, 1152, 1215, -1,
      1215, 1152, 1153, -1,
      1215, 1153, 1216, -1,
      1216, 1153, 1154, -1,
      1216, 1154, 1217, -1,
      1217, 1154, 1155, -1,
      1217, 1155, 1218, -1,
      1218, 1155, 1156, -1,
      1218, 1156, 1219, -1,
      1219, 1156, 1157, -1,
      1219, 1157, 1220, -1,
      1220, 1157, 1158, -1,
      1220, 1158, 1221, -1,
      1221, 1158, 1159, -1,
      1221, 1159, 1222, -1,
      1222, 1159, 1160, -1,
      1222, 1160, 1223, -1,
      1223, 1160, 1161, -1,
      1223, 1161, 1224, -1,
      1224, 1161, 1162, -1,
      1224, 1162, 1225, -1,
      1225, 1162, 1163, -1,
      1225, 1163, 1226, -1,
      1226, 1163, 1164, -1,
      1226, 1164, 1227, -1,
      1227, 1164, 1165, -1,
      1227, 1165, 1228, -1,
      1228, 1165, 1166, -1,
      1228, 1166, 1229, -1,
      1229, 1166, 1167, -1,
      1229, 1167, 1230, -1,
      1230, 1167, 1168, -1,
      1230, 1168, 1231, -1,
      1231, 1168, 1169, -1,
      1231, 1169, 1232, -1,
      1232, 1169, 1170, -1,
      1232, 1170, 1233, -1,
      1233, 1170, 1171, -1,
      1233, 1171, 1234, -1,
      1234, 1171, 1172, -1,
      1234, 1172, 1235, -1,
      1235, 1172, 1173, -1,
      1235, 1173, 1236, -1,
      1236, 1173, 1174, -1,
      1236, 1174, 1237, -1,
      1237, 1174, 1175, -1,
      1237, 1175, 1238, -1,
      1238, 1175, 1176, -1,
      1238, 1176, 1239, -1,
      1239, 1176, 1177, -1,
      1239, 1177, 1240, -1,
      1240, 1177, 1178, -1,
      1240, 1178, 1241, -1,
      1241, 1178, 1179, -1,
      1241, 1179, 1242, -1,
      1242, 1179, 1180, -1,
      1242, 1180, 1243, -1,
      1243, 1180, 1181, -1,
      1243, 1181, 1244, -1,
      1244, 1181, 1182, -1,
      1244, 1182, 1245, -1,
      1245, 1182, 1183, -1,
      1245, 1183, 1246, -1,
      1246, 1183, 1184, -1,
      1246, 1184, 1247, -1,
      1247, 1184, 1185, -1,
      1247, 1185, 1248, -1,
      1248, 1185, 1186, -1,
      1248, 1186, 1249, -1,
      1249, 1186, 1187, -1,
      1249, 1187, 1250, -1,
      1250, 1187, 1188, -1,
      1250, 1188, 1251, -1,
      1251, 1188, 1189, -1,
      1251, 1189, 1252, -1,
      1252, 1189, 1190, -1,
      1252, 1190, 1253, -1,
      1253, 1190, 1191, -1,
      1253, 1191, 1254, -1,
      1254, 1191, 1192, -1,
      1254, 1192, 1255, -1,
      1255, 1192, 1193, -1,
      1255, 1193, 1256, -1,
      1256, 1193, 1194, -1,
      1256, 1194, 1257, -1,
      1257, 1194, 1195, -1,
      1257, 1195, 1258, -1,
      1258, 1195, 1196, -1,
      1258, 1196, 1259, -1,
      1259, 1196, 1197, -1,
      1259, 1197, 1260, -1,
      1260, 1197, 1198, -1,
      1260, 1198, 1261, -1,
      1261, 1198, 1199, -1,
      1261, 1199, 1262, -1,
      1262, 1199, 1200, -1,
      1262, 1200, 1263, -1,
      1263, 1200, 1201, -1,
      1263, 1201, 1264, -1,
      1264, 1201, 1202, -1,
      1264, 1202, 1265, -1,
      1265, 1202, 1203, -1,
      1265, 1203, 1266, -1,
      1266, 1203, 1204, -1,
      1266, 1204, 1267, -1,
      1267, 1204, 1205, -1,
      1267, 1205, 1268, -1,
      1268, 1205, 1206, -1,
      1268, 1206, 1269, -1,
      1269, 1206, 26, -1,
      1269, 26, 27, -1,
      1212, 1270, 1211, -1,
      1211, 1270, 1271, -1,
      1211, 1271, 1210, -1,
      1210, 1271, 1272, -1,
      1210, 1272, 1209, -1,
      1209, 1272, 1273, -1,
      1209, 1273, 1208, -1,
      1208, 1273, 1274, -1,
      1208, 1274, 1207, -1,
      1207, 1274, 1275, -1,
      1207, 1275, 46, -1,
      46, 1275, 45, -1,
      1216, 1276, 1215, -1,
      1215, 1276, 1277, -1,
      1215, 1277, 1214, -1,
      1214, 1277, 1278, -1,
      1214, 1278, 1213, -1,
      1213, 1278, 1279, -1,
      1213, 1279, 1212, -1,
      1212, 1279, 1280, -1,
      1212, 1280, 1270, -1,
      1220, 1281, 1219, -1,
      1219, 1281, 1282, -1,
      1219, 1282, 1218, -1,
      1218, 1282, 1283, -1,
      1218, 1283, 1217, -1,
      1217, 1283, 1284, -1,
      1217, 1284, 1216, -1,
      1216, 1284, 1285, -1,
      1216, 1285, 1276, -1,
      1225, 1286, 1224, -1,
      1224, 1286, 1287, -1,
      1224, 1287, 1223, -1,
      1223, 1287, 1288, -1,
      1223, 1288, 1222, -1,
      1222, 1288, 1289, -1,
      1222, 1289, 1221, -1,
      1221, 1289, 1290, -1,
      1221, 1290, 1220, -1,
      1220, 1290, 1291, -1,
      1220, 1291, 1281, -1,
      1230, 1292, 1229, -1,
      1229, 1292, 1293, -1,
      1229, 1293, 1228, -1,
      1228, 1293, 1294, -1,
      1228, 1294, 1227, -1,
      1227, 1294, 1295, -1,
      1227, 1295, 1226, -1,
      1226, 1295, 1296, -1,
      1226, 1296, 1225, -1,
      1225, 1296, 1297, -1,
      1225, 1297, 1286, -1,
      1234, 1298, 1233, -1,
      1233, 1298, 1299, -1,
      1233, 1299, 1232, -1,
      1232, 1299, 1300, -1,
      1232, 1300, 1231, -1,
      1231, 1300, 1301, -1,
      1231, 1301, 1230, -1,
      1230, 1301, 1302, -1,
      1230, 1302, 1292, -1,
      1244, 1303, 1243, -1,
      1243, 1303, 1304, -1,
      1243, 1304, 1242, -1,
      1242, 1304, 1305, -1,
      1242, 1305, 1241, -1,
      1241, 1305, 1306, -1,
      1241, 1306, 1240, -1,
      1240, 1306, 1307, -1,
      1240, 1307, 1239, -1,
      1239, 1307, 1308, -1,
      1239, 1308, 1238, -1,
      1238, 1308, 1309, -1,
      1238, 1309, 1237, -1,
      1237, 1309, 1310, -1,
      1237, 1310, 1236, -1,
      1236, 1310, 1311, -1,
      1236, 1311, 1235, -1,
      1235, 1311, 1312, -1,
      1235, 1312, 1234, -1,
      1234, 1312, 1313, -1,
      1234, 1313, 1298, -1,
      1248, 1314, 1247, -1,
      1247, 1314, 1315, -1,
      1247, 1315, 1246, -1,
      1246, 1315, 1316, -1,
      1246, 1316, 1245, -1,
      1245, 1316, 1317, -1,
      1245, 1317, 1244, -1,
      1244, 1317, 1318, -1,
      1244, 1318, 1303, -1,
      1252, 1319, 1251, -1,
      1251, 1319, 1320, -1,
      1251, 1320, 1250, -1,
      1250, 1320, 1321, -1,
      1250, 1321, 1249, -1,
      1249, 1321, 1322, -1,
      1249, 1322, 1248, -1,
      1248, 1322, 1323, -1,
      1248, 1323, 1314, -1,
      1257, 1324, 1256, -1,
      1256, 1324, 1325, -1,
      1256, 1325, 1255, -1,
      1255, 1325, 1326, -1,
      1255, 1326, 1254, -1,
      1254, 1326, 1327, -1,
      1254, 1327, 1253, -1,
      1253, 1327, 1328, -1,
      1253, 1328, 1252, -1,
      1252, 1328, 1329, -1,
      1252, 1329, 1319, -1,
      1262, 1330, 1261, -1,
      1261, 1330, 1331, -1,
      1261, 1331, 1260, -1,
      1260, 1331, 1332, -1,
      1260, 1332, 1259, -1,
      1259, 1332, 1333, -1,
      1259, 1333, 1258, -1,
      1258, 1333, 1334, -1,
      1258, 1334, 1257, -1,
      1257, 1334, 1335, -1,
      1257, 1335, 1324, -1,
      1266, 1336, 1265, -1,
      1265, 1336, 1337, -1,
      1265, 1337, 1264, -1,
      1264, 1337, 1338, -1,
      1264, 1338, 1263, -1,
      1263, 1338, 1339, -1,
      1263, 1339, 1262, -1,
      1262, 1339, 1340, -1,
      1262, 1340, 1330, -1,
      27, 28, 1269, -1,
      1269, 28, 1341, -1,
      1269, 1341, 1268, -1,
      1268, 1341, 1342, -1,
      1268, 1342, 1267, -1,
      1267, 1342, 1343, -1,
      1267, 1343, 1266, -1,
      1266, 1343, 1344, -1,
      1266, 1344, 1336, -1,
      30, 31, 1345, -1,
      31, 41, 1346, -1,
      41, 42, 1347, -1,
      42, 43, 1348, -1,
      43, 44, 1349, -1,
      44, 45, 1275, -1,
      44, 1275, 1349, -1,
      1349, 1275, 1274, -1,
      1349, 1274, 1350, -1,
      1274, 1273, 1350, -1,
      1350, 1273, 1272, -1,
      1350, 1272, 1351, -1,
      1272, 1271, 1351, -1,
      1351, 1271, 1270, -1,
      1351, 1270, 1352, -1,
      1352, 1270, 1280, -1,
      1352, 1280, 1353, -1,
      1280, 1279, 1353, -1,
      1353, 1279, 1278, -1,
      1353, 1278, 1354, -1,
      1278, 1277, 1354, -1,
      1354, 1277, 1276, -1,
      1354, 1276, 1355, -1,
      1355, 1276, 1285, -1,
      1355, 1285, 1356, -1,
      1356, 1285, 1284, -1,
      1356, 1284, 1357, -1,
      1357, 1284, 1283, -1,
      1283, 1282, 1357, -1,
      1357, 1282, 1281, -1,
      1357, 1281, 1358, -1,
      1358, 1281, 1291, -1,
      1358, 1291, 1359, -1,
      1359, 1291, 1290, -1,
      1359, 1290, 1360, -1,
      1360, 1290, 1289, -1,
      1289, 1288, 1360, -1,
      1360, 1288, 1287, -1,
      1360, 1287, 1361, -1,
      1287, 1286, 1361, -1,
      1361, 1286, 1297, -1,
      1361, 1297, 1362, -1,
      1362, 1297, 1296, -1,
      1362, 1296, 1363, -1,
      1296, 1295, 1363, -1,
      1363, 1295, 1294, -1,
      1363, 1294, 1364, -1,
      1294, 1293, 1364, -1,
      1364, 1293, 1292, -1,
      1364, 1292, 1365, -1,
      1365, 1292, 1302, -1,
      1365, 1302, 1366, -1,
      1366, 1302, 1301, -1,
      1366, 1301, 1367, -1,
      1367, 1301, 1300, -1,
      1300, 1299, 1367, -1,
      1367, 1299, 1298, -1,
      1367, 1298, 1368, -1,
      1368, 1298, 1313, -1,
      1368, 1313, 1369, -1,
      1369, 1313, 1312, -1,
      1369, 1312, 1370, -1,
      1370, 1312, 1311, -1,
      1311, 1310, 1370, -1,
      1370, 1310, 1309, -1,
      1370, 1309, 1371, -1,
      1371, 1309, 1308, -1,
      1371, 1308, 1372, -1,
      1372, 1308, 1307, -1,
      1372, 1307, 1373, -1,
      1307, 1306, 1373, -1,
      1373, 1306, 1305, -1,
      1373, 1305, 1374, -1,
      1305, 1304, 1374, -1,
      1374, 1304, 1303, -1,
      1374, 1303, 1375, -1,
      1375, 1303, 1318, -1,
      1375, 1318, 1376, -1,
      1318, 1317, 1376, -1,
      1376, 1317, 1316, -1,
      1376, 1316, 1377, -1,
      1316, 1315, 1377, -1,
      1377, 1315, 1314, -1,
      1377, 1314, 1378, -1,
      1378, 1314, 1323, -1,
      1378, 1323, 1379, -1,
      1379, 1323, 1322, -1,
      1379, 1322, 1380, -1,
      1380, 1322, 1321, -1,
      1321, 1320, 1380, -1,
      1380, 1320, 1319, -1,
      1380, 1319, 1381, -1,
      1381, 1319, 1329, -1,
      1381, 1329, 1382, -1,
      1329, 1328, 1382, -1,
      1382, 1328, 1327, -1,
      1382, 1327, 1383, -1,
      1327, 1326, 1383, -1,
      1383, 1326, 1325, -1,
      1383, 1325, 1384, -1,
      1325, 1324, 1384, -1,
      1384, 1324, 1335, -1,
      1384, 1335, 1385, -1,
      1385, 1335, 1334, -1,
      1385, 1334, 1386, -1,
      1334, 1333, 1386, -1,
      1386, 1333, 1332, -1,
      1386, 1332, 1387, -1,
      1332, 1331, 1387, -1,
      1387, 1331, 1330, -1,
      1387, 1330, 1388, -1,
      1388, 1330, 1340, -1,
      1388, 1340, 1389, -1,
      1389, 1340, 1339, -1,
      1389, 1339, 1390, -1,
      1390, 1339, 1338, -1,
      1338, 1337, 1390, -1,
      1390, 1337, 1336, -1,
      1390, 1336, 1391, -1,
      1391, 1336, 1344, -1,
      1391, 1344, 1392, -1,
      1392, 1344, 1343, -1,
      1392, 1343, 1393, -1,
      1393, 1343, 1342, -1,
      1342, 1341, 1393, -1,
      1393, 1341, 28, -1,
      1393, 28, 0, -1,
      43, 1349, 1348, -1,
      1348, 1349, 1350, -1,
      1348, 1350, 1394, -1,
      1394, 1350, 1351, -1,
      1394, 1351, 1395, -1,
      1395, 1351, 1352, -1,
      1395, 1352, 1396, -1,
      1396, 1352, 1353, -1,
      1396, 1353, 1397, -1,
      1397, 1353, 1354, -1,
      1397, 1354, 1398, -1,
      1398, 1354, 1355, -1,
      1398, 1355, 1399, -1,
      1399, 1355, 1356, -1,
      1399, 1356, 1400, -1,
      1400, 1356, 1357, -1,
      1400, 1357, 1401, -1,
      1401, 1357, 1358, -1,
      1401, 1358, 1402, -1,
      1402, 1358, 1359, -1,
      1402, 1359, 1403, -1,
      1403, 1359, 1360, -1,
      1403, 1360, 1404, -1,
      1404, 1360, 1361, -1,
      1404, 1361, 1405, -1,
      1405, 1361, 1362, -1,
      1405, 1362, 1406, -1,
      1406, 1362, 1363, -1,
      1406, 1363, 1407, -1,
      1407, 1363, 1364, -1,
      1407, 1364, 1408, -1,
      1408, 1364, 1365, -1,
      1408, 1365, 1409, -1,
      1409, 1365, 1366, -1,
      1409, 1366, 1410, -1,
      1410, 1366, 1367, -1,
      1410, 1367, 1411, -1,
      1411, 1367, 1368, -1,
      1411, 1368, 1412, -1,
      1412, 1368, 1369, -1,
      1412, 1369, 1413, -1,
      1413, 1369, 1370, -1,
      1413, 1370, 1414, -1,
      1414, 1370, 1371, -1,
      1414, 1371, 1415, -1,
      1415, 1371, 1372, -1,
      1415, 1372, 1416, -1,
      1416, 1372, 1373, -1,
      1416, 1373, 1417, -1,
      1417, 1373, 1374, -1,
      1417, 1374, 1418, -1,
      1418, 1374, 1375, -1,
      1418, 1375, 1419, -1,
      1419, 1375, 1376, -1,
      1419, 1376, 1420, -1,
      1420, 1376, 1377, -1,
      1420, 1377, 1421, -1,
      1421, 1377, 1378, -1,
      1421, 1378, 1422, -1,
      1422, 1378, 1379, -1,
      1422, 1379, 1423, -1,
      1423, 1379, 1380, -1,
      1423, 1380, 1424, -1,
      1424, 1380, 1381, -1,
      1424, 1381, 1425, -1,
      1425, 1381, 1382, -1,
      1425, 1382, 1426, -1,
      1426, 1382, 1383, -1,
      1426, 1383, 1427, -1,
      1427, 1383, 1384, -1,
      1427, 1384, 1428, -1,
      1428, 1384, 1385, -1,
      1428, 1385, 1429, -1,
      1429, 1385, 1386, -1,
      1429, 1386, 1430, -1,
      1430, 1386, 1387, -1,
      1430, 1387, 1431, -1,
      1431, 1387, 1388, -1,
      1431, 1388, 1432, -1,
      1432, 1388, 1389, -1,
      1432, 1389, 1433, -1,
      1433, 1389, 1390, -1,
      1433, 1390, 1434, -1,
      1434, 1390, 1391, -1,
      1434, 1391, 1435, -1,
      1435, 1391, 1392, -1,
      1435, 1392, 1436, -1,
      1436, 1392, 1393, -1,
      1436, 1393, 1437, -1,
      1437, 1393, 0, -1,
      1437, 0, 1, -1,
      42, 1348, 1347, -1,
      1347, 1348, 1394, -1,
      1347, 1394, 1438, -1,
      1438, 1394, 1395, -1,
      1438, 1395, 1439, -1,
      1439, 1395, 1396, -1,
      1439, 1396, 1440, -1,
      1440, 1396, 1397, -1,
      1440, 1397, 1441, -1,
      1441, 1397, 1398, -1,
      1441, 1398, 1442, -1,
      1442, 1398, 1399, -1,
      1442, 1399, 1443, -1,
      1443, 1399, 1400, -1,
      1443, 1400, 1444, -1,
      1444, 1400, 1401, -1,
      1444, 1401, 1445, -1,
      1445, 1401, 1402, -1,
      1445, 1402, 1446, -1,
      1446, 1402, 1403, -1,
      1446, 1403, 1447, -1,
      1447, 1403, 1404, -1,
      1447, 1404, 1448, -1,
      1448, 1404, 1405, -1,
      1448, 1405, 1449, -1,
      1449, 1405, 1406, -1,
      1449, 1406, 1450, -1,
      1450, 1406, 1407, -1,
      1450, 1407, 1451, -1,
      1451, 1407, 1408, -1,
      1451, 1408, 1452, -1,
      1452, 1408, 1409, -1,
      1452, 1409, 1453, -1,
      1453, 1409, 1410, -1,
      1453, 1410, 1454, -1,
      1454, 1410, 1411, -1,
      1454, 1411, 1455, -1,
      1455, 1411, 1412, -1,
      1455, 1412, 1456, -1,
      1456, 1412, 1413, -1,
      1456, 1413, 1457, -1,
      1457, 1413, 1414, -1,
      1457, 1414, 1458, -1,
      1458, 1414, 1415, -1,
      1458, 1415, 1459, -1,
      1459, 1415, 1416, -1,
      1459, 1416, 1460, -1,
      1460, 1416, 1417, -1,
      1460, 1417, 1461, -1,
      1461, 1417, 1418, -1,
      1461, 1418, 1462, -1,
      1462, 1418, 1419, -1,
      1462, 1419, 1463, -1,
      1463, 1419, 1420, -1,
      1463, 1420, 1464, -1,
      1464, 1420, 1421, -1,
      1464, 1421, 1465, -1,
      1465, 1421, 1422, -1,
      1465, 1422, 1466, -1,
      1466, 1422, 1423, -1,
      1466, 1423, 1467, -1,
      1467, 1423, 1424, -1,
      1467, 1424, 1468, -1,
      1468, 1424, 1425, -1,
      1468, 1425, 1469, -1,
      1469, 1425, 1426, -1,
      1469, 1426, 1470, -1,
      1470, 1426, 1427, -1,
      1470, 1427, 1471, -1,
      1471, 1427, 1428, -1,
      1471, 1428, 1472, -1,
      1472, 1428, 1429, -1,
      1472, 1429, 1473, -1,
      1473, 1429, 1430, -1,
      1473, 1430, 1474, -1,
      1474, 1430, 1431, -1,
      1474, 1431, 1475, -1,
      1475, 1431, 1432, -1,
      1475, 1432, 1476, -1,
      1476, 1432, 1433, -1,
      1476, 1433, 1477, -1,
      1477, 1433, 1434, -1,
      1477, 1434, 1478, -1,
      1478, 1434, 1435, -1,
      1478, 1435, 1479, -1,
      1479, 1435, 1436, -1,
      1479, 1436, 1480, -1,
      1480, 1436, 1437, -1,
      1480, 1437, 1481, -1,
      1481, 1437, 1, -1,
      1481, 1, 2, -1,
      41, 1347, 1346, -1,
      1346, 1347, 1438, -1,
      1346, 1438, 1482, -1,
      1482, 1438, 1439, -1,
      1482, 1439, 1483, -1,
      1483, 1439, 1440, -1,
      1483, 1440, 1484, -1,
      1484, 1440, 1441, -1,
      1484, 1441, 1485, -1,
      1485, 1441, 1442, -1,
      1485, 1442, 1486, -1,
      1486, 1442, 1443, -1,
      1486, 1443, 1487, -1,
      1487, 1443, 1444, -1,
      1487, 1444, 1488, -1,
      1488, 1444, 1445, -1,
      1488, 1445, 1489, -1,
      1489, 1445, 1446, -1,
      1489, 1446, 1490, -1,
      1490, 1446, 1447, -1,
      1490, 1447, 1491, -1,
      1491, 1447, 1448, -1,
      1491, 1448, 1492, -1,
      1492, 1448, 1449, -1,
      1492, 1449, 1493, -1,
      1493, 1449, 1450, -1,
      1493, 1450, 1494, -1,
      1494, 1450, 1451, -1,
      1494, 1451, 1495, -1,
      1495, 1451, 1452, -1,
      1495, 1452, 1496, -1,
      1496, 1452, 1453, -1,
      1496, 1453, 1497, -1,
      1497, 1453, 1454, -1,
      1497, 1454, 1498, -1,
      1498, 1454, 1455, -1,
      1498, 1455, 1499, -1,
      1499, 1455, 1456, -1,
      1499, 1456, 1500, -1,
      1500, 1456, 1457, -1,
      1500, 1457, 1501, -1,
      1501, 1457, 1458, -1,
      1501, 1458, 1502, -1,
      1502, 1458, 1459, -1,
      1502, 1459, 1503, -1,
      1503, 1459, 1460, -1,
      1503, 1460, 1504, -1,
      1504, 1460, 1461, -1,
      1504, 1461, 1505, -1,
      1505, 1461, 1462, -1,
      1505, 1462, 1506, -1,
      1506, 1462, 1463, -1,
      1506, 1463, 1507, -1,
      1507, 1463, 1464, -1,
      1507, 1464, 1508, -1,
      1508, 1464, 1465, -1,
      1508, 1465, 1509, -1,
      1509, 1465, 1466, -1,
      1509, 1466, 1510, -1,
      1510, 1466, 1467, -1,
      1510, 1467, 1511, -1,
      1511, 1467, 1468, -1,
      1511, 1468, 1512, -1,
      1512, 1468, 1469, -1,
      1512, 1469, 1513, -1,
      1513, 1469, 1470, -1,
      1513, 1470, 1514, -1,
      1514, 1470, 1471, -1,
      1514, 1471, 1515, -1,
      1515, 1471, 1472, -1,
      1515, 1472, 1516, -1,
      1516, 1472, 1473, -1,
      1516, 1473, 1517, -1,
      1517, 1473, 1474, -1,
      1517, 1474, 1518, -1,
      1518, 1474, 1475, -1,
      1518, 1475, 1519, -1,
      1519, 1475, 1476, -1,
      1519, 1476, 1520, -1,
      1520, 1476, 1477, -1,
      1520, 1477, 1521, -1,
      1521, 1477, 1478, -1,
      1521, 1478, 1522, -1,
      1522, 1478, 1479, -1,
      1522, 1479, 1523, -1,
      1523, 1479, 1480, -1,
      1523, 1480, 1524, -1,
      1524, 1480, 1481, -1,
      1524, 1481, 1525, -1,
      1525, 1481, 2, -1,
      1525, 2, 3, -1,
      31, 1346, 1345, -1,
      1345, 1346, 1482, -1,
      1345, 1482, 1526, -1,
      1526, 1482, 1483, -1,
      1526, 1483, 1527, -1,
      1527, 1483, 1484, -1,
      1527, 1484, 1528, -1,
      1528, 1484, 1485, -1,
      1528, 1485, 1529, -1,
      1529, 1485, 1486, -1,
      1529, 1486, 1530, -1,
      1530, 1486, 1487, -1,
      1530, 1487, 1531, -1,
      1531, 1487, 1488, -1,
      1531, 1488, 1532, -1,
      1532, 1488, 1489, -1,
      1532, 1489, 1533, -1,
      1533, 1489, 1490, -1,
      1533, 1490, 1534, -1,
      1534, 1490, 1491, -1,
      1534, 1491, 1535, -1,
      1535, 1491, 1492, -1,
      1535, 1492, 1536, -1,
      1536, 1492, 1493, -1,
      1536, 1493, 1537, -1,
      1537, 1493, 1494, -1,
      1537, 1494, 1538, -1,
      1538, 1494, 1495, -1,
      1538, 1495, 1539, -1,
      1539, 1495, 1496, -1,
      1539, 1496, 1540, -1,
      1540, 1496, 1497, -1,
      1540, 1497, 1541, -1,
      1541, 1497, 1498, -1,
      1541, 1498, 1542, -1,
      1542, 1498, 1499, -1,
      1542, 1499, 1543, -1,
      1543, 1499, 1500, -1,
      1543, 1500, 1544, -1,
      1544, 1500, 1501, -1,
      1544, 1501, 1545, -1,
      1545, 1501, 1502, -1,
      1545, 1502, 1546, -1,
      1546, 1502, 1503, -1,
      1546, 1503, 1547, -1,
      1547, 1503, 1504, -1,
      1547, 1504, 1548, -1,
      1548, 1504, 1505, -1,
      1548, 1505, 1549, -1,
      1549, 1505, 1506, -1,
      1549, 1506, 1550, -1,
      1550, 1506, 1507, -1,
      1550, 1507, 1551, -1,
      1551, 1507, 1508, -1,
      1551, 1508, 1552, -1,
      1552, 1508, 1509, -1,
      1552, 1509, 1553, -1,
      1553, 1509, 1510, -1,
      1553, 1510, 1554, -1,
      1554, 1510, 1511, -1,
      1554, 1511, 1555, -1,
      1555, 1511, 1512, -1,
      1555, 1512, 1556, -1,
      1556, 1512, 1513, -1,
      1556, 1513, 1557, -1,
      1557, 1513, 1514, -1,
      1557, 1514, 1558, -1,
      1558, 1514, 1515, -1,
      1558, 1515, 1559, -1,
      1559, 1515, 1516, -1,
      1559, 1516, 1560, -1,
      1560, 1516, 1517, -1,
      1560, 1517, 1561, -1,
      1561, 1517, 1518, -1,
      1561, 1518, 1562, -1,
      1562, 1518, 1519, -1,
      1562, 1519, 1563, -1,
      1563, 1519, 1520, -1,
      1563, 1520, 1564, -1,
      1564, 1520, 1521, -1,
      1564, 1521, 1565, -1,
      1565, 1521, 1522, -1,
      1565, 1522, 1566, -1,
      1566, 1522, 1523, -1,
      1566, 1523, 1567, -1,
      1567, 1523, 1524, -1,
      1567, 1524, 1568, -1,
      1568, 1524, 1525, -1,
      1568, 1525, 1569, -1,
      1569, 1525, 3, -1,
      1569, 3, 4, -1,
      30, 1345, 1570, -1,
      1570, 1345, 1526, -1,
      1570, 1526, 1571, -1,
      1571, 1526, 1527, -1,
      1571, 1527, 1572, -1,
      1572, 1527, 1528, -1,
      1572, 1528, 1573, -1,
      1573, 1528, 1529, -1,
      1573, 1529, 1574, -1,
      1574, 1529, 1530, -1,
      1574, 1530, 1575, -1,
      1575, 1530, 1531, -1,
      1575, 1531, 1576, -1,
      1576, 1531, 1532, -1,
      1576, 1532, 1577, -1,
      1577, 1532, 1533, -1,
      1577, 1533, 1578, -1,
      1578, 1533, 1534, -1,
      1578, 1534, 1579, -1,
      1579, 1534, 1535, -1,
      1579, 1535, 1580, -1,
      1580, 1535, 1536, -1,
      1580, 1536, 1581, -1,
      1581, 1536, 1537, -1,
      1581, 1537, 1582, -1,
      1582, 1537, 1538, -1,
      1582, 1538, 1583, -1,
      1583, 1538, 1539, -1,
      1583, 1539, 1584, -1,
      1584, 1539, 1540, -1,
      1584, 1540, 1585, -1,
      1585, 1540, 1541, -1,
      1585, 1541, 1586, -1,
      1586, 1541, 1542, -1,
      1586, 1542, 1587, -1,
      1587, 1542, 1543, -1,
      1587, 1543, 1588, -1,
      1588, 1543, 1544, -1,
      1588, 1544, 1589, -1,
      1589, 1544, 1545, -1,
      1589, 1545, 1590, -1,
      1590, 1545, 1546, -1,
      1590, 1546, 1591, -1,
      1591, 1546, 1547, -1,
      1591, 1547, 1592, -1,
      1592, 1547, 1548, -1,
      1592, 1548, 1593, -1,
      1593, 1548, 1549, -1,
      1593, 1549, 1594, -1,
      1594, 1549, 1550, -1,
      1594, 1550, 1595, -1,
      1595, 1550, 1551, -1,
      1595, 1551, 1596, -1,
      1596, 1551, 1552, -1,
      1596, 1552, 1597, -1,
      1597, 1552, 1553, -1,
      1597, 1553, 1598, -1,
      1598, 1553, 1554, -1,
      1598, 1554, 1599, -1,
      1599, 1554, 1555, -1,
      1599, 1555, 1600, -1,
      1600, 1555, 1556, -1,
      1600, 1556, 1601, -1,
      1601, 1556, 1557, -1,
      1601, 1557, 1602, -1,
      1602, 1557, 1558, -1,
      1602, 1558, 1603, -1,
      1603, 1558, 1559, -1,
      1603, 1559, 1604, -1,
      1604, 1559, 1560, -1,
      1604, 1560, 1605, -1,
      1605, 1560, 1561, -1,
      1605, 1561, 1606, -1,
      1606, 1561, 1562, -1,
      1606, 1562, 1607, -1,
      1607, 1562, 1563, -1,
      1607, 1563, 1608, -1,
      1608, 1563, 1564, -1,
      1608, 1564, 1609, -1,
      1609, 1564, 1565, -1,
      1609, 1565, 1610, -1,
      1610, 1565, 1566, -1,
      1610, 1566, 1611, -1,
      1611, 1566, 1567, -1,
      1611, 1567, 1612, -1,
      1612, 1567, 1568, -1,
      1612, 1568, 1613, -1,
      1613, 1568, 1569, -1,
      1613, 1569, 1614, -1,
      1614, 1569, 4, -1,
      1614, 4, 5, -1,
      70, 1598, 69, -1,
      69, 1598, 1599, -1,
      69, 1599, 68, -1,
      83, 84, 1571, -1,
      71, 1596, 70, -1,
      70, 1596, 1597, -1,
      70, 1597, 1598, -1,
      1571, 84, 1570, -1,
      1570, 84, 29, -1,
      1570, 29, 30, -1,
      67, 1603, 66, -1,
      66, 1603, 1604, -1,
      66, 1604, 60, -1,
      76, 1588, 75, -1,
      75, 1588, 1589, -1,
      75, 1589, 74, -1,
      5, 6, 1614, -1,
      1614, 6, 62, -1,
      64, 1611, 63, -1,
      63, 1611, 1612, -1,
      63, 1612, 62, -1,
      62, 1612, 1613, -1,
      62, 1613, 1614, -1,
      65, 1609, 64, -1,
      64, 1609, 1610, -1,
      64, 1610, 1611, -1,
      1604, 1605, 60, -1,
      60, 1605, 1606, -1,
      60, 1606, 61, -1,
      61, 1606, 1607, -1,
      61, 1607, 65, -1,
      65, 1607, 1608, -1,
      65, 1608, 1609, -1,
      1599, 1600, 68, -1,
      68, 1600, 1601, -1,
      68, 1601, 67, -1,
      67, 1601, 1602, -1,
      67, 1602, 1603, -1,
      73, 1593, 72, -1,
      72, 1593, 1594, -1,
      72, 1594, 71, -1,
      71, 1594, 1595, -1,
      71, 1595, 1596, -1,
      79, 1583, 78, -1,
      78, 1583, 1584, -1,
      78, 1584, 77, -1,
      1589, 1590, 74, -1,
      74, 1590, 1591, -1,
      74, 1591, 73, -1,
      73, 1591, 1592, -1,
      73, 1592, 1593, -1,
      1584, 1585, 77, -1,
      77, 1585, 1586, -1,
      77, 1586, 76, -1,
      76, 1586, 1587, -1,
      76, 1587, 1588, -1,
      59, 1580, 80, -1,
      80, 1580, 1581, -1,
      80, 1581, 79, -1,
      79, 1581, 1582, -1,
      79, 1582, 1583, -1,
      1571, 1572, 83, -1,
      83, 1572, 1573, -1,
      83, 1573, 82, -1,
      58, 1578, 59, -1,
      59, 1578, 1579, -1,
      59, 1579, 1580, -1,
      1573, 1574, 82, -1,
      82, 1574, 1575, -1,
      82, 1575, 81, -1,
      81, 1575, 1576, -1,
      81, 1576, 58, -1,
      58, 1576, 1577, -1,
      58, 1577, 1578, -1,
    ]
  }
}

Shape {
  appearance Appearance {
    material Material {
      diffuseColor 1.0000 1.0000 1.0000
      specularColor 0.8784 0.8784 0.8784
      ambientIntensity 0.2
      transparency 0.0000
      shininess 0.5
    }
  }
  geometry IndexedFaceSet {
    ccw TRUE
    solid FALSE
    coord DEF co Coordinate {
      point [
        -0.011365 0.019685 -0.039370,
        -0.885608 0.019685 -0.039370,
        0.425756 0.776802 -0.039370,
        0.022730 0.000000 -0.039370,
        0.459852 -0.757117 -0.039370,
        0.459852 0.757117 -0.039370,
        0.425756 -0.776802 -0.039370,
        -0.011365 -0.019685 -0.039370,
        -0.885608 -0.019685 -0.039370,
        -0.885827 0.000000 -0.039370,
        0.437203 0.779886 -0.039370,
        0.431346 0.779173 -0.039370,
        0.425866 0.776991 -0.039370,
        0.443047 0.779081 -0.039370,
        0.448493 0.776813 -0.039370,
        0.453181 0.773231 -0.039370,
        0.459961 0.757306 -0.039370,
        0.459111 0.763144 -0.039370,
        0.456800 0.768572 -0.039370,
        -0.897475 0.002673 -0.039370,
        -0.896204 0.007865 -0.039370,
        -0.885827 0.019685 -0.039370,
        -0.890207 0.016622 -0.039370,
        -0.893734 0.012605 -0.039370,
        -0.893734 -0.012605 -0.039370,
        -0.896204 -0.007865 -0.039370,
        -0.897475 -0.002673 -0.039370,
        -0.885827 -0.019685 -0.039370,
        -0.890207 -0.016622 -0.039370,
        -0.885827 0.019685 -0.078740,
        -0.890207 0.016622 -0.078740,
        -0.893734 0.012605 -0.078740,
        -0.896204 0.007865 -0.078740,
        -0.897475 0.002673 -0.078740,
        -0.897475 -0.002673 -0.078740,
        -0.896204 -0.007865 -0.078740,
        -0.893734 -0.012605 -0.078740,
        -0.890207 -0.016622 -0.078740,
        -0.885827 -0.019685 -0.078740,
        -0.011365 0.019685 -0.078740,
        0.425866 0.776991 -0.078740,
        0.459961 0.757306 -0.078740,
        0.459111 0.763144 -0.078740,
        0.456800 0.768572 -0.078740,
        0.453181 0.773231 -0.078740,
        0.448493 0.776813 -0.078740,
        0.443047 0.779081 -0.078740,
        0.437203 0.779886 -0.078740,
        0.431346 0.779173 -0.078740,
        0.022730 0.000000 -0.078740,
        0.459961 -0.757306 -0.078740,
        0.459961 -0.757306 -0.039370,
        0.425866 -0.776991 -0.078740,
        0.425866 -0.776991 -0.039370,
        0.429600 -0.780348 -0.078740,
        0.429600 -0.780348 -0.039370,
        0.434051 -0.782672 -0.078740,
        0.434051 -0.782672 -0.039370,
        0.438940 -0.783816 -0.078740,
        0.438940 -0.783816 -0.039370,
        0.443960 -0.783709 -0.078740,
        0.443960 -0.783709 -0.039370,
        0.448796 -0.782358 -0.078740,
        0.448796 -0.782358 -0.039370,
        0.453144 -0.779848 -0.078740,
        0.453144 -0.779848 -0.039370,
        0.456732 -0.776335 -0.078740,
        0.456732 -0.776335 -0.039370,
        0.459335 -0.772041 -0.078740,
        0.459335 -0.772041 -0.039370,
        0.460788 -0.767235 -0.078740,
        0.460788 -0.767235 -0.039370,
        0.461002 -0.762218 -0.078740,
        0.461002 -0.762218 -0.039370,
        -0.011365 -0.019685 -0.078740,
      ]
    }
    coordIndex [
      10, 2, 11, -1,
      11, 2, 12, -1,
      10, 13, 2, -1,
      2, 13, 14, -1,
      2, 14, 15, -1,
      16, 5, 17, -1,
      17, 5, 2, -1,
      17, 2, 18, -1,
      18, 2, 15, -1,
      9, 19, 20, -1,
      21, 1, 22, -1,
      22, 1, 9, -1,
      22, 9, 23, -1,
      23, 9, 20, -1,
      24, 25, 9, -1,
      9, 25, 26, -1,
      9, 26, 19, -1,
      8, 27, 9, -1,
      9, 27, 28, -1,
      9, 28, 24, -1,
      29, 21, 30, -1,
      30, 21, 22, -1,
      30, 22, 31, -1,
      31, 22, 23, -1,
      31, 23, 32, -1,
      32, 23, 20, -1,
      32, 20, 33, -1,
      33, 20, 19, -1,
      33, 19, 34, -1,
      34, 19, 26, -1,
      34, 26, 35, -1,
      35, 26, 25, -1,
      35, 25, 36, -1,
      36, 25, 24, -1,
      36, 24, 37, -1,
      37, 24, 28, -1,
      37, 28, 38, -1,
      38, 28, 27, -1,
      21, 29, 1, -1,
      1, 29, 39, -1,
      1, 39, 0, -1,
      0, 39, 2, -1,
      2, 39, 40, -1,
      2, 40, 12, -1,
      41, 16, 42, -1,
      42, 16, 17, -1,
      42, 17, 43, -1,
      43, 17, 18, -1,
      43, 18, 44, -1,
      44, 18, 15, -1,
      44, 15, 45, -1,
      45, 15, 14, -1,
      45, 14, 46, -1,
      46, 14, 13, -1,
      46, 13, 47, -1,
      47, 13, 10, -1,
      47, 10, 48, -1,
      48, 10, 11, -1,
      48, 11, 40, -1,
      40, 11, 12, -1,
      16, 41, 5, -1,
      5, 41, 49, -1,
      5, 49, 3, -1,
      3, 49, 4, -1,
      4, 49, 50, -1,
      4, 50, 51, -1,
      52, 53, 54, -1,
      54, 53, 55, -1,
      54, 55, 56, -1,
      56, 55, 57, -1,
      56, 57, 58, -1,
      58, 57, 59, -1,
      58, 59, 60, -1,
      60, 59, 61, -1,
      60, 61, 62, -1,
      62, 61, 63, -1,
      62, 63, 64, -1,
      64, 63, 65, -1,
      64, 65, 66, -1,
      66, 65, 67, -1,
      66, 67, 68, -1,
      68, 67, 69, -1,
      68, 69, 70, -1,
      70, 69, 71, -1,
      70, 71, 72, -1,
      72, 71, 73, -1,
      72, 73, 50, -1,
      50, 73, 51, -1,
      53, 52, 6, -1,
      6, 52, 74, -1,
      6, 74, 7, -1,
      7, 74, 8, -1,
      8, 74, 38, -1,
      8, 38, 27, -1,
      32, 33, 49, -1,
      37, 38, 74, -1,
      42, 43, 39, -1,
      33, 34, 49, -1,
      49, 34, 35, -1,
      49, 35, 36, -1,
      54, 68, 52, -1,
      52, 68, 70, -1,
      43, 44, 39, -1,
      39, 44, 45, -1,
      39, 45, 46, -1,
      46, 47, 39, -1,
      39, 47, 48, -1,
      39, 48, 40, -1,
      29, 30, 49, -1,
      49, 30, 31, -1,
      49, 31, 32, -1,
      54, 56, 68, -1,
      68, 56, 58, -1,
      68, 58, 60, -1,
      60, 62, 68, -1,
      68, 62, 64, -1,
      68, 64, 66, -1,
      36, 37, 49, -1,
      49, 37, 74, -1,
      49, 74, 50, -1,
      50, 74, 52, -1,
      50, 52, 72, -1,
      72, 52, 70, -1,
      29, 49, 39, -1,
      39, 49, 41, -1,
      39, 41, 42, -1,
      6, 4, 51, -1,
      51, 73, 6, -1,
      6, 73, 71, -1,
      6, 71, 69, -1,
      69, 67, 65, -1,
      65, 63, 69, -1,
      69, 63, 61, -1,
      69, 61, 59, -1,
      53, 6, 55, -1,
      55, 6, 69, -1,
      55, 69, 57, -1,
      57, 69, 59, -1,
    ]
  }
}

Shape {
  appearance Appearance {
    material Material {
      diffuseColor 0.7686 0.7686 0.7686
      specularColor 0.6157 0.6157 0.6157
      ambientIntensity 0.2
      transparency 0.0000
      shininess 0.5
    }
  }
  geometry IndexedFaceSet {
    ccw TRUE
    solid FALSE
    coord DEF co Coordinate {
      point [
        -0.457192 0.112278 -4.370078,
        -0.461557 0.114086 -4.370078,
        -0.492126 0.118110 -4.370078,
        -0.522695 0.114086 -4.370078,
        -0.527060 0.112278 -4.370078,
        -0.551181 0.102287 -4.370078,
        -0.575643 0.083517 -4.370078,
        -0.594413 0.059055 -4.370078,
        -0.606212 0.030569 -4.370078,
        -0.610236 0.000000 -4.370078,
        -0.606212 -0.030569 -4.370078,
        -0.600917 -0.043353 -4.370078,
        -0.594413 -0.059055 -4.370078,
        -0.575643 -0.083517 -4.370078,
        -0.551181 -0.102287 -4.370078,
        -0.522695 -0.114086 -4.370078,
        -0.492126 -0.118110 -4.370078,
        -0.461557 -0.114086 -4.370078,
        -0.433071 -0.102287 -4.370078,
        -0.383335 -0.043353 -4.370078,
        -0.389839 -0.059055 -4.370078,
        -0.408609 -0.083517 -4.370078,
        -0.378040 -0.030569 -4.370078,
        -0.374016 0.000000 -4.370078,
        -0.378040 0.030569 -4.370078,
        -0.389839 0.059055 -4.370078,
        -0.408609 0.083517 -4.370078,
        -0.433071 0.102287 -4.370078,
        0.433071 0.102287 -4.370078,
        0.408609 0.083517 -4.370078,
        0.374016 0.000000 -4.370078,
        0.378040 0.030569 -4.370078,
        0.389839 0.059055 -4.370078,
        0.527060 0.112278 -4.370078,
        0.522695 0.114086 -4.370078,
        0.492126 0.118110 -4.370078,
        0.461557 0.114086 -4.370078,
        0.457192 0.112278 -4.370078,
        0.606212 -0.030569 -4.370078,
        0.610236 0.000000 -4.370078,
        0.606212 0.030569 -4.370078,
        0.594413 0.059055 -4.370078,
        0.575643 0.083517 -4.370078,
        0.551181 0.102287 -4.370078,
        0.378040 -0.030569 -4.370078,
        0.383335 -0.043353 -4.370078,
        0.389839 -0.059055 -4.370078,
        0.408609 -0.083517 -4.370078,
        0.433071 -0.102287 -4.370078,
        0.461557 -0.114086 -4.370078,
        0.492126 -0.118110 -4.370078,
        0.522695 -0.114086 -4.370078,
        0.551181 -0.102287 -4.370078,
        0.575643 -0.083517 -4.370078,
        0.594413 -0.059055 -4.370078,
        0.600917 -0.043353 -4.370078,
        -0.389839 -0.059055 -5.748031,
        -0.408609 -0.083517 -5.748031,
        -0.433071 -0.102287 -5.748031,
        -0.461557 -0.114086 -5.748031,
        -0.492126 -0.118110 -5.748031,
        -0.522695 -0.114086 -5.748031,
        -0.551181 -0.102287 -5.748031,
        -0.575643 -0.083517 -5.748031,
        -0.594413 -0.059055 -5.748031,
        -0.606212 -0.030569 -5.748031,
        -0.610236 0.000000 -5.748031,
        -0.606212 0.030569 -5.748031,
        -0.594413 0.059055 -5.748031,
        -0.575643 0.083517 -5.748031,
        -0.551181 0.102287 -5.748031,
        -0.522695 0.114086 -5.748031,
        -0.492126 0.118110 -5.748031,
        -0.433071 0.102287 -5.748031,
        -0.461557 0.114086 -5.748031,
        -0.408609 0.083517 -5.748031,
        -0.389839 0.059055 -5.748031,
        -0.378040 0.030569 -5.748031,
        -0.374016 0.000000 -5.748031,
        -0.378040 -0.030569 -5.748031,
        -0.492126 0.000000 -5.748031,
        0.594413 -0.059055 -5.748031,
        0.575643 -0.083517 -5.748031,
        0.551181 -0.102287 -5.748031,
        0.522695 -0.114086 -5.748031,
        0.492126 -0.118110 -5.748031,
        0.461557 -0.114086 -5.748031,
        0.433071 -0.102287 -5.748031,
        0.408609 -0.083517 -5.748031,
        0.389839 -0.059055 -5.748031,
        0.378040 -0.030569 -5.748031,
        0.374016 0.000000 -5.748031,
        0.378040 0.030569 -5.748031,
        0.389839 0.059055 -5.748031,
        0.408609 0.083517 -5.748031,
        0.433071 0.102287 -5.748031,
        0.461557 0.114086 -5.748031,
        0.492126 0.118110 -5.748031,
        0.551181 0.102287 -5.748031,
        0.522695 0.114086 -5.748031,
        0.575643 0.083517 -5.748031,
        0.594413 0.059055 -5.748031,
        0.606212 0.030569 -5.748031,
        0.610236 0.000000 -5.748031,
        0.606212 -0.030569 -5.748031,
        0.492126 0.000000 -5.748031,
      ]
    }
    coordIndex [
      56, 21, 57, -1,
      57, 21, 18, -1,
      57, 18, 58, -1,
      58, 18, 17, -1,
      58, 17, 59, -1,
      59, 17, 16, -1,
      59, 16, 60, -1,
      60, 16, 15, -1,
      60, 15, 61, -1,
      61, 15, 14, -1,
      61, 14, 62, -1,
      62, 14, 13, -1,
      62, 13, 63, -1,
      63, 13, 12, -1,
      63, 12, 64, -1,
      64, 12, 11, -1,
      64, 11, 65, -1,
      11, 10, 65, -1,
      65, 10, 9, -1,
      65, 9, 66, -1,
      66, 9, 8, -1,
      66, 8, 67, -1,
      67, 8, 7, -1,
      67, 7, 68, -1,
      68, 7, 6, -1,
      68, 6, 69, -1,
      69, 6, 5, -1,
      69, 5, 70, -1,
      70, 5, 4, -1,
      70, 4, 71, -1,
      1, 72, 2, -1,
      2, 72, 71, -1,
      2, 71, 3, -1,
      3, 71, 4, -1,
      0, 73, 1, -1,
      1, 73, 74, -1,
      1, 74, 72, -1,
      0, 27, 73, -1,
      73, 27, 26, -1,
      73, 26, 75, -1,
      75, 26, 25, -1,
      75, 25, 76, -1,
      76, 25, 24, -1,
      76, 24, 77, -1,
      77, 24, 23, -1,
      77, 23, 78, -1,
      78, 23, 22, -1,
      78, 22, 79, -1,
      79, 22, 19, -1,
      79, 19, 56, -1,
      56, 19, 20, -1,
      56, 20, 21, -1,
      76, 77, 80, -1,
      80, 77, 78, -1,
      80, 78, 79, -1,
      74, 73, 80, -1,
      80, 73, 75, -1,
      80, 75, 76, -1,
      70, 71, 80, -1,
      80, 71, 72, -1,
      80, 72, 74, -1,
      67, 68, 80, -1,
      80, 68, 69, -1,
      80, 69, 70, -1,
      64, 65, 80, -1,
      80, 65, 66, -1,
      80, 66, 67, -1,
      61, 62, 80, -1,
      80, 62, 63, -1,
      80, 63, 64, -1,
      58, 59, 80, -1,
      80, 59, 60, -1,
      80, 60, 61, -1,
      79, 56, 80, -1,
      80, 56, 57, -1,
      80, 57, 58, -1,
      81, 53, 82, -1,
      82, 53, 52, -1,
      82, 52, 83, -1,
      83, 52, 51, -1,
      83, 51, 84, -1,
      84, 51, 50, -1,
      84, 50, 85, -1,
      85, 50, 49, -1,
      85, 49, 86, -1,
      86, 49, 48, -1,
      86, 48, 87, -1,
      87, 48, 47, -1,
      87, 47, 88, -1,
      88, 47, 46, -1,
      88, 46, 89, -1,
      89, 46, 45, -1,
      89, 45, 90, -1,
      45, 44, 90, -1,
      90, 44, 30, -1,
      90, 30, 91, -1,
      91, 30, 31, -1,
      91, 31, 92, -1,
      92, 31, 32, -1,
      92, 32, 93, -1,
      93, 32, 29, -1,
      93, 29, 94, -1,
      94, 29, 28, -1,
      94, 28, 95, -1,
      95, 28, 37, -1,
      95, 37, 96, -1,
      34, 97, 35, -1,
      35, 97, 96, -1,
      35, 96, 36, -1,
      36, 96, 37, -1,
      33, 98, 34, -1,
      34, 98, 99, -1,
      34, 99, 97, -1,
      33, 43, 98, -1,
      98, 43, 42, -1,
      98, 42, 100, -1,
      100, 42, 41, -1,
      100, 41, 101, -1,
      101, 41, 40, -1,
      101, 40, 102, -1,
      102, 40, 39, -1,
      102, 39, 103, -1,
      103, 39, 38, -1,
      103, 38, 104, -1,
      104, 38, 55, -1,
      104, 55, 81, -1,
      81, 55, 54, -1,
      81, 54, 53, -1,
      101, 102, 105, -1,
      105, 102, 103, -1,
      105, 103, 104, -1,
      99, 98, 105, -1,
      105, 98, 100, -1,
      105, 100, 101, -1,
      95, 96, 105, -1,
      105, 96, 97, -1,
      105, 97, 99, -1,
      92, 93, 105, -1,
      105, 93, 94, -1,
      105, 94, 95, -1,
      89, 90, 105, -1,
      105, 90, 91, -1,
      105, 91, 92, -1,
      86, 87, 105, -1,
      105, 87, 88, -1,
      105, 88, 89, -1,
      83, 84, 105, -1,
      105, 84, 85, -1,
      105, 85, 86, -1,
      104, 81, 105, -1,
      105, 81, 82, -1,
      105, 82, 83, -1,
    ]
  }
}

Shape {
  appearance Appearance {
    material Material {
      diffuseColor 0.1490 0.1490 0.1490
      specularColor 0.0745 0.0745 0.0745
      ambientIntensity 0.2
      transparency 0.0000
      shininess 0.5
    }
  }
  geometry IndexedFaceSet {
    ccw TRUE
    solid FALSE
    coord DEF co Coordinate {
      point [
        -0.079346 0.437730 -4.370078,
        -0.079346 0.348427 -4.370078,
        -0.105273 0.348427 -4.370078,
        -0.105273 0.469418 -4.370078,
        0.130947 0.469418 -4.370078,
        0.130947 0.437730 -4.370078,
        -0.105273 -0.308381 -4.370078,
        -0.039016 -0.330932 -4.370078,
        -0.039016 -0.428517 -4.370078,
        0.130947 -0.394803 -4.370078,
        0.130947 -0.363115 -4.370078,
        -0.105273 -0.486987 -4.370078,
        -0.105273 -0.452418 -4.370078,
        -0.105273 -0.273812 -4.370078,
        -0.102592 -0.160560 -4.370078,
        -0.105273 -0.130631 -4.370078,
        0.120231 -0.187319 -4.370078,
        0.127299 -0.167190 -4.370078,
        0.130947 -0.133061 -4.370078,
        0.130947 -0.066399 -4.370078,
        -0.105273 -0.066399 -4.370078,
        0.060969 -0.248559 -4.370078,
        0.081595 -0.237511 -4.370078,
        -0.094452 -0.187319 -4.370078,
        -0.094320 -0.187753 -4.370078,
        0.100156 -0.220775 -4.370078,
        0.100363 -0.220538 -4.370078,
        0.117594 -0.194828 -4.370078,
        -0.079920 -0.212207 -4.370078,
        -0.061254 -0.231514 -4.370078,
        -0.040419 -0.244766 -4.370078,
        -0.015801 -0.253219 -4.370078,
        0.015808 -0.256528 -4.370078,
        0.037513 -0.254895 -4.370078,
        -0.093030 0.152537 -4.370078,
        -0.103369 0.177717 -4.370078,
        -0.106713 0.201586 -4.370078,
        0.124466 0.152537 -4.370078,
        0.131877 0.179848 -4.370078,
        -0.035574 0.287764 -4.370078,
        -0.015256 0.294182 -4.370078,
        -0.069448 0.156770 -4.370078,
        0.010317 0.296574 -4.370078,
        0.028696 0.295447 -4.370078,
        0.092778 0.152537 -4.370078,
        -0.067103 0.152537 -4.370078,
        0.104171 0.179144 -4.370078,
        0.107902 0.207856 -4.370078,
        0.087970 0.265147 -4.370078,
        0.098909 0.248797 -4.370078,
        0.105289 0.231116 -4.370078,
        -0.079756 0.235200 -4.370078,
        -0.073419 0.252412 -4.370078,
        -0.082227 0.213167 -4.370078,
        -0.063648 0.266910 -4.370078,
        -0.078747 0.181811 -4.370078,
        -0.051954 0.277994 -4.370078,
        0.053984 0.289150 -4.370078,
        0.072222 0.279412 -4.370078,
        -0.108154 0.217533 -4.370078,
        -0.108043 0.211074 -4.370078,
        -0.106713 0.231454 -4.370078,
        0.124420 0.257764 -4.370078,
        0.111613 0.280234 -4.370078,
        0.091131 0.301693 -4.370078,
        0.068791 0.315773 -4.370078,
        -0.045106 0.318374 -4.370078,
        -0.067215 0.305665 -4.370078,
        -0.085289 0.288330 -4.370078,
        -0.097316 0.269420 -4.370078,
        -0.105146 0.246596 -4.370078,
        0.041970 0.324857 -4.370078,
        0.008381 0.328262 -4.370078,
        -0.019831 0.325823 -4.370078,
        0.132388 0.187252 -4.370078,
        0.133828 0.208126 -4.370078,
        0.132388 0.226131 -4.370078,
        0.131964 0.231427 -4.370078,
        0.105021 -0.014546 -4.370078,
        0.130947 -0.014546 -4.370078,
        -0.079346 0.074757 -4.370078,
        0.001314 0.074757 -4.370078,
        -0.079346 -0.020307 -4.370078,
        0.001314 -0.008784 -4.370078,
        0.130947 0.106445 -4.370078,
        -0.105273 0.106445 -4.370078,
        -0.105273 -0.020307 -4.370078,
        0.027241 -0.008784 -4.370078,
        0.105021 0.074757 -4.370078,
        0.027241 0.074757 -4.370078,
        -0.039016 -0.330932 -4.366142,
        -0.013089 -0.338899 -4.366142,
        -0.039016 -0.428517 -4.366142,
        -0.013089 -0.417894 -4.366142,
        0.085576 -0.382335 -4.366142,
        0.130947 -0.394803 -4.366142,
        -0.105273 -0.486987 -4.366142,
        -0.105273 -0.452418 -4.366142,
        0.093794 -0.380231 -4.366142,
        0.102140 -0.378689 -4.366142,
        0.130947 -0.363115 -4.366142,
        0.102140 -0.377924 -4.366142,
        0.093778 -0.376377 -4.366142,
        0.085576 -0.374143 -4.366142,
        -0.105273 -0.273812 -4.366142,
        -0.105273 -0.308381 -4.366142,
        -0.013089 -0.417894 -4.370078,
        -0.013089 -0.338899 -4.370078,
        0.085576 -0.382335 -4.370078,
        0.093794 -0.380231 -4.370078,
        0.102140 -0.378689 -4.370078,
        0.102140 -0.377924 -4.370078,
        0.093778 -0.376377 -4.370078,
        0.085576 -0.374143 -4.370078,
        0.117594 -0.194828 -4.366142,
        0.100363 -0.220538 -4.366142,
        0.084100 -0.197660 -4.366142,
        0.100156 -0.220775 -4.366142,
        0.071917 -0.209146 -4.366142,
        0.081595 -0.237511 -4.366142,
        0.057344 -0.217307 -4.366142,
        0.060969 -0.248559 -4.366142,
        0.038648 -0.222832 -4.366142,
        0.037513 -0.254895 -4.366142,
        0.015133 -0.224840 -4.366142,
        0.015808 -0.256528 -4.366142,
        -0.013111 -0.221962 -4.366142,
        -0.015801 -0.253219 -4.366142,
        -0.031917 -0.215728 -4.366142,
        -0.040419 -0.244766 -4.366142,
        -0.047972 -0.205981 -4.366142,
        -0.061254 -0.231514 -4.366142,
        -0.061181 -0.192622 -4.366142,
        -0.079920 -0.212207 -4.366142,
        -0.070826 -0.176451 -4.366142,
        -0.094320 -0.187753 -4.366142,
        -0.077013 -0.156617 -4.366142,
        -0.102592 -0.160560 -4.366142,
        -0.079346 -0.131621 -4.366142,
        -0.105273 -0.130631 -4.366142,
        -0.079346 -0.098087 -4.366142,
        -0.105273 -0.066399 -4.366142,
        0.105021 -0.098087 -4.366142,
        0.130947 -0.066399 -4.366142,
        0.105021 -0.132926 -4.366142,
        0.130947 -0.133061 -4.366142,
        0.102048 -0.160886 -4.366142,
        0.127299 -0.167190 -4.366142,
        0.095206 -0.180420 -4.366142,
        0.105021 -0.098087 -4.370078,
        0.105021 -0.132926 -4.370078,
        -0.079346 -0.098087 -4.370078,
        -0.079346 -0.131621 -4.370078,
        -0.077013 -0.156617 -4.370078,
        -0.070826 -0.176451 -4.370078,
        -0.061181 -0.192622 -4.370078,
        -0.047972 -0.205981 -4.370078,
        -0.031917 -0.215728 -4.370078,
        -0.013111 -0.221962 -4.370078,
        0.015133 -0.224840 -4.370078,
        0.038648 -0.222832 -4.370078,
        0.057344 -0.217307 -4.370078,
        0.071917 -0.209146 -4.370078,
        0.084100 -0.197660 -4.370078,
        0.095206 -0.180420 -4.370078,
        0.102048 -0.160886 -4.370078,
        -0.105273 -0.020307 -4.366142,
        -0.079346 -0.020307 -4.366142,
        -0.079346 0.074757 -4.366142,
        0.001314 0.074757 -4.366142,
        0.001314 -0.008784 -4.366142,
        0.027241 -0.008784 -4.366142,
        0.027241 0.074757 -4.366142,
        0.105021 0.074757 -4.366142,
        0.105021 -0.014546 -4.366142,
        0.130947 -0.014546 -4.366142,
        0.130947 0.106445 -4.366142,
        -0.105273 0.106445 -4.366142,
        -0.093030 0.152537 -4.366142,
        -0.067103 0.152537 -4.366142,
        -0.082227 0.213167 -4.366142,
        -0.078747 0.181811 -4.366142,
        -0.069448 0.156770 -4.366142,
        0.010317 0.296574 -4.366142,
        -0.015256 0.294182 -4.366142,
        -0.035574 0.287764 -4.366142,
        -0.051954 0.277994 -4.366142,
        -0.063648 0.266910 -4.366142,
        -0.073419 0.252412 -4.366142,
        -0.079756 0.235200 -4.366142,
        0.107902 0.207856 -4.366142,
        0.105289 0.231116 -4.366142,
        0.098909 0.248797 -4.366142,
        0.087970 0.265147 -4.366142,
        0.072222 0.279412 -4.366142,
        0.053984 0.289150 -4.366142,
        0.028696 0.295447 -4.366142,
        0.092778 0.152537 -4.366142,
        0.104171 0.179144 -4.366142,
        0.124466 0.152537 -4.366142,
        0.133828 0.208126 -4.366142,
        0.131877 0.179848 -4.366142,
        0.131964 0.231427 -4.366142,
        0.124420 0.257764 -4.366142,
        0.111613 0.280234 -4.366142,
        0.091131 0.301693 -4.366142,
        0.068791 0.315773 -4.366142,
        0.041970 0.324857 -4.366142,
        0.008381 0.328262 -4.366142,
        -0.108154 0.217533 -4.366142,
        -0.105146 0.246596 -4.366142,
        -0.097316 0.269420 -4.366142,
        -0.085289 0.288330 -4.366142,
        -0.067215 0.305665 -4.366142,
        -0.045106 0.318374 -4.366142,
        -0.019831 0.325823 -4.366142,
        -0.108043 0.211074 -4.366142,
        -0.103369 0.177717 -4.366142,
        -0.105273 0.348427 -4.366142,
        -0.079346 0.348427 -4.366142,
        -0.079346 0.437730 -4.366142,
        0.130947 0.437730 -4.366142,
        0.130947 0.469418 -4.366142,
        -0.105273 0.469418 -4.366142,
      ]
    }
    coordIndex [
      90, 91, 92, -1,
      92, 91, 93, -1,
      94, 95, 93, -1,
      93, 95, 96, -1,
      93, 96, 92, -1,
      92, 96, 97, -1,
      94, 98, 95, -1,
      95, 98, 99, -1,
      95, 99, 100, -1,
      100, 99, 101, -1,
      100, 101, 102, -1,
      102, 103, 100, -1,
      100, 103, 91, -1,
      100, 91, 104, -1,
      104, 91, 90, -1,
      104, 90, 105, -1,
      96, 95, 11, -1,
      11, 95, 9, -1,
      95, 100, 9, -1,
      9, 100, 10, -1,
      100, 104, 10, -1,
      10, 104, 13, -1,
      104, 105, 13, -1,
      13, 105, 6, -1,
      105, 90, 6, -1,
      6, 90, 7, -1,
      90, 92, 7, -1,
      7, 92, 8, -1,
      92, 97, 8, -1,
      8, 97, 12, -1,
      97, 96, 12, -1,
      12, 96, 11, -1,
      93, 91, 106, -1,
      106, 91, 107, -1,
      94, 93, 108, -1,
      108, 93, 106, -1,
      94, 108, 109, -1,
      94, 109, 98, -1,
      98, 109, 110, -1,
      98, 110, 99, -1,
      101, 99, 111, -1,
      111, 99, 110, -1,
      101, 111, 112, -1,
      101, 112, 102, -1,
      102, 112, 113, -1,
      102, 113, 103, -1,
      91, 103, 107, -1,
      107, 103, 113, -1,
      114, 115, 116, -1,
      116, 115, 117, -1,
      116, 117, 118, -1,
      118, 117, 119, -1,
      118, 119, 120, -1,
      120, 119, 121, -1,
      120, 121, 122, -1,
      122, 121, 123, -1,
      122, 123, 124, -1,
      124, 123, 125, -1,
      124, 125, 126, -1,
      126, 125, 127, -1,
      126, 127, 128, -1,
      128, 127, 129, -1,
      128, 129, 130, -1,
      130, 129, 131, -1,
      130, 131, 132, -1,
      132, 131, 133, -1,
      132, 133, 134, -1,
      134, 133, 135, -1,
      134, 135, 136, -1,
      136, 135, 137, -1,
      136, 137, 138, -1,
      138, 137, 139, -1,
      138, 139, 140, -1,
      140, 139, 141, -1,
      140, 141, 142, -1,
      142, 141, 143, -1,
      142, 143, 144, -1,
      144, 143, 145, -1,
      144, 145, 146, -1,
      146, 145, 147, -1,
      146, 147, 148, -1,
      148, 147, 114, -1,
      148, 114, 116, -1,
      141, 139, 20, -1,
      20, 139, 15, -1,
      15, 139, 137, -1,
      125, 32, 31, -1,
      125, 31, 127, -1,
      127, 31, 30, -1,
      127, 30, 129, -1,
      129, 30, 29, -1,
      129, 29, 131, -1,
      131, 29, 28, -1,
      131, 28, 133, -1,
      133, 28, 24, -1,
      133, 24, 135, -1,
      135, 24, 23, -1,
      135, 23, 137, -1,
      137, 23, 14, -1,
      137, 14, 15, -1,
      145, 18, 17, -1,
      16, 114, 17, -1,
      17, 114, 147, -1,
      17, 147, 145, -1,
      16, 27, 114, -1,
      114, 27, 26, -1,
      114, 26, 115, -1,
      115, 26, 25, -1,
      115, 25, 117, -1,
      117, 25, 22, -1,
      117, 22, 119, -1,
      119, 22, 21, -1,
      119, 21, 121, -1,
      121, 21, 33, -1,
      121, 33, 123, -1,
      123, 33, 32, -1,
      123, 32, 125, -1,
      145, 143, 18, -1,
      18, 143, 19, -1,
      143, 141, 19, -1,
      19, 141, 20, -1,
      142, 144, 149, -1,
      149, 144, 150, -1,
      140, 142, 151, -1,
      151, 142, 149, -1,
      138, 140, 152, -1,
      152, 140, 151, -1,
      138, 152, 153, -1,
      138, 153, 136, -1,
      136, 153, 154, -1,
      136, 154, 134, -1,
      134, 154, 155, -1,
      134, 155, 132, -1,
      132, 155, 156, -1,
      132, 156, 130, -1,
      130, 156, 157, -1,
      130, 157, 128, -1,
      128, 157, 158, -1,
      128, 158, 126, -1,
      126, 158, 159, -1,
      126, 159, 124, -1,
      124, 159, 160, -1,
      124, 160, 122, -1,
      122, 160, 161, -1,
      122, 161, 120, -1,
      120, 161, 162, -1,
      120, 162, 118, -1,
      118, 162, 163, -1,
      118, 163, 116, -1,
      116, 163, 164, -1,
      116, 164, 148, -1,
      148, 164, 165, -1,
      148, 165, 146, -1,
      146, 165, 150, -1,
      146, 150, 144, -1,
      166, 167, 86, -1,
      86, 167, 82, -1,
      167, 168, 82, -1,
      82, 168, 80, -1,
      168, 169, 80, -1,
      80, 169, 81, -1,
      169, 170, 81, -1,
      81, 170, 83, -1,
      170, 171, 83, -1,
      83, 171, 87, -1,
      171, 172, 87, -1,
      87, 172, 89, -1,
      172, 173, 89, -1,
      89, 173, 88, -1,
      173, 174, 88, -1,
      88, 174, 78, -1,
      174, 175, 78, -1,
      78, 175, 79, -1,
      175, 176, 79, -1,
      79, 176, 84, -1,
      176, 177, 84, -1,
      84, 177, 85, -1,
      177, 166, 85, -1,
      85, 166, 86, -1,
      176, 175, 174, -1,
      174, 173, 176, -1,
      176, 173, 172, -1,
      176, 172, 177, -1,
      167, 166, 168, -1,
      168, 166, 177, -1,
      168, 177, 169, -1,
      169, 177, 172, -1,
      169, 172, 170, -1,
      170, 172, 171, -1,
      178, 179, 34, -1,
      34, 179, 45, -1,
      180, 53, 55, -1,
      180, 55, 181, -1,
      181, 55, 41, -1,
      181, 41, 182, -1,
      182, 41, 45, -1,
      182, 45, 179, -1,
      183, 42, 40, -1,
      183, 40, 184, -1,
      184, 40, 39, -1,
      184, 39, 185, -1,
      185, 39, 56, -1,
      185, 56, 186, -1,
      186, 56, 54, -1,
      186, 54, 187, -1,
      187, 54, 52, -1,
      187, 52, 188, -1,
      188, 52, 51, -1,
      188, 51, 189, -1,
      189, 51, 53, -1,
      189, 53, 180, -1,
      190, 47, 50, -1,
      190, 50, 191, -1,
      191, 50, 49, -1,
      191, 49, 192, -1,
      192, 49, 48, -1,
      192, 48, 193, -1,
      193, 48, 58, -1,
      193, 58, 194, -1,
      194, 58, 57, -1,
      194, 57, 195, -1,
      195, 57, 43, -1,
      195, 43, 196, -1,
      196, 43, 42, -1,
      196, 42, 183, -1,
      197, 44, 46, -1,
      197, 46, 198, -1,
      198, 46, 47, -1,
      198, 47, 190, -1,
      197, 199, 44, -1,
      44, 199, 37, -1,
      200, 75, 201, -1,
      201, 75, 74, -1,
      74, 38, 201, -1,
      201, 38, 37, -1,
      201, 37, 199, -1,
      75, 200, 76, -1,
      76, 200, 202, -1,
      76, 202, 77, -1,
      77, 202, 203, -1,
      77, 203, 62, -1,
      62, 203, 204, -1,
      62, 204, 63, -1,
      63, 204, 205, -1,
      63, 205, 64, -1,
      64, 205, 206, -1,
      64, 206, 65, -1,
      65, 206, 207, -1,
      65, 207, 71, -1,
      71, 207, 208, -1,
      71, 208, 72, -1,
      209, 59, 61, -1,
      209, 61, 210, -1,
      61, 70, 210, -1,
      210, 70, 69, -1,
      210, 69, 211, -1,
      211, 69, 68, -1,
      211, 68, 212, -1,
      212, 68, 67, -1,
      212, 67, 213, -1,
      213, 67, 66, -1,
      213, 66, 214, -1,
      214, 66, 73, -1,
      214, 73, 215, -1,
      215, 73, 72, -1,
      215, 72, 208, -1,
      178, 34, 35, -1,
      36, 216, 35, -1,
      35, 216, 217, -1,
      35, 217, 178, -1,
      36, 60, 216, -1,
      216, 60, 59, -1,
      216, 59, 209, -1,
      180, 181, 217, -1,
      217, 181, 178, -1,
      178, 181, 182, -1,
      178, 182, 179, -1,
      217, 216, 180, -1,
      180, 216, 209, -1,
      180, 209, 189, -1,
      189, 209, 210, -1,
      189, 210, 188, -1,
      188, 210, 211, -1,
      188, 211, 187, -1,
      187, 211, 212, -1,
      187, 212, 186, -1,
      186, 212, 213, -1,
      186, 213, 185, -1,
      185, 213, 214, -1,
      185, 214, 184, -1,
      184, 214, 215, -1,
      184, 215, 183, -1,
      183, 215, 208, -1,
      183, 208, 196, -1,
      196, 208, 207, -1,
      196, 207, 195, -1,
      195, 207, 206, -1,
      195, 206, 194, -1,
      194, 206, 205, -1,
      194, 205, 193, -1,
      193, 205, 204, -1,
      193, 204, 192, -1,
      192, 204, 203, -1,
      192, 203, 191, -1,
      191, 203, 202, -1,
      191, 202, 190, -1,
      190, 202, 200, -1,
      190, 200, 198, -1,
      198, 200, 201, -1,
      198, 201, 197, -1,
      197, 201, 199, -1,
      218, 219, 2, -1,
      2, 219, 1, -1,
      219, 220, 1, -1,
      1, 220, 0, -1,
      220, 221, 0, -1,
      0, 221, 5, -1,
      221, 222, 5, -1,
      5, 222, 4, -1,
      222, 223, 4, -1,
      4, 223, 3, -1,
      223, 218, 3, -1,
      3, 218, 2, -1,
      219, 218, 220, -1,
      220, 218, 223, -1,
      220, 223, 221, -1,
      221, 223, 222, -1,
    ]
  }
}

Shape {
  appearance Appearance {
    material Material {
      diffuseColor 1.0000 1.0000 1.0000
      specularColor 0.8784 0.8784 0.8784
      ambientIntensity 0.2
      transparency 0.0000
      shininess 0.5
    }
  }
  geometry IndexedFaceSet {
    ccw TRUE
    solid FALSE
    coord DEF co Coordinate {
      point [
        -0.013089 -0.417894 -4.370078,
        -0.013089 -0.338899 -4.370078,
        0.085576 -0.382335 -4.370078,
        0.093794 -0.380231 -4.370078,
        0.102140 -0.378689 -4.370078,
        0.102140 -0.377924 -4.370078,
        0.093778 -0.376377 -4.370078,
        0.085576 -0.374143 -4.370078,
        0.105021 -0.098087 -4.370078,
        0.105021 -0.132926 -4.370078,
        -0.079346 -0.098087 -4.370078,
        -0.079346 -0.131621 -4.370078,
        -0.077013 -0.156617 -4.370078,
        -0.070826 -0.176451 -4.370078,
        -0.061181 -0.192622 -4.370078,
        -0.047972 -0.205981 -4.370078,
        -0.031917 -0.215728 -4.370078,
        -0.013111 -0.221962 -4.370078,
        0.015133 -0.224840 -4.370078,
        0.038648 -0.222832 -4.370078,
        0.057344 -0.217307 -4.370078,
        0.071917 -0.209146 -4.370078,
        0.084100 -0.197660 -4.370078,
        0.095206 -0.180420 -4.370078,
        0.102048 -0.160886 -4.370078,
      ]
    }
    coordIndex [
      5, 4, 6, -1,
      6, 4, 3, -1,
      6, 3, 7, -1,
      7, 3, 2, -1,
      7, 2, 1, -1,
      1, 2, 0, -1,
      10, 8, 11, -1,
      11, 8, 9, -1,
      11, 9, 12, -1,
      12, 9, 13, -1,
      19, 9, 20, -1,
      20, 9, 24, -1,
      19, 18, 9, -1,
      9, 18, 17, -1,
      9, 17, 16, -1,
      24, 23, 20, -1,
      20, 23, 22, -1,
      20, 22, 21, -1,
      16, 15, 9, -1,
      9, 15, 14, -1,
      9, 14, 13, -1,
    ]
  }
}
