#VRML V2.0 utf8

Shape {
  appearance Appearance {
    material Material {
      diffuseColor 0.0196 0.3255 0.7020
      specularColor 0.0000 0.0235 0.0510
      ambientIntensity 0.2
      transparency 0.0000
      shininess 0.5
    }
  }
  geometry IndexedFaceSet {
    ccw TRUE
    solid FALSE
    coord DEF co Coordinate {
      point [
        0.168756 0.102000 -0.884517,
        0.159579 0.101365 -0.884650,
        0.159574 0.393701 -0.884128,
        -0.729625 0.218342 -0.861014,
        -0.729625 0.393701 -0.861014,
        -0.699570 0.393701 -0.862733,
        -0.583591 -0.131769 -0.870034,
        -0.562958 -0.108087 -0.871140,
        -0.415948 -0.393701 -0.877417,
        -0.554423 -0.096198 -0.871586,
        -0.541367 -0.073862 -0.872254,
        -0.531859 -0.051290 -0.872730,
        -0.526541 -0.032092 -0.872993,
        -0.523513 -0.010592 -0.873141,
        -0.523144 0.000297 -0.873159,
        -0.415942 0.393701 -0.877265,
        -0.523386 0.008570 -0.873147,
        -0.526147 0.030178 -0.873012,
        -0.532030 0.051785 -0.872721,
        -0.536134 0.062504 -0.872517,
        -0.547411 0.085006 -0.871946,
        -0.562083 0.106939 -0.871186,
        -0.623665 0.165922 -0.867767,
        -0.489783 0.393701 -0.874733,
        -0.597795 0.145272 -0.869248,
        -0.575265 0.122900 -0.870485,
        -0.658414 0.187877 -0.865675,
        -0.692952 0.204772 -0.863477,
        -0.699587 0.207227 -0.863031,
        -0.699588 -0.393701 -0.863040,
        -0.729625 -0.393701 -0.861014,
        -0.729625 -0.218342 -0.861014,
        -0.699846 -0.207646 -0.863024,
        -0.699588 -0.207525 -0.863041,
        -0.698852 -0.393701 -0.863090,
        -0.664073 -0.190950 -0.865323,
        -0.463415 -0.393701 -0.875902,
        -0.631070 -0.171090 -0.867331,
        -0.608231 -0.154138 -0.868659,
        0.562083 0.106939 -0.871186,
        0.547411 0.085006 -0.871946,
        0.446522 0.393701 -0.876441,
        0.729625 0.393701 -0.861014,
        0.729625 0.218342 -0.861014,
        0.698852 0.393701 -0.863090,
        0.692952 0.204772 -0.863477,
        0.463415 0.393701 -0.875902,
        0.575265 0.122900 -0.870485,
        0.658414 0.187877 -0.865675,
        0.623665 0.165922 -0.867767,
        0.597795 0.145272 -0.869248,
        0.536134 0.062504 -0.872517,
        0.532030 0.051785 -0.872721,
        0.526147 0.030178 -0.873012,
        0.523386 0.008570 -0.873147,
        0.523144 0.000297 -0.873159,
        0.446514 -0.393701 -0.876216,
        0.523513 -0.010592 -0.873141,
        0.526541 -0.032092 -0.872993,
        0.531859 -0.051290 -0.872730,
        0.541367 -0.073862 -0.872254,
        0.554423 -0.096198 -0.871586,
        0.562958 -0.108087 -0.871140,
        0.583591 -0.131769 -0.870034,
        0.608231 -0.154138 -0.868659,
        0.489783 -0.393701 -0.874733,
        0.631070 -0.171090 -0.867331,
        0.729625 -0.218342 -0.861014,
        0.729625 -0.393701 -0.861014,
        0.699846 -0.207646 -0.863024,
        0.664073 -0.190950 -0.865323,
        -0.361780 -0.042037 -0.879791,
        -0.280459 -0.042037 -0.882204,
        -0.381698 -0.097251 -0.879106,
        -0.261667 -0.097251 -0.882674,
        -0.128739 0.393701 -0.884407,
        -0.128746 0.098384 -0.885057,
        -0.140591 0.097293 -0.884918,
        -0.143954 0.096367 -0.884872,
        -0.156599 0.092888 -0.884699,
        -0.166727 0.087847 -0.884543,
        -0.177246 0.082611 -0.884382,
        -0.185390 0.076696 -0.884246,
        -0.307279 0.099599 -0.881477,
        -0.188204 0.073856 -0.884196,
        -0.188396 0.073661 -0.884193,
        -0.200121 0.061825 -0.883984,
        -0.202423 0.058385 -0.883941,
        -0.206970 0.051592 -0.883856,
        -0.211137 0.041323 -0.883775,
        -0.214868 0.032129 -0.883702,
        -0.216775 0.023617 -0.883665,
        -0.216898 0.022161 -0.883662,
        -0.218456 0.003650 -0.883631,
        -0.216285 -0.019872 -0.883674,
        -0.232859 -0.097251 -0.883331,
        -0.215445 -0.022619 -0.883691,
        -0.210110 -0.040057 -0.883796,
        -0.208315 -0.043117 -0.883830,
        -0.199478 -0.058183 -0.883996,
        -0.197252 -0.060834 -0.884037,
        -0.193512 -0.065284 -0.884104,
        -0.180811 -0.076038 -0.884320,
        -0.176113 -0.080017 -0.884400,
        -0.169820 -0.083863 -0.884500,
        -0.160332 -0.087759 -0.884639,
        -0.148154 -0.092758 -0.884818,
        -0.139336 -0.094854 -0.884934,
        -0.137885 -0.094988 -0.884951,
        -0.128746 -0.095838 -0.885057,
        -0.250345 0.393701 -0.882942,
        -0.333685 0.099599 -0.880695,
        -0.410505 -0.097251 -0.878048,
        0.145191 0.100370 -0.884857,
        0.145153 0.100368 -0.884858,
        -0.011469 0.393701 -0.885821,
        0.122431 0.094198 -0.885138,
        0.084022 0.099599 -0.885502,
        -0.016804 0.099599 -0.885814,
        -0.060015 0.099599 -0.885661,
        -0.115567 0.099599 -0.885213,
        0.057615 -0.008428 -0.885674,
        0.057615 -0.075646 -0.885674,
        -0.012003 -0.008428 -0.885820,
        -0.021606 -0.075646 -0.885805,
        -0.012003 0.013177 -0.885820,
        -0.016804 0.077994 -0.885814,
        0.057615 0.013177 -0.885674,
        0.057615 0.077994 -0.885674,
        0.159579 0.079236 -0.884650,
        0.159579 -0.077321 -0.884656,
        0.146828 -0.075141 -0.884835,
        0.146750 -0.075128 -0.884837,
        0.125962 -0.067391 -0.885097,
        0.144690 0.077309 -0.884864,
        0.122431 -0.065443 -0.885138,
        0.122431 0.067791 -0.885138,
        0.125912 -0.067372 -0.885098,
        0.133220 0.073331 -0.885011,
        0.144606 0.077280 -0.884865,
        -0.226547 -0.393701 -0.883465,
        -0.128740 -0.393701 -0.884433,
        -0.113542 -0.097251 -0.885234,
        -0.021606 -0.097251 -0.885805,
        -0.060015 -0.097251 -0.885661,
        0.011469 -0.393701 -0.885821,
        0.084022 -0.097251 -0.885502,
        0.159572 -0.393701 -0.884036,
        0.143482 -0.095429 -0.884878,
        0.148781 -0.096949 -0.884809,
        0.122431 -0.087048 -0.885138,
        0.135204 -0.093054 -0.884986,
        0.168531 0.080394 -0.884520,
        0.205610 -0.070577 -0.883881,
        0.187908 0.078161 -0.884202,
        0.188387 0.078106 -0.884194,
        0.195137 0.076109 -0.884075,
        0.202432 0.072467 -0.883939,
        0.209298 0.069039 -0.883811,
        0.226917 -0.052769 -0.883457,
        0.216127 0.063642 -0.883677,
        0.226230 0.053302 -0.883472,
        0.228105 0.050623 -0.883432,
        0.229721 0.048312 -0.883398,
        0.235944 0.035304 -0.883264,
        0.237541 0.031967 -0.883230,
        0.239053 0.026949 -0.883196,
        0.240853 0.014294 -0.883157,
        0.237656 -0.030635 -0.883227,
        0.242335 0.003879 -0.883124,
        0.242462 -0.000926 -0.883121,
        0.240437 -0.022234 -0.883166,
        0.240409 -0.022533 -0.883167,
        0.236286 -0.036430 -0.883257,
        0.234875 -0.039036 -0.883287,
        0.228591 -0.050643 -0.883422,
        0.224486 -0.055856 -0.883508,
        0.217469 -0.062265 -0.883649,
        0.213341 -0.066034 -0.883733,
        0.214743 0.065059 -0.883705,
        0.206740 -0.070138 -0.883860,
        0.192311 -0.075743 -0.884126,
        0.191310 -0.075952 -0.884143,
        0.186481 -0.076962 -0.884227,
        0.172957 -0.078046 -0.884451,
        0.159774 -0.077355 -0.884653,
        0.159579 -0.097998 -0.884647,
        0.171254 -0.099133 -0.884472,
        0.176595 -0.099652 -0.884393,
        0.199378 -0.097456 -0.883998,
        0.200820 -0.097023 -0.883970,
        0.214734 -0.092844 -0.883705,
        0.219703 -0.090145 -0.883603,
        0.231550 -0.083708 -0.883359,
        0.285673 -0.097251 -0.882068,
        0.235708 -0.080383 -0.883269,
        0.238159 -0.078423 -0.883216,
        0.250394 -0.064748 -0.882940,
        0.251722 -0.063265 -0.882910,
        0.285673 -0.075646 -0.882068,
        0.250345 -0.393701 -0.882942,
        0.386499 -0.097251 -0.878935,
        0.255601 -0.057216 -0.882819,
        0.260435 -0.045915 -0.882703,
        0.360092 -0.075646 -0.879847,
        0.264263 -0.036967 -0.882611,
        0.265987 -0.030265 -0.882569,
        0.266504 -0.025289 -0.882557,
        0.268869 -0.002539 -0.882498,
        0.360092 0.099599 -0.879847,
        0.266743 0.021923 -0.882551,
        0.265720 0.025352 -0.882576,
        0.260137 0.044066 -0.882711,
        0.258143 0.047559 -0.882758,
        0.249137 0.063330 -0.882970,
        0.246848 0.066077 -0.883022,
        0.242724 0.071025 -0.883115,
        0.228896 0.082930 -0.883413,
        0.386499 0.099599 -0.878935,
        0.226547 0.393701 -0.883465,
        0.225585 0.085781 -0.883485,
        0.217408 0.090683 -0.883652,
        0.210247 0.093422 -0.883789,
        0.196375 0.098727 -0.884053,
        0.188514 0.100318 -0.884191,
        0.186692 0.100687 -0.884224,
        0.745534 0.223710 -0.859700,
        0.838507 -0.393701 -0.841881,
        0.839763 -0.236135 -0.842840,
        0.902126 -0.393701 -0.822606,
        0.872935 -0.233700 -0.833031,
        0.942129 -0.393701 -0.803560,
        0.905778 -0.227976 -0.821179,
        0.749193 -0.224792 -0.859336,
        0.779544 -0.231753 -0.855428,
        0.817320 -0.393701 -0.848299,
        0.810800 -0.235494 -0.849713,
        0.838863 -0.236115 -0.843053,
        0.838507 0.393701 -0.841881,
        0.838815 0.235815 -0.842880,
        0.829824 0.236211 -0.845372,
        0.817320 0.393701 -0.848299,
        0.808290 0.235313 -0.850236,
        0.776436 0.231197 -0.855902,
        0.863556 0.234727 -0.836020,
        0.902126 0.393701 -0.822606,
        0.897159 0.229802 -0.824503,
        0.942129 0.393701 -0.803560,
        0.905778 0.227976 -0.821179,
        1.009737 0.187702 -0.767709,
        0.976071 0.204583 -0.787932,
        1.037200 0.393701 -0.747278,
        0.982133 0.393701 -0.784513,
        0.942822 0.217476 -0.805017,
        0.941391 0.218030 -0.805752,
        1.120691 0.393701 -0.674818,
        1.120691 0.090785 -0.674818,
        1.102180 0.114317 -0.693780,
        1.080387 0.136600 -0.714072,
        1.055561 0.157518 -0.734861,
        1.055539 0.393701 -0.734878,
        1.037760 0.169950 -0.748125,
        1.027806 0.176901 -0.755542,
        1.142413 -0.050783 -0.650210,
        1.143024 -0.049199 -0.649477,
        1.187233 -0.393701 -0.586537,
        1.147555 -0.035352 -0.643961,
        1.150493 -0.022226 -0.640310,
        1.151368 -0.016415 -0.639211,
        1.151987 -0.010526 -0.638431,
        1.152332 -0.004741 -0.637995,
        1.152415 0.001076 -0.637889,
        1.152246 0.006660 -0.638103,
        1.187233 0.393701 -0.586537,
        1.151843 0.012158 -0.638613,
        1.151147 0.018058 -0.639489,
        1.150136 0.024199 -0.640757,
        1.147269 0.036381 -0.644313,
        1.142189 0.051351 -0.650478,
        1.135469 0.066207 -0.658380,
        1.124551 0.085051 -0.670643,
        1.120720 0.090749 -0.674788,
        1.176124 0.393701 -0.605686,
        1.095558 -0.121577 -0.700165,
        1.117122 -0.095790 -0.678609,
        1.120691 -0.393701 -0.674818,
        1.120686 -0.090752 -0.674813,
        1.176124 -0.393701 -0.605686,
        1.121832 -0.089131 -0.673593,
        1.133832 -0.069354 -0.660263,
        0.935339 -0.219993 -0.808572,
        0.942753 -0.217270 -0.804878,
        0.982133 -0.393701 -0.784513,
        0.969068 -0.207608 -0.791767,
        1.037200 -0.393701 -0.747278,
        1.001651 -0.192125 -0.772847,
        1.032900 -0.173612 -0.751933,
        1.037893 -0.170258 -0.748304,
        1.055539 -0.393701 -0.734878,
        1.039568 -0.169133 -0.747086,
        1.069509 -0.146252 -0.723467,
        1.279528 0.393701 -0.271863,
        1.279528 -0.393701 -0.271863,
        1.272880 0.393701 -0.360226,
        1.272880 -0.393701 -0.360226,
        1.267934 0.393701 -0.381804,
        1.267934 -0.393701 -0.381804,
        1.253085 0.393701 -0.446598,
        1.253085 -0.393701 -0.446598,
        1.236837 0.393701 -0.487818,
        1.236837 -0.393701 -0.487818,
        1.220589 0.393701 -0.529037,
        1.220589 -0.393701 -0.529037,
        -1.102180 0.114317 -0.693780,
        -1.120691 0.090785 -0.674818,
        -1.120691 0.393701 -0.674818,
        -0.749193 -0.224792 -0.859336,
        -0.838507 0.393701 -0.841881,
        -0.838815 0.235815 -0.842880,
        -0.902126 0.393701 -0.822606,
        -0.863556 0.234727 -0.836020,
        -0.942129 0.393701 -0.803560,
        -0.897159 0.229802 -0.824503,
        -0.905778 0.227976 -0.821179,
        -0.745534 0.223710 -0.859700,
        -0.776436 0.231197 -0.855902,
        -0.817320 0.393701 -0.848299,
        -0.808290 0.235313 -0.850236,
        -0.829824 0.236211 -0.845372,
        -0.838507 -0.393701 -0.841881,
        -0.838863 -0.236115 -0.843053,
        -0.817320 -0.393701 -0.848299,
        -0.810800 -0.235494 -0.849713,
        -0.779544 -0.231753 -0.855428,
        -0.942129 -0.393701 -0.803560,
        -0.905778 -0.227976 -0.821179,
        -0.902126 -0.393701 -0.822606,
        -0.872935 -0.233700 -0.833031,
        -0.839763 -0.236135 -0.842840,
        -1.001651 -0.192125 -0.772847,
        -0.969068 -0.207608 -0.791767,
        -1.037200 -0.393701 -0.747278,
        -0.982133 -0.393701 -0.784513,
        -0.942753 -0.217270 -0.804878,
        -0.935339 -0.219993 -0.808572,
        -1.095558 -0.121577 -0.700165,
        -1.120691 -0.393701 -0.674818,
        -1.117122 -0.095790 -0.678609,
        -1.120686 -0.090752 -0.674813,
        -1.069509 -0.146252 -0.723467,
        -1.039568 -0.169133 -0.747086,
        -1.055539 -0.393701 -0.734878,
        -1.037893 -0.170258 -0.748304,
        -1.032900 -0.173612 -0.751933,
        -1.176124 0.393701 -0.605686,
        -1.120720 0.090749 -0.674788,
        -1.187233 0.393701 -0.586537,
        -1.124551 0.085051 -0.670643,
        -1.135469 0.066207 -0.658380,
        -1.142189 0.051351 -0.650478,
        -1.147269 0.036381 -0.644313,
        -1.150136 0.024199 -0.640757,
        -1.151147 0.018058 -0.639489,
        -1.151843 0.012158 -0.638613,
        -1.152246 0.006660 -0.638103,
        -1.152415 0.001076 -0.637889,
        -1.152332 -0.004741 -0.637995,
        -1.187233 -0.393701 -0.586537,
        -1.151987 -0.010526 -0.638431,
        -1.151368 -0.016415 -0.639211,
        -1.150493 -0.022226 -0.640310,
        -1.147555 -0.035352 -0.643961,
        -1.143024 -0.049199 -0.649477,
        -1.142413 -0.050783 -0.650210,
        -1.133832 -0.069354 -0.660263,
        -1.121832 -0.089131 -0.673593,
        -1.176124 -0.393701 -0.605686,
        -0.941391 0.218030 -0.805752,
        -0.942822 0.217476 -0.805017,
        -0.982133 0.393701 -0.784513,
        -0.976071 0.204583 -0.787932,
        -1.037200 0.393701 -0.747278,
        -1.009737 0.187702 -0.767709,
        -1.027806 0.176901 -0.755542,
        -1.037760 0.169950 -0.748125,
        -1.055539 0.393701 -0.734878,
        -1.055561 0.157518 -0.734861,
        -1.080387 0.136600 -0.714072,
        -1.220589 0.393701 -0.529037,
        -1.220589 -0.393701 -0.529037,
        -1.236837 0.393701 -0.487818,
        -1.236837 -0.393701 -0.487818,
        -1.253085 0.393701 -0.446598,
        -1.253085 -0.393701 -0.446598,
        -1.267934 0.393701 -0.381804,
        -1.267934 -0.393701 -0.381804,
        -1.272880 0.393701 -0.360226,
        -1.272880 -0.393701 -0.360226,
        -1.279528 0.393701 -0.271863,
        -1.279528 -0.393701 -0.271863,
        -0.729625 0.393701 0.861014,
        -0.729625 -0.393701 0.861014,
        -0.698852 0.393701 0.863090,
        -0.489783 -0.393701 0.874733,
        0.698852 -0.393701 0.863090,
        0.699570 0.393701 0.862733,
        0.463415 -0.393701 0.875902,
        0.489783 0.393701 0.874733,
        0.415948 -0.393701 0.877417,
        0.415942 0.393701 0.877265,
        0.226547 -0.393701 0.883465,
        0.250345 0.393701 0.882942,
        0.128740 -0.393701 0.884433,
        0.128739 0.393701 0.884407,
        -0.011469 -0.393701 0.885821,
        0.011469 0.393701 0.885821,
        -0.159572 -0.393701 0.884036,
        -0.159574 0.393701 0.884128,
        -0.250345 -0.393701 0.882942,
        -0.226547 0.393701 0.883465,
        -0.446514 -0.393701 0.876216,
        -0.446522 0.393701 0.876441,
        -0.463415 0.393701 0.875902,
        0.699588 -0.393701 0.863040,
        0.729625 -0.393701 0.861014,
        0.729625 0.393701 0.861014,
        1.279528 0.393701 0.271863,
        1.279528 -0.393701 0.271863,
        -1.279528 0.393701 0.271863,
        -1.279528 -0.393701 0.271863,
        -0.866181 0.787402 -0.357588,
        -0.877013 0.787402 -0.330108,
        -0.702526 0.787402 -0.468247,
        0.883611 0.787402 -0.301317,
        0.877013 0.787402 -0.330108,
        0.702526 0.787402 -0.468247,
        0.866181 0.787402 -0.357588,
        0.731758 0.787402 -0.464009,
        0.760026 0.787402 -0.455444,
        0.832881 0.787402 -0.406181,
        0.811164 0.787402 -0.426202,
        0.786695 0.787402 -0.442747,
        0.702526 0.787402 0.468247,
        0.672953 0.787402 -0.470242,
        0.471854 0.787402 0.481441,
        0.446471 0.787402 -0.482566,
        0.241259 0.787402 0.489346,
        0.218329 0.787402 -0.489850,
        0.011054 0.787402 0.492120,
        -0.011054 0.787402 -0.492120,
        -0.218329 0.787402 0.489850,
        -0.241259 0.787402 -0.489346,
        -0.446471 0.787402 0.482566,
        -0.471854 0.787402 -0.481441,
        -0.672953 0.787402 0.470242,
        0.885827 0.787402 -0.271863,
        0.885827 0.787402 0.271863,
        0.883611 0.787402 0.301317,
        0.731758 0.787402 0.464009,
        0.760026 0.787402 0.455444,
        0.832881 0.787402 0.406181,
        0.851359 0.787402 0.383137,
        0.866181 0.787402 0.357588,
        0.877013 0.787402 0.330108,
        -0.731758 0.787402 -0.464009,
        -0.760026 0.787402 -0.455444,
        -0.832881 0.787402 -0.406181,
        -0.786695 0.787402 -0.442747,
        -0.811164 0.787402 -0.426202,
        -0.851359 0.787402 -0.383137,
        0.786695 0.787402 0.442747,
        0.811164 0.787402 0.426202,
        0.851359 0.787402 -0.383137,
        -0.877013 0.787402 0.330108,
        -0.866181 0.787402 0.357588,
        -0.702526 0.787402 0.468247,
        -0.883611 0.787402 -0.301317,
        -0.885827 0.787402 -0.271863,
        -0.885827 0.787402 0.271863,
        -0.883611 0.787402 0.301317,
        -0.786695 0.787402 0.442747,
        -0.760026 0.787402 0.455444,
        -0.811164 0.787402 0.426202,
        -0.832881 0.787402 0.406181,
        -0.851359 0.787402 0.383137,
        -0.731758 0.787402 0.464009,
        -0.702526 -0.787402 -0.468247,
        -0.672953 -0.787402 -0.470242,
        -0.885827 -0.787402 -0.271863,
        -0.885827 -0.787402 0.271863,
        0.731758 -0.787402 -0.464009,
        0.866181 -0.787402 -0.357588,
        0.702526 -0.787402 -0.468247,
        0.877013 -0.787402 -0.330108,
        0.672953 -0.787402 0.470242,
        0.471854 -0.787402 -0.481441,
        0.446471 -0.787402 0.482566,
        0.241259 -0.787402 -0.489346,
        0.218329 -0.787402 0.489850,
        0.011054 -0.787402 -0.492120,
        -0.011054 -0.787402 0.492120,
        -0.218329 -0.787402 -0.489850,
        -0.241259 -0.787402 0.489346,
        -0.446471 -0.787402 -0.482566,
        -0.471854 -0.787402 0.481441,
        -0.702526 -0.787402 0.468247,
        -0.731758 -0.787402 0.464009,
        -0.760026 -0.787402 0.455444,
        0.786695 -0.787402 -0.442747,
        0.811164 -0.787402 -0.426202,
        0.832881 -0.787402 -0.406181,
        0.866181 -0.787402 0.357588,
        0.851359 -0.787402 0.383137,
        0.832881 -0.787402 0.406181,
        0.811164 -0.787402 0.426202,
        0.786695 -0.787402 0.442747,
        0.883611 -0.787402 0.301317,
        0.760026 -0.787402 0.455444,
        -0.832881 -0.787402 0.406181,
        -0.851359 -0.787402 0.383137,
        -0.883611 -0.787402 -0.301317,
        -0.877013 -0.787402 -0.330108,
        -0.866181 -0.787402 -0.357588,
        0.760026 -0.787402 -0.455444,
        0.851359 -0.787402 -0.383137,
        0.883611 -0.787402 -0.301317,
        0.885827 -0.787402 -0.271863,
        0.885827 -0.787402 0.271863,
        0.702526 -0.787402 0.468247,
        0.731758 -0.787402 0.464009,
        -0.786695 -0.787402 0.442747,
        -0.811164 -0.787402 0.426202,
        -0.851359 -0.787402 -0.383137,
        -0.832881 -0.787402 -0.406181,
        -0.811164 -0.787402 -0.426202,
        -0.786695 -0.787402 -0.442747,
        -0.760026 -0.787402 -0.455444,
        -0.731758 -0.787402 -0.464009,
        0.877013 -0.787402 0.330108,
        -0.866181 -0.787402 0.357588,
        -0.877013 -0.787402 0.330108,
        -0.883611 -0.787402 0.301317,
        0.817320 0.393701 0.848299,
        0.817320 -0.393701 0.848299,
        0.838507 0.393701 0.841881,
        0.838507 -0.393701 0.841881,
        0.902126 0.393701 0.822606,
        0.902126 -0.393701 0.822606,
        0.942129 0.393701 0.803560,
        0.942129 -0.393701 0.803560,
        0.982133 0.393701 0.784513,
        0.982133 -0.393701 0.784513,
        1.037200 0.393701 0.747278,
        1.037200 -0.393701 0.747278,
        1.055539 0.393701 0.734878,
        1.055539 -0.393701 0.734878,
        1.120691 0.393701 0.674818,
        1.120691 -0.393701 0.674818,
        1.176124 0.393701 0.605686,
        1.176124 -0.393701 0.605686,
        1.187233 0.393701 0.586537,
        1.187233 -0.393701 0.586537,
        1.220589 0.393701 0.529037,
        1.220589 -0.393701 0.529037,
        1.236837 0.393701 0.487818,
        1.236837 -0.393701 0.487818,
        1.253085 0.393701 0.446598,
        1.253085 -0.393701 0.446598,
        1.267934 0.393701 0.381804,
        1.267934 -0.393701 0.381804,
        1.272880 0.393701 0.360226,
        1.272880 -0.393701 0.360226,
        -1.272880 0.393701 0.360226,
        -1.272880 -0.393701 0.360226,
        -1.267934 0.393701 0.381804,
        -1.267934 -0.393701 0.381804,
        -1.253085 0.393701 0.446598,
        -1.253085 -0.393701 0.446598,
        -1.236837 0.393701 0.487818,
        -1.236837 -0.393701 0.487818,
        -1.220589 0.393701 0.529037,
        -1.220589 -0.393701 0.529037,
        -1.187233 0.393701 0.586537,
        -1.187233 -0.393701 0.586537,
        -1.176124 0.393701 0.605686,
        -1.176124 -0.393701 0.605686,
        -1.120691 0.393701 0.674818,
        -1.120691 -0.393701 0.674818,
        -1.055539 0.393701 0.734878,
        -1.055539 -0.393701 0.734878,
        -1.037200 0.393701 0.747278,
        -1.037200 -0.393701 0.747278,
        -0.982133 0.393701 0.784513,
        -0.982133 -0.393701 0.784513,
        -0.942129 0.393701 0.803560,
        -0.942129 -0.393701 0.803560,
        -0.902126 0.393701 0.822606,
        -0.902126 -0.393701 0.822606,
        -0.838507 0.393701 0.841881,
        -0.838507 -0.393701 0.841881,
        -0.817320 0.393701 0.848299,
        -0.817320 -0.393701 0.848299,
        -0.979163 0.462066 -0.779321,
        -1.051826 0.462066 -0.730189,
        -1.215205 0.462066 -0.526433,
        -1.266965 0.462066 -0.359331,
        -0.746615 0.781420 -0.530740,
        -0.954192 0.781420 -0.271863,
        -0.951207 0.781420 -0.311547,
        -0.973117 0.776350 -0.271863,
        -1.016748 0.763659 -0.321465,
        -0.707219 0.779720 -0.536259,
        -0.708556 0.777531 -0.555646,
        -0.761022 0.763659 -0.595444,
        -1.078245 0.734656 -0.330772,
        -1.056027 0.747083 -0.271863,
        -1.020480 0.763659 -0.271863,
        -0.711739 0.761351 -0.601776,
        -0.714284 0.748413 -0.638662,
        -0.774539 0.734656 -0.656154,
        -1.133828 0.695293 -0.339183,
        -1.130874 0.700907 -0.271863,
        -1.082677 0.734656 -0.271863,
        -0.715995 0.732793 -0.663463,
        -0.719422 0.701509 -0.713133,
        -0.786756 0.695293 -0.711026,
        -0.719897 0.694602 -0.720023,
        -0.797302 0.646767 -0.758393,
        -1.220727 0.590551 -0.352333,
        -1.193033 0.638748 -0.271863,
        -1.181808 0.646767 -0.346444,
        -1.187419 0.646767 -0.271863,
        -1.138893 0.695293 -0.271863,
        -0.723237 0.646076 -0.768434,
        -0.723713 0.639169 -0.775324,
        -0.805857 0.590551 -0.796814,
        -1.249404 0.528354 -0.356673,
        -1.239209 0.563901 -0.271863,
        -1.226781 0.590551 -0.271863,
        -0.820632 0.781420 -0.502094,
        -0.784702 0.781420 -0.519201,
        -0.853539 0.763659 -0.559638,
        -0.808627 0.763659 -0.581021,
        -0.884414 0.734656 -0.613630,
        -0.831076 0.734656 -0.639025,
        -0.912320 0.695293 -0.662430,
        -0.851366 0.695293 -0.691452,
        -0.936409 0.646767 -0.704555,
        -0.868881 0.646767 -0.736707,
        -0.955949 0.590551 -0.738726,
        -0.883088 0.590551 -0.773416,
        -0.970346 0.528354 -0.763902,
        -0.893556 0.528354 -0.800464,
        -0.812160 0.528354 -0.825124,
        -1.268476 0.480991 -0.271863,
        -1.255784 0.528354 -0.271863,
        -0.942317 0.781420 -0.350337,
        -0.927723 0.781420 -0.387360,
        -1.005637 0.763659 -0.369950,
        -0.987396 0.763659 -0.416227,
        -1.065049 0.734656 -0.388354,
        -1.043385 0.734656 -0.443313,
        -1.118747 0.695293 -0.404987,
        -1.093990 0.695293 -0.467794,
        -1.165101 0.646767 -0.419345,
        -1.137673 0.646767 -0.488926,
        -1.202701 0.590551 -0.430992,
        -1.173107 0.590551 -0.506067,
        -1.230405 0.528354 -0.439573,
        -1.199216 0.528354 -0.518698,
        -1.247371 0.462066 -0.444829,
        -0.725867 0.589381 -0.806535,
        -0.726941 0.564521 -0.822118,
        -0.727832 0.527547 -0.835025,
        -0.728946 0.481307 -0.851167,
        -0.899967 0.462066 -0.817028,
        -0.816020 0.462066 -0.842461,
        -0.729096 0.461875 -0.853351,
        -1.273546 0.462066 -0.271863,
        -1.171191 0.462066 -0.602305,
        -1.156539 0.528354 -0.592265,
        -1.132614 0.590551 -0.575870,
        -1.100144 0.646767 -0.553619,
        -1.060114 0.695293 -0.526189,
        -1.013742 0.734656 -0.494412,
        -0.962435 0.763659 -0.459254,
        -0.907754 0.781420 -0.421783,
        -0.882859 0.781420 -0.452830,
        -0.931318 0.763659 -0.498061,
        -0.976787 0.734656 -0.540500,
        -1.017882 0.695293 -0.578858,
        -1.053357 0.646767 -0.611969,
        -1.082132 0.590551 -0.638828,
        -1.103334 0.528354 -0.658618,
        -1.116319 0.462066 -0.670737,
        -0.853599 0.781420 -0.479803,
        -0.894745 0.763659 -0.531775,
        -0.933351 0.734656 -0.580540,
        -0.968245 0.695293 -0.624615,
        -0.998366 0.646767 -0.662662,
        -1.022798 0.590551 -0.693524,
        -1.040801 0.528354 -0.716263,
        -0.954192 0.781420 0.271863,
        -0.973117 0.776350 0.271863,
        -1.020480 0.763659 0.271863,
        -1.056027 0.747083 0.271863,
        -1.082677 0.734656 0.271863,
        -1.130874 0.700907 0.271863,
        -1.138893 0.695293 0.271863,
        -1.187419 0.646767 0.271863,
        -1.193033 0.638748 0.271863,
        -1.226781 0.590551 0.271863,
        -1.239209 0.563901 0.271863,
        -1.255784 0.528354 0.271863,
        -1.268476 0.480991 0.271863,
        -1.273546 0.462066 0.271863,
        0.707219 0.779720 -0.536259,
        0.708556 0.777531 -0.555646,
        0.678716 0.777531 -0.557659,
        0.723237 0.646076 -0.768434,
        0.723713 0.639169 -0.775324,
        0.693202 0.639169 -0.777383,
        0.729096 0.461875 -0.853351,
        0.727832 0.527547 -0.835025,
        0.728946 0.481307 -0.851167,
        0.698203 0.481307 -0.853240,
        0.725867 0.589381 -0.806535,
        0.696287 0.564521 -0.824185,
        0.726941 0.564521 -0.822118,
        0.719422 0.701509 -0.713133,
        0.719897 0.694602 -0.720023,
        0.689101 0.701509 -0.715178,
        0.711739 0.761351 -0.601776,
        0.684190 0.748413 -0.640692,
        0.714284 0.748413 -0.638662,
        0.715995 0.732793 -0.663463,
        0.462990 0.481307 -0.866040,
        0.226341 0.481307 -0.873596,
        -0.011459 0.481307 -0.875950,
        -0.250117 0.481307 -0.873074,
        -0.489334 0.481307 -0.864872,
        0.461737 0.564521 -0.836949,
        0.225733 0.564521 -0.844485,
        -0.011428 0.564521 -0.846832,
        -0.249445 0.564521 -0.843963,
        -0.488008 0.564521 -0.835785,
        0.459719 0.639169 -0.790088,
        0.457035 0.701509 -0.727807,
        0.224754 0.639169 -0.797591,
        0.223453 0.701509 -0.735265,
        -0.011379 0.639169 -0.799928,
        -0.011313 0.701509 -0.737589,
        -0.248363 0.639169 -0.797072,
        -0.246924 0.701509 -0.734749,
        -0.485872 0.639169 -0.788929,
        -0.483033 0.701509 -0.726654,
        0.453823 0.748413 -0.653228,
        0.450241 0.777531 -0.570091,
        0.221894 0.748413 -0.660633,
        0.220157 0.777531 -0.577437,
        -0.011235 0.748413 -0.662941,
        -0.011147 0.777531 -0.579727,
        -0.245201 0.748413 -0.660121,
        -0.243281 0.777531 -0.576929,
        -0.479633 0.748413 -0.652083,
        -0.475843 0.777531 -0.568956,
        -1.215205 0.462066 0.526433,
        -1.171191 0.462066 0.602305,
        -0.979163 0.462066 0.779321,
        -0.816020 0.462066 0.842461,
        -0.951207 0.781420 0.311547,
        -0.707219 0.779720 0.536259,
        -0.746615 0.781420 0.530740,
        -0.708556 0.777531 0.555646,
        -0.761022 0.763659 0.595444,
        -1.016748 0.763659 0.321465,
        -0.774539 0.734656 0.656154,
        -0.714284 0.748413 0.638662,
        -0.711739 0.761351 0.601776,
        -1.078245 0.734656 0.330772,
        -0.786756 0.695293 0.711026,
        -0.719422 0.701509 0.713133,
        -0.715995 0.732793 0.663463,
        -1.133828 0.695293 0.339183,
        -1.181808 0.646767 0.346444,
        -0.805857 0.590551 0.796814,
        -0.723713 0.639169 0.775324,
        -0.797302 0.646767 0.758393,
        -0.723237 0.646076 0.768434,
        -0.719897 0.694602 0.720023,
        -1.220727 0.590551 0.352333,
        -0.812160 0.528354 0.825124,
        -0.726941 0.564521 0.822118,
        -0.725867 0.589381 0.806535,
        -0.927723 0.781420 0.387360,
        -0.942317 0.781420 0.350337,
        -0.987396 0.763659 0.416227,
        -1.005637 0.763659 0.369950,
        -1.043385 0.734656 0.443313,
        -1.065049 0.734656 0.388354,
        -1.093990 0.695293 0.467794,
        -1.118747 0.695293 0.404987,
        -1.137673 0.646767 0.488926,
        -1.165101 0.646767 0.419345,
        -1.173107 0.590551 0.506067,
        -1.202701 0.590551 0.430992,
        -1.199216 0.528354 0.518698,
        -1.230405 0.528354 0.439573,
        -1.249404 0.528354 0.356673,
        -0.728946 0.481307 0.851167,
        -0.727832 0.527547 0.835025,
        -0.784702 0.781420 0.519201,
        -0.820632 0.781420 0.502094,
        -0.808627 0.763659 0.581021,
        -0.853539 0.763659 0.559638,
        -0.831076 0.734656 0.639025,
        -0.884414 0.734656 0.613630,
        -0.851366 0.695293 0.691452,
        -0.912320 0.695293 0.662430,
        -0.868881 0.646767 0.736707,
        -0.936409 0.646767 0.704555,
        -0.883088 0.590551 0.773416,
        -0.955949 0.590551 0.738726,
        -0.893556 0.528354 0.800464,
        -0.970346 0.528354 0.763902,
        -0.899967 0.462066 0.817028,
        -1.247371 0.462066 0.444829,
        -1.266965 0.462066 0.359331,
        -0.729096 0.461875 0.853351,
        -1.051826 0.462066 0.730189,
        -1.040801 0.528354 0.716263,
        -1.022798 0.590551 0.693524,
        -0.998366 0.646767 0.662662,
        -0.968245 0.695293 0.624615,
        -0.933351 0.734656 0.580540,
        -0.894745 0.763659 0.531775,
        -0.853599 0.781420 0.479803,
        -0.882859 0.781420 0.452830,
        -0.931318 0.763659 0.498061,
        -0.976787 0.734656 0.540500,
        -1.017882 0.695293 0.578858,
        -1.053357 0.646767 0.611969,
        -1.082132 0.590551 0.638828,
        -1.103334 0.528354 0.658618,
        -1.116319 0.462066 0.670737,
        -0.907754 0.781420 0.421783,
        -0.962435 0.763659 0.459254,
        -1.013742 0.734656 0.494412,
        -1.060114 0.695293 0.526189,
        -1.100144 0.646767 0.553619,
        -1.132614 0.590551 0.575870,
        -1.156539 0.528354 0.592265,
        1.215205 0.462066 -0.526433,
        1.171191 0.462066 -0.602305,
        0.979163 0.462066 -0.779321,
        0.899967 0.462066 -0.817028,
        0.816020 0.462066 -0.842461,
        0.951207 0.781420 -0.311547,
        0.746615 0.781420 -0.530740,
        0.761022 0.763659 -0.595444,
        0.954192 0.781420 -0.271863,
        0.973117 0.776350 -0.271863,
        1.016748 0.763659 -0.321465,
        0.774539 0.734656 -0.656154,
        1.020480 0.763659 -0.271863,
        1.056027 0.747083 -0.271863,
        1.078245 0.734656 -0.330772,
        0.786756 0.695293 -0.711026,
        1.082677 0.734656 -0.271863,
        1.130874 0.700907 -0.271863,
        1.133828 0.695293 -0.339183,
        1.138893 0.695293 -0.271863,
        1.181808 0.646767 -0.346444,
        0.805857 0.590551 -0.796814,
        0.797302 0.646767 -0.758393,
        1.187419 0.646767 -0.271863,
        1.193033 0.638748 -0.271863,
        1.220727 0.590551 -0.352333,
        0.812160 0.528354 -0.825124,
        0.927723 0.781420 -0.387360,
        0.942317 0.781420 -0.350337,
        0.987396 0.763659 -0.416227,
        1.005637 0.763659 -0.369950,
        1.043385 0.734656 -0.443313,
        1.065049 0.734656 -0.388354,
        1.093990 0.695293 -0.467794,
        1.118747 0.695293 -0.404987,
        1.137673 0.646767 -0.488926,
        1.165101 0.646767 -0.419345,
        1.173107 0.590551 -0.506067,
        1.202701 0.590551 -0.430992,
        1.199216 0.528354 -0.518698,
        1.230405 0.528354 -0.439573,
        1.249404 0.528354 -0.356673,
        1.226781 0.590551 -0.271863,
        1.239209 0.563901 -0.271863,
        1.255784 0.528354 -0.271863,
        1.268476 0.480991 -0.271863,
        1.247371 0.462066 -0.444829,
        1.266965 0.462066 -0.359331,
        1.273546 0.462066 -0.271863,
        0.893556 0.528354 -0.800464,
        0.883088 0.590551 -0.773416,
        0.868881 0.646767 -0.736707,
        0.851366 0.695293 -0.691452,
        0.831076 0.734656 -0.639025,
        0.808627 0.763659 -0.581021,
        0.784702 0.781420 -0.519201,
        0.970346 0.528354 -0.763902,
        0.955949 0.590551 -0.738726,
        0.936409 0.646767 -0.704555,
        0.912320 0.695293 -0.662430,
        0.884414 0.734656 -0.613630,
        0.853539 0.763659 -0.559638,
        0.820632 0.781420 -0.502094,
        1.051826 0.462066 -0.730189,
        1.040801 0.528354 -0.716263,
        1.022798 0.590551 -0.693524,
        0.998366 0.646767 -0.662662,
        0.968245 0.695293 -0.624615,
        0.933351 0.734656 -0.580540,
        0.894745 0.763659 -0.531775,
        0.853599 0.781420 -0.479803,
        0.882859 0.781420 -0.452830,
        0.931318 0.763659 -0.498061,
        0.976787 0.734656 -0.540500,
        1.017882 0.695293 -0.578858,
        1.053357 0.646767 -0.611969,
        1.082132 0.590551 -0.638828,
        1.103334 0.528354 -0.658618,
        1.116319 0.462066 -0.670737,
        0.907754 0.781420 -0.421783,
        0.962435 0.763659 -0.459254,
        1.013742 0.734656 -0.494412,
        1.060114 0.695293 -0.526189,
        1.100144 0.646767 -0.553619,
        1.132614 0.590551 -0.575870,
        1.156539 0.528354 -0.592265,
        -0.678716 0.777531 0.557659,
        -0.693202 0.639169 0.777383,
        -0.698203 0.481307 0.853240,
        -0.696287 0.564521 0.824185,
        -0.689101 0.701509 0.715178,
        -0.684190 0.748413 0.640692,
        -0.462990 0.481307 0.866040,
        -0.226341 0.481307 0.873596,
        0.011459 0.481307 0.875950,
        0.250117 0.481307 0.873074,
        0.489334 0.481307 0.864872,
        -0.461737 0.564521 0.836949,
        -0.225733 0.564521 0.844485,
        0.011428 0.564521 0.846832,
        0.249445 0.564521 0.843963,
        0.488008 0.564521 0.835785,
        -0.459719 0.639169 0.790088,
        -0.457035 0.701509 0.727807,
        -0.224754 0.639169 0.797591,
        -0.223453 0.701509 0.735265,
        0.011379 0.639169 0.799928,
        0.011313 0.701509 0.737589,
        0.248363 0.639169 0.797072,
        0.246924 0.701509 0.734749,
        0.485872 0.639169 0.788929,
        0.483033 0.701509 0.726654,
        -0.453823 0.748413 0.653228,
        -0.450241 0.777531 0.570091,
        -0.221894 0.748413 0.660633,
        -0.220157 0.777531 0.577437,
        0.011235 0.748413 0.662941,
        0.011147 0.777531 0.579727,
        0.245201 0.748413 0.660121,
        0.243281 0.777531 0.576929,
        0.479633 0.748413 0.652083,
        0.475843 0.777531 0.568956,
        0.729096 0.461875 0.853351,
        0.728946 0.481307 0.851167,
        0.727832 0.527547 0.835025,
        0.726941 0.564521 0.822118,
        0.725867 0.589381 0.806535,
        0.723713 0.639169 0.775324,
        0.723237 0.646076 0.768434,
        0.719897 0.694602 0.720023,
        0.719422 0.701509 0.713133,
        0.715995 0.732793 0.663463,
        0.714284 0.748413 0.638662,
        0.711739 0.761351 0.601776,
        0.708556 0.777531 0.555646,
        0.707219 0.779720 0.536259,
        0.954192 0.781420 0.271863,
        0.973117 0.776350 0.271863,
        1.020480 0.763659 0.271863,
        1.056027 0.747083 0.271863,
        1.082677 0.734656 0.271863,
        1.130874 0.700907 0.271863,
        1.138893 0.695293 0.271863,
        1.187419 0.646767 0.271863,
        1.193033 0.638748 0.271863,
        1.226781 0.590551 0.271863,
        1.239209 0.563901 0.271863,
        1.255784 0.528354 0.271863,
        1.268476 0.480991 0.271863,
        1.273546 0.462066 0.271863,
        0.899967 0.462066 0.817028,
        0.979163 0.462066 0.779321,
        1.051826 0.462066 0.730189,
        1.215205 0.462066 0.526433,
        1.247371 0.462066 0.444829,
        1.266965 0.462066 0.359331,
        0.746615 0.781420 0.530740,
        0.951207 0.781420 0.311547,
        1.016748 0.763659 0.321465,
        0.761022 0.763659 0.595444,
        1.078245 0.734656 0.330772,
        0.774539 0.734656 0.656154,
        1.133828 0.695293 0.339183,
        0.786756 0.695293 0.711026,
        0.797302 0.646767 0.758393,
        1.220727 0.590551 0.352333,
        1.181808 0.646767 0.346444,
        0.805857 0.590551 0.796814,
        1.249404 0.528354 0.356673,
        0.812160 0.528354 0.825124,
        1.230405 0.528354 0.439573,
        1.202701 0.590551 0.430992,
        1.165101 0.646767 0.419345,
        1.118747 0.695293 0.404987,
        1.065049 0.734656 0.388354,
        1.005637 0.763659 0.369950,
        0.942317 0.781420 0.350337,
        1.199216 0.528354 0.518698,
        1.173107 0.590551 0.506067,
        1.137673 0.646767 0.488926,
        1.093990 0.695293 0.467794,
        1.043385 0.734656 0.443313,
        0.987396 0.763659 0.416227,
        0.927723 0.781420 0.387360,
        1.171191 0.462066 0.602305,
        1.156539 0.528354 0.592265,
        1.132614 0.590551 0.575870,
        1.100144 0.646767 0.553619,
        1.060114 0.695293 0.526189,
        1.013742 0.734656 0.494412,
        0.962435 0.763659 0.459254,
        0.907754 0.781420 0.421783,
        0.882859 0.781420 0.452830,
        0.931318 0.763659 0.498061,
        0.976787 0.734656 0.540500,
        1.017882 0.695293 0.578858,
        1.053357 0.646767 0.611969,
        1.082132 0.590551 0.638828,
        1.103334 0.528354 0.658618,
        1.116319 0.462066 0.670737,
        0.853599 0.781420 0.479803,
        0.894745 0.763659 0.531775,
        0.933351 0.734656 0.580540,
        0.968245 0.695293 0.624615,
        0.998366 0.646767 0.662662,
        1.022798 0.590551 0.693524,
        1.040801 0.528354 0.716263,
        0.970346 0.528354 0.763902,
        0.955949 0.590551 0.738726,
        0.936409 0.646767 0.704555,
        0.912320 0.695293 0.662430,
        0.884414 0.734656 0.613630,
        0.853539 0.763659 0.559638,
        0.820632 0.781420 0.502094,
        0.893556 0.528354 0.800464,
        0.883088 0.590551 0.773416,
        0.868881 0.646767 0.736707,
        0.851366 0.695293 0.691452,
        0.831076 0.734656 0.639025,
        0.808627 0.763659 0.581021,
        0.784702 0.781420 0.519201,
        0.816020 0.462066 0.842461,
        1.268476 -0.480991 0.271863,
        1.273546 -0.462066 0.271863,
        1.266965 -0.462066 0.359331,
        1.215205 -0.462066 0.526433,
        1.247371 -0.462066 0.444829,
        1.171191 -0.462066 0.602305,
        1.116319 -0.462066 0.670737,
        1.051826 -0.462066 0.730189,
        0.979163 -0.462066 0.779321,
        0.899967 -0.462066 0.817028,
        0.816020 -0.462066 0.842461,
        1.249404 -0.528354 0.356673,
        1.255784 -0.528354 0.271863,
        1.230405 -0.528354 0.439573,
        1.199216 -0.528354 0.518698,
        1.156539 -0.528354 0.592265,
        1.103334 -0.528354 0.658618,
        1.040801 -0.528354 0.716263,
        0.970346 -0.528354 0.763902,
        0.893556 -0.528354 0.800464,
        0.812160 -0.528354 0.825124,
        1.193033 -0.638748 0.271863,
        1.226781 -0.590551 0.271863,
        1.220727 -0.590551 0.352333,
        1.239209 -0.563901 0.271863,
        0.729096 -0.461875 0.853351,
        0.728946 -0.481307 0.851167,
        0.727832 -0.527547 0.835025,
        0.726941 -0.564521 0.822118,
        0.805857 -0.590551 0.796814,
        0.883088 -0.590551 0.773416,
        0.955949 -0.590551 0.738726,
        1.022798 -0.590551 0.693524,
        1.082132 -0.590551 0.638828,
        1.132614 -0.590551 0.575870,
        1.173107 -0.590551 0.506067,
        1.202701 -0.590551 0.430992,
        1.138893 -0.695293 0.271863,
        1.187419 -0.646767 0.271863,
        1.181808 -0.646767 0.346444,
        1.165101 -0.646767 0.419345,
        1.137673 -0.646767 0.488926,
        1.100144 -0.646767 0.553619,
        1.053357 -0.646767 0.611969,
        0.998366 -0.646767 0.662662,
        0.936409 -0.646767 0.704555,
        0.868881 -0.646767 0.736707,
        0.797302 -0.646767 0.758393,
        1.133828 -0.695293 0.339183,
        1.118747 -0.695293 0.404987,
        1.093990 -0.695293 0.467794,
        1.060114 -0.695293 0.526189,
        1.017882 -0.695293 0.578858,
        0.968245 -0.695293 0.624615,
        0.912320 -0.695293 0.662430,
        0.851366 -0.695293 0.691452,
        0.786756 -0.695293 0.711026,
        1.056027 -0.747083 0.271863,
        1.082677 -0.734656 0.271863,
        1.078245 -0.734656 0.330772,
        1.130874 -0.700907 0.271863,
        0.725867 -0.589381 0.806535,
        0.723713 -0.639169 0.775324,
        0.723237 -0.646076 0.768434,
        0.719897 -0.694602 0.720023,
        0.719422 -0.701509 0.713133,
        0.774539 -0.734656 0.656154,
        0.831076 -0.734656 0.639025,
        0.884414 -0.734656 0.613630,
        0.933351 -0.734656 0.580540,
        0.976787 -0.734656 0.540500,
        1.013742 -0.734656 0.494412,
        1.043385 -0.734656 0.443313,
        1.065049 -0.734656 0.388354,
        0.973117 -0.776350 0.271863,
        1.020480 -0.763659 0.271863,
        1.016748 -0.763659 0.321465,
        1.005637 -0.763659 0.369950,
        0.987396 -0.763659 0.416227,
        0.962435 -0.763659 0.459254,
        0.931318 -0.763659 0.498061,
        0.894745 -0.763659 0.531775,
        0.853539 -0.763659 0.559638,
        0.808627 -0.763659 0.581021,
        0.761022 -0.763659 0.595444,
        0.954192 -0.781420 0.271863,
        0.951207 -0.781420 0.311547,
        0.715995 -0.732793 0.663463,
        0.714284 -0.748413 0.638662,
        0.711739 -0.761351 0.601776,
        0.708556 -0.777531 0.555646,
        0.942317 -0.781420 0.350337,
        0.927723 -0.781420 0.387360,
        0.907754 -0.781420 0.421783,
        0.882859 -0.781420 0.452830,
        0.853599 -0.781420 0.479803,
        0.820632 -0.781420 0.502094,
        0.784702 -0.781420 0.519201,
        0.746615 -0.781420 0.530740,
        0.707219 -0.779720 0.536259,
        0.678716 -0.777531 0.557659,
        0.693202 -0.639169 0.777383,
        0.698203 -0.481307 0.853240,
        0.696287 -0.564521 0.824185,
        0.689101 -0.701509 0.715178,
        0.684190 -0.748413 0.640692,
        0.462990 -0.481307 0.866040,
        0.226341 -0.481307 0.873596,
        -0.011459 -0.481307 0.875950,
        -0.250117 -0.481307 0.873074,
        0.461737 -0.564521 0.836949,
        0.225733 -0.564521 0.844485,
        -0.011428 -0.564521 0.846832,
        -0.249445 -0.564521 0.843963,
        -0.489334 -0.481307 0.864872,
        -0.488008 -0.564521 0.835785,
        0.459719 -0.639169 0.790088,
        0.457035 -0.701509 0.727807,
        0.224754 -0.639169 0.797591,
        0.223453 -0.701509 0.735265,
        -0.011379 -0.639169 0.799928,
        -0.011313 -0.701509 0.737589,
        -0.248363 -0.639169 0.797072,
        -0.246924 -0.701509 0.734749,
        -0.485872 -0.639169 0.788929,
        -0.483033 -0.701509 0.726654,
        0.453823 -0.748413 0.653228,
        0.450241 -0.777531 0.570091,
        0.221894 -0.748413 0.660633,
        0.220157 -0.777531 0.577437,
        -0.011235 -0.748413 0.662941,
        -0.011147 -0.777531 0.579727,
        -0.245201 -0.748413 0.660121,
        -0.243281 -0.777531 0.576929,
        -0.479633 -0.748413 0.652083,
        -0.475843 -0.777531 0.568956,
        -0.729096 -0.461875 0.853351,
        -0.728946 -0.481307 0.851167,
        -0.727832 -0.527547 0.835025,
        -0.726941 -0.564521 0.822118,
        -0.725867 -0.589381 0.806535,
        -0.723713 -0.639169 0.775324,
        -0.723237 -0.646076 0.768434,
        -0.719897 -0.694602 0.720023,
        -0.719422 -0.701509 0.713133,
        -0.715995 -0.732793 0.663463,
        -0.714284 -0.748413 0.638662,
        -0.711739 -0.761351 0.601776,
        -0.708556 -0.777531 0.555646,
        -0.707219 -0.779720 0.536259,
        1.273546 -0.462066 -0.271863,
        1.268476 -0.480991 -0.271863,
        1.255784 -0.528354 -0.271863,
        1.239209 -0.563901 -0.271863,
        1.226781 -0.590551 -0.271863,
        1.193033 -0.638748 -0.271863,
        1.187419 -0.646767 -0.271863,
        1.138893 -0.695293 -0.271863,
        1.130874 -0.700907 -0.271863,
        1.082677 -0.734656 -0.271863,
        1.056027 -0.747083 -0.271863,
        1.020480 -0.763659 -0.271863,
        0.973117 -0.776350 -0.271863,
        0.954192 -0.781420 -0.271863,
        -0.816020 -0.462066 0.842461,
        -0.899967 -0.462066 0.817028,
        -0.979163 -0.462066 0.779321,
        -1.051826 -0.462066 0.730189,
        -1.116319 -0.462066 0.670737,
        -1.171191 -0.462066 0.602305,
        -1.215205 -0.462066 0.526433,
        -1.247371 -0.462066 0.444829,
        -1.266965 -0.462066 0.359331,
        -0.812160 -0.528354 0.825124,
        -0.893556 -0.528354 0.800464,
        -0.970346 -0.528354 0.763902,
        -1.040801 -0.528354 0.716263,
        -1.103334 -0.528354 0.658618,
        -1.156539 -0.528354 0.592265,
        -1.199216 -0.528354 0.518698,
        -1.230405 -0.528354 0.439573,
        -1.249404 -0.528354 0.356673,
        -0.805857 -0.590551 0.796814,
        -1.273546 -0.462066 0.271863,
        -1.268476 -0.480991 0.271863,
        -1.255784 -0.528354 0.271863,
        -1.239209 -0.563901 0.271863,
        -1.220727 -0.590551 0.352333,
        -1.202701 -0.590551 0.430992,
        -1.173107 -0.590551 0.506067,
        -1.132614 -0.590551 0.575870,
        -1.082132 -0.590551 0.638828,
        -1.022798 -0.590551 0.693524,
        -0.955949 -0.590551 0.738726,
        -0.883088 -0.590551 0.773416,
        -0.797302 -0.646767 0.758393,
        -0.868881 -0.646767 0.736707,
        -0.936409 -0.646767 0.704555,
        -0.998366 -0.646767 0.662662,
        -1.053357 -0.646767 0.611969,
        -1.100144 -0.646767 0.553619,
        -1.137673 -0.646767 0.488926,
        -1.165101 -0.646767 0.419345,
        -1.181808 -0.646767 0.346444,
        -0.786756 -0.695293 0.711026,
        -0.851366 -0.695293 0.691452,
        -0.912320 -0.695293 0.662430,
        -0.968245 -0.695293 0.624615,
        -1.017882 -0.695293 0.578858,
        -1.060114 -0.695293 0.526189,
        -1.093990 -0.695293 0.467794,
        -1.118747 -0.695293 0.404987,
        -1.133828 -0.695293 0.339183,
        -0.774539 -0.734656 0.656154,
        -1.226781 -0.590551 0.271863,
        -1.193033 -0.638748 0.271863,
        -1.187419 -0.646767 0.271863,
        -1.138893 -0.695293 0.271863,
        -1.130874 -0.700907 0.271863,
        -1.078245 -0.734656 0.330772,
        -1.065049 -0.734656 0.388354,
        -1.043385 -0.734656 0.443313,
        -1.013742 -0.734656 0.494412,
        -0.976787 -0.734656 0.540500,
        -0.933351 -0.734656 0.580540,
        -0.884414 -0.734656 0.613630,
        -0.831076 -0.734656 0.639025,
        -0.761022 -0.763659 0.595444,
        -0.808627 -0.763659 0.581021,
        -0.853539 -0.763659 0.559638,
        -0.894745 -0.763659 0.531775,
        -0.931318 -0.763659 0.498061,
        -0.962435 -0.763659 0.459254,
        -0.987396 -0.763659 0.416227,
        -1.005637 -0.763659 0.369950,
        -1.016748 -0.763659 0.321465,
        -0.746615 -0.781420 0.530740,
        -1.082677 -0.734656 0.271863,
        -1.056027 -0.747083 0.271863,
        -1.020480 -0.763659 0.271863,
        -0.973117 -0.776350 0.271863,
        -0.784702 -0.781420 0.519201,
        -0.820632 -0.781420 0.502094,
        -0.853599 -0.781420 0.479803,
        -0.882859 -0.781420 0.452830,
        -0.907754 -0.781420 0.421783,
        -0.927723 -0.781420 0.387360,
        -0.942317 -0.781420 0.350337,
        -0.951207 -0.781420 0.311547,
        -0.954192 -0.781420 0.271863,
        0.728946 -0.481307 -0.851167,
        0.729096 -0.461875 -0.853351,
        0.816020 -0.462066 -0.842461,
        0.899967 -0.462066 -0.817028,
        0.979163 -0.462066 -0.779321,
        1.051826 -0.462066 -0.730189,
        1.116319 -0.462066 -0.670737,
        1.171191 -0.462066 -0.602305,
        1.215205 -0.462066 -0.526433,
        1.247371 -0.462066 -0.444829,
        1.266965 -0.462066 -0.359331,
        0.812160 -0.528354 -0.825124,
        0.727832 -0.527547 -0.835025,
        0.893556 -0.528354 -0.800464,
        0.970346 -0.528354 -0.763902,
        1.040801 -0.528354 -0.716263,
        1.103334 -0.528354 -0.658618,
        1.156539 -0.528354 -0.592265,
        1.199216 -0.528354 -0.518698,
        1.230405 -0.528354 -0.439573,
        1.249404 -0.528354 -0.356673,
        0.723713 -0.639169 -0.775324,
        0.725867 -0.589381 -0.806535,
        0.805857 -0.590551 -0.796814,
        0.726941 -0.564521 -0.822118,
        1.220727 -0.590551 -0.352333,
        1.202701 -0.590551 -0.430992,
        1.173107 -0.590551 -0.506067,
        1.132614 -0.590551 -0.575870,
        1.082132 -0.590551 -0.638828,
        1.022798 -0.590551 -0.693524,
        0.955949 -0.590551 -0.738726,
        0.883088 -0.590551 -0.773416,
        0.719897 -0.694602 -0.720023,
        0.723237 -0.646076 -0.768434,
        0.797302 -0.646767 -0.758393,
        0.868881 -0.646767 -0.736707,
        0.936409 -0.646767 -0.704555,
        0.998366 -0.646767 -0.662662,
        1.053357 -0.646767 -0.611969,
        1.100144 -0.646767 -0.553619,
        1.137673 -0.646767 -0.488926,
        1.165101 -0.646767 -0.419345,
        1.181808 -0.646767 -0.346444,
        0.786756 -0.695293 -0.711026,
        0.851366 -0.695293 -0.691452,
        0.912320 -0.695293 -0.662430,
        0.968245 -0.695293 -0.624615,
        1.017882 -0.695293 -0.578858,
        1.060114 -0.695293 -0.526189,
        1.093990 -0.695293 -0.467794,
        1.118747 -0.695293 -0.404987,
        1.133828 -0.695293 -0.339183,
        0.714284 -0.748413 -0.638662,
        0.715995 -0.732793 -0.663463,
        0.774539 -0.734656 -0.656154,
        0.719422 -0.701509 -0.713133,
        1.078245 -0.734656 -0.330772,
        1.065049 -0.734656 -0.388354,
        1.043385 -0.734656 -0.443313,
        1.013742 -0.734656 -0.494412,
        0.976787 -0.734656 -0.540500,
        0.933351 -0.734656 -0.580540,
        0.884414 -0.734656 -0.613630,
        0.831076 -0.734656 -0.639025,
        0.708556 -0.777531 -0.555646,
        0.711739 -0.761351 -0.601776,
        0.761022 -0.763659 -0.595444,
        0.808627 -0.763659 -0.581021,
        0.853539 -0.763659 -0.559638,
        0.894745 -0.763659 -0.531775,
        0.931318 -0.763659 -0.498061,
        0.962435 -0.763659 -0.459254,
        0.987396 -0.763659 -0.416227,
        1.005637 -0.763659 -0.369950,
        1.016748 -0.763659 -0.321465,
        0.707219 -0.779720 -0.536259,
        0.746615 -0.781420 -0.530740,
        0.784702 -0.781420 -0.519201,
        0.820632 -0.781420 -0.502094,
        0.853599 -0.781420 -0.479803,
        0.882859 -0.781420 -0.452830,
        0.907754 -0.781420 -0.421783,
        0.927723 -0.781420 -0.387360,
        0.942317 -0.781420 -0.350337,
        0.951207 -0.781420 -0.311547,
        -1.273546 -0.462066 -0.271863,
        -1.268476 -0.480991 -0.271863,
        -1.255784 -0.528354 -0.271863,
        -1.239209 -0.563901 -0.271863,
        -1.226781 -0.590551 -0.271863,
        -1.193033 -0.638748 -0.271863,
        -1.187419 -0.646767 -0.271863,
        -1.138893 -0.695293 -0.271863,
        -1.130874 -0.700907 -0.271863,
        -1.082677 -0.734656 -0.271863,
        -1.056027 -0.747083 -0.271863,
        -1.020480 -0.763659 -0.271863,
        -0.973117 -0.776350 -0.271863,
        -0.954192 -0.781420 -0.271863,
        -0.707219 -0.779720 -0.536259,
        -0.708556 -0.777531 -0.555646,
        -0.678716 -0.777531 -0.557659,
        -0.723237 -0.646076 -0.768434,
        -0.723713 -0.639169 -0.775324,
        -0.693202 -0.639169 -0.777383,
        -0.728946 -0.481307 -0.851167,
        -0.729096 -0.461875 -0.853351,
        -0.698203 -0.481307 -0.853240,
        -0.725867 -0.589381 -0.806535,
        -0.696287 -0.564521 -0.824185,
        -0.726941 -0.564521 -0.822118,
        -0.727832 -0.527547 -0.835025,
        -0.689101 -0.701509 -0.715178,
        -0.719422 -0.701509 -0.713133,
        -0.719897 -0.694602 -0.720023,
        -0.711739 -0.761351 -0.601776,
        -0.684190 -0.748413 -0.640692,
        -0.714284 -0.748413 -0.638662,
        -0.715995 -0.732793 -0.663463,
        -0.462990 -0.481307 -0.866040,
        -0.226341 -0.481307 -0.873596,
        0.011459 -0.481307 -0.875950,
        0.250117 -0.481307 -0.873074,
        0.489334 -0.481307 -0.864872,
        -0.461737 -0.564521 -0.836949,
        -0.459719 -0.639169 -0.790088,
        -0.225733 -0.564521 -0.844485,
        -0.224754 -0.639169 -0.797591,
        0.011428 -0.564521 -0.846832,
        0.011379 -0.639169 -0.799928,
        0.249445 -0.564521 -0.843963,
        0.248363 -0.639169 -0.797072,
        0.488008 -0.564521 -0.835785,
        0.485872 -0.639169 -0.788929,
        -0.453823 -0.748413 -0.653228,
        -0.450241 -0.777531 -0.570091,
        -0.221894 -0.748413 -0.660633,
        -0.220157 -0.777531 -0.577437,
        0.011235 -0.748413 -0.662941,
        0.011147 -0.777531 -0.579727,
        0.245201 -0.748413 -0.660121,
        0.243281 -0.777531 -0.576929,
        0.479633 -0.748413 -0.652083,
        0.475843 -0.777531 -0.568956,
        0.483033 -0.701509 -0.726654,
        0.246924 -0.701509 -0.734749,
        0.011313 -0.701509 -0.737589,
        -0.223453 -0.701509 -0.735265,
        -0.457035 -0.701509 -0.727807,
        -1.266965 -0.462066 -0.359331,
        -1.247371 -0.462066 -0.444829,
        -1.215205 -0.462066 -0.526433,
        -1.171191 -0.462066 -0.602305,
        -1.116319 -0.462066 -0.670737,
        -1.051826 -0.462066 -0.730189,
        -0.979163 -0.462066 -0.779321,
        -0.899967 -0.462066 -0.817028,
        -0.816020 -0.462066 -0.842461,
        -1.249404 -0.528354 -0.356673,
        -1.230405 -0.528354 -0.439573,
        -1.199216 -0.528354 -0.518698,
        -1.156539 -0.528354 -0.592265,
        -1.103334 -0.528354 -0.658618,
        -1.040801 -0.528354 -0.716263,
        -0.970346 -0.528354 -0.763902,
        -0.893556 -0.528354 -0.800464,
        -0.812160 -0.528354 -0.825124,
        -1.220727 -0.590551 -0.352333,
        -0.805857 -0.590551 -0.796814,
        -0.883088 -0.590551 -0.773416,
        -0.955949 -0.590551 -0.738726,
        -1.022798 -0.590551 -0.693524,
        -1.082132 -0.590551 -0.638828,
        -1.132614 -0.590551 -0.575870,
        -1.173107 -0.590551 -0.506067,
        -1.202701 -0.590551 -0.430992,
        -1.181808 -0.646767 -0.346444,
        -1.165101 -0.646767 -0.419345,
        -1.137673 -0.646767 -0.488926,
        -1.100144 -0.646767 -0.553619,
        -1.053357 -0.646767 -0.611969,
        -0.998366 -0.646767 -0.662662,
        -0.936409 -0.646767 -0.704555,
        -0.868881 -0.646767 -0.736707,
        -0.797302 -0.646767 -0.758393,
        -1.133828 -0.695293 -0.339183,
        -1.118747 -0.695293 -0.404987,
        -1.093990 -0.695293 -0.467794,
        -1.060114 -0.695293 -0.526189,
        -1.017882 -0.695293 -0.578858,
        -0.968245 -0.695293 -0.624615,
        -0.912320 -0.695293 -0.662430,
        -0.851366 -0.695293 -0.691452,
        -0.786756 -0.695293 -0.711026,
        -1.078245 -0.734656 -0.330772,
        -0.774539 -0.734656 -0.656154,
        -0.831076 -0.734656 -0.639025,
        -0.884414 -0.734656 -0.613630,
        -0.933351 -0.734656 -0.580540,
        -0.976787 -0.734656 -0.540500,
        -1.013742 -0.734656 -0.494412,
        -1.043385 -0.734656 -0.443313,
        -1.065049 -0.734656 -0.388354,
        -1.016748 -0.763659 -0.321465,
        -1.005637 -0.763659 -0.369950,
        -0.987396 -0.763659 -0.416227,
        -0.962435 -0.763659 -0.459254,
        -0.931318 -0.763659 -0.498061,
        -0.894745 -0.763659 -0.531775,
        -0.853539 -0.763659 -0.559638,
        -0.808627 -0.763659 -0.581021,
        -0.761022 -0.763659 -0.595444,
        -0.951207 -0.781420 -0.311547,
        -0.942317 -0.781420 -0.350337,
        -0.927723 -0.781420 -0.387360,
        -0.907754 -0.781420 -0.421783,
        -0.882859 -0.781420 -0.452830,
        -0.853599 -0.781420 -0.479803,
        -0.820632 -0.781420 -0.502094,
        -0.784702 -0.781420 -0.519201,
        -0.746615 -0.781420 -0.530740,
        -1.061280 -0.073126 -0.775186,
        -1.073390 -0.066625 -0.759207,
        -1.052861 -0.066756 -0.804458,
        -1.133532 0.012100 -0.670281,
        -1.132645 0.014151 -0.671756,
        -1.070800 0.014155 -0.812896,
        -0.921922 0.113988 -0.916343,
        -0.924558 0.113133 -0.917766,
        -0.951613 0.109015 -0.891440,
        -0.943335 0.103620 -0.927907,
        -0.973104 0.104069 -0.871577,
        -1.009503 0.093851 -0.835312,
        -0.980830 0.102291 -0.864436,
        -0.963563 0.087409 -0.938833,
        -0.948780 0.100862 -0.930849,
        -1.041535 0.081801 -0.799113,
        -1.026148 0.088000 -0.817057,
        -1.025030 0.088450 -0.818362,
        -0.969482 0.082023 -0.942029,
        -1.052861 0.066756 -0.804458,
        -1.049086 0.078759 -0.790306,
        -1.070843 0.068300 -0.762869,
        -1.120115 0.033104 -0.692069,
        -1.111149 0.041641 -0.705946,
        -1.064704 0.041652 -0.810028,
        -1.110220 0.042526 -0.707384,
        -1.106764 0.045374 -0.712592,
        -1.090154 0.057158 -0.736676,
        -1.073600 0.066709 -0.759129,
        -1.130897 0.018191 -0.674659,
        -1.126244 0.025676 -0.682270,
        -1.135103 0.006079 -0.667648,
        -1.134463 0.009029 -0.668724,
        -1.070800 -0.014155 -0.812896,
        -1.133861 -0.011113 -0.669733,
        -1.134666 -0.008207 -0.668382,
        -1.135237 -0.005263 -0.667424,
        -1.135554 -0.002370 -0.666889,
        -1.135631 0.000538 -0.666759,
        -1.135476 0.003330 -0.667021,
        -1.126448 -0.025391 -0.681938,
        -1.127007 -0.024600 -0.681031,
        -1.131160 -0.017676 -0.674224,
        -1.132611 -0.014150 -0.671811,
        -1.064704 -0.041652 -0.810028,
        -1.084263 -0.060788 -0.744862,
        -1.103526 -0.047895 -0.717407,
        -1.107767 -0.044566 -0.711088,
        -1.111002 -0.041620 -0.706120,
        -1.118627 -0.034677 -0.694412,
        -1.029426 -0.086806 -0.813402,
        -1.035192 -0.084566 -0.806786,
        -1.041527 -0.081788 -0.799112,
        -0.974905 -0.103804 -0.870123,
        -0.963563 -0.087409 -0.938833,
        -0.948780 -0.100862 -0.930849,
        -0.973143 -0.104189 -0.871722,
        -0.943335 -0.103620 -0.927907,
        -0.946545 -0.109996 -0.895867,
        -0.924558 -0.113133 -0.917766,
        -0.921922 -0.113988 -0.916343,
        -1.002587 -0.096063 -0.842589,
        -1.026107 -0.087950 -0.817012,
        -0.969482 -0.082023 -0.942029,
        -0.979820 -0.066233 -0.947613,
        -0.985314 -0.057842 -0.950580,
        -0.998629 -0.000000 -0.957771,
        -0.997040 -0.014032 -0.956913,
        -0.995245 -0.029894 -0.955944,
        -0.991191 -0.041303 -0.953754,
        -0.997040 0.014032 -0.956913,
        -0.995245 0.029894 -0.955944,
        -0.979820 0.066233 -0.947613,
        -0.985314 0.057842 -0.950580,
        -0.991191 0.041303 -0.953754,
        -0.946366 -0.029894 -1.037837,
        -0.936931 -0.057842 -1.031641,
        -0.921891 -0.082023 -1.021765,
        -0.929828 -0.043275 -1.054627,
        -0.922757 -0.057624 -1.051944,
        -0.902224 0.100862 -1.008852,
        -0.883088 0.100637 -1.036794,
        -0.885466 0.099413 -1.037646,
        -0.895587 0.091828 -1.041509,
        -0.900422 0.087514 -1.043383,
        -0.921891 0.082023 -1.021765,
        -0.863984 0.110469 -1.029953,
        -0.879211 0.113133 -0.993741,
        -0.856119 0.113011 -1.027365,
        -0.852684 0.114122 -1.026235,
        -0.854352 0.118036 -0.977419,
        -0.826970 0.117992 -1.018864,
        -0.858903 0.118106 -0.960649,
        -0.843252 0.117718 -0.970115,
        -0.840781 0.117657 -0.971609,
        -0.773559 0.109171 -1.006227,
        -0.760919 0.106247 -1.011898,
        -0.788536 0.114326 -1.012002,
        -0.825817 0.118003 -1.018591,
        -0.818308 0.118074 -1.016806,
        -0.813761 0.115598 -0.986626,
        -0.792858 0.114870 -1.012699,
        -0.810703 0.115166 -0.988157,
        -0.787290 0.111855 -0.999886,
        -0.914840 0.114901 -0.921843,
        -0.887059 0.117364 -0.942102,
        -0.869183 0.117835 -0.953878,
        -0.869210 -0.117980 -0.954019,
        -0.894839 -0.116850 -0.936633,
        -0.879211 -0.113133 -0.993741,
        -0.816409 -0.115876 -0.985222,
        -0.842900 -0.117747 -0.970366,
        -0.854352 -0.118036 -0.977419,
        -0.843269 -0.117752 -0.970138,
        -0.867227 -0.118068 -0.955364,
        -0.858439 -0.112426 -1.028097,
        -0.856090 -0.112912 -1.027387,
        -0.833858 -0.117508 -1.020668,
        -0.825719 -0.117700 -1.018692,
        -0.814926 -0.117954 -1.016072,
        -0.810722 -0.115114 -0.988103,
        -0.792822 -0.114773 -1.012775,
        -0.790438 -0.112396 -0.998381,
        -0.786488 -0.113861 -1.011830,
        -0.773559 -0.109171 -1.006227,
        -0.761483 -0.106446 -1.011849,
        -0.760919 -0.106247 -1.011898,
        -0.902224 -0.100862 -1.008852,
        -0.882976 -0.100469 -1.036776,
        -0.867739 -0.108953 -1.031243,
        -0.905435 -0.081574 -1.045307,
        -0.895587 -0.091828 -1.041509,
        -0.888056 -0.097641 -1.038621,
        -0.919696 -0.063838 -1.050782,
        -0.912454 -0.074265 -1.048015,
        -0.933858 -0.029837 -1.056148,
        -0.937641 -0.004967 -1.057572,
        -0.934781 -0.026760 -1.056496,
        -0.922878 0.057696 -1.051991,
        -0.930521 0.041399 -1.054889,
        -0.946366 0.029894 -1.037837,
        -0.933784 0.030874 -1.056120,
        -0.949581 -0.000000 -1.039947,
        -0.937370 0.009529 -1.057470,
        -0.937548 -0.000004 -1.057537,
        -0.921056 0.061583 -1.051300,
        -0.936931 0.057842 -1.031641,
        -0.915840 0.069685 -1.049310,
        -0.905482 0.081663 -1.045328,
        -0.760191 0.129833 -0.905516,
        -0.763801 0.120863 -0.917448,
        -0.775405 0.126013 -0.913543,
        -0.913974 0.122487 -0.892159,
        -0.909226 0.131485 -0.875846,
        -0.901972 0.131859 -0.880246,
        -0.902081 0.176936 -0.836108,
        -0.901843 0.183617 -0.832323,
        -0.893867 0.184536 -0.835620,
        -0.902749 0.201747 -0.825988,
        -0.902930 0.205365 -0.824724,
        -0.894641 0.206713 -0.827946,
        -0.902559 0.163560 -0.843687,
        -0.905052 0.145959 -0.858381,
        -0.903806 0.154759 -0.851033,
        -0.894869 0.164148 -0.847224,
        -0.914922 0.120691 -0.895415,
        -0.907793 0.121235 -0.900360,
        -0.880127 0.122069 -0.918493,
        -0.830698 0.209821 -0.848232,
        -0.862541 0.209888 -0.839115,
        -0.852587 0.120918 -0.935007,
        -0.863141 0.186166 -0.847148,
        -0.832953 0.184766 -0.856747,
        -0.814062 0.182291 -0.861933,
        -0.865332 0.164629 -0.859756,
        -0.836473 0.162312 -0.870487,
        -0.818511 0.159389 -0.876471,
        -0.792686 0.152979 -0.884221,
        -0.835145 0.119153 -0.944746,
        -0.809576 0.115042 -0.958111,
        -0.907836 0.136307 -0.870028,
        -0.897607 0.146355 -0.862298,
        -0.869013 0.146246 -0.876372,
        -0.841081 0.143594 -0.888756,
        -0.823700 0.140600 -0.895853,
        -0.798716 0.134306 -0.905337,
        -0.781023 0.114076 -0.940580,
        -0.785072 0.109253 -0.969997,
        -0.804459 0.121404 -0.930466,
        -0.829347 0.126942 -0.919030,
        -0.846544 0.129560 -0.910631,
        -0.874020 0.131843 -0.896249,
        -0.736119 0.197963 -0.863370,
        -0.753147 0.194773 -0.862817,
        -0.738895 0.189250 -0.864378,
        -0.742569 0.178407 -0.868818,
        -0.781205 0.202911 -0.858745,
        -0.761000 0.167713 -0.873358,
        -0.748087 0.162126 -0.875485,
        -0.748933 0.159803 -0.877287,
        -0.754887 0.143456 -0.889974,
        -0.810592 0.208064 -0.853027,
        -0.786731 0.176310 -0.868376,
        -0.768583 0.144287 -0.890641,
        -0.756581 0.138804 -0.893583,
        -0.764890 0.118599 -0.923037,
        -0.768716 0.110644 -0.942676,
        -0.769259 0.109514 -0.945466,
        -0.771257 0.107121 -0.963640,
        -0.772587 0.105527 -0.975742,
        -0.772878 0.106619 -0.984873,
        -0.944155 0.118731 -0.869956,
        -0.938789 0.132800 -0.850338,
        -0.935751 0.150607 -0.833446,
        -0.971102 0.183291 -0.793144,
        -0.937081 0.194177 -0.810654,
        -0.935173 0.171369 -0.820022,
        -1.097725 0.104162 -0.699035,
        -0.915022 -0.121043 -0.895501,
        -0.913876 -0.122216 -0.892038,
        -0.938954 -0.119493 -0.873898,
        -0.909431 -0.132014 -0.876113,
        -0.907657 -0.135926 -0.869755,
        -0.933425 -0.133531 -0.853829,
        -0.905331 -0.146490 -0.858835,
        -0.903589 -0.154408 -0.850650,
        -0.930209 -0.151478 -0.836565,
        -0.902857 -0.163960 -0.844250,
        -0.901881 -0.176704 -0.835711,
        -0.929452 -0.172520 -0.822887,
        -0.903074 -0.205407 -0.825069,
        -0.902093 -0.183824 -0.832859,
        -0.902624 -0.201658 -0.825715,
        -0.931188 -0.195707 -0.813414,
        -0.964198 -0.185787 -0.796922,
        -0.968217 -0.114328 -0.850862,
        -0.997093 -0.107091 -0.825951,
        -0.996453 -0.172821 -0.778231,
        -1.027678 -0.156869 -0.757434,
        -1.034373 -0.152959 -0.752596,
        -1.031399 -0.095484 -0.793171,
        -1.025313 -0.097803 -0.799260,
        -1.059002 -0.083319 -0.763912,
        -1.064567 -0.132769 -0.728939,
        -1.090989 -0.110698 -0.705480,
        -1.112955 -0.087415 -0.683692,
        -1.117763 -0.081378 -0.678611,
        -1.083383 -0.069762 -0.735579,
        -1.103829 -0.055268 -0.709734,
        -1.108328 -0.051485 -0.703761,
        -1.119846 -0.040173 -0.687959,
        -1.128132 -0.029472 -0.676102,
        -1.128724 -0.028557 -0.675239,
        -1.133120 -0.020540 -0.668756,
        -1.135976 -0.012922 -0.664472,
        -1.136828 -0.009545 -0.663183,
        -1.137431 -0.006121 -0.662269,
        -1.137767 -0.002757 -0.661758,
        -1.137848 0.000626 -0.661635,
        -1.137684 0.003874 -0.661885,
        -1.137291 0.007070 -0.662483,
        -1.136613 0.010500 -0.663509,
        -1.135629 0.014068 -0.664995,
        -1.132842 0.021137 -0.669169,
        -1.127915 0.029801 -0.676418,
        -1.121423 0.038365 -0.685735,
        -1.130027 -0.063393 -0.665093,
        -1.138809 -0.046454 -0.654883,
        -1.139435 -0.045009 -0.654137,
        -1.144077 -0.032354 -0.648529,
        -1.147088 -0.020346 -0.644815,
        -1.147985 -0.015028 -0.643697,
        -1.148620 -0.009637 -0.642903,
        -1.148973 -0.004341 -0.642459,
        -1.149059 0.000985 -0.642352,
        -1.148886 0.006098 -0.642569,
        -1.148472 0.011131 -0.643089,
        -1.147759 0.016532 -0.643980,
        -1.146722 0.022152 -0.645270,
        -1.143783 0.033294 -0.648887,
        -1.138580 0.046974 -0.655155,
        -1.131702 0.060526 -0.663181,
        -1.120540 0.077672 -0.675622,
        -1.116627 0.082845 -0.679822,
        -0.961626 -0.164789 -0.805806,
        -0.993335 -0.154111 -0.786528,
        -1.024247 -0.140531 -0.765128,
        -1.030900 -0.137155 -0.760154,
        -1.060996 -0.119513 -0.735847,
        -1.087451 -0.099950 -0.711759,
        -1.109517 -0.079109 -0.689394,
        -1.114356 -0.073680 -0.684180,
        -1.126710 -0.057463 -0.670306,
        -1.135568 -0.042143 -0.659827,
        -1.136199 -0.040833 -0.659062,
        -1.140885 -0.029365 -0.653307,
        -1.143926 -0.018471 -0.649496,
        -1.144833 -0.013644 -0.648349,
        -1.145474 -0.008750 -0.647534,
        -1.145831 -0.003941 -0.647078,
        -1.145917 0.000894 -0.646969,
        -1.145743 0.005537 -0.647191,
        -1.145324 0.010106 -0.647724,
        -1.144604 0.015009 -0.648639,
        -1.143557 0.020109 -0.649962,
        -1.140589 0.030217 -0.653675,
        -1.135336 0.042613 -0.660107,
        -1.128398 0.054873 -0.668344,
        -1.117151 0.070344 -0.681112,
        -1.113212 0.075000 -0.685423,
        -1.094211 0.094117 -0.705143,
        -1.110931 0.049160 -0.700256,
        -1.107265 0.052405 -0.705183,
        -1.089635 0.065710 -0.727892,
        -0.961449 -0.145407 -0.818085,
        -0.992395 -0.136569 -0.797483,
        -1.022692 -0.124995 -0.774827,
        -1.029228 -0.122082 -0.769585,
        -1.058859 -0.106711 -0.744075,
        -1.084986 -0.089461 -0.718928,
        -1.106837 -0.070939 -0.695670,
        -1.111635 -0.066095 -0.690258,
        -1.123898 -0.051596 -0.675874,
        -1.132701 -0.037865 -0.665026,
        -1.133329 -0.036690 -0.664234,
        -1.137989 -0.026393 -0.658281,
        -1.141016 -0.016605 -0.654341,
        -1.141918 -0.012266 -0.653155,
        -1.142556 -0.007867 -0.652312,
        -1.142911 -0.003544 -0.651842,
        -1.142997 0.000804 -0.651728,
        -1.142823 0.004978 -0.651959,
        -1.142407 0.009087 -0.652509,
        -1.141690 0.013494 -0.653455,
        -1.140648 0.018078 -0.654823,
        -1.137695 0.027159 -0.658661,
        -1.132470 0.038286 -0.665315,
        -1.125575 0.049277 -0.673843,
        -1.114409 0.063117 -0.687075,
        -1.110501 0.067274 -0.691548,
        -1.091675 0.084289 -0.712040,
        -1.069733 0.100031 -0.733935,
        -0.963674 -0.128372 -0.833295,
        -0.993660 -0.120733 -0.810760,
        -1.023050 -0.110637 -0.786297,
        -1.029396 -0.108085 -0.780676,
        -1.058191 -0.094578 -0.753483,
        -1.083625 -0.079359 -0.726900,
        -1.104936 -0.062970 -0.702469,
        -1.109621 -0.058679 -0.696801,
        -1.121606 -0.045823 -0.681769,
        -1.130219 -0.033636 -0.670457,
        -1.130834 -0.032593 -0.669633,
        -1.135398 -0.023449 -0.663435,
        -1.138363 -0.014754 -0.659337,
        -1.139248 -0.010899 -0.658104,
        -1.139873 -0.006990 -0.657228,
        -1.140222 -0.003149 -0.656739,
        -1.140306 0.000715 -0.656620,
        -1.140135 0.004423 -0.656860,
        -1.139727 0.008074 -0.657433,
        -1.139024 0.011990 -0.658416,
        -1.138003 0.016062 -0.659838,
        -1.135110 0.024129 -0.663831,
        -1.129994 0.034010 -0.670759,
        -1.123246 0.043765 -0.679649,
        -1.112330 0.056039 -0.693471,
        -1.108513 0.059723 -0.698151,
        -1.090144 0.074786 -0.719650,
        -1.068770 0.088690 -0.742740,
        -1.044716 0.101317 -0.766564,
        -1.069142 0.078061 -0.752433,
        -1.046087 0.089368 -0.777948,
        -1.050476 0.142750 -0.740368,
        -1.022569 0.159730 -0.761032,
        -1.020678 0.099491 -0.803815,
        -1.004347 0.104923 -0.819323,
        -1.018219 0.112487 -0.790493,
        -1.045000 0.114371 -0.756377,
        -1.072016 0.111915 -0.726147,
        -1.075585 0.124165 -0.719493,
        -1.046932 0.128273 -0.747587,
        -1.017715 0.127110 -0.778731,
        -1.001209 0.118398 -0.804714,
        -0.974374 0.112967 -0.845739,
        -1.004507 0.169046 -0.773134,
        -0.968393 0.162770 -0.801905,
        -1.001290 0.150931 -0.781279,
        -0.968041 0.143763 -0.813897,
        -1.019177 0.142991 -0.768828,
        -1.000180 0.133883 -0.791909,
        -0.970059 0.126959 -0.828687,
        -0.719119 0.145619 -0.880788,
        -0.733735 0.115766 -0.911097,
        -0.743552 0.098823 -0.951594,
        -0.722424 0.087105 -1.007618,
        -0.747146 0.097248 -0.996406,
        -0.746182 0.096046 -0.973864,
        -0.738888 -0.189374 -0.864844,
        -0.742617 -0.178057 -0.867923,
        -0.716625 -0.166998 -0.870348,
        -0.756513 -0.139085 -0.893862,
        -0.760383 -0.129075 -0.904888,
        -0.738683 -0.118490 -0.909907,
        -0.769193 -0.109740 -0.945519,
        -0.771530 -0.106210 -0.963490,
        -0.750937 -0.098131 -0.971875,
        -0.772445 -0.105987 -0.975761,
        -0.773132 -0.105820 -0.984960,
        -0.752054 -0.099026 -0.994220,
        -0.666684 0.053894 -1.032963,
        -0.668642 0.056301 -1.033530,
        -0.678747 0.063304 -1.028448,
        -0.742046 0.100440 -1.018527,
        -0.746537 0.101822 -1.016949,
        -0.730690 0.096430 -1.022704,
        -0.720664 0.092415 -1.026251,
        -0.701860 0.083318 -1.031921,
        -0.715487 0.090187 -1.027998,
        -0.719281 0.091861 -1.026741,
        -0.677411 0.065618 -1.034867,
        -0.683495 0.070935 -1.034850,
        -0.697388 0.074546 -1.019366,
        -0.685137 0.072244 -1.034745,
        -0.693306 0.078110 -1.033717,
        -0.694960 0.079117 -1.033370,
        -0.668871 0.056583 -1.033596,
        -0.673991 0.062252 -1.034567,
        -0.677229 0.065439 -1.034850,
        -0.663976 0.050308 -1.031987,
        -0.682132 0.057864 -1.003522,
        -0.655929 0.038143 -1.028467,
        -0.656920 0.039769 -1.028908,
        -0.660116 0.037699 -1.015999,
        -0.657308 0.040380 -1.029083,
        -0.667987 0.045657 -1.011286,
        -0.659570 0.043937 -1.030103,
        -0.663687 0.049926 -1.031883,
        -0.647366 0.020076 -1.024612,
        -0.647633 0.020638 -1.024732,
        -0.651874 0.027841 -1.021414,
        -0.651398 0.028582 -1.026427,
        -0.652196 0.030265 -1.026786,
        -0.644276 0.010517 -1.023203,
        -0.649121 0.013042 -0.999381,
        -0.647272 0.007012 -1.001519,
        -0.643048 0.002180 -1.022632,
        -0.643087 0.005311 -1.022652,
        -0.643696 0.007977 -1.022934,
        -0.646511 0.001907 -1.002538,
        -0.646448 0.000066 -1.002627,
        -0.643022 0.000073 -1.022619,
        -0.643019 -0.000136 -1.022618,
        -0.646545 -0.002362 -1.002491,
        -0.642969 -0.004198 -1.022593,
        -0.647386 -0.007501 -1.001374,
        -0.643946 -0.008528 -1.023045,
        -0.644447 -0.010744 -1.023276,
        -0.649063 -0.012890 -0.999442,
        -0.645337 -0.014685 -1.023687,
        -0.645933 -0.017328 -1.023963,
        -0.652597 -0.020628 -0.996072,
        -0.647376 -0.020267 -1.024612,
        -0.648687 -0.023319 -1.023702,
        -0.648932 -0.023438 -1.025313,
        -0.647686 -0.020898 -1.024752,
        -0.652374 -0.030450 -1.026861,
        -0.655733 -0.032713 -1.018803,
        -0.654269 -0.034310 -1.027714,
        -0.660627 -0.038250 -1.015682,
        -0.657055 -0.039987 -1.028968,
        -0.661596 -0.046961 -1.031009,
        -0.673128 -0.050352 -1.008376,
        -0.666258 -0.053351 -1.032824,
        -0.688896 -0.063026 -1.000037,
        -0.668751 -0.056317 -1.033466,
        -0.668640 -0.056185 -1.033438,
        -0.686259 -0.068064 -1.024747,
        -0.684155 -0.071393 -1.034754,
        -0.682493 -0.070111 -1.034895,
        -0.679306 -0.067359 -1.034930,
        -0.673754 -0.062007 -1.034537,
        -0.671588 -0.059693 -1.034196,
        -0.702730 -0.077445 -1.016820,
        -0.693489 -0.078230 -1.033685,
        -0.689289 -0.075350 -1.034320,
        -0.711069 -0.088119 -1.029383,
        -0.703475 -0.084214 -1.031515,
        -0.700351 -0.082342 -1.032194,
        -0.751657 -0.103424 -1.015134,
        -0.744156 -0.101138 -1.017755,
        -0.726489 -0.088915 -1.005751,
        -0.727874 -0.095360 -1.023726,
        -0.724928 -0.094129 -1.024742,
        -0.715487 -0.090187 -1.027998,
        -0.765048 -0.118034 -0.922777,
        -0.768805 -0.110327 -0.942530,
        -0.748263 -0.101174 -0.949854,
        -0.748978 -0.159594 -0.876997,
        -0.754967 -0.143084 -0.889457,
        -0.732122 -0.132142 -0.893418,
        -0.736093 -0.197859 -0.862535,
        -0.708246 -0.186950 -0.864596,
        -0.704014 -0.073394 -0.992632,
        -0.726359 -0.086388 -0.982407,
        -0.658326 -0.030001 -0.991601,
        -0.662494 -0.035704 -0.988768,
        -0.673579 -0.048483 -0.982173,
        -0.688126 -0.062187 -0.974707,
        -0.702446 -0.073566 -0.968123,
        -0.724058 -0.087994 -0.959094,
        -0.645615 0.016381 -1.023824,
        -0.646754 0.018783 -1.024337,
        -0.650575 0.016526 -0.997914,
        -0.655140 0.025085 -0.993981,
        -0.662054 0.035131 -0.989055,
        -0.668958 0.043482 -0.984793,
        -0.681827 0.056574 -0.977819,
        -0.763716 -0.121186 -0.917670,
        -0.744129 -0.108042 -0.928947,
        -0.719678 -0.093669 -0.936734,
        -0.698094 -0.077956 -0.944355,
        -0.683983 -0.065586 -0.949923,
        -0.669895 -0.050736 -0.956257,
        -0.659448 -0.036968 -0.961870,
        -0.655633 -0.030867 -0.964288,
        -0.650576 -0.020936 -0.968112,
        -0.647656 -0.012889 -0.971001,
        -0.646379 -0.007414 -0.972660,
        -0.645787 -0.002316 -0.973620,
        -0.645722 0.000065 -0.973737,
        -0.645764 0.001869 -0.973661,
        -0.646296 0.006924 -0.972785,
        -0.647702 0.013045 -0.970948,
        -0.648877 0.016647 -0.969690,
        -0.652786 0.025640 -0.966322,
        -0.659042 0.036354 -0.962115,
        -0.665499 0.045335 -0.958485,
        -0.677844 0.059495 -0.952561,
        -0.693430 0.074085 -0.946131,
        -0.713391 -0.103188 -0.916211,
        -0.691147 -0.086372 -0.922354,
        -0.676659 -0.073066 -0.926829,
        -0.662260 -0.056998 -0.931909,
        -0.651650 -0.041976 -0.936405,
        -0.647801 -0.035264 -0.938340,
        -0.642738 -0.024226 -0.941397,
        -0.639858 -0.015119 -0.943705,
        -0.638623 -0.008788 -0.945029,
        -0.638063 -0.002765 -0.945795,
        -0.638002 0.000077 -0.945889,
        -0.638041 0.002232 -0.945827,
        -0.638544 0.008215 -0.945128,
        -0.639903 0.015298 -0.943663,
        -0.641056 0.019397 -0.942658,
        -0.644942 0.029475 -0.939966,
        -0.651239 0.041303 -0.936601,
        -0.657786 0.051123 -0.933694,
        -0.670375 0.066490 -0.928946,
        -0.686352 0.082215 -0.923783,
        -0.709490 0.100496 -0.917240,
        -0.705446 -0.116176 -0.898335,
        -0.681904 -0.098451 -0.903071,
        -0.666491 -0.084283 -0.906489,
        -0.651050 -0.066961 -0.910336,
        -0.639509 -0.050465 -0.913713,
        -0.635251 -0.042955 -0.915159,
        -0.629524 -0.030313 -0.917432,
        -0.626123 -0.019453 -0.919140,
        -0.624578 -0.011541 -0.920116,
        -0.623833 -0.003681 -0.920680,
        -0.623750 0.000103 -0.920748,
        -0.623804 0.002974 -0.920703,
        -0.624475 0.010807 -0.920189,
        -0.626177 0.019672 -0.919109,
        -0.627559 0.024617 -0.918366,
        -0.632043 0.036380 -0.916370,
        -0.639056 0.049716 -0.913860,
        -0.646209 0.060551 -0.911680,
        -0.659773 0.077225 -0.908096,
        -0.676812 0.094039 -0.904165,
        -0.701324 0.113351 -0.899133,
        -0.726907 0.129311 -0.894350,
        -0.701825 0.184052 -0.865063,
        -0.669835 0.167223 -0.867342,
        -0.638058 0.145789 -0.869536,
        -0.614799 0.126042 -0.871105,
        -0.594960 0.105128 -0.872425,
        -0.583609 0.090537 -0.873177,
        -0.571281 0.070975 -0.873994,
        -0.562100 0.051511 -0.874606,
        -0.558840 0.042447 -0.874826,
        -0.554257 0.024528 -0.875136,
        -0.552148 0.006935 -0.875280,
        -0.551965 0.000240 -0.875293,
        -0.552244 -0.008573 -0.875273,
        -0.554561 -0.026098 -0.875115,
        -0.558706 -0.042032 -0.874835,
        -0.566323 -0.061259 -0.874324,
        -0.577126 -0.080884 -0.873606,
        -0.584355 -0.091577 -0.873128,
        -0.602236 -0.113356 -0.871943,
        -0.624131 -0.134470 -0.870478,
        -0.644786 -0.150793 -0.869076,
        -0.675053 -0.170261 -0.866975,
        -0.722498 0.084315 -0.984123,
        -0.699072 0.070164 -0.995001,
        -0.720294 0.085680 -0.960605,
        -0.739352 0.105478 -0.930414,
        -0.697733 0.070008 -0.970226,
        -0.715898 0.091147 -0.938009,
        -0.691730 0.129197 -0.884413,
        -0.665231 0.109036 -0.888146,
        -0.646542 0.091191 -0.891001,
        -0.631355 0.073142 -0.893559,
        -0.623139 0.061150 -0.895092,
        -0.614799 0.045970 -0.896837,
        -0.609162 0.032009 -0.898207,
        -0.607322 0.025910 -0.898713,
        -0.604922 0.014546 -0.899445,
        -0.603905 0.004051 -0.899791,
        -0.603820 0.000140 -0.899822,
        -0.603950 -0.005011 -0.899775,
        -0.605074 -0.015510 -0.899396,
        -0.607248 -0.025637 -0.898734,
        -0.611680 -0.038854 -0.897568,
        -0.618663 -0.053523 -0.895998,
        -0.623665 -0.061987 -0.894989,
        -0.636821 -0.080130 -0.892605,
        -0.653948 -0.098719 -0.889840,
        -0.670764 -0.113671 -0.887341,
        -0.696157 -0.132120 -0.883815,
        -0.724680 -0.148508 -0.880071,
        -0.748071 -0.162227 -0.875703,
        -0.710655 0.164091 -0.870905,
        -0.681091 0.147398 -0.873673,
        -0.652120 0.126543 -0.876430,
        -0.631309 0.107725 -0.878472,
        -0.613978 0.088256 -0.880248,
        -0.604325 0.075000 -0.881288,
        -0.594165 0.057719 -0.882446,
        -0.586917 0.041148 -0.883337,
        -0.584433 0.033652 -0.883661,
        -0.581045 0.019212 -0.884124,
        -0.579533 0.005398 -0.884342,
        -0.579404 0.000187 -0.884361,
        -0.579602 -0.006675 -0.884332,
        -0.581265 -0.020460 -0.884094,
        -0.584332 -0.033312 -0.883674,
        -0.590209 -0.049366 -0.882924,
        -0.598932 -0.066398 -0.881893,
        -0.604952 -0.075935 -0.881219,
        -0.620277 -0.095854 -0.879592,
        -0.639607 -0.115709 -0.877649,
        -0.658211 -0.131373 -0.875844,
        -0.685891 -0.150389 -0.873222,
        -0.887827 -0.122038 -0.913609,
        -0.840037 -0.210179 -0.845755,
        -0.871464 -0.209330 -0.836215,
        -0.871655 -0.186019 -0.844136,
        -0.787956 -0.110036 -0.968641,
        -0.783758 -0.115048 -0.939428,
        -0.778113 -0.127110 -0.912617,
        -0.771384 -0.145448 -0.889931,
        -0.764003 -0.168883 -0.872828,
        -0.756444 -0.195910 -0.862407,
        -0.795165 -0.153716 -0.883518,
        -0.801113 -0.135019 -0.904460,
        -0.825707 -0.141002 -0.895056,
        -0.812058 -0.115524 -0.956859,
        -0.837172 -0.119400 -0.943642,
        -0.806857 -0.122033 -0.929398,
        -0.831337 -0.127293 -0.918080,
        -0.854574 -0.130464 -0.906556,
        -0.860674 -0.121461 -0.930306,
        -0.784052 -0.203554 -0.858257,
        -0.812926 -0.208339 -0.852508,
        -0.816247 -0.182643 -0.861364,
        -0.841774 -0.185492 -0.854113,
        -0.844887 -0.163282 -0.867504,
        -0.873501 -0.164779 -0.856453,
        -0.876921 -0.146535 -0.872628,
        -0.789363 -0.177019 -0.867808,
        -0.820585 -0.159788 -0.875806,
        -0.849224 -0.144635 -0.885276,
        -0.881767 -0.132079 -0.891960,
        -0.856283 -0.025396 -1.091885,
        -0.854995 -0.030609 -1.091885,
        -0.862126 -0.024755 -1.091885,
        -0.872715 -0.001656 -1.091885,
        -0.860300 0.000000 -1.091885,
        -0.871517 -0.008920 -1.091885,
        -0.859385 -0.012847 -1.091885,
        -0.869438 -0.014425 -1.091885,
        -0.857043 0.029171 -1.091885,
        -0.854995 0.030609 -1.091885,
        -0.856655 0.025474 -1.091885,
        -0.865178 -0.021280 -1.091885,
        -0.872602 0.003176 -1.091885,
        -0.871098 0.010291 -1.091885,
        -0.859385 0.012847 -1.091885,
        -0.869729 0.013800 -1.091885,
        -0.865750 0.020528 -1.091885,
        -0.863554 0.023228 -1.091885,
      ]
    }
    coordIndex [
      0, 1, 2, -1,
      3, 4, 5, -1,
      6, 7, 8, -1,
      8, 7, 9, -1,
      9, 10, 8, -1,
      8, 10, 11, -1,
      8, 11, 12, -1,
      12, 13, 8, -1,
      8, 13, 14, -1,
      8, 14, 15, -1,
      14, 16, 15, -1,
      15, 16, 17, -1,
      15, 17, 18, -1,
      18, 19, 15, -1,
      15, 19, 20, -1,
      15, 20, 21, -1,
      22, 23, 24, -1,
      24, 23, 15, -1,
      24, 15, 25, -1,
      25, 15, 21, -1,
      22, 26, 23, -1,
      23, 26, 27, -1,
      23, 27, 5, -1,
      5, 27, 28, -1,
      5, 28, 3, -1,
      29, 30, 31, -1,
      31, 32, 29, -1,
      29, 32, 33, -1,
      29, 33, 34, -1,
      34, 33, 35, -1,
      34, 35, 36, -1,
      36, 35, 37, -1,
      36, 37, 8, -1,
      8, 37, 38, -1,
      8, 38, 6, -1,
      39, 40, 41, -1,
      42, 43, 44, -1,
      44, 43, 45, -1,
      44, 45, 46, -1,
      39, 41, 47, -1,
      45, 48, 46, -1,
      46, 48, 49, -1,
      46, 49, 41, -1,
      41, 49, 50, -1,
      41, 50, 47, -1,
      40, 51, 41, -1,
      41, 51, 52, -1,
      41, 52, 53, -1,
      53, 54, 41, -1,
      41, 54, 55, -1,
      41, 55, 56, -1,
      55, 57, 56, -1,
      56, 57, 58, -1,
      56, 58, 59, -1,
      59, 60, 56, -1,
      56, 60, 61, -1,
      56, 61, 62, -1,
      62, 63, 56, -1,
      56, 63, 64, -1,
      56, 64, 65, -1,
      65, 64, 66, -1,
      67, 68, 69, -1,
      69, 68, 65, -1,
      69, 65, 70, -1,
      70, 65, 66, -1,
      71, 72, 73, -1,
      73, 72, 74, -1,
      75, 76, 77, -1,
      77, 78, 75, -1,
      75, 78, 79, -1,
      75, 79, 80, -1,
      81, 82, 83, -1,
      82, 84, 83, -1,
      83, 84, 85, -1,
      83, 85, 86, -1,
      86, 87, 83, -1,
      83, 87, 88, -1,
      83, 88, 89, -1,
      89, 90, 83, -1,
      83, 90, 91, -1,
      83, 91, 92, -1,
      92, 93, 83, -1,
      83, 93, 94, -1,
      83, 94, 95, -1,
      95, 94, 96, -1,
      95, 96, 97, -1,
      97, 98, 95, -1,
      95, 98, 99, -1,
      95, 99, 100, -1,
      100, 101, 95, -1,
      95, 101, 102, -1,
      95, 102, 103, -1,
      103, 104, 95, -1,
      95, 104, 105, -1,
      95, 105, 106, -1,
      106, 107, 95, -1,
      95, 107, 108, -1,
      95, 108, 109, -1,
      80, 81, 75, -1,
      75, 81, 83, -1,
      75, 83, 110, -1,
      110, 83, 111, -1,
      110, 111, 15, -1,
      15, 111, 112, -1,
      15, 112, 8, -1,
      1, 113, 2, -1,
      2, 113, 114, -1,
      2, 114, 115, -1,
      115, 114, 116, -1,
      115, 116, 75, -1,
      75, 116, 117, -1,
      75, 117, 118, -1,
      118, 119, 75, -1,
      75, 119, 120, -1,
      75, 120, 76, -1,
      121, 122, 123, -1,
      123, 122, 124, -1,
      123, 124, 125, -1,
      125, 124, 126, -1,
      125, 126, 127, -1,
      127, 126, 128, -1,
      129, 130, 131, -1,
      131, 132, 129, -1,
      129, 132, 133, -1,
      129, 133, 134, -1,
      135, 136, 137, -1,
      137, 136, 138, -1,
      137, 138, 133, -1,
      133, 138, 139, -1,
      133, 139, 134, -1,
      112, 73, 8, -1,
      8, 73, 74, -1,
      8, 74, 140, -1,
      140, 74, 95, -1,
      140, 95, 141, -1,
      141, 95, 109, -1,
      141, 109, 142, -1,
      143, 144, 124, -1,
      124, 144, 119, -1,
      124, 119, 126, -1,
      126, 119, 118, -1,
      142, 144, 141, -1,
      141, 144, 143, -1,
      141, 143, 145, -1,
      145, 143, 146, -1,
      145, 146, 147, -1,
      148, 149, 147, -1,
      116, 136, 117, -1,
      117, 136, 135, -1,
      117, 135, 146, -1,
      146, 135, 150, -1,
      146, 150, 147, -1,
      147, 150, 151, -1,
      147, 151, 148, -1,
      129, 152, 153, -1,
      153, 152, 154, -1,
      153, 154, 155, -1,
      155, 156, 153, -1,
      153, 156, 157, -1,
      153, 157, 158, -1,
      159, 160, 161, -1,
      161, 162, 159, -1,
      159, 162, 163, -1,
      159, 163, 164, -1,
      164, 165, 159, -1,
      159, 165, 166, -1,
      159, 166, 167, -1,
      168, 167, 169, -1,
      169, 170, 168, -1,
      168, 170, 171, -1,
      168, 171, 172, -1,
      172, 173, 168, -1,
      168, 173, 174, -1,
      168, 174, 167, -1,
      167, 174, 175, -1,
      167, 175, 159, -1,
      159, 176, 160, -1,
      160, 176, 177, -1,
      160, 177, 178, -1,
      158, 179, 153, -1,
      153, 179, 160, -1,
      153, 160, 180, -1,
      180, 160, 178, -1,
      153, 181, 129, -1,
      129, 181, 182, -1,
      129, 182, 183, -1,
      183, 184, 129, -1,
      129, 184, 185, -1,
      129, 185, 130, -1,
      149, 186, 147, -1,
      147, 186, 187, -1,
      147, 187, 188, -1,
      188, 189, 147, -1,
      147, 189, 190, -1,
      147, 190, 191, -1,
      192, 193, 194, -1,
      194, 193, 195, -1,
      194, 195, 196, -1,
      196, 197, 194, -1,
      194, 197, 198, -1,
      194, 198, 199, -1,
      191, 192, 147, -1,
      147, 192, 194, -1,
      147, 194, 200, -1,
      200, 194, 201, -1,
      200, 201, 56, -1,
      198, 202, 199, -1,
      199, 202, 203, -1,
      199, 203, 204, -1,
      204, 203, 205, -1,
      204, 205, 206, -1,
      206, 207, 204, -1,
      204, 207, 208, -1,
      204, 208, 209, -1,
      209, 208, 210, -1,
      209, 210, 211, -1,
      211, 212, 209, -1,
      209, 212, 213, -1,
      209, 213, 214, -1,
      214, 215, 209, -1,
      209, 215, 216, -1,
      209, 216, 217, -1,
      56, 201, 41, -1,
      41, 201, 218, -1,
      41, 218, 219, -1,
      219, 218, 209, -1,
      219, 209, 2, -1,
      2, 209, 217, -1,
      2, 217, 220, -1,
      220, 221, 2, -1,
      2, 221, 222, -1,
      2, 222, 223, -1,
      223, 224, 2, -1,
      2, 224, 225, -1,
      2, 225, 0, -1,
      226, 43, 42, -1,
      227, 228, 229, -1,
      229, 228, 230, -1,
      229, 230, 231, -1,
      231, 230, 232, -1,
      67, 233, 68, -1,
      68, 233, 234, -1,
      68, 234, 235, -1,
      235, 234, 236, -1,
      235, 236, 227, -1,
      227, 236, 237, -1,
      227, 237, 228, -1,
      238, 239, 240, -1,
      238, 240, 241, -1,
      241, 240, 242, -1,
      241, 242, 42, -1,
      42, 242, 243, -1,
      42, 243, 226, -1,
      239, 238, 244, -1,
      244, 238, 245, -1,
      244, 245, 246, -1,
      246, 245, 247, -1,
      246, 247, 248, -1,
      249, 250, 251, -1,
      251, 250, 252, -1,
      252, 250, 253, -1,
      252, 253, 247, -1,
      247, 253, 254, -1,
      247, 254, 248, -1,
      255, 256, 257, -1,
      257, 258, 255, -1,
      255, 258, 259, -1,
      255, 259, 260, -1,
      260, 259, 261, -1,
      260, 261, 251, -1,
      251, 261, 262, -1,
      251, 262, 249, -1,
      263, 264, 265, -1,
      265, 264, 266, -1,
      265, 266, 267, -1,
      267, 268, 265, -1,
      265, 268, 269, -1,
      265, 269, 270, -1,
      271, 272, 273, -1,
      273, 272, 274, -1,
      273, 274, 275, -1,
      275, 276, 273, -1,
      273, 276, 277, -1,
      273, 277, 278, -1,
      278, 279, 273, -1,
      273, 279, 280, -1,
      273, 280, 281, -1,
      256, 255, 281, -1,
      281, 255, 282, -1,
      281, 282, 273, -1,
      283, 284, 285, -1,
      285, 284, 286, -1,
      285, 286, 287, -1,
      287, 286, 288, -1,
      287, 288, 265, -1,
      265, 288, 289, -1,
      265, 289, 263, -1,
      232, 290, 231, -1,
      231, 290, 291, -1,
      231, 291, 292, -1,
      292, 291, 293, -1,
      292, 293, 294, -1,
      294, 293, 295, -1,
      295, 296, 294, -1,
      294, 296, 297, -1,
      294, 297, 298, -1,
      298, 297, 299, -1,
      298, 299, 285, -1,
      285, 299, 300, -1,
      285, 300, 283, -1,
      301, 302, 303, -1,
      303, 302, 304, -1,
      303, 304, 305, -1,
      305, 304, 306, -1,
      305, 306, 307, -1,
      307, 306, 308, -1,
      307, 308, 309, -1,
      309, 308, 310, -1,
      309, 310, 311, -1,
      311, 310, 312, -1,
      311, 312, 273, -1,
      273, 312, 265, -1,
      273, 265, 271, -1,
      271, 265, 270, -1,
      313, 314, 315, -1,
      316, 31, 30, -1,
      317, 318, 319, -1,
      319, 318, 320, -1,
      319, 320, 321, -1,
      321, 320, 322, -1,
      321, 322, 323, -1,
      3, 324, 4, -1,
      4, 324, 325, -1,
      4, 325, 326, -1,
      326, 325, 327, -1,
      326, 327, 317, -1,
      317, 327, 328, -1,
      317, 328, 318, -1,
      329, 330, 331, -1,
      331, 330, 332, -1,
      331, 332, 30, -1,
      30, 332, 333, -1,
      30, 333, 316, -1,
      334, 335, 336, -1,
      336, 335, 337, -1,
      336, 337, 329, -1,
      329, 337, 338, -1,
      329, 338, 330, -1,
      339, 340, 341, -1,
      341, 340, 342, -1,
      342, 340, 343, -1,
      342, 343, 334, -1,
      334, 343, 344, -1,
      334, 344, 335, -1,
      345, 346, 347, -1,
      347, 346, 348, -1,
      345, 349, 346, -1,
      346, 349, 350, -1,
      346, 350, 351, -1,
      351, 350, 352, -1,
      351, 352, 341, -1,
      341, 352, 353, -1,
      341, 353, 339, -1,
      315, 314, 354, -1,
      354, 314, 355, -1,
      354, 355, 356, -1,
      356, 355, 357, -1,
      356, 357, 358, -1,
      358, 359, 356, -1,
      356, 359, 360, -1,
      356, 360, 361, -1,
      361, 362, 356, -1,
      356, 362, 363, -1,
      356, 363, 364, -1,
      365, 366, 367, -1,
      367, 366, 368, -1,
      367, 368, 369, -1,
      369, 370, 367, -1,
      367, 370, 371, -1,
      367, 371, 372, -1,
      372, 373, 367, -1,
      367, 373, 374, -1,
      367, 374, 375, -1,
      348, 346, 375, -1,
      375, 346, 376, -1,
      375, 376, 367, -1,
      323, 377, 321, -1,
      321, 377, 378, -1,
      321, 378, 379, -1,
      379, 378, 380, -1,
      379, 380, 381, -1,
      381, 380, 382, -1,
      382, 383, 381, -1,
      381, 383, 384, -1,
      381, 384, 385, -1,
      385, 384, 386, -1,
      385, 386, 315, -1,
      315, 386, 387, -1,
      315, 387, 313, -1,
      364, 365, 356, -1,
      356, 365, 367, -1,
      356, 367, 388, -1,
      388, 367, 389, -1,
      388, 389, 390, -1,
      390, 389, 391, -1,
      390, 391, 392, -1,
      392, 391, 393, -1,
      392, 393, 394, -1,
      394, 393, 395, -1,
      394, 395, 396, -1,
      396, 395, 397, -1,
      396, 397, 398, -1,
      398, 397, 399, -1,
      400, 401, 402, -1,
      402, 401, 403, -1,
      404, 405, 406, -1,
      406, 405, 407, -1,
      406, 407, 408, -1,
      408, 407, 409, -1,
      408, 409, 410, -1,
      410, 409, 411, -1,
      410, 411, 412, -1,
      412, 411, 413, -1,
      412, 413, 414, -1,
      414, 413, 415, -1,
      414, 415, 416, -1,
      416, 415, 417, -1,
      416, 417, 418, -1,
      418, 417, 419, -1,
      418, 419, 420, -1,
      420, 419, 421, -1,
      420, 421, 403, -1,
      403, 421, 422, -1,
      403, 422, 402, -1,
      404, 423, 405, -1,
      405, 423, 424, -1,
      405, 424, 425, -1,
      426, 427, 301, -1,
      301, 427, 302, -1,
      398, 399, 428, -1,
      428, 399, 429, -1,
      430, 431, 432, -1,
      433, 434, 435, -1,
      435, 434, 436, -1,
      435, 436, 437, -1,
      437, 436, 438, -1,
      439, 440, 441, -1,
      442, 443, 444, -1,
      444, 443, 445, -1,
      444, 445, 446, -1,
      446, 445, 447, -1,
      446, 447, 448, -1,
      448, 447, 449, -1,
      448, 449, 450, -1,
      450, 449, 451, -1,
      450, 451, 452, -1,
      452, 451, 453, -1,
      452, 453, 454, -1,
      454, 453, 432, -1,
      433, 435, 455, -1,
      455, 435, 443, -1,
      455, 443, 456, -1,
      456, 443, 442, -1,
      456, 442, 457, -1,
      457, 442, 458, -1,
      457, 458, 459, -1,
      460, 461, 457, -1,
      457, 461, 462, -1,
      457, 462, 463, -1,
      464, 465, 466, -1,
      466, 465, 467, -1,
      466, 467, 468, -1,
      464, 466, 432, -1,
      432, 466, 469, -1,
      432, 469, 430, -1,
      459, 470, 457, -1,
      457, 470, 471, -1,
      457, 471, 460, -1,
      438, 436, 441, -1,
      441, 436, 472, -1,
      441, 472, 439, -1,
      473, 474, 475, -1,
      431, 476, 432, -1,
      432, 476, 477, -1,
      432, 477, 454, -1,
      454, 477, 478, -1,
      454, 478, 475, -1,
      475, 478, 479, -1,
      475, 479, 473, -1,
      480, 481, 482, -1,
      482, 481, 483, -1,
      474, 484, 475, -1,
      475, 484, 483, -1,
      475, 483, 485, -1,
      485, 483, 481, -1,
      486, 487, 488, -1,
      488, 487, 489, -1,
      490, 491, 492, -1,
      492, 491, 493, -1,
      492, 494, 495, -1,
      495, 494, 496, -1,
      495, 496, 497, -1,
      497, 496, 498, -1,
      497, 498, 499, -1,
      499, 498, 500, -1,
      499, 500, 501, -1,
      501, 500, 502, -1,
      501, 502, 503, -1,
      503, 502, 504, -1,
      503, 504, 487, -1,
      487, 504, 505, -1,
      487, 505, 489, -1,
      489, 505, 506, -1,
      489, 506, 507, -1,
      508, 509, 510, -1,
      511, 512, 513, -1,
      514, 515, 516, -1,
      516, 515, 517, -1,
      489, 518, 519, -1,
      488, 520, 486, -1,
      486, 520, 521, -1,
      486, 521, 522, -1,
      490, 523, 491, -1,
      491, 523, 508, -1,
      491, 508, 524, -1,
      524, 508, 510, -1,
      493, 525, 492, -1,
      492, 525, 526, -1,
      492, 526, 494, -1,
      494, 526, 527, -1,
      494, 527, 528, -1,
      528, 527, 516, -1,
      528, 516, 529, -1,
      529, 516, 517, -1,
      507, 530, 489, -1,
      489, 530, 531, -1,
      489, 531, 518, -1,
      522, 532, 486, -1,
      486, 532, 533, -1,
      486, 533, 534, -1,
      534, 535, 486, -1,
      486, 535, 536, -1,
      486, 536, 537, -1,
      514, 516, 513, -1,
      513, 516, 538, -1,
      513, 538, 511, -1,
      519, 539, 489, -1,
      489, 539, 540, -1,
      489, 540, 541, -1,
      425, 424, 542, -1,
      542, 424, 543, -1,
      542, 543, 544, -1,
      544, 543, 545, -1,
      544, 545, 546, -1,
      546, 545, 547, -1,
      546, 547, 548, -1,
      548, 547, 549, -1,
      548, 549, 550, -1,
      550, 549, 551, -1,
      550, 551, 552, -1,
      552, 551, 553, -1,
      552, 553, 554, -1,
      554, 553, 555, -1,
      554, 555, 556, -1,
      556, 555, 557, -1,
      556, 557, 558, -1,
      558, 557, 559, -1,
      558, 559, 560, -1,
      560, 559, 561, -1,
      560, 561, 562, -1,
      562, 561, 563, -1,
      562, 563, 564, -1,
      564, 563, 565, -1,
      564, 565, 566, -1,
      566, 565, 567, -1,
      566, 567, 568, -1,
      568, 567, 569, -1,
      568, 569, 570, -1,
      570, 569, 571, -1,
      570, 571, 426, -1,
      426, 571, 427, -1,
      428, 429, 572, -1,
      572, 429, 573, -1,
      572, 573, 574, -1,
      574, 573, 575, -1,
      574, 575, 576, -1,
      576, 575, 577, -1,
      576, 577, 578, -1,
      578, 577, 579, -1,
      578, 579, 580, -1,
      580, 579, 581, -1,
      580, 581, 582, -1,
      582, 581, 583, -1,
      582, 583, 584, -1,
      584, 583, 585, -1,
      584, 585, 586, -1,
      586, 585, 587, -1,
      586, 587, 588, -1,
      588, 587, 589, -1,
      588, 589, 590, -1,
      590, 589, 591, -1,
      590, 591, 592, -1,
      592, 591, 593, -1,
      592, 593, 594, -1,
      594, 593, 595, -1,
      594, 595, 596, -1,
      596, 595, 597, -1,
      596, 597, 598, -1,
      598, 597, 599, -1,
      598, 599, 600, -1,
      600, 599, 601, -1,
      600, 601, 400, -1,
      400, 601, 401, -1,
      321, 379, 602, -1,
      381, 385, 603, -1,
      356, 388, 604, -1,
      394, 396, 605, -1,
      606, 464, 432, -1,
      477, 476, 607, -1,
      607, 476, 608, -1,
      607, 608, 609, -1,
      609, 608, 610, -1,
      432, 611, 606, -1,
      606, 611, 612, -1,
      606, 612, 613, -1,
      614, 615, 610, -1,
      610, 615, 616, -1,
      610, 616, 609, -1,
      612, 617, 613, -1,
      613, 617, 618, -1,
      613, 618, 619, -1,
      620, 621, 614, -1,
      614, 621, 622, -1,
      614, 622, 615, -1,
      618, 623, 619, -1,
      619, 623, 624, -1,
      619, 624, 625, -1,
      625, 624, 626, -1,
      625, 626, 627, -1,
      628, 629, 630, -1,
      630, 629, 631, -1,
      630, 631, 620, -1,
      620, 631, 632, -1,
      620, 632, 621, -1,
      626, 633, 627, -1,
      627, 633, 634, -1,
      627, 634, 635, -1,
      636, 637, 628, -1,
      628, 637, 638, -1,
      628, 638, 629, -1,
      467, 465, 639, -1,
      639, 465, 640, -1,
      639, 640, 641, -1,
      641, 640, 642, -1,
      641, 642, 643, -1,
      643, 642, 644, -1,
      643, 644, 645, -1,
      645, 644, 646, -1,
      645, 646, 647, -1,
      647, 646, 648, -1,
      647, 648, 649, -1,
      649, 648, 650, -1,
      649, 650, 651, -1,
      651, 650, 652, -1,
      651, 652, 602, -1,
      465, 464, 640, -1,
      640, 464, 606, -1,
      640, 606, 642, -1,
      642, 606, 613, -1,
      642, 613, 644, -1,
      644, 613, 619, -1,
      644, 619, 646, -1,
      646, 619, 625, -1,
      646, 625, 648, -1,
      648, 625, 627, -1,
      648, 627, 650, -1,
      650, 627, 635, -1,
      650, 635, 652, -1,
      652, 635, 653, -1,
      605, 654, 636, -1,
      636, 654, 655, -1,
      636, 655, 637, -1,
      431, 430, 656, -1,
      656, 430, 657, -1,
      656, 657, 658, -1,
      658, 657, 659, -1,
      658, 659, 660, -1,
      660, 659, 661, -1,
      660, 661, 662, -1,
      662, 661, 663, -1,
      662, 663, 664, -1,
      664, 663, 665, -1,
      664, 665, 666, -1,
      666, 665, 667, -1,
      666, 667, 668, -1,
      668, 667, 669, -1,
      668, 669, 670, -1,
      670, 669, 604, -1,
      634, 671, 635, -1,
      635, 671, 672, -1,
      635, 672, 653, -1,
      653, 672, 673, -1,
      653, 673, 674, -1,
      602, 652, 675, -1,
      675, 652, 653, -1,
      675, 653, 676, -1,
      676, 653, 674, -1,
      676, 674, 677, -1,
      396, 398, 605, -1,
      605, 398, 678, -1,
      605, 678, 654, -1,
      392, 394, 670, -1,
      670, 394, 605, -1,
      670, 605, 668, -1,
      668, 605, 636, -1,
      668, 636, 666, -1,
      666, 636, 628, -1,
      666, 628, 664, -1,
      664, 628, 630, -1,
      664, 630, 662, -1,
      662, 630, 620, -1,
      662, 620, 660, -1,
      660, 620, 614, -1,
      660, 614, 658, -1,
      658, 614, 610, -1,
      658, 610, 656, -1,
      656, 610, 608, -1,
      656, 608, 431, -1,
      431, 608, 476, -1,
      604, 388, 670, -1,
      670, 388, 390, -1,
      670, 390, 392, -1,
      354, 356, 679, -1,
      679, 356, 604, -1,
      679, 604, 680, -1,
      680, 604, 669, -1,
      680, 669, 681, -1,
      681, 669, 667, -1,
      681, 667, 682, -1,
      682, 667, 665, -1,
      682, 665, 683, -1,
      683, 665, 663, -1,
      683, 663, 684, -1,
      684, 663, 661, -1,
      684, 661, 685, -1,
      685, 661, 659, -1,
      685, 659, 686, -1,
      686, 659, 657, -1,
      686, 657, 469, -1,
      469, 657, 430, -1,
      469, 466, 686, -1,
      686, 466, 687, -1,
      686, 687, 685, -1,
      685, 687, 688, -1,
      685, 688, 684, -1,
      684, 688, 689, -1,
      684, 689, 683, -1,
      683, 689, 690, -1,
      683, 690, 682, -1,
      682, 690, 691, -1,
      682, 691, 681, -1,
      681, 691, 692, -1,
      681, 692, 680, -1,
      680, 692, 693, -1,
      680, 693, 679, -1,
      679, 693, 694, -1,
      679, 694, 354, -1,
      354, 694, 315, -1,
      466, 468, 687, -1,
      687, 468, 695, -1,
      687, 695, 688, -1,
      688, 695, 696, -1,
      688, 696, 689, -1,
      689, 696, 697, -1,
      689, 697, 690, -1,
      690, 697, 698, -1,
      690, 698, 691, -1,
      691, 698, 699, -1,
      691, 699, 692, -1,
      692, 699, 700, -1,
      692, 700, 693, -1,
      693, 700, 701, -1,
      693, 701, 694, -1,
      694, 701, 603, -1,
      694, 603, 315, -1,
      315, 603, 385, -1,
      379, 381, 602, -1,
      602, 381, 603, -1,
      602, 603, 651, -1,
      651, 603, 701, -1,
      651, 701, 649, -1,
      649, 701, 700, -1,
      649, 700, 647, -1,
      647, 700, 699, -1,
      647, 699, 645, -1,
      645, 699, 698, -1,
      645, 698, 643, -1,
      643, 698, 697, -1,
      643, 697, 641, -1,
      641, 697, 696, -1,
      641, 696, 639, -1,
      639, 696, 695, -1,
      639, 695, 467, -1,
      467, 695, 468, -1,
      321, 602, 319, -1,
      319, 602, 675, -1,
      319, 675, 317, -1,
      317, 675, 676, -1,
      317, 676, 326, -1,
      326, 676, 677, -1,
      326, 677, 4, -1,
      478, 477, 702, -1,
      702, 477, 607, -1,
      702, 607, 703, -1,
      703, 607, 609, -1,
      703, 609, 704, -1,
      704, 609, 616, -1,
      704, 616, 705, -1,
      705, 616, 615, -1,
      705, 615, 706, -1,
      706, 615, 622, -1,
      706, 622, 707, -1,
      707, 622, 621, -1,
      707, 621, 708, -1,
      708, 621, 632, -1,
      708, 632, 709, -1,
      709, 632, 631, -1,
      709, 631, 710, -1,
      710, 631, 629, -1,
      710, 629, 711, -1,
      711, 629, 638, -1,
      711, 638, 712, -1,
      712, 638, 637, -1,
      712, 637, 713, -1,
      713, 637, 655, -1,
      713, 655, 714, -1,
      714, 655, 654, -1,
      714, 654, 715, -1,
      715, 654, 678, -1,
      715, 678, 428, -1,
      428, 678, 398, -1,
      716, 717, 718, -1,
      719, 720, 721, -1,
      722, 42, 44, -1,
      723, 724, 725, -1,
      725, 724, 722, -1,
      720, 726, 727, -1,
      727, 726, 728, -1,
      727, 728, 723, -1,
      729, 730, 731, -1,
      731, 730, 719, -1,
      717, 732, 733, -1,
      733, 732, 734, -1,
      733, 734, 735, -1,
      716, 718, 435, -1,
      722, 44, 725, -1,
      725, 44, 46, -1,
      725, 46, 736, -1,
      736, 46, 41, -1,
      736, 41, 737, -1,
      41, 219, 737, -1,
      737, 219, 2, -1,
      737, 2, 738, -1,
      2, 115, 738, -1,
      738, 115, 75, -1,
      738, 75, 739, -1,
      739, 75, 110, -1,
      739, 110, 740, -1,
      740, 110, 15, -1,
      723, 725, 727, -1,
      727, 725, 736, -1,
      727, 736, 741, -1,
      741, 736, 737, -1,
      741, 737, 742, -1,
      742, 737, 738, -1,
      742, 738, 743, -1,
      743, 738, 739, -1,
      743, 739, 744, -1,
      744, 739, 740, -1,
      744, 740, 745, -1,
      719, 721, 731, -1,
      731, 721, 746, -1,
      731, 746, 747, -1,
      747, 746, 748, -1,
      747, 748, 749, -1,
      749, 748, 750, -1,
      749, 750, 751, -1,
      751, 750, 752, -1,
      751, 752, 753, -1,
      753, 752, 754, -1,
      753, 754, 755, -1,
      717, 733, 718, -1,
      718, 733, 756, -1,
      718, 756, 757, -1,
      757, 756, 758, -1,
      757, 758, 759, -1,
      759, 758, 760, -1,
      759, 760, 761, -1,
      761, 760, 762, -1,
      761, 762, 763, -1,
      763, 762, 764, -1,
      763, 764, 765, -1,
      4, 677, 5, -1,
      5, 677, 740, -1,
      5, 740, 23, -1,
      23, 740, 15, -1,
      677, 674, 740, -1,
      740, 674, 673, -1,
      740, 673, 745, -1,
      745, 673, 672, -1,
      745, 672, 671, -1,
      720, 727, 721, -1,
      721, 727, 741, -1,
      721, 741, 746, -1,
      746, 741, 742, -1,
      746, 742, 748, -1,
      748, 742, 743, -1,
      748, 743, 750, -1,
      750, 743, 744, -1,
      750, 744, 752, -1,
      752, 744, 745, -1,
      752, 745, 754, -1,
      754, 745, 671, -1,
      754, 671, 634, -1,
      634, 633, 754, -1,
      754, 633, 626, -1,
      754, 626, 755, -1,
      755, 626, 624, -1,
      755, 624, 623, -1,
      623, 764, 755, -1,
      755, 764, 762, -1,
      755, 762, 753, -1,
      753, 762, 760, -1,
      753, 760, 751, -1,
      751, 760, 758, -1,
      751, 758, 749, -1,
      749, 758, 756, -1,
      749, 756, 747, -1,
      747, 756, 733, -1,
      747, 733, 731, -1,
      731, 733, 735, -1,
      731, 735, 729, -1,
      623, 618, 764, -1,
      764, 618, 617, -1,
      764, 617, 765, -1,
      765, 617, 612, -1,
      765, 612, 611, -1,
      435, 718, 443, -1,
      443, 718, 757, -1,
      443, 757, 445, -1,
      445, 757, 759, -1,
      445, 759, 447, -1,
      447, 759, 761, -1,
      447, 761, 449, -1,
      449, 761, 763, -1,
      449, 763, 451, -1,
      451, 763, 765, -1,
      451, 765, 453, -1,
      453, 765, 611, -1,
      453, 611, 432, -1,
      578, 580, 766, -1,
      582, 584, 767, -1,
      590, 592, 768, -1,
      598, 600, 769, -1,
      770, 479, 478, -1,
      475, 485, 771, -1,
      771, 485, 772, -1,
      771, 772, 773, -1,
      773, 772, 774, -1,
      478, 702, 770, -1,
      770, 702, 703, -1,
      770, 703, 775, -1,
      776, 777, 774, -1,
      774, 777, 778, -1,
      774, 778, 773, -1,
      703, 704, 775, -1,
      775, 704, 705, -1,
      775, 705, 779, -1,
      780, 781, 776, -1,
      776, 781, 782, -1,
      776, 782, 777, -1,
      705, 706, 779, -1,
      779, 706, 707, -1,
      779, 707, 783, -1,
      783, 707, 708, -1,
      783, 708, 784, -1,
      785, 786, 787, -1,
      787, 786, 788, -1,
      787, 788, 780, -1,
      780, 788, 789, -1,
      780, 789, 781, -1,
      708, 709, 784, -1,
      784, 709, 710, -1,
      784, 710, 790, -1,
      791, 792, 785, -1,
      785, 792, 793, -1,
      785, 793, 786, -1,
      474, 473, 794, -1,
      794, 473, 795, -1,
      794, 795, 796, -1,
      796, 795, 797, -1,
      796, 797, 798, -1,
      798, 797, 799, -1,
      798, 799, 800, -1,
      800, 799, 801, -1,
      800, 801, 802, -1,
      802, 801, 803, -1,
      802, 803, 804, -1,
      804, 803, 805, -1,
      804, 805, 806, -1,
      806, 805, 807, -1,
      806, 807, 766, -1,
      473, 479, 795, -1,
      795, 479, 770, -1,
      795, 770, 797, -1,
      797, 770, 775, -1,
      797, 775, 799, -1,
      799, 775, 779, -1,
      799, 779, 801, -1,
      801, 779, 783, -1,
      801, 783, 803, -1,
      803, 783, 784, -1,
      803, 784, 805, -1,
      805, 784, 790, -1,
      805, 790, 807, -1,
      807, 790, 808, -1,
      769, 809, 791, -1,
      791, 809, 810, -1,
      791, 810, 792, -1,
      481, 480, 811, -1,
      811, 480, 812, -1,
      811, 812, 813, -1,
      813, 812, 814, -1,
      813, 814, 815, -1,
      815, 814, 816, -1,
      815, 816, 817, -1,
      817, 816, 818, -1,
      817, 818, 819, -1,
      819, 818, 820, -1,
      819, 820, 821, -1,
      821, 820, 822, -1,
      821, 822, 823, -1,
      823, 822, 824, -1,
      823, 824, 825, -1,
      825, 824, 768, -1,
      710, 711, 790, -1,
      790, 711, 712, -1,
      790, 712, 808, -1,
      808, 712, 713, -1,
      808, 713, 714, -1,
      766, 807, 826, -1,
      826, 807, 808, -1,
      826, 808, 827, -1,
      827, 808, 714, -1,
      827, 714, 715, -1,
      600, 400, 769, -1,
      769, 400, 828, -1,
      769, 828, 809, -1,
      596, 598, 825, -1,
      825, 598, 769, -1,
      825, 769, 823, -1,
      823, 769, 791, -1,
      823, 791, 821, -1,
      821, 791, 785, -1,
      821, 785, 819, -1,
      819, 785, 787, -1,
      819, 787, 817, -1,
      817, 787, 780, -1,
      817, 780, 815, -1,
      815, 780, 776, -1,
      815, 776, 813, -1,
      813, 776, 774, -1,
      813, 774, 811, -1,
      811, 774, 772, -1,
      811, 772, 481, -1,
      481, 772, 485, -1,
      768, 592, 825, -1,
      825, 592, 594, -1,
      825, 594, 596, -1,
      588, 590, 829, -1,
      829, 590, 768, -1,
      829, 768, 830, -1,
      830, 768, 824, -1,
      830, 824, 831, -1,
      831, 824, 822, -1,
      831, 822, 832, -1,
      832, 822, 820, -1,
      832, 820, 833, -1,
      833, 820, 818, -1,
      833, 818, 834, -1,
      834, 818, 816, -1,
      834, 816, 835, -1,
      835, 816, 814, -1,
      835, 814, 836, -1,
      836, 814, 812, -1,
      836, 812, 482, -1,
      482, 812, 480, -1,
      482, 483, 836, -1,
      836, 483, 837, -1,
      836, 837, 835, -1,
      835, 837, 838, -1,
      835, 838, 834, -1,
      834, 838, 839, -1,
      834, 839, 833, -1,
      833, 839, 840, -1,
      833, 840, 832, -1,
      832, 840, 841, -1,
      832, 841, 831, -1,
      831, 841, 842, -1,
      831, 842, 830, -1,
      830, 842, 843, -1,
      830, 843, 829, -1,
      829, 843, 844, -1,
      829, 844, 588, -1,
      588, 844, 586, -1,
      483, 484, 837, -1,
      837, 484, 845, -1,
      837, 845, 838, -1,
      838, 845, 846, -1,
      838, 846, 839, -1,
      839, 846, 847, -1,
      839, 847, 840, -1,
      840, 847, 848, -1,
      840, 848, 841, -1,
      841, 848, 849, -1,
      841, 849, 842, -1,
      842, 849, 850, -1,
      842, 850, 843, -1,
      843, 850, 851, -1,
      843, 851, 844, -1,
      844, 851, 767, -1,
      844, 767, 586, -1,
      586, 767, 584, -1,
      580, 582, 766, -1,
      766, 582, 767, -1,
      766, 767, 806, -1,
      806, 767, 851, -1,
      806, 851, 804, -1,
      804, 851, 850, -1,
      804, 850, 802, -1,
      802, 850, 849, -1,
      802, 849, 800, -1,
      800, 849, 848, -1,
      800, 848, 798, -1,
      798, 848, 847, -1,
      798, 847, 796, -1,
      796, 847, 846, -1,
      796, 846, 794, -1,
      794, 846, 845, -1,
      794, 845, 474, -1,
      474, 845, 484, -1,
      578, 766, 576, -1,
      576, 766, 826, -1,
      576, 826, 574, -1,
      574, 826, 827, -1,
      574, 827, 572, -1,
      572, 827, 715, -1,
      572, 715, 428, -1,
      309, 311, 852, -1,
      273, 282, 853, -1,
      251, 252, 854, -1,
      247, 245, 855, -1,
      238, 241, 856, -1,
      857, 433, 455, -1,
      435, 437, 716, -1,
      716, 437, 858, -1,
      716, 858, 717, -1,
      717, 858, 859, -1,
      455, 860, 857, -1,
      857, 860, 861, -1,
      857, 861, 862, -1,
      863, 734, 859, -1,
      859, 734, 732, -1,
      859, 732, 717, -1,
      861, 864, 862, -1,
      862, 864, 865, -1,
      862, 865, 866, -1,
      867, 729, 863, -1,
      863, 729, 735, -1,
      863, 735, 734, -1,
      865, 868, 866, -1,
      866, 868, 869, -1,
      866, 869, 870, -1,
      870, 869, 871, -1,
      870, 871, 872, -1,
      873, 720, 874, -1,
      874, 720, 719, -1,
      874, 719, 867, -1,
      867, 719, 730, -1,
      867, 730, 729, -1,
      871, 875, 872, -1,
      872, 875, 876, -1,
      872, 876, 877, -1,
      878, 728, 873, -1,
      873, 728, 726, -1,
      873, 726, 720, -1,
      436, 434, 879, -1,
      879, 434, 880, -1,
      879, 880, 881, -1,
      881, 880, 882, -1,
      881, 882, 883, -1,
      883, 882, 884, -1,
      883, 884, 885, -1,
      885, 884, 886, -1,
      885, 886, 887, -1,
      887, 886, 888, -1,
      887, 888, 889, -1,
      889, 888, 890, -1,
      889, 890, 891, -1,
      891, 890, 892, -1,
      891, 892, 852, -1,
      434, 433, 880, -1,
      880, 433, 857, -1,
      880, 857, 882, -1,
      882, 857, 862, -1,
      882, 862, 884, -1,
      884, 862, 866, -1,
      884, 866, 886, -1,
      886, 866, 870, -1,
      886, 870, 888, -1,
      888, 870, 872, -1,
      888, 872, 890, -1,
      890, 872, 877, -1,
      890, 877, 892, -1,
      892, 877, 893, -1,
      856, 724, 878, -1,
      878, 724, 723, -1,
      878, 723, 728, -1,
      876, 894, 877, -1,
      877, 894, 895, -1,
      877, 895, 893, -1,
      893, 895, 896, -1,
      893, 896, 897, -1,
      852, 892, 898, -1,
      898, 892, 893, -1,
      898, 893, 899, -1,
      899, 893, 897, -1,
      899, 897, 900, -1,
      241, 42, 856, -1,
      856, 42, 722, -1,
      856, 722, 724, -1,
      245, 238, 855, -1,
      855, 238, 856, -1,
      855, 856, 901, -1,
      901, 856, 878, -1,
      901, 878, 902, -1,
      902, 878, 873, -1,
      902, 873, 903, -1,
      903, 873, 874, -1,
      903, 874, 904, -1,
      904, 874, 867, -1,
      904, 867, 905, -1,
      905, 867, 863, -1,
      905, 863, 906, -1,
      906, 863, 859, -1,
      906, 859, 907, -1,
      907, 859, 858, -1,
      907, 858, 438, -1,
      438, 858, 437, -1,
      252, 247, 854, -1,
      854, 247, 855, -1,
      854, 855, 908, -1,
      908, 855, 901, -1,
      908, 901, 909, -1,
      909, 901, 902, -1,
      909, 902, 910, -1,
      910, 902, 903, -1,
      910, 903, 911, -1,
      911, 903, 904, -1,
      911, 904, 912, -1,
      912, 904, 905, -1,
      912, 905, 913, -1,
      913, 905, 906, -1,
      913, 906, 914, -1,
      914, 906, 907, -1,
      914, 907, 441, -1,
      441, 907, 438, -1,
      260, 251, 915, -1,
      915, 251, 854, -1,
      915, 854, 916, -1,
      916, 854, 908, -1,
      916, 908, 917, -1,
      917, 908, 909, -1,
      917, 909, 918, -1,
      918, 909, 910, -1,
      918, 910, 919, -1,
      919, 910, 911, -1,
      919, 911, 920, -1,
      920, 911, 912, -1,
      920, 912, 921, -1,
      921, 912, 913, -1,
      921, 913, 922, -1,
      922, 913, 914, -1,
      922, 914, 440, -1,
      440, 914, 441, -1,
      440, 439, 922, -1,
      922, 439, 923, -1,
      922, 923, 921, -1,
      921, 923, 924, -1,
      921, 924, 920, -1,
      920, 924, 925, -1,
      920, 925, 919, -1,
      919, 925, 926, -1,
      919, 926, 918, -1,
      918, 926, 927, -1,
      918, 927, 917, -1,
      917, 927, 928, -1,
      917, 928, 916, -1,
      916, 928, 929, -1,
      916, 929, 915, -1,
      915, 929, 930, -1,
      915, 930, 260, -1,
      260, 930, 255, -1,
      439, 472, 923, -1,
      923, 472, 931, -1,
      923, 931, 924, -1,
      924, 931, 932, -1,
      924, 932, 925, -1,
      925, 932, 933, -1,
      925, 933, 926, -1,
      926, 933, 934, -1,
      926, 934, 927, -1,
      927, 934, 935, -1,
      927, 935, 928, -1,
      928, 935, 936, -1,
      928, 936, 929, -1,
      929, 936, 937, -1,
      929, 937, 930, -1,
      930, 937, 853, -1,
      930, 853, 255, -1,
      255, 853, 282, -1,
      311, 273, 852, -1,
      852, 273, 853, -1,
      852, 853, 891, -1,
      891, 853, 937, -1,
      891, 937, 889, -1,
      889, 937, 936, -1,
      889, 936, 887, -1,
      887, 936, 935, -1,
      887, 935, 885, -1,
      885, 935, 934, -1,
      885, 934, 883, -1,
      883, 934, 933, -1,
      883, 933, 881, -1,
      881, 933, 932, -1,
      881, 932, 879, -1,
      879, 932, 931, -1,
      879, 931, 436, -1,
      436, 931, 472, -1,
      309, 852, 307, -1,
      307, 852, 898, -1,
      307, 898, 305, -1,
      305, 898, 899, -1,
      305, 899, 303, -1,
      303, 899, 900, -1,
      303, 900, 301, -1,
      771, 773, 938, -1,
      788, 786, 939, -1,
      828, 400, 402, -1,
      810, 809, 940, -1,
      940, 809, 828, -1,
      786, 793, 941, -1,
      941, 793, 792, -1,
      941, 792, 810, -1,
      788, 939, 789, -1,
      942, 781, 789, -1,
      773, 778, 943, -1,
      943, 778, 777, -1,
      943, 777, 782, -1,
      771, 938, 475, -1,
      828, 402, 940, -1,
      940, 402, 422, -1,
      940, 422, 944, -1,
      944, 422, 421, -1,
      944, 421, 945, -1,
      421, 419, 945, -1,
      945, 419, 417, -1,
      945, 417, 946, -1,
      417, 415, 946, -1,
      946, 415, 413, -1,
      946, 413, 947, -1,
      947, 413, 411, -1,
      947, 411, 948, -1,
      948, 411, 409, -1,
      810, 940, 941, -1,
      941, 940, 944, -1,
      941, 944, 949, -1,
      949, 944, 945, -1,
      949, 945, 950, -1,
      950, 945, 946, -1,
      950, 946, 951, -1,
      951, 946, 947, -1,
      951, 947, 952, -1,
      952, 947, 948, -1,
      952, 948, 953, -1,
      789, 939, 942, -1,
      942, 939, 954, -1,
      942, 954, 955, -1,
      955, 954, 956, -1,
      955, 956, 957, -1,
      957, 956, 958, -1,
      957, 958, 959, -1,
      959, 958, 960, -1,
      959, 960, 961, -1,
      961, 960, 962, -1,
      961, 962, 963, -1,
      773, 943, 938, -1,
      938, 943, 964, -1,
      938, 964, 965, -1,
      965, 964, 966, -1,
      965, 966, 967, -1,
      967, 966, 968, -1,
      967, 968, 969, -1,
      969, 968, 970, -1,
      969, 970, 971, -1,
      971, 970, 972, -1,
      971, 972, 973, -1,
      425, 974, 405, -1,
      405, 974, 948, -1,
      405, 948, 407, -1,
      407, 948, 409, -1,
      974, 975, 948, -1,
      948, 975, 976, -1,
      948, 976, 953, -1,
      953, 976, 977, -1,
      953, 977, 978, -1,
      786, 941, 939, -1,
      939, 941, 949, -1,
      939, 949, 954, -1,
      954, 949, 950, -1,
      954, 950, 956, -1,
      956, 950, 951, -1,
      956, 951, 958, -1,
      958, 951, 952, -1,
      958, 952, 960, -1,
      960, 952, 953, -1,
      960, 953, 962, -1,
      962, 953, 978, -1,
      962, 978, 979, -1,
      979, 980, 962, -1,
      962, 980, 981, -1,
      962, 981, 963, -1,
      963, 981, 982, -1,
      963, 982, 983, -1,
      983, 972, 963, -1,
      963, 972, 970, -1,
      963, 970, 961, -1,
      961, 970, 968, -1,
      961, 968, 959, -1,
      959, 968, 966, -1,
      959, 966, 957, -1,
      957, 966, 964, -1,
      957, 964, 955, -1,
      955, 964, 943, -1,
      955, 943, 942, -1,
      942, 943, 782, -1,
      942, 782, 781, -1,
      983, 984, 972, -1,
      972, 984, 985, -1,
      972, 985, 973, -1,
      973, 985, 986, -1,
      973, 986, 987, -1,
      475, 938, 454, -1,
      454, 938, 965, -1,
      454, 965, 452, -1,
      452, 965, 967, -1,
      452, 967, 450, -1,
      450, 967, 969, -1,
      450, 969, 448, -1,
      448, 969, 971, -1,
      448, 971, 446, -1,
      446, 971, 973, -1,
      446, 973, 444, -1,
      444, 973, 987, -1,
      444, 987, 442, -1,
      455, 456, 860, -1,
      860, 456, 988, -1,
      860, 988, 861, -1,
      861, 988, 989, -1,
      861, 989, 864, -1,
      864, 989, 990, -1,
      864, 990, 865, -1,
      865, 990, 991, -1,
      865, 991, 868, -1,
      868, 991, 992, -1,
      868, 992, 869, -1,
      869, 992, 993, -1,
      869, 993, 871, -1,
      871, 993, 994, -1,
      871, 994, 875, -1,
      875, 994, 995, -1,
      875, 995, 876, -1,
      876, 995, 996, -1,
      876, 996, 894, -1,
      894, 996, 997, -1,
      894, 997, 895, -1,
      895, 997, 998, -1,
      895, 998, 896, -1,
      896, 998, 999, -1,
      896, 999, 897, -1,
      897, 999, 1000, -1,
      897, 1000, 900, -1,
      900, 1000, 1001, -1,
      900, 1001, 301, -1,
      301, 1001, 426, -1,
      544, 546, 1002, -1,
      548, 550, 1003, -1,
      552, 554, 1004, -1,
      560, 562, 1005, -1,
      564, 566, 1006, -1,
      568, 570, 1007, -1,
      1008, 458, 442, -1,
      456, 457, 988, -1,
      988, 457, 1009, -1,
      988, 1009, 989, -1,
      989, 1009, 1010, -1,
      442, 987, 1008, -1,
      1008, 987, 986, -1,
      1008, 986, 1011, -1,
      1012, 991, 1010, -1,
      1010, 991, 990, -1,
      1010, 990, 989, -1,
      986, 985, 1011, -1,
      1011, 985, 984, -1,
      1011, 984, 1013, -1,
      1014, 993, 1012, -1,
      1012, 993, 992, -1,
      1012, 992, 991, -1,
      984, 983, 1013, -1,
      1013, 983, 982, -1,
      1013, 982, 1015, -1,
      1015, 982, 981, -1,
      1015, 981, 1016, -1,
      1017, 996, 1018, -1,
      1018, 996, 995, -1,
      1018, 995, 1014, -1,
      1014, 995, 994, -1,
      1014, 994, 993, -1,
      981, 980, 1016, -1,
      1016, 980, 979, -1,
      1016, 979, 1019, -1,
      1020, 998, 1017, -1,
      1017, 998, 997, -1,
      1017, 997, 996, -1,
      979, 978, 1019, -1,
      1019, 978, 977, -1,
      1019, 977, 1021, -1,
      1007, 1000, 1020, -1,
      1020, 1000, 999, -1,
      1020, 999, 998, -1,
      570, 426, 1007, -1,
      1007, 426, 1001, -1,
      1007, 1001, 1000, -1,
      566, 568, 1006, -1,
      1006, 568, 1007, -1,
      1006, 1007, 1022, -1,
      1022, 1007, 1020, -1,
      1022, 1020, 1023, -1,
      1023, 1020, 1017, -1,
      1023, 1017, 1024, -1,
      1024, 1017, 1018, -1,
      1024, 1018, 1025, -1,
      1025, 1018, 1014, -1,
      1025, 1014, 1026, -1,
      1026, 1014, 1012, -1,
      1026, 1012, 1027, -1,
      1027, 1012, 1010, -1,
      1027, 1010, 1028, -1,
      1028, 1010, 1009, -1,
      1028, 1009, 463, -1,
      463, 1009, 457, -1,
      562, 564, 1005, -1,
      1005, 564, 1006, -1,
      1005, 1006, 1029, -1,
      1029, 1006, 1022, -1,
      1029, 1022, 1030, -1,
      1030, 1022, 1023, -1,
      1030, 1023, 1031, -1,
      1031, 1023, 1024, -1,
      1031, 1024, 1032, -1,
      1032, 1024, 1025, -1,
      1032, 1025, 1033, -1,
      1033, 1025, 1026, -1,
      1033, 1026, 1034, -1,
      1034, 1026, 1027, -1,
      1034, 1027, 1035, -1,
      1035, 1027, 1028, -1,
      1035, 1028, 462, -1,
      462, 1028, 463, -1,
      558, 560, 1036, -1,
      1036, 560, 1005, -1,
      1036, 1005, 1037, -1,
      1037, 1005, 1029, -1,
      1037, 1029, 1038, -1,
      1038, 1029, 1030, -1,
      1038, 1030, 1039, -1,
      1039, 1030, 1031, -1,
      1039, 1031, 1040, -1,
      1040, 1031, 1032, -1,
      1040, 1032, 1041, -1,
      1041, 1032, 1033, -1,
      1041, 1033, 1042, -1,
      1042, 1033, 1034, -1,
      1042, 1034, 1043, -1,
      1043, 1034, 1035, -1,
      1043, 1035, 461, -1,
      461, 1035, 462, -1,
      461, 460, 1043, -1,
      1043, 460, 1044, -1,
      1043, 1044, 1042, -1,
      1042, 1044, 1045, -1,
      1042, 1045, 1041, -1,
      1041, 1045, 1046, -1,
      1041, 1046, 1040, -1,
      1040, 1046, 1047, -1,
      1040, 1047, 1039, -1,
      1039, 1047, 1048, -1,
      1039, 1048, 1038, -1,
      1038, 1048, 1049, -1,
      1038, 1049, 1037, -1,
      1037, 1049, 1050, -1,
      1037, 1050, 1036, -1,
      1036, 1050, 1051, -1,
      1036, 1051, 558, -1,
      558, 1051, 556, -1,
      460, 471, 1044, -1,
      1044, 471, 1052, -1,
      1044, 1052, 1045, -1,
      1045, 1052, 1053, -1,
      1045, 1053, 1046, -1,
      1046, 1053, 1054, -1,
      1046, 1054, 1047, -1,
      1047, 1054, 1055, -1,
      1047, 1055, 1048, -1,
      1048, 1055, 1056, -1,
      1048, 1056, 1049, -1,
      1049, 1056, 1057, -1,
      1049, 1057, 1050, -1,
      1050, 1057, 1058, -1,
      1050, 1058, 1051, -1,
      1051, 1058, 1004, -1,
      1051, 1004, 556, -1,
      556, 1004, 554, -1,
      550, 552, 1003, -1,
      1003, 552, 1004, -1,
      1003, 1004, 1059, -1,
      1059, 1004, 1058, -1,
      1059, 1058, 1060, -1,
      1060, 1058, 1057, -1,
      1060, 1057, 1061, -1,
      1061, 1057, 1056, -1,
      1061, 1056, 1062, -1,
      1062, 1056, 1055, -1,
      1062, 1055, 1063, -1,
      1063, 1055, 1054, -1,
      1063, 1054, 1064, -1,
      1064, 1054, 1053, -1,
      1064, 1053, 1065, -1,
      1065, 1053, 1052, -1,
      1065, 1052, 470, -1,
      470, 1052, 471, -1,
      546, 548, 1002, -1,
      1002, 548, 1003, -1,
      1002, 1003, 1066, -1,
      1066, 1003, 1059, -1,
      1066, 1059, 1067, -1,
      1067, 1059, 1060, -1,
      1067, 1060, 1068, -1,
      1068, 1060, 1061, -1,
      1068, 1061, 1069, -1,
      1069, 1061, 1062, -1,
      1069, 1062, 1070, -1,
      1070, 1062, 1063, -1,
      1070, 1063, 1071, -1,
      1071, 1063, 1064, -1,
      1071, 1064, 1072, -1,
      1072, 1064, 1065, -1,
      1072, 1065, 459, -1,
      459, 1065, 470, -1,
      542, 544, 1073, -1,
      1073, 544, 1002, -1,
      1073, 1002, 1021, -1,
      1021, 1002, 1066, -1,
      1021, 1066, 1019, -1,
      1019, 1066, 1067, -1,
      1019, 1067, 1016, -1,
      1016, 1067, 1068, -1,
      1016, 1068, 1015, -1,
      1015, 1068, 1069, -1,
      1015, 1069, 1013, -1,
      1013, 1069, 1070, -1,
      1013, 1070, 1011, -1,
      1011, 1070, 1071, -1,
      1011, 1071, 1008, -1,
      1008, 1071, 1072, -1,
      1008, 1072, 458, -1,
      458, 1072, 459, -1,
      977, 976, 1021, -1,
      1021, 976, 975, -1,
      1021, 975, 1073, -1,
      1073, 975, 974, -1,
      1073, 974, 542, -1,
      542, 974, 425, -1,
      1074, 1075, 1076, -1,
      565, 1077, 567, -1,
      567, 1077, 1078, -1,
      567, 1078, 569, -1,
      569, 1078, 1076, -1,
      569, 1076, 571, -1,
      571, 1076, 1075, -1,
      571, 1075, 427, -1,
      565, 563, 1077, -1,
      1077, 563, 561, -1,
      1077, 561, 1079, -1,
      561, 559, 1079, -1,
      1079, 559, 557, -1,
      1079, 557, 1080, -1,
      1080, 557, 555, -1,
      1080, 555, 1081, -1,
      1081, 555, 553, -1,
      1081, 553, 1082, -1,
      1082, 553, 551, -1,
      1082, 551, 1083, -1,
      1083, 551, 549, -1,
      549, 547, 1083, -1,
      1083, 547, 545, -1,
      1083, 545, 1084, -1,
      1084, 545, 543, -1,
      1084, 543, 424, -1,
      1085, 1086, 1074, -1,
      1074, 1076, 1085, -1,
      1085, 1076, 1078, -1,
      1085, 1078, 1087, -1,
      1087, 1078, 1077, -1,
      1087, 1077, 1088, -1,
      1088, 1077, 1079, -1,
      1088, 1079, 1089, -1,
      1089, 1079, 1080, -1,
      1089, 1080, 1090, -1,
      1090, 1080, 1081, -1,
      1090, 1081, 1091, -1,
      1091, 1081, 1082, -1,
      1091, 1082, 1092, -1,
      1092, 1082, 1083, -1,
      1092, 1083, 1093, -1,
      1093, 1083, 1084, -1,
      1093, 1084, 1094, -1,
      1095, 1096, 1097, -1,
      1097, 1096, 1098, -1,
      424, 1099, 1084, -1,
      1084, 1099, 1100, -1,
      1084, 1100, 1094, -1,
      1094, 1100, 1101, -1,
      1094, 1101, 1102, -1,
      1102, 1103, 1094, -1,
      1094, 1103, 1104, -1,
      1094, 1104, 1093, -1,
      1093, 1104, 1105, -1,
      1093, 1105, 1092, -1,
      1092, 1105, 1106, -1,
      1092, 1106, 1091, -1,
      1091, 1106, 1107, -1,
      1091, 1107, 1090, -1,
      1090, 1107, 1108, -1,
      1090, 1108, 1089, -1,
      1089, 1108, 1109, -1,
      1089, 1109, 1088, -1,
      1088, 1109, 1110, -1,
      1088, 1110, 1087, -1,
      1087, 1110, 1097, -1,
      1087, 1097, 1085, -1,
      1085, 1097, 1098, -1,
      1085, 1098, 1086, -1,
      1111, 1112, 1113, -1,
      1113, 1112, 1095, -1,
      1095, 1097, 1113, -1,
      1113, 1097, 1110, -1,
      1113, 1110, 1114, -1,
      1114, 1110, 1109, -1,
      1114, 1109, 1115, -1,
      1115, 1109, 1108, -1,
      1115, 1108, 1116, -1,
      1116, 1108, 1107, -1,
      1116, 1107, 1117, -1,
      1117, 1107, 1106, -1,
      1117, 1106, 1118, -1,
      1118, 1106, 1105, -1,
      1118, 1105, 1119, -1,
      1119, 1105, 1104, -1,
      1119, 1104, 1120, -1,
      1120, 1104, 1103, -1,
      1120, 1103, 1121, -1,
      1111, 1113, 1122, -1,
      1122, 1113, 1114, -1,
      1122, 1114, 1123, -1,
      1123, 1114, 1115, -1,
      1123, 1115, 1124, -1,
      1124, 1115, 1116, -1,
      1124, 1116, 1125, -1,
      1125, 1116, 1117, -1,
      1125, 1117, 1126, -1,
      1126, 1117, 1118, -1,
      1126, 1118, 1127, -1,
      1127, 1118, 1119, -1,
      1127, 1119, 1128, -1,
      1128, 1119, 1120, -1,
      1128, 1120, 1129, -1,
      1129, 1120, 1121, -1,
      1129, 1121, 1130, -1,
      1131, 1132, 1133, -1,
      1133, 1132, 1134, -1,
      1102, 1135, 1103, -1,
      1103, 1135, 1136, -1,
      1103, 1136, 1121, -1,
      1121, 1136, 1137, -1,
      1121, 1137, 1130, -1,
      1130, 1137, 1138, -1,
      1130, 1138, 1139, -1,
      1139, 1140, 1130, -1,
      1130, 1140, 1141, -1,
      1130, 1141, 1129, -1,
      1129, 1141, 1142, -1,
      1129, 1142, 1128, -1,
      1128, 1142, 1143, -1,
      1128, 1143, 1127, -1,
      1127, 1143, 1144, -1,
      1127, 1144, 1126, -1,
      1126, 1144, 1145, -1,
      1126, 1145, 1125, -1,
      1125, 1145, 1146, -1,
      1125, 1146, 1124, -1,
      1124, 1146, 1147, -1,
      1124, 1147, 1123, -1,
      1123, 1147, 1133, -1,
      1123, 1133, 1122, -1,
      1122, 1133, 1134, -1,
      1122, 1134, 1111, -1,
      1148, 1149, 1150, -1,
      1150, 1149, 1131, -1,
      1131, 1133, 1150, -1,
      1150, 1133, 1147, -1,
      1150, 1147, 1151, -1,
      1151, 1147, 1146, -1,
      1151, 1146, 1152, -1,
      1152, 1146, 1145, -1,
      1152, 1145, 1153, -1,
      1153, 1145, 1144, -1,
      1153, 1144, 1154, -1,
      1154, 1144, 1143, -1,
      1154, 1143, 1155, -1,
      1155, 1143, 1142, -1,
      1155, 1142, 1156, -1,
      1156, 1142, 1141, -1,
      1156, 1141, 1157, -1,
      1157, 1141, 1140, -1,
      1157, 1140, 1158, -1,
      527, 1159, 1160, -1,
      1160, 1159, 1148, -1,
      1139, 1161, 1140, -1,
      1140, 1161, 1162, -1,
      1140, 1162, 1158, -1,
      1158, 1162, 1163, -1,
      1158, 1163, 1164, -1,
      1148, 1150, 1160, -1,
      1160, 1150, 1151, -1,
      1160, 1151, 1165, -1,
      1165, 1151, 1152, -1,
      1165, 1152, 1166, -1,
      1166, 1152, 1153, -1,
      1166, 1153, 1167, -1,
      1167, 1153, 1154, -1,
      1167, 1154, 1168, -1,
      1168, 1154, 1155, -1,
      1168, 1155, 1169, -1,
      1169, 1155, 1156, -1,
      1169, 1156, 1170, -1,
      1170, 1156, 1157, -1,
      1170, 1157, 1171, -1,
      1171, 1157, 1158, -1,
      1171, 1158, 1172, -1,
      1172, 1158, 1164, -1,
      1172, 1164, 1173, -1,
      527, 1160, 516, -1,
      516, 1160, 1165, -1,
      516, 1165, 538, -1,
      538, 1165, 1166, -1,
      538, 1166, 511, -1,
      511, 1166, 1167, -1,
      511, 1167, 512, -1,
      512, 1167, 1168, -1,
      512, 1168, 513, -1,
      513, 1168, 1169, -1,
      513, 1169, 514, -1,
      514, 1169, 1170, -1,
      514, 1170, 515, -1,
      515, 1170, 1171, -1,
      515, 1171, 517, -1,
      517, 1171, 1172, -1,
      517, 1172, 529, -1,
      529, 1172, 1173, -1,
      529, 1173, 528, -1,
      1173, 1164, 1174, -1,
      1137, 1136, 1175, -1,
      424, 423, 1099, -1,
      1099, 423, 1176, -1,
      1099, 1176, 1100, -1,
      1100, 1176, 1101, -1,
      1136, 1135, 1177, -1,
      1177, 1135, 1102, -1,
      1177, 1102, 1101, -1,
      1137, 1175, 1138, -1,
      1178, 1139, 1138, -1,
      1164, 1163, 1179, -1,
      1179, 1163, 1162, -1,
      1179, 1162, 1161, -1,
      1173, 1174, 528, -1,
      423, 404, 1176, -1,
      1176, 404, 406, -1,
      1176, 406, 1180, -1,
      1180, 406, 408, -1,
      1180, 408, 1181, -1,
      408, 410, 1181, -1,
      1181, 410, 412, -1,
      1181, 412, 1182, -1,
      1182, 412, 414, -1,
      1182, 414, 1183, -1,
      1183, 414, 416, -1,
      1101, 1176, 1177, -1,
      1177, 1176, 1180, -1,
      1177, 1180, 1184, -1,
      1184, 1180, 1181, -1,
      1184, 1181, 1185, -1,
      1185, 1181, 1182, -1,
      1185, 1182, 1186, -1,
      1186, 1182, 1183, -1,
      1186, 1183, 1187, -1,
      1187, 1183, 1188, -1,
      1187, 1188, 1189, -1,
      1138, 1175, 1178, -1,
      1178, 1175, 1190, -1,
      1178, 1190, 1191, -1,
      1191, 1190, 1192, -1,
      1191, 1192, 1193, -1,
      1193, 1192, 1194, -1,
      1193, 1194, 1195, -1,
      1195, 1194, 1196, -1,
      1195, 1196, 1197, -1,
      1197, 1196, 1198, -1,
      1197, 1198, 1199, -1,
      1164, 1179, 1174, -1,
      1174, 1179, 1200, -1,
      1174, 1200, 1201, -1,
      1201, 1200, 1202, -1,
      1201, 1202, 1203, -1,
      1203, 1202, 1204, -1,
      1203, 1204, 1205, -1,
      1205, 1204, 1206, -1,
      1205, 1206, 1207, -1,
      1207, 1206, 1208, -1,
      1207, 1208, 1209, -1,
      401, 1210, 403, -1,
      403, 1210, 1188, -1,
      403, 1188, 420, -1,
      420, 1188, 1183, -1,
      420, 1183, 418, -1,
      418, 1183, 416, -1,
      1210, 1211, 1188, -1,
      1188, 1211, 1212, -1,
      1188, 1212, 1189, -1,
      1189, 1212, 1213, -1,
      1189, 1213, 1214, -1,
      1136, 1177, 1175, -1,
      1175, 1177, 1184, -1,
      1175, 1184, 1190, -1,
      1190, 1184, 1185, -1,
      1190, 1185, 1192, -1,
      1192, 1185, 1186, -1,
      1192, 1186, 1194, -1,
      1194, 1186, 1187, -1,
      1194, 1187, 1196, -1,
      1196, 1187, 1189, -1,
      1196, 1189, 1198, -1,
      1198, 1189, 1214, -1,
      1198, 1214, 1215, -1,
      1215, 1216, 1198, -1,
      1198, 1216, 1217, -1,
      1198, 1217, 1199, -1,
      1199, 1217, 1218, -1,
      1199, 1218, 1219, -1,
      1219, 1208, 1199, -1,
      1199, 1208, 1206, -1,
      1199, 1206, 1197, -1,
      1197, 1206, 1204, -1,
      1197, 1204, 1195, -1,
      1195, 1204, 1202, -1,
      1195, 1202, 1193, -1,
      1193, 1202, 1200, -1,
      1193, 1200, 1191, -1,
      1191, 1200, 1179, -1,
      1191, 1179, 1178, -1,
      1178, 1179, 1161, -1,
      1178, 1161, 1139, -1,
      1219, 1220, 1208, -1,
      1208, 1220, 1221, -1,
      1208, 1221, 1209, -1,
      1209, 1221, 1222, -1,
      1209, 1222, 1223, -1,
      528, 1174, 494, -1,
      494, 1174, 1201, -1,
      494, 1201, 496, -1,
      496, 1201, 1203, -1,
      496, 1203, 498, -1,
      498, 1203, 1205, -1,
      498, 1205, 500, -1,
      500, 1205, 1207, -1,
      500, 1207, 502, -1,
      502, 1207, 1209, -1,
      502, 1209, 504, -1,
      504, 1209, 1223, -1,
      504, 1223, 505, -1,
      302, 427, 1224, -1,
      1224, 427, 1075, -1,
      1224, 1075, 1225, -1,
      1225, 1075, 1074, -1,
      1225, 1074, 1226, -1,
      1226, 1074, 1086, -1,
      1226, 1086, 1227, -1,
      1227, 1086, 1098, -1,
      1227, 1098, 1228, -1,
      1228, 1098, 1096, -1,
      1228, 1096, 1229, -1,
      1229, 1096, 1095, -1,
      1229, 1095, 1230, -1,
      1230, 1095, 1112, -1,
      1230, 1112, 1231, -1,
      1231, 1112, 1111, -1,
      1231, 1111, 1232, -1,
      1232, 1111, 1134, -1,
      1232, 1134, 1233, -1,
      1233, 1134, 1132, -1,
      1233, 1132, 1234, -1,
      1234, 1132, 1131, -1,
      1234, 1131, 1235, -1,
      1235, 1131, 1149, -1,
      1235, 1149, 1236, -1,
      1236, 1149, 1148, -1,
      1236, 1148, 1237, -1,
      1237, 1148, 1159, -1,
      1237, 1159, 526, -1,
      526, 1159, 527, -1,
      1211, 1210, 1238, -1,
      1210, 401, 601, -1,
      1210, 601, 1238, -1,
      1238, 601, 599, -1,
      1238, 599, 1239, -1,
      599, 597, 1239, -1,
      1239, 597, 595, -1,
      1239, 595, 1240, -1,
      595, 593, 1240, -1,
      1240, 593, 591, -1,
      1240, 591, 1241, -1,
      591, 589, 1241, -1,
      1241, 589, 587, -1,
      1241, 587, 1242, -1,
      1242, 587, 585, -1,
      1242, 585, 1243, -1,
      1243, 585, 583, -1,
      1243, 583, 1244, -1,
      583, 581, 1244, -1,
      1244, 581, 579, -1,
      1244, 579, 1245, -1,
      579, 577, 1245, -1,
      1245, 577, 575, -1,
      1245, 575, 1246, -1,
      1246, 575, 573, -1,
      1246, 573, 429, -1,
      1247, 1212, 1211, -1,
      1211, 1238, 1247, -1,
      1247, 1238, 1239, -1,
      1247, 1239, 1248, -1,
      1248, 1239, 1240, -1,
      1248, 1240, 1249, -1,
      1249, 1240, 1241, -1,
      1249, 1241, 1250, -1,
      1250, 1241, 1242, -1,
      1250, 1242, 1251, -1,
      1251, 1242, 1243, -1,
      1251, 1243, 1252, -1,
      1252, 1243, 1244, -1,
      1252, 1244, 1253, -1,
      1253, 1244, 1245, -1,
      1253, 1245, 1254, -1,
      1254, 1245, 1246, -1,
      1254, 1246, 1255, -1,
      1215, 1214, 1256, -1,
      1256, 1214, 1213, -1,
      429, 1257, 1246, -1,
      1246, 1257, 1258, -1,
      1246, 1258, 1255, -1,
      1255, 1258, 1259, -1,
      1255, 1259, 1260, -1,
      1260, 1261, 1255, -1,
      1255, 1261, 1262, -1,
      1255, 1262, 1254, -1,
      1254, 1262, 1263, -1,
      1254, 1263, 1253, -1,
      1253, 1263, 1264, -1,
      1253, 1264, 1252, -1,
      1252, 1264, 1265, -1,
      1252, 1265, 1251, -1,
      1251, 1265, 1266, -1,
      1251, 1266, 1250, -1,
      1250, 1266, 1267, -1,
      1250, 1267, 1249, -1,
      1249, 1267, 1268, -1,
      1249, 1268, 1248, -1,
      1248, 1268, 1256, -1,
      1248, 1256, 1247, -1,
      1247, 1256, 1213, -1,
      1247, 1213, 1212, -1,
      1217, 1216, 1269, -1,
      1269, 1216, 1215, -1,
      1215, 1256, 1269, -1,
      1269, 1256, 1268, -1,
      1269, 1268, 1270, -1,
      1270, 1268, 1267, -1,
      1270, 1267, 1271, -1,
      1271, 1267, 1266, -1,
      1271, 1266, 1272, -1,
      1272, 1266, 1265, -1,
      1272, 1265, 1273, -1,
      1273, 1265, 1264, -1,
      1273, 1264, 1274, -1,
      1274, 1264, 1263, -1,
      1274, 1263, 1275, -1,
      1275, 1263, 1262, -1,
      1275, 1262, 1276, -1,
      1276, 1262, 1261, -1,
      1276, 1261, 1277, -1,
      1217, 1269, 1278, -1,
      1278, 1269, 1270, -1,
      1278, 1270, 1279, -1,
      1279, 1270, 1271, -1,
      1279, 1271, 1280, -1,
      1280, 1271, 1272, -1,
      1280, 1272, 1281, -1,
      1281, 1272, 1273, -1,
      1281, 1273, 1282, -1,
      1282, 1273, 1274, -1,
      1282, 1274, 1283, -1,
      1283, 1274, 1275, -1,
      1283, 1275, 1284, -1,
      1284, 1275, 1276, -1,
      1284, 1276, 1285, -1,
      1285, 1276, 1277, -1,
      1285, 1277, 1286, -1,
      1220, 1219, 1287, -1,
      1287, 1219, 1218, -1,
      1260, 1288, 1261, -1,
      1261, 1288, 1289, -1,
      1261, 1289, 1277, -1,
      1277, 1289, 1290, -1,
      1277, 1290, 1286, -1,
      1286, 1290, 1291, -1,
      1286, 1291, 1292, -1,
      1292, 1293, 1286, -1,
      1286, 1293, 1294, -1,
      1286, 1294, 1285, -1,
      1285, 1294, 1295, -1,
      1285, 1295, 1284, -1,
      1284, 1295, 1296, -1,
      1284, 1296, 1283, -1,
      1283, 1296, 1297, -1,
      1283, 1297, 1282, -1,
      1282, 1297, 1298, -1,
      1282, 1298, 1281, -1,
      1281, 1298, 1299, -1,
      1281, 1299, 1280, -1,
      1280, 1299, 1300, -1,
      1280, 1300, 1279, -1,
      1279, 1300, 1287, -1,
      1279, 1287, 1278, -1,
      1278, 1287, 1218, -1,
      1278, 1218, 1217, -1,
      1222, 1221, 1301, -1,
      1301, 1221, 1220, -1,
      1220, 1287, 1301, -1,
      1301, 1287, 1300, -1,
      1301, 1300, 1302, -1,
      1302, 1300, 1299, -1,
      1302, 1299, 1303, -1,
      1303, 1299, 1298, -1,
      1303, 1298, 1304, -1,
      1304, 1298, 1297, -1,
      1304, 1297, 1305, -1,
      1305, 1297, 1296, -1,
      1305, 1296, 1306, -1,
      1306, 1296, 1295, -1,
      1306, 1295, 1307, -1,
      1307, 1295, 1294, -1,
      1307, 1294, 1308, -1,
      1308, 1294, 1293, -1,
      1308, 1293, 1309, -1,
      505, 1223, 1310, -1,
      1310, 1223, 1222, -1,
      1292, 1311, 1293, -1,
      1293, 1311, 1312, -1,
      1293, 1312, 1309, -1,
      1309, 1312, 1313, -1,
      1309, 1313, 1314, -1,
      1222, 1301, 1310, -1,
      1310, 1301, 1302, -1,
      1310, 1302, 1315, -1,
      1315, 1302, 1303, -1,
      1315, 1303, 1316, -1,
      1316, 1303, 1304, -1,
      1316, 1304, 1317, -1,
      1317, 1304, 1305, -1,
      1317, 1305, 1318, -1,
      1318, 1305, 1306, -1,
      1318, 1306, 1319, -1,
      1319, 1306, 1307, -1,
      1319, 1307, 1320, -1,
      1320, 1307, 1308, -1,
      1320, 1308, 1321, -1,
      1321, 1308, 1309, -1,
      1321, 1309, 1322, -1,
      1322, 1309, 1314, -1,
      1322, 1314, 1323, -1,
      505, 1310, 506, -1,
      506, 1310, 1315, -1,
      506, 1315, 507, -1,
      507, 1315, 1316, -1,
      507, 1316, 530, -1,
      530, 1316, 1317, -1,
      530, 1317, 531, -1,
      531, 1317, 1318, -1,
      531, 1318, 518, -1,
      518, 1318, 1319, -1,
      518, 1319, 519, -1,
      519, 1319, 1320, -1,
      519, 1320, 539, -1,
      539, 1320, 1321, -1,
      539, 1321, 540, -1,
      540, 1321, 1322, -1,
      540, 1322, 541, -1,
      541, 1322, 1323, -1,
      541, 1323, 489, -1,
      1324, 1325, 1326, -1,
      1325, 68, 235, -1,
      1325, 235, 1326, -1,
      1326, 235, 227, -1,
      1326, 227, 1327, -1,
      227, 229, 1327, -1,
      1327, 229, 231, -1,
      1327, 231, 1328, -1,
      231, 292, 1328, -1,
      1328, 292, 294, -1,
      1328, 294, 1329, -1,
      294, 298, 1329, -1,
      1329, 298, 285, -1,
      1329, 285, 1330, -1,
      1330, 285, 287, -1,
      1330, 287, 1331, -1,
      1331, 287, 265, -1,
      1331, 265, 1332, -1,
      265, 312, 1332, -1,
      1332, 312, 310, -1,
      1332, 310, 1333, -1,
      310, 308, 1333, -1,
      1333, 308, 306, -1,
      1333, 306, 1334, -1,
      1334, 306, 304, -1,
      1334, 304, 302, -1,
      1335, 1336, 1324, -1,
      1324, 1326, 1335, -1,
      1335, 1326, 1327, -1,
      1335, 1327, 1337, -1,
      1337, 1327, 1328, -1,
      1337, 1328, 1338, -1,
      1338, 1328, 1329, -1,
      1338, 1329, 1339, -1,
      1339, 1329, 1330, -1,
      1339, 1330, 1340, -1,
      1340, 1330, 1331, -1,
      1340, 1331, 1341, -1,
      1341, 1331, 1332, -1,
      1341, 1332, 1342, -1,
      1342, 1332, 1333, -1,
      1342, 1333, 1343, -1,
      1343, 1333, 1334, -1,
      1343, 1334, 1344, -1,
      1345, 1346, 1347, -1,
      1347, 1346, 1348, -1,
      302, 1224, 1334, -1,
      1334, 1224, 1225, -1,
      1334, 1225, 1344, -1,
      1344, 1225, 1226, -1,
      1344, 1226, 1227, -1,
      1227, 1349, 1344, -1,
      1344, 1349, 1350, -1,
      1344, 1350, 1343, -1,
      1343, 1350, 1351, -1,
      1343, 1351, 1342, -1,
      1342, 1351, 1352, -1,
      1342, 1352, 1341, -1,
      1341, 1352, 1353, -1,
      1341, 1353, 1340, -1,
      1340, 1353, 1354, -1,
      1340, 1354, 1339, -1,
      1339, 1354, 1355, -1,
      1339, 1355, 1338, -1,
      1338, 1355, 1356, -1,
      1338, 1356, 1337, -1,
      1337, 1356, 1347, -1,
      1337, 1347, 1335, -1,
      1335, 1347, 1348, -1,
      1335, 1348, 1336, -1,
      1357, 1358, 1359, -1,
      1359, 1358, 1345, -1,
      1345, 1347, 1359, -1,
      1359, 1347, 1356, -1,
      1359, 1356, 1360, -1,
      1360, 1356, 1355, -1,
      1360, 1355, 1361, -1,
      1361, 1355, 1354, -1,
      1361, 1354, 1362, -1,
      1362, 1354, 1353, -1,
      1362, 1353, 1363, -1,
      1363, 1353, 1352, -1,
      1363, 1352, 1364, -1,
      1364, 1352, 1351, -1,
      1364, 1351, 1365, -1,
      1365, 1351, 1350, -1,
      1365, 1350, 1366, -1,
      1366, 1350, 1349, -1,
      1366, 1349, 1367, -1,
      1357, 1359, 1368, -1,
      1368, 1359, 1360, -1,
      1368, 1360, 1369, -1,
      1369, 1360, 1361, -1,
      1369, 1361, 1370, -1,
      1370, 1361, 1362, -1,
      1370, 1362, 1371, -1,
      1371, 1362, 1363, -1,
      1371, 1363, 1372, -1,
      1372, 1363, 1364, -1,
      1372, 1364, 1373, -1,
      1373, 1364, 1365, -1,
      1373, 1365, 1374, -1,
      1374, 1365, 1366, -1,
      1374, 1366, 1375, -1,
      1375, 1366, 1367, -1,
      1375, 1367, 1376, -1,
      1377, 1378, 1379, -1,
      1379, 1378, 1380, -1,
      1227, 1228, 1349, -1,
      1349, 1228, 1229, -1,
      1349, 1229, 1367, -1,
      1367, 1229, 1230, -1,
      1367, 1230, 1376, -1,
      1376, 1230, 1231, -1,
      1376, 1231, 1232, -1,
      1232, 1381, 1376, -1,
      1376, 1381, 1382, -1,
      1376, 1382, 1375, -1,
      1375, 1382, 1383, -1,
      1375, 1383, 1374, -1,
      1374, 1383, 1384, -1,
      1374, 1384, 1373, -1,
      1373, 1384, 1385, -1,
      1373, 1385, 1372, -1,
      1372, 1385, 1386, -1,
      1372, 1386, 1371, -1,
      1371, 1386, 1387, -1,
      1371, 1387, 1370, -1,
      1370, 1387, 1388, -1,
      1370, 1388, 1369, -1,
      1369, 1388, 1379, -1,
      1369, 1379, 1368, -1,
      1368, 1379, 1380, -1,
      1368, 1380, 1357, -1,
      1389, 1390, 1391, -1,
      1391, 1390, 1377, -1,
      1377, 1379, 1391, -1,
      1391, 1379, 1388, -1,
      1391, 1388, 1392, -1,
      1392, 1388, 1387, -1,
      1392, 1387, 1393, -1,
      1393, 1387, 1386, -1,
      1393, 1386, 1394, -1,
      1394, 1386, 1385, -1,
      1394, 1385, 1395, -1,
      1395, 1385, 1384, -1,
      1395, 1384, 1396, -1,
      1396, 1384, 1383, -1,
      1396, 1383, 1397, -1,
      1397, 1383, 1382, -1,
      1397, 1382, 1398, -1,
      1398, 1382, 1381, -1,
      1398, 1381, 1399, -1,
      492, 1400, 1401, -1,
      1401, 1400, 1389, -1,
      1232, 1233, 1381, -1,
      1381, 1233, 1234, -1,
      1381, 1234, 1399, -1,
      1399, 1234, 1235, -1,
      1399, 1235, 1236, -1,
      1389, 1391, 1401, -1,
      1401, 1391, 1392, -1,
      1401, 1392, 1402, -1,
      1402, 1392, 1393, -1,
      1402, 1393, 1403, -1,
      1403, 1393, 1394, -1,
      1403, 1394, 1404, -1,
      1404, 1394, 1395, -1,
      1404, 1395, 1405, -1,
      1405, 1395, 1396, -1,
      1405, 1396, 1406, -1,
      1406, 1396, 1397, -1,
      1406, 1397, 1407, -1,
      1407, 1397, 1398, -1,
      1407, 1398, 1408, -1,
      1408, 1398, 1399, -1,
      1408, 1399, 1409, -1,
      1409, 1399, 1236, -1,
      1409, 1236, 1237, -1,
      492, 1401, 490, -1,
      490, 1401, 1402, -1,
      490, 1402, 523, -1,
      523, 1402, 1403, -1,
      523, 1403, 508, -1,
      508, 1403, 1404, -1,
      508, 1404, 509, -1,
      509, 1404, 1405, -1,
      509, 1405, 510, -1,
      510, 1405, 1406, -1,
      510, 1406, 524, -1,
      524, 1406, 1407, -1,
      524, 1407, 491, -1,
      491, 1407, 1408, -1,
      491, 1408, 493, -1,
      493, 1408, 1409, -1,
      493, 1409, 525, -1,
      525, 1409, 1237, -1,
      525, 1237, 526, -1,
      429, 399, 1257, -1,
      1257, 399, 1410, -1,
      1257, 1410, 1258, -1,
      1258, 1410, 1411, -1,
      1258, 1411, 1259, -1,
      1259, 1411, 1412, -1,
      1259, 1412, 1260, -1,
      1260, 1412, 1413, -1,
      1260, 1413, 1288, -1,
      1288, 1413, 1414, -1,
      1288, 1414, 1289, -1,
      1289, 1414, 1415, -1,
      1289, 1415, 1290, -1,
      1290, 1415, 1416, -1,
      1290, 1416, 1291, -1,
      1291, 1416, 1417, -1,
      1291, 1417, 1292, -1,
      1292, 1417, 1418, -1,
      1292, 1418, 1311, -1,
      1311, 1418, 1419, -1,
      1311, 1419, 1312, -1,
      1312, 1419, 1420, -1,
      1312, 1420, 1313, -1,
      1313, 1420, 1421, -1,
      1313, 1421, 1314, -1,
      1314, 1421, 1422, -1,
      1314, 1422, 1323, -1,
      1323, 1422, 1423, -1,
      1323, 1423, 489, -1,
      489, 1423, 488, -1,
      1424, 1425, 1426, -1,
      1427, 1428, 1429, -1,
      1430, 1431, 1432, -1,
      1432, 1431, 30, -1,
      1432, 30, 29, -1,
      1428, 1433, 1434, -1,
      1434, 1433, 1435, -1,
      1434, 1435, 1436, -1,
      1437, 1438, 1439, -1,
      1425, 1440, 1441, -1,
      1441, 1440, 1442, -1,
      1441, 1442, 1443, -1,
      1424, 1426, 486, -1,
      29, 34, 1432, -1,
      1432, 34, 36, -1,
      1432, 36, 1444, -1,
      1444, 36, 8, -1,
      1444, 8, 1445, -1,
      8, 140, 1445, -1,
      1445, 140, 141, -1,
      1445, 141, 1446, -1,
      1446, 141, 145, -1,
      1446, 145, 1447, -1,
      1447, 145, 147, -1,
      65, 1448, 56, -1,
      56, 1448, 1447, -1,
      56, 1447, 200, -1,
      200, 1447, 147, -1,
      1428, 1434, 1429, -1,
      1429, 1434, 1449, -1,
      1429, 1449, 1450, -1,
      1450, 1449, 1451, -1,
      1450, 1451, 1452, -1,
      1452, 1451, 1453, -1,
      1452, 1453, 1454, -1,
      1454, 1453, 1455, -1,
      1454, 1455, 1456, -1,
      1456, 1455, 1457, -1,
      1456, 1457, 1458, -1,
      1425, 1441, 1426, -1,
      1426, 1441, 1459, -1,
      1426, 1459, 1460, -1,
      1460, 1459, 1461, -1,
      1460, 1461, 1462, -1,
      1462, 1461, 1463, -1,
      1462, 1463, 1464, -1,
      1464, 1463, 1465, -1,
      1464, 1465, 1466, -1,
      1466, 1465, 1467, -1,
      1466, 1467, 1468, -1,
      65, 68, 1325, -1,
      65, 1325, 1448, -1,
      1448, 1325, 1324, -1,
      1448, 1324, 1336, -1,
      1336, 1457, 1448, -1,
      1448, 1457, 1455, -1,
      1448, 1455, 1447, -1,
      1447, 1455, 1453, -1,
      1447, 1453, 1446, -1,
      1446, 1453, 1451, -1,
      1446, 1451, 1445, -1,
      1445, 1451, 1449, -1,
      1445, 1449, 1444, -1,
      1444, 1449, 1434, -1,
      1444, 1434, 1432, -1,
      1432, 1434, 1436, -1,
      1432, 1436, 1430, -1,
      1336, 1348, 1457, -1,
      1457, 1348, 1346, -1,
      1457, 1346, 1458, -1,
      1458, 1346, 1345, -1,
      1458, 1345, 1358, -1,
      1358, 1469, 1458, -1,
      1458, 1469, 1470, -1,
      1458, 1470, 1456, -1,
      1456, 1470, 1471, -1,
      1456, 1471, 1454, -1,
      1454, 1471, 1472, -1,
      1454, 1472, 1452, -1,
      1452, 1472, 1473, -1,
      1452, 1473, 1450, -1,
      1450, 1473, 1437, -1,
      1450, 1437, 1429, -1,
      1429, 1437, 1439, -1,
      1429, 1439, 1427, -1,
      1358, 1357, 1469, -1,
      1469, 1357, 1380, -1,
      1469, 1380, 1378, -1,
      1378, 1467, 1469, -1,
      1469, 1467, 1465, -1,
      1469, 1465, 1470, -1,
      1470, 1465, 1463, -1,
      1470, 1463, 1471, -1,
      1471, 1463, 1461, -1,
      1471, 1461, 1472, -1,
      1472, 1461, 1459, -1,
      1472, 1459, 1473, -1,
      1473, 1459, 1441, -1,
      1473, 1441, 1437, -1,
      1437, 1441, 1443, -1,
      1437, 1443, 1438, -1,
      1378, 1377, 1467, -1,
      1467, 1377, 1390, -1,
      1467, 1390, 1468, -1,
      1468, 1390, 1389, -1,
      1468, 1389, 1400, -1,
      486, 1426, 487, -1,
      487, 1426, 1460, -1,
      487, 1460, 503, -1,
      503, 1460, 1462, -1,
      503, 1462, 501, -1,
      501, 1462, 1464, -1,
      501, 1464, 499, -1,
      499, 1464, 1466, -1,
      499, 1466, 497, -1,
      497, 1466, 1468, -1,
      497, 1468, 495, -1,
      495, 1468, 1400, -1,
      495, 1400, 492, -1,
      1411, 1410, 1474, -1,
      1410, 399, 397, -1,
      1410, 397, 1474, -1,
      1474, 397, 395, -1,
      1474, 395, 1475, -1,
      395, 393, 1475, -1,
      1475, 393, 391, -1,
      1475, 391, 1476, -1,
      391, 389, 1476, -1,
      1476, 389, 367, -1,
      1476, 367, 1477, -1,
      367, 376, 1477, -1,
      1477, 376, 346, -1,
      1477, 346, 1478, -1,
      1478, 346, 351, -1,
      1478, 351, 1479, -1,
      1479, 351, 341, -1,
      1479, 341, 1480, -1,
      341, 342, 1480, -1,
      1480, 342, 334, -1,
      1480, 334, 1481, -1,
      334, 336, 1481, -1,
      1481, 336, 329, -1,
      1481, 329, 1482, -1,
      1482, 329, 331, -1,
      1482, 331, 30, -1,
      1483, 1412, 1411, -1,
      1411, 1474, 1483, -1,
      1483, 1474, 1475, -1,
      1483, 1475, 1484, -1,
      1484, 1475, 1476, -1,
      1484, 1476, 1485, -1,
      1485, 1476, 1477, -1,
      1485, 1477, 1486, -1,
      1486, 1477, 1478, -1,
      1486, 1478, 1487, -1,
      1487, 1478, 1479, -1,
      1487, 1479, 1488, -1,
      1488, 1479, 1480, -1,
      1488, 1480, 1489, -1,
      1489, 1480, 1481, -1,
      1489, 1481, 1490, -1,
      1490, 1481, 1482, -1,
      1490, 1482, 1491, -1,
      1415, 1414, 1492, -1,
      1492, 1414, 1413, -1,
      30, 1431, 1482, -1,
      1482, 1431, 1430, -1,
      1482, 1430, 1491, -1,
      1491, 1430, 1436, -1,
      1491, 1436, 1435, -1,
      1435, 1493, 1491, -1,
      1491, 1493, 1494, -1,
      1491, 1494, 1490, -1,
      1490, 1494, 1495, -1,
      1490, 1495, 1489, -1,
      1489, 1495, 1496, -1,
      1489, 1496, 1488, -1,
      1488, 1496, 1497, -1,
      1488, 1497, 1487, -1,
      1487, 1497, 1498, -1,
      1487, 1498, 1486, -1,
      1486, 1498, 1499, -1,
      1486, 1499, 1485, -1,
      1485, 1499, 1500, -1,
      1485, 1500, 1484, -1,
      1484, 1500, 1492, -1,
      1484, 1492, 1483, -1,
      1483, 1492, 1413, -1,
      1483, 1413, 1412, -1,
      1417, 1416, 1501, -1,
      1501, 1416, 1415, -1,
      1415, 1492, 1501, -1,
      1501, 1492, 1500, -1,
      1501, 1500, 1502, -1,
      1502, 1500, 1499, -1,
      1502, 1499, 1503, -1,
      1503, 1499, 1498, -1,
      1503, 1498, 1504, -1,
      1504, 1498, 1497, -1,
      1504, 1497, 1505, -1,
      1505, 1497, 1496, -1,
      1505, 1496, 1506, -1,
      1506, 1496, 1495, -1,
      1506, 1495, 1507, -1,
      1507, 1495, 1494, -1,
      1507, 1494, 1508, -1,
      1508, 1494, 1493, -1,
      1508, 1493, 1509, -1,
      1417, 1501, 1510, -1,
      1510, 1501, 1502, -1,
      1510, 1502, 1511, -1,
      1511, 1502, 1503, -1,
      1511, 1503, 1512, -1,
      1512, 1503, 1504, -1,
      1512, 1504, 1513, -1,
      1513, 1504, 1505, -1,
      1513, 1505, 1514, -1,
      1514, 1505, 1506, -1,
      1514, 1506, 1515, -1,
      1515, 1506, 1507, -1,
      1515, 1507, 1516, -1,
      1516, 1507, 1508, -1,
      1516, 1508, 1517, -1,
      1517, 1508, 1509, -1,
      1517, 1509, 1518, -1,
      1420, 1419, 1519, -1,
      1519, 1419, 1418, -1,
      1435, 1433, 1493, -1,
      1493, 1433, 1428, -1,
      1493, 1428, 1509, -1,
      1509, 1428, 1427, -1,
      1509, 1427, 1518, -1,
      1518, 1427, 1439, -1,
      1518, 1439, 1438, -1,
      1438, 1520, 1518, -1,
      1518, 1520, 1521, -1,
      1518, 1521, 1517, -1,
      1517, 1521, 1522, -1,
      1517, 1522, 1516, -1,
      1516, 1522, 1523, -1,
      1516, 1523, 1515, -1,
      1515, 1523, 1524, -1,
      1515, 1524, 1514, -1,
      1514, 1524, 1525, -1,
      1514, 1525, 1513, -1,
      1513, 1525, 1526, -1,
      1513, 1526, 1512, -1,
      1512, 1526, 1527, -1,
      1512, 1527, 1511, -1,
      1511, 1527, 1519, -1,
      1511, 1519, 1510, -1,
      1510, 1519, 1418, -1,
      1510, 1418, 1417, -1,
      1422, 1421, 1528, -1,
      1528, 1421, 1420, -1,
      1420, 1519, 1528, -1,
      1528, 1519, 1527, -1,
      1528, 1527, 1529, -1,
      1529, 1527, 1526, -1,
      1529, 1526, 1530, -1,
      1530, 1526, 1525, -1,
      1530, 1525, 1531, -1,
      1531, 1525, 1524, -1,
      1531, 1524, 1532, -1,
      1532, 1524, 1523, -1,
      1532, 1523, 1533, -1,
      1533, 1523, 1522, -1,
      1533, 1522, 1534, -1,
      1534, 1522, 1521, -1,
      1534, 1521, 1535, -1,
      1535, 1521, 1520, -1,
      1535, 1520, 1536, -1,
      488, 1423, 1537, -1,
      1537, 1423, 1422, -1,
      1438, 1443, 1520, -1,
      1520, 1443, 1442, -1,
      1520, 1442, 1536, -1,
      1536, 1442, 1440, -1,
      1536, 1440, 1425, -1,
      1422, 1528, 1537, -1,
      1537, 1528, 1529, -1,
      1537, 1529, 1538, -1,
      1538, 1529, 1530, -1,
      1538, 1530, 1539, -1,
      1539, 1530, 1531, -1,
      1539, 1531, 1540, -1,
      1540, 1531, 1532, -1,
      1540, 1532, 1541, -1,
      1541, 1532, 1533, -1,
      1541, 1533, 1542, -1,
      1542, 1533, 1534, -1,
      1542, 1534, 1543, -1,
      1543, 1534, 1535, -1,
      1543, 1535, 1544, -1,
      1544, 1535, 1536, -1,
      1544, 1536, 1545, -1,
      1545, 1536, 1425, -1,
      1545, 1425, 1424, -1,
      488, 1537, 520, -1,
      520, 1537, 1538, -1,
      520, 1538, 521, -1,
      521, 1538, 1539, -1,
      521, 1539, 522, -1,
      522, 1539, 1540, -1,
      522, 1540, 532, -1,
      532, 1540, 1541, -1,
      532, 1541, 533, -1,
      533, 1541, 1542, -1,
      533, 1542, 534, -1,
      534, 1542, 1543, -1,
      534, 1543, 535, -1,
      535, 1543, 1544, -1,
      535, 1544, 536, -1,
      536, 1544, 1545, -1,
      536, 1545, 537, -1,
      537, 1545, 1424, -1,
      537, 1424, 486, -1,
      1546, 1547, 1548, -1,
      1549, 1550, 1551, -1,
      1552, 1553, 1554, -1,
      1554, 1553, 1555, -1,
      1554, 1555, 1556, -1,
      1557, 1558, 1559, -1,
      1556, 1555, 1558, -1,
      1558, 1555, 1560, -1,
      1558, 1560, 1559, -1,
      1561, 1562, 1559, -1,
      1559, 1562, 1563, -1,
      1559, 1563, 1557, -1,
      1559, 1564, 1561, -1,
      1561, 1564, 1565, -1,
      1561, 1565, 1566, -1,
      1566, 1565, 1567, -1,
      1568, 1569, 1570, -1,
      1570, 1569, 1571, -1,
      1571, 1572, 1570, -1,
      1570, 1572, 1573, -1,
      1570, 1573, 1565, -1,
      1565, 1573, 1574, -1,
      1565, 1574, 1567, -1,
      1550, 1575, 1551, -1,
      1551, 1575, 1576, -1,
      1551, 1576, 1568, -1,
      1577, 1578, 1579, -1,
      1580, 1581, 1579, -1,
      1579, 1581, 1582, -1,
      1579, 1582, 1583, -1,
      1583, 1584, 1579, -1,
      1579, 1584, 1585, -1,
      1579, 1585, 1577, -1,
      1579, 1586, 1587, -1,
      1587, 1588, 1579, -1,
      1579, 1588, 1589, -1,
      1579, 1589, 1580, -1,
      1548, 1547, 1590, -1,
      1590, 1547, 1591, -1,
      1590, 1591, 1592, -1,
      1592, 1593, 1590, -1,
      1590, 1593, 1594, -1,
      1590, 1594, 1579, -1,
      1579, 1594, 1595, -1,
      1579, 1595, 1586, -1,
      1596, 1597, 1548, -1,
      1548, 1597, 1598, -1,
      1548, 1598, 1546, -1,
      1599, 1600, 1601, -1,
      1599, 1601, 1602, -1,
      1602, 1601, 1603, -1,
      1602, 1603, 1604, -1,
      1604, 1603, 1605, -1,
      1604, 1605, 1606, -1,
      1599, 1607, 1600, -1,
      1600, 1607, 1608, -1,
      1600, 1608, 1609, -1,
      1609, 1608, 1596, -1,
      1609, 1596, 1610, -1,
      1610, 1596, 1548, -1,
      1610, 1548, 1611, -1,
      1611, 1548, 1590, -1,
      1612, 1613, 1579, -1,
      1579, 1613, 1614, -1,
      1579, 1614, 1590, -1,
      1590, 1614, 1615, -1,
      1590, 1615, 1611, -1,
      1616, 1612, 1551, -1,
      1551, 1612, 1579, -1,
      1551, 1579, 1549, -1,
      1549, 1579, 1578, -1,
      1568, 1570, 1551, -1,
      1551, 1570, 1617, -1,
      1551, 1617, 1616, -1,
      1564, 1618, 1565, -1,
      1565, 1618, 1619, -1,
      1565, 1619, 1570, -1,
      1570, 1619, 1620, -1,
      1570, 1620, 1617, -1,
      1615, 1614, 1621, -1,
      1610, 1611, 1622, -1,
      1600, 1609, 1623, -1,
      1624, 1625, 1622, -1,
      1626, 1627, 1628, -1,
      1629, 1630, 1631, -1,
      1627, 1626, 1632, -1,
      1632, 1626, 1633, -1,
      1632, 1633, 1634, -1,
      1634, 1633, 1635, -1,
      1635, 1633, 1636, -1,
      1635, 1636, 1637, -1,
      1638, 1639, 1636, -1,
      1636, 1639, 1640, -1,
      1641, 1642, 1643, -1,
      1637, 1636, 1644, -1,
      1644, 1636, 1640, -1,
      1644, 1640, 1645, -1,
      1645, 1640, 1646, -1,
      1645, 1646, 1647, -1,
      1647, 1646, 1648, -1,
      1647, 1648, 1643, -1,
      1643, 1648, 1649, -1,
      1643, 1649, 1641, -1,
      1552, 1650, 1633, -1,
      1633, 1650, 1651, -1,
      1633, 1651, 1636, -1,
      1636, 1651, 1652, -1,
      1636, 1652, 1638, -1,
      1653, 1654, 1655, -1,
      1656, 1657, 1658, -1,
      1658, 1657, 1659, -1,
      1658, 1659, 1660, -1,
      1661, 1662, 1655, -1,
      1655, 1662, 1658, -1,
      1655, 1658, 1653, -1,
      1653, 1658, 1660, -1,
      1662, 1663, 1658, -1,
      1658, 1663, 1664, -1,
      1658, 1664, 1656, -1,
      1656, 1664, 1665, -1,
      1656, 1665, 1666, -1,
      1666, 1665, 1667, -1,
      1666, 1667, 1668, -1,
      1668, 1667, 1669, -1,
      1668, 1669, 1670, -1,
      1670, 1669, 1671, -1,
      1670, 1671, 1672, -1,
      1673, 1674, 1655, -1,
      1655, 1674, 1675, -1,
      1655, 1675, 1661, -1,
      1676, 1677, 1673, -1,
      1673, 1677, 1678, -1,
      1673, 1678, 1674, -1,
      1679, 1680, 1623, -1,
      1624, 1622, 1681, -1,
      1682, 1683, 1621, -1,
      1684, 1685, 1686, -1,
      1686, 1685, 1687, -1,
      1686, 1687, 1688, -1,
      1688, 1687, 1689, -1,
      1688, 1689, 1690, -1,
      1691, 1692, 1693, -1,
      1693, 1692, 1631, -1,
      1693, 1631, 1694, -1,
      1694, 1631, 1630, -1,
      1601, 1673, 1603, -1,
      1603, 1673, 1655, -1,
      1603, 1655, 1605, -1,
      1605, 1655, 1654, -1,
      1605, 1654, 1606, -1,
      1601, 1600, 1673, -1,
      1673, 1600, 1623, -1,
      1673, 1623, 1676, -1,
      1676, 1623, 1680, -1,
      1609, 1610, 1623, -1,
      1623, 1610, 1622, -1,
      1623, 1622, 1679, -1,
      1679, 1622, 1625, -1,
      1611, 1615, 1622, -1,
      1622, 1615, 1621, -1,
      1622, 1621, 1681, -1,
      1681, 1621, 1683, -1,
      1614, 1613, 1621, -1,
      1621, 1613, 1688, -1,
      1621, 1688, 1682, -1,
      1682, 1688, 1690, -1,
      1617, 1686, 1616, -1,
      1616, 1686, 1688, -1,
      1616, 1688, 1612, -1,
      1612, 1688, 1613, -1,
      1617, 1620, 1686, -1,
      1686, 1620, 1692, -1,
      1686, 1692, 1684, -1,
      1684, 1692, 1691, -1,
      1564, 1631, 1618, -1,
      1618, 1631, 1692, -1,
      1618, 1692, 1619, -1,
      1619, 1692, 1620, -1,
      1564, 1559, 1631, -1,
      1631, 1559, 1626, -1,
      1631, 1626, 1629, -1,
      1629, 1626, 1628, -1,
      1559, 1560, 1626, -1,
      1626, 1560, 1555, -1,
      1626, 1555, 1633, -1,
      1633, 1555, 1553, -1,
      1633, 1553, 1552, -1,
      1695, 1696, 1697, -1,
      1698, 1699, 1700, -1,
      1701, 1702, 1703, -1,
      1704, 1705, 1706, -1,
      1701, 1703, 1707, -1,
      1708, 1709, 1710, -1,
      1552, 1711, 1712, -1,
      1552, 1712, 1650, -1,
      1650, 1712, 1713, -1,
      1650, 1713, 1651, -1,
      328, 1714, 318, -1,
      318, 1714, 1715, -1,
      318, 1715, 320, -1,
      320, 1715, 1706, -1,
      320, 1706, 322, -1,
      322, 1706, 1705, -1,
      322, 1705, 323, -1,
      1651, 1713, 1652, -1,
      1652, 1713, 1716, -1,
      1652, 1716, 1638, -1,
      1702, 1704, 1703, -1,
      1703, 1704, 1706, -1,
      1703, 1706, 1717, -1,
      1717, 1706, 1715, -1,
      1717, 1715, 1718, -1,
      1718, 1715, 1714, -1,
      1718, 1714, 1719, -1,
      1709, 1707, 1710, -1,
      1710, 1707, 1703, -1,
      1710, 1703, 1720, -1,
      1720, 1703, 1717, -1,
      1720, 1717, 1721, -1,
      1721, 1717, 1718, -1,
      1721, 1718, 1722, -1,
      1722, 1718, 1719, -1,
      1722, 1719, 1723, -1,
      1638, 1716, 1639, -1,
      1639, 1716, 1724, -1,
      1639, 1724, 1640, -1,
      1640, 1724, 1725, -1,
      1640, 1725, 1646, -1,
      1726, 1708, 1727, -1,
      1727, 1708, 1710, -1,
      1727, 1710, 1728, -1,
      1728, 1710, 1720, -1,
      1728, 1720, 1729, -1,
      1729, 1720, 1721, -1,
      1729, 1721, 1730, -1,
      1730, 1721, 1722, -1,
      1730, 1722, 1731, -1,
      1731, 1722, 1723, -1,
      1731, 1723, 1697, -1,
      1732, 1733, 1734, -1,
      1734, 1733, 1725, -1,
      1734, 1725, 1735, -1,
      1735, 1725, 1724, -1,
      1735, 1724, 1736, -1,
      1736, 1724, 1716, -1,
      1736, 1716, 1737, -1,
      1737, 1716, 1713, -1,
      1737, 1713, 1700, -1,
      1700, 1713, 1712, -1,
      1700, 1712, 1698, -1,
      1698, 1712, 1711, -1,
      324, 3, 1738, -1,
      324, 1738, 1739, -1,
      1739, 1738, 1740, -1,
      1739, 1740, 1741, -1,
      325, 324, 1742, -1,
      1742, 324, 1739, -1,
      1742, 1739, 1743, -1,
      1743, 1739, 1741, -1,
      1741, 1744, 1743, -1,
      1743, 1744, 1745, -1,
      1743, 1745, 1746, -1,
      327, 325, 1747, -1,
      1747, 325, 1742, -1,
      1747, 1742, 1748, -1,
      1748, 1742, 1743, -1,
      1748, 1743, 1749, -1,
      1749, 1743, 1746, -1,
      1749, 1746, 1750, -1,
      328, 327, 1714, -1,
      1714, 327, 1747, -1,
      1714, 1747, 1719, -1,
      1719, 1747, 1748, -1,
      1719, 1748, 1723, -1,
      1723, 1748, 1749, -1,
      1723, 1749, 1697, -1,
      1697, 1749, 1750, -1,
      1697, 1750, 1695, -1,
      1751, 1752, 1732, -1,
      1696, 1751, 1697, -1,
      1697, 1751, 1732, -1,
      1697, 1732, 1731, -1,
      1731, 1732, 1734, -1,
      1731, 1734, 1730, -1,
      1730, 1734, 1735, -1,
      1730, 1735, 1729, -1,
      1729, 1735, 1736, -1,
      1729, 1736, 1728, -1,
      1728, 1736, 1737, -1,
      1728, 1737, 1727, -1,
      1727, 1737, 1700, -1,
      1727, 1700, 1726, -1,
      1726, 1700, 1699, -1,
      1752, 1753, 1732, -1,
      1732, 1753, 1754, -1,
      1732, 1754, 1733, -1,
      1733, 1754, 1755, -1,
      1733, 1755, 1756, -1,
      1646, 1725, 1648, -1,
      1648, 1725, 1733, -1,
      1648, 1733, 1649, -1,
      1649, 1733, 1756, -1,
      1649, 1756, 1641, -1,
      1711, 1552, 1554, -1,
      1699, 1698, 1757, -1,
      1708, 1726, 1758, -1,
      1707, 1709, 1759, -1,
      1760, 1761, 1762, -1,
      314, 313, 1763, -1,
      1764, 1765, 1766, -1,
      1767, 1768, 1769, -1,
      1770, 1771, 1772, -1,
      1773, 1774, 1775, -1,
      1776, 335, 344, -1,
      1777, 1778, 1779, -1,
      1779, 1778, 1776, -1,
      1776, 344, 1779, -1,
      1779, 344, 343, -1,
      1779, 343, 1780, -1,
      1606, 1764, 1604, -1,
      1604, 1764, 1766, -1,
      1604, 1766, 1602, -1,
      1602, 1766, 1781, -1,
      1602, 1781, 1599, -1,
      1599, 1781, 1782, -1,
      343, 340, 1780, -1,
      1780, 340, 339, -1,
      1780, 339, 1783, -1,
      1783, 339, 353, -1,
      1783, 353, 1784, -1,
      1784, 353, 352, -1,
      1784, 352, 1785, -1,
      1786, 1596, 1787, -1,
      1787, 1596, 1608, -1,
      1787, 1608, 1782, -1,
      1782, 1608, 1607, -1,
      1782, 1607, 1599, -1,
      1788, 1598, 1786, -1,
      1786, 1598, 1597, -1,
      1786, 1597, 1596, -1,
      1591, 1547, 1788, -1,
      1788, 1547, 1546, -1,
      1788, 1546, 1598, -1,
      352, 350, 1785, -1,
      1785, 350, 349, -1,
      1785, 349, 1789, -1,
      1789, 349, 345, -1,
      1789, 345, 1790, -1,
      1790, 345, 347, -1,
      1790, 347, 1791, -1,
      1791, 347, 348, -1,
      1791, 348, 1792, -1,
      1788, 1793, 1591, -1,
      1591, 1793, 1794, -1,
      1591, 1794, 1592, -1,
      1592, 1794, 1795, -1,
      1592, 1795, 1593, -1,
      1593, 1795, 1594, -1,
      1594, 1795, 1796, -1,
      1594, 1796, 1595, -1,
      1595, 1796, 1797, -1,
      1595, 1797, 1586, -1,
      1586, 1797, 1798, -1,
      1586, 1798, 1587, -1,
      1587, 1798, 1799, -1,
      1587, 1799, 1588, -1,
      1588, 1799, 1589, -1,
      1589, 1799, 1800, -1,
      1589, 1800, 1580, -1,
      1580, 1800, 1801, -1,
      1580, 1801, 1581, -1,
      1581, 1801, 1802, -1,
      1581, 1802, 1582, -1,
      1582, 1802, 1803, -1,
      1582, 1803, 1583, -1,
      1583, 1803, 1804, -1,
      1583, 1804, 1584, -1,
      1584, 1804, 1805, -1,
      1584, 1805, 1585, -1,
      1585, 1805, 1806, -1,
      1585, 1806, 1577, -1,
      1577, 1806, 1807, -1,
      1577, 1807, 1578, -1,
      1578, 1807, 1808, -1,
      1578, 1808, 1549, -1,
      1549, 1808, 1550, -1,
      1550, 1808, 1809, -1,
      1550, 1809, 1575, -1,
      1575, 1809, 1810, -1,
      1575, 1810, 1576, -1,
      1576, 1810, 1811, -1,
      1576, 1811, 1568, -1,
      348, 375, 1792, -1,
      1792, 375, 374, -1,
      1792, 374, 1812, -1,
      1812, 374, 373, -1,
      1812, 373, 1813, -1,
      1813, 373, 372, -1,
      1813, 372, 1814, -1,
      1814, 372, 371, -1,
      1814, 371, 1815, -1,
      1815, 371, 370, -1,
      1815, 370, 1816, -1,
      1816, 370, 369, -1,
      1816, 369, 1817, -1,
      1817, 369, 368, -1,
      1817, 368, 1818, -1,
      1818, 368, 366, -1,
      1818, 366, 1819, -1,
      1819, 366, 365, -1,
      1819, 365, 1820, -1,
      1820, 365, 364, -1,
      1820, 364, 1821, -1,
      1821, 364, 363, -1,
      1821, 363, 1822, -1,
      1822, 363, 362, -1,
      1822, 362, 1823, -1,
      1823, 362, 361, -1,
      1823, 361, 1824, -1,
      1824, 361, 360, -1,
      1824, 360, 1825, -1,
      1825, 360, 359, -1,
      1825, 359, 1826, -1,
      1826, 359, 358, -1,
      1826, 358, 1827, -1,
      1827, 358, 357, -1,
      1827, 357, 1828, -1,
      1828, 357, 355, -1,
      1828, 355, 1829, -1,
      1774, 1777, 1775, -1,
      1775, 1777, 1779, -1,
      1775, 1779, 1830, -1,
      1830, 1779, 1780, -1,
      1830, 1780, 1831, -1,
      1831, 1780, 1783, -1,
      1831, 1783, 1832, -1,
      1832, 1783, 1784, -1,
      1832, 1784, 1833, -1,
      1833, 1784, 1785, -1,
      1833, 1785, 1834, -1,
      1834, 1785, 1789, -1,
      1834, 1789, 1835, -1,
      1835, 1789, 1790, -1,
      1835, 1790, 1836, -1,
      1836, 1790, 1791, -1,
      1836, 1791, 1837, -1,
      1837, 1791, 1792, -1,
      1837, 1792, 1838, -1,
      1838, 1792, 1812, -1,
      1838, 1812, 1839, -1,
      1839, 1812, 1813, -1,
      1839, 1813, 1840, -1,
      1840, 1813, 1814, -1,
      1840, 1814, 1841, -1,
      1841, 1814, 1815, -1,
      1841, 1815, 1842, -1,
      1842, 1815, 1816, -1,
      1842, 1816, 1843, -1,
      1843, 1816, 1817, -1,
      1843, 1817, 1844, -1,
      1844, 1817, 1818, -1,
      1844, 1818, 1845, -1,
      1845, 1818, 1819, -1,
      1845, 1819, 1846, -1,
      1846, 1819, 1820, -1,
      1846, 1820, 1847, -1,
      1847, 1820, 1821, -1,
      1847, 1821, 1848, -1,
      1848, 1821, 1822, -1,
      1848, 1822, 1849, -1,
      1849, 1822, 1823, -1,
      1849, 1823, 1850, -1,
      1850, 1823, 1824, -1,
      1850, 1824, 1851, -1,
      1851, 1824, 1825, -1,
      1851, 1825, 1852, -1,
      1852, 1825, 1826, -1,
      1852, 1826, 1853, -1,
      1853, 1826, 1827, -1,
      1853, 1827, 1854, -1,
      1854, 1827, 1828, -1,
      1854, 1828, 1855, -1,
      1855, 1828, 1829, -1,
      1855, 1829, 1856, -1,
      1568, 1811, 1569, -1,
      1569, 1811, 1857, -1,
      1569, 1857, 1571, -1,
      1571, 1857, 1858, -1,
      1571, 1858, 1572, -1,
      1572, 1858, 1859, -1,
      1572, 1859, 1573, -1,
      1771, 1773, 1772, -1,
      1772, 1773, 1775, -1,
      1772, 1775, 1860, -1,
      1860, 1775, 1830, -1,
      1860, 1830, 1861, -1,
      1861, 1830, 1831, -1,
      1861, 1831, 1862, -1,
      1862, 1831, 1832, -1,
      1862, 1832, 1863, -1,
      1863, 1832, 1833, -1,
      1863, 1833, 1864, -1,
      1864, 1833, 1834, -1,
      1864, 1834, 1865, -1,
      1865, 1834, 1835, -1,
      1865, 1835, 1866, -1,
      1866, 1835, 1836, -1,
      1866, 1836, 1867, -1,
      1867, 1836, 1837, -1,
      1867, 1837, 1868, -1,
      1868, 1837, 1838, -1,
      1868, 1838, 1869, -1,
      1869, 1838, 1839, -1,
      1869, 1839, 1870, -1,
      1870, 1839, 1840, -1,
      1870, 1840, 1871, -1,
      1871, 1840, 1841, -1,
      1871, 1841, 1872, -1,
      1872, 1841, 1842, -1,
      1872, 1842, 1873, -1,
      1873, 1842, 1843, -1,
      1873, 1843, 1874, -1,
      1874, 1843, 1844, -1,
      1874, 1844, 1875, -1,
      1875, 1844, 1845, -1,
      1875, 1845, 1876, -1,
      1876, 1845, 1846, -1,
      1876, 1846, 1877, -1,
      1877, 1846, 1847, -1,
      1877, 1847, 1878, -1,
      1878, 1847, 1848, -1,
      1878, 1848, 1879, -1,
      1879, 1848, 1849, -1,
      1879, 1849, 1880, -1,
      1880, 1849, 1850, -1,
      1880, 1850, 1881, -1,
      1881, 1850, 1851, -1,
      1881, 1851, 1882, -1,
      1882, 1851, 1852, -1,
      1882, 1852, 1883, -1,
      1883, 1852, 1853, -1,
      1883, 1853, 1884, -1,
      1884, 1853, 1854, -1,
      1884, 1854, 1885, -1,
      1885, 1854, 1855, -1,
      1885, 1855, 1886, -1,
      1886, 1855, 1856, -1,
      1886, 1856, 1887, -1,
      1768, 1770, 1769, -1,
      1769, 1770, 1772, -1,
      1769, 1772, 1888, -1,
      1888, 1772, 1860, -1,
      1888, 1860, 1889, -1,
      1889, 1860, 1861, -1,
      1889, 1861, 1890, -1,
      1890, 1861, 1862, -1,
      1890, 1862, 1891, -1,
      1891, 1862, 1863, -1,
      1891, 1863, 1892, -1,
      1892, 1863, 1864, -1,
      1892, 1864, 1893, -1,
      1893, 1864, 1865, -1,
      1893, 1865, 1894, -1,
      1894, 1865, 1866, -1,
      1894, 1866, 1895, -1,
      1895, 1866, 1867, -1,
      1895, 1867, 1896, -1,
      1896, 1867, 1868, -1,
      1896, 1868, 1897, -1,
      1897, 1868, 1869, -1,
      1897, 1869, 1898, -1,
      1898, 1869, 1870, -1,
      1898, 1870, 1899, -1,
      1899, 1870, 1871, -1,
      1899, 1871, 1900, -1,
      1900, 1871, 1872, -1,
      1900, 1872, 1901, -1,
      1901, 1872, 1873, -1,
      1901, 1873, 1902, -1,
      1902, 1873, 1874, -1,
      1902, 1874, 1903, -1,
      1903, 1874, 1875, -1,
      1903, 1875, 1904, -1,
      1904, 1875, 1876, -1,
      1904, 1876, 1905, -1,
      1905, 1876, 1877, -1,
      1905, 1877, 1906, -1,
      1906, 1877, 1878, -1,
      1906, 1878, 1907, -1,
      1907, 1878, 1879, -1,
      1907, 1879, 1908, -1,
      1908, 1879, 1880, -1,
      1908, 1880, 1909, -1,
      1909, 1880, 1881, -1,
      1909, 1881, 1910, -1,
      1910, 1881, 1882, -1,
      1910, 1882, 1911, -1,
      1911, 1882, 1883, -1,
      1911, 1883, 1912, -1,
      1912, 1883, 1884, -1,
      1912, 1884, 1913, -1,
      1913, 1884, 1885, -1,
      1913, 1885, 1914, -1,
      1914, 1885, 1886, -1,
      1914, 1886, 1915, -1,
      1915, 1886, 1887, -1,
      1915, 1887, 1916, -1,
      1573, 1859, 1574, -1,
      1574, 1859, 1917, -1,
      1574, 1917, 1567, -1,
      1567, 1917, 1918, -1,
      1567, 1918, 1566, -1,
      1919, 386, 1920, -1,
      1920, 386, 384, -1,
      1920, 384, 383, -1,
      1765, 1767, 1766, -1,
      1766, 1767, 1769, -1,
      1766, 1769, 1781, -1,
      1781, 1769, 1888, -1,
      1781, 1888, 1782, -1,
      1782, 1888, 1889, -1,
      1782, 1889, 1787, -1,
      1787, 1889, 1890, -1,
      1787, 1890, 1786, -1,
      1786, 1890, 1891, -1,
      1786, 1891, 1788, -1,
      1788, 1891, 1892, -1,
      1788, 1892, 1793, -1,
      1793, 1892, 1893, -1,
      1793, 1893, 1794, -1,
      1794, 1893, 1894, -1,
      1794, 1894, 1795, -1,
      1795, 1894, 1895, -1,
      1795, 1895, 1796, -1,
      1796, 1895, 1896, -1,
      1796, 1896, 1797, -1,
      1797, 1896, 1897, -1,
      1797, 1897, 1798, -1,
      1798, 1897, 1898, -1,
      1798, 1898, 1799, -1,
      1799, 1898, 1899, -1,
      1799, 1899, 1800, -1,
      1800, 1899, 1900, -1,
      1800, 1900, 1801, -1,
      1801, 1900, 1901, -1,
      1801, 1901, 1802, -1,
      1802, 1901, 1902, -1,
      1802, 1902, 1803, -1,
      1803, 1902, 1903, -1,
      1803, 1903, 1804, -1,
      1804, 1903, 1904, -1,
      1804, 1904, 1805, -1,
      1805, 1904, 1905, -1,
      1805, 1905, 1806, -1,
      1806, 1905, 1906, -1,
      1806, 1906, 1807, -1,
      1807, 1906, 1907, -1,
      1807, 1907, 1808, -1,
      1808, 1907, 1908, -1,
      1808, 1908, 1809, -1,
      1809, 1908, 1909, -1,
      1809, 1909, 1810, -1,
      1810, 1909, 1910, -1,
      1810, 1910, 1811, -1,
      1811, 1910, 1911, -1,
      1811, 1911, 1857, -1,
      1857, 1911, 1912, -1,
      1857, 1912, 1858, -1,
      1858, 1912, 1913, -1,
      1858, 1913, 1859, -1,
      1859, 1913, 1914, -1,
      1859, 1914, 1917, -1,
      1917, 1914, 1915, -1,
      1917, 1915, 1918, -1,
      1918, 1915, 1916, -1,
      1918, 1916, 1921, -1,
      1921, 1563, 1562, -1,
      1921, 1562, 1918, -1,
      1918, 1562, 1561, -1,
      1918, 1561, 1566, -1,
      1557, 1563, 1922, -1,
      1922, 1563, 1921, -1,
      1922, 1921, 1923, -1,
      1923, 1921, 1916, -1,
      1923, 1916, 1924, -1,
      1924, 1916, 1887, -1,
      1924, 1887, 1925, -1,
      1925, 1887, 1856, -1,
      1925, 1856, 1763, -1,
      1763, 1856, 1829, -1,
      1763, 1829, 314, -1,
      314, 1829, 355, -1,
      313, 387, 1763, -1,
      1763, 387, 1926, -1,
      1763, 1926, 1925, -1,
      1925, 1926, 1927, -1,
      1925, 1927, 1924, -1,
      1924, 1927, 1928, -1,
      1924, 1928, 1923, -1,
      1923, 1928, 1929, -1,
      1923, 1929, 1922, -1,
      1922, 1929, 1930, -1,
      1922, 1930, 1557, -1,
      1760, 380, 378, -1,
      1554, 1556, 1930, -1,
      1930, 1556, 1558, -1,
      1930, 1558, 1557, -1,
      1760, 378, 1761, -1,
      1761, 378, 377, -1,
      1761, 377, 323, -1,
      323, 1705, 1761, -1,
      1761, 1705, 1704, -1,
      1761, 1704, 1762, -1,
      1762, 1704, 1702, -1,
      1762, 1702, 1701, -1,
      382, 380, 1931, -1,
      1931, 380, 1760, -1,
      1931, 1760, 1932, -1,
      1932, 1760, 1762, -1,
      1932, 1762, 1759, -1,
      1759, 1762, 1701, -1,
      1759, 1701, 1707, -1,
      383, 382, 1920, -1,
      1920, 382, 1931, -1,
      1920, 1931, 1933, -1,
      1933, 1931, 1932, -1,
      1933, 1932, 1934, -1,
      1934, 1932, 1759, -1,
      1934, 1759, 1758, -1,
      1758, 1759, 1709, -1,
      1758, 1709, 1708, -1,
      1919, 1920, 1935, -1,
      1935, 1920, 1933, -1,
      1935, 1933, 1936, -1,
      1936, 1933, 1934, -1,
      1936, 1934, 1937, -1,
      1937, 1934, 1758, -1,
      1937, 1758, 1757, -1,
      1757, 1758, 1726, -1,
      1757, 1726, 1699, -1,
      387, 386, 1926, -1,
      1926, 386, 1919, -1,
      1926, 1919, 1927, -1,
      1927, 1919, 1935, -1,
      1927, 1935, 1928, -1,
      1928, 1935, 1936, -1,
      1928, 1936, 1929, -1,
      1929, 1936, 1937, -1,
      1929, 1937, 1930, -1,
      1930, 1937, 1757, -1,
      1930, 1757, 1554, -1,
      1554, 1757, 1698, -1,
      1554, 1698, 1711, -1,
      1746, 1745, 1938, -1,
      1696, 1695, 1939, -1,
      1753, 1752, 1940, -1,
      1941, 1942, 1943, -1,
      1944, 1945, 1946, -1,
      1947, 1948, 1949, -1,
      1950, 1951, 1952, -1,
      1953, 1954, 1955, -1,
      1956, 1957, 1958, -1,
      1959, 1960, 1942, -1,
      1642, 1641, 1756, -1,
      1959, 1942, 1961, -1,
      1961, 1942, 1941, -1,
      1961, 1941, 1962, -1,
      1963, 1964, 1941, -1,
      1941, 1964, 1965, -1,
      1941, 1965, 1962, -1,
      1966, 1967, 1968, -1,
      1967, 1969, 1968, -1,
      1968, 1969, 1970, -1,
      1968, 1970, 1971, -1,
      1957, 1972, 1958, -1,
      1958, 1972, 1973, -1,
      1958, 1973, 1974, -1,
      1975, 1956, 1976, -1,
      1977, 1978, 1979, -1,
      1979, 1978, 1980, -1,
      1979, 1980, 1981, -1,
      1981, 1980, 1982, -1,
      1981, 1982, 1983, -1,
      1984, 1985, 1986, -1,
      1986, 1985, 1987, -1,
      1986, 1987, 1979, -1,
      1979, 1987, 1988, -1,
      1979, 1988, 1977, -1,
      1989, 1990, 1991, -1,
      1992, 1993, 1991, -1,
      1991, 1993, 1994, -1,
      1991, 1994, 1989, -1,
      1991, 1995, 1992, -1,
      1992, 1995, 1996, -1,
      1992, 1996, 1997, -1,
      1997, 1996, 1998, -1,
      1998, 1996, 1999, -1,
      1998, 1999, 2000, -1,
      2000, 1999, 2001, -1,
      2000, 2001, 2002, -1,
      2002, 2001, 2003, -1,
      2003, 2001, 2004, -1,
      2003, 2004, 2005, -1,
      2005, 2004, 2006, -1,
      2006, 2004, 2007, -1,
      2006, 2007, 2008, -1,
      2009, 2010, 2011, -1,
      2010, 2009, 2012, -1,
      2012, 2009, 2013, -1,
      2012, 2013, 2014, -1,
      2014, 2013, 2015, -1,
      2014, 2015, 2016, -1,
      2016, 2015, 2017, -1,
      2017, 2015, 2018, -1,
      2017, 2018, 2019, -1,
      2020, 2021, 2018, -1,
      2018, 2021, 2022, -1,
      2018, 2022, 2019, -1,
      2023, 2024, 2025, -1,
      2025, 2026, 2023, -1,
      2023, 2026, 2027, -1,
      2023, 2027, 2028, -1,
      2029, 2030, 2023, -1,
      2023, 2030, 2031, -1,
      2023, 2031, 2024, -1,
      2032, 2033, 2029, -1,
      2029, 2033, 2034, -1,
      2029, 2034, 2030, -1,
      1955, 2035, 2036, -1,
      1955, 2036, 2037, -1,
      2036, 2038, 2037, -1,
      2037, 2038, 2039, -1,
      2037, 2039, 2029, -1,
      2029, 2039, 2040, -1,
      2029, 2040, 2032, -1,
      2035, 1955, 1672, -1,
      1672, 1955, 1954, -1,
      1672, 1954, 1670, -1,
      2041, 2042, 2043, -1,
      2044, 2045, 2046, -1,
      31, 2047, 2048, -1,
      2028, 2021, 2023, -1,
      2023, 2021, 2020, -1,
      2023, 2020, 2029, -1,
      2029, 2020, 2049, -1,
      2029, 2049, 2037, -1,
      2037, 2049, 2050, -1,
      2037, 2050, 1955, -1,
      1955, 2050, 1952, -1,
      1955, 1952, 1953, -1,
      1953, 1952, 1951, -1,
      2011, 2008, 2009, -1,
      2009, 2008, 2007, -1,
      2009, 2007, 2013, -1,
      2013, 2007, 2051, -1,
      2013, 2051, 2015, -1,
      2015, 2051, 2052, -1,
      2015, 2052, 2018, -1,
      2018, 2052, 2053, -1,
      2018, 2053, 2020, -1,
      2020, 2053, 2054, -1,
      2020, 2054, 2049, -1,
      2049, 2054, 2055, -1,
      2049, 2055, 2050, -1,
      2050, 2055, 2056, -1,
      2050, 2056, 1952, -1,
      1952, 2056, 2043, -1,
      1952, 2043, 1950, -1,
      1950, 2043, 2042, -1,
      1989, 2057, 1990, -1,
      1990, 2057, 2058, -1,
      1990, 2058, 2059, -1,
      2059, 2058, 1984, -1,
      2059, 1984, 2060, -1,
      2060, 1984, 1986, -1,
      2060, 1986, 2061, -1,
      2061, 1986, 1979, -1,
      2061, 1979, 2062, -1,
      2062, 1979, 1981, -1,
      2062, 1981, 2063, -1,
      2064, 2041, 2065, -1,
      2065, 2041, 2043, -1,
      2065, 2043, 2066, -1,
      2066, 2043, 2056, -1,
      2066, 2056, 2067, -1,
      2067, 2056, 2055, -1,
      2067, 2055, 2068, -1,
      2068, 2055, 2054, -1,
      2068, 2054, 2069, -1,
      2069, 2054, 2053, -1,
      2069, 2053, 2070, -1,
      2070, 2053, 2052, -1,
      2070, 2052, 2071, -1,
      2071, 2052, 2051, -1,
      2071, 2051, 2072, -1,
      2072, 2051, 2007, -1,
      2072, 2007, 2073, -1,
      2073, 2007, 2004, -1,
      2073, 2004, 2074, -1,
      2074, 2004, 2001, -1,
      2074, 2001, 2075, -1,
      2075, 2001, 1999, -1,
      2075, 1999, 2076, -1,
      2076, 1999, 1996, -1,
      2076, 1996, 2077, -1,
      2077, 1996, 1995, -1,
      2077, 1995, 2078, -1,
      2078, 1995, 1991, -1,
      2078, 1991, 2079, -1,
      2079, 1991, 1990, -1,
      2079, 1990, 2080, -1,
      2080, 1990, 2059, -1,
      2080, 2059, 2081, -1,
      2081, 2059, 2060, -1,
      2081, 2060, 2082, -1,
      2082, 2060, 2061, -1,
      2082, 2061, 2083, -1,
      2083, 2061, 2062, -1,
      2083, 2062, 2084, -1,
      2084, 2062, 2063, -1,
      2084, 2063, 2085, -1,
      1948, 2064, 1949, -1,
      1949, 2064, 2065, -1,
      1949, 2065, 2086, -1,
      2086, 2065, 2066, -1,
      2086, 2066, 2087, -1,
      2087, 2066, 2067, -1,
      2087, 2067, 2088, -1,
      2088, 2067, 2068, -1,
      2088, 2068, 2089, -1,
      2089, 2068, 2069, -1,
      2089, 2069, 2090, -1,
      2090, 2069, 2070, -1,
      2090, 2070, 2091, -1,
      2091, 2070, 2071, -1,
      2091, 2071, 2092, -1,
      2092, 2071, 2072, -1,
      2092, 2072, 2093, -1,
      2093, 2072, 2073, -1,
      2093, 2073, 2094, -1,
      2094, 2073, 2074, -1,
      2094, 2074, 2095, -1,
      2095, 2074, 2075, -1,
      2095, 2075, 2096, -1,
      2096, 2075, 2076, -1,
      2096, 2076, 2097, -1,
      2097, 2076, 2077, -1,
      2097, 2077, 2098, -1,
      2098, 2077, 2078, -1,
      2098, 2078, 2099, -1,
      2099, 2078, 2079, -1,
      2099, 2079, 2100, -1,
      2100, 2079, 2080, -1,
      2100, 2080, 2101, -1,
      2101, 2080, 2081, -1,
      2101, 2081, 2102, -1,
      2102, 2081, 2082, -1,
      2102, 2082, 2103, -1,
      2103, 2082, 2083, -1,
      2103, 2083, 2104, -1,
      2104, 2083, 2084, -1,
      2104, 2084, 2105, -1,
      2105, 2084, 2085, -1,
      2105, 2085, 2106, -1,
      2045, 1947, 2046, -1,
      2046, 1947, 1949, -1,
      2046, 1949, 2107, -1,
      2107, 1949, 2086, -1,
      2107, 2086, 2108, -1,
      2108, 2086, 2087, -1,
      2108, 2087, 2109, -1,
      2109, 2087, 2088, -1,
      2109, 2088, 2110, -1,
      2110, 2088, 2089, -1,
      2110, 2089, 2111, -1,
      2111, 2089, 2090, -1,
      2111, 2090, 2112, -1,
      2112, 2090, 2091, -1,
      2112, 2091, 2113, -1,
      2113, 2091, 2092, -1,
      2113, 2092, 2114, -1,
      2114, 2092, 2093, -1,
      2114, 2093, 2115, -1,
      2115, 2093, 2094, -1,
      2115, 2094, 2116, -1,
      2116, 2094, 2095, -1,
      2116, 2095, 2117, -1,
      2117, 2095, 2096, -1,
      2117, 2096, 2118, -1,
      2118, 2096, 2097, -1,
      2118, 2097, 2119, -1,
      2119, 2097, 2098, -1,
      2119, 2098, 2120, -1,
      2120, 2098, 2099, -1,
      2120, 2099, 2121, -1,
      2121, 2099, 2100, -1,
      2121, 2100, 2122, -1,
      2122, 2100, 2101, -1,
      2122, 2101, 2123, -1,
      2123, 2101, 2102, -1,
      2123, 2102, 2124, -1,
      2124, 2102, 2103, -1,
      2124, 2103, 2125, -1,
      2125, 2103, 2104, -1,
      2125, 2104, 2126, -1,
      2126, 2104, 2105, -1,
      2126, 2105, 2127, -1,
      2127, 2105, 2106, -1,
      2127, 2106, 2128, -1,
      28, 27, 2129, -1,
      2129, 27, 26, -1,
      2129, 26, 2130, -1,
      2130, 26, 22, -1,
      2130, 22, 2131, -1,
      2131, 22, 24, -1,
      2131, 24, 2132, -1,
      2132, 24, 25, -1,
      2132, 25, 2133, -1,
      2133, 25, 21, -1,
      2133, 21, 2134, -1,
      2134, 21, 20, -1,
      2134, 20, 2135, -1,
      2135, 20, 19, -1,
      2135, 19, 2136, -1,
      2136, 19, 18, -1,
      2136, 18, 2137, -1,
      2137, 18, 17, -1,
      2137, 17, 2138, -1,
      2138, 17, 16, -1,
      2138, 16, 2139, -1,
      2139, 16, 14, -1,
      2139, 14, 2140, -1,
      2140, 14, 13, -1,
      2140, 13, 2141, -1,
      2141, 13, 12, -1,
      2141, 12, 2142, -1,
      2142, 12, 11, -1,
      2142, 11, 2143, -1,
      2143, 11, 10, -1,
      2143, 10, 2144, -1,
      2144, 10, 9, -1,
      2144, 9, 2145, -1,
      2145, 9, 7, -1,
      2145, 7, 2146, -1,
      2146, 7, 6, -1,
      2146, 6, 2147, -1,
      2147, 6, 38, -1,
      2147, 38, 2148, -1,
      2148, 38, 37, -1,
      2148, 37, 2149, -1,
      2149, 37, 35, -1,
      2149, 35, 2150, -1,
      2150, 35, 33, -1,
      2150, 33, 2048, -1,
      2048, 33, 32, -1,
      2048, 32, 31, -1,
      1960, 1642, 1942, -1,
      1942, 1642, 1756, -1,
      1942, 1756, 1943, -1,
      1943, 1756, 1755, -1,
      1943, 1755, 1754, -1,
      1971, 1963, 1968, -1,
      1968, 1963, 1941, -1,
      1968, 1941, 2151, -1,
      2151, 1941, 1943, -1,
      2151, 1943, 1940, -1,
      1940, 1943, 1754, -1,
      1940, 1754, 1753, -1,
      1974, 1966, 1958, -1,
      1958, 1966, 1968, -1,
      1958, 1968, 2152, -1,
      2152, 1968, 2151, -1,
      2152, 2151, 2153, -1,
      2153, 2151, 1940, -1,
      2153, 1940, 2154, -1,
      2154, 1940, 1752, -1,
      2154, 1752, 1751, -1,
      1956, 1958, 1976, -1,
      1976, 1958, 2152, -1,
      1976, 2152, 2155, -1,
      2155, 2152, 2153, -1,
      2155, 2153, 2156, -1,
      2156, 2153, 2154, -1,
      2156, 2154, 1939, -1,
      1939, 2154, 1751, -1,
      1939, 1751, 1696, -1,
      1983, 1975, 1981, -1,
      1981, 1975, 1976, -1,
      1981, 1976, 2063, -1,
      2063, 1976, 2155, -1,
      2063, 2155, 2085, -1,
      2085, 2155, 2156, -1,
      2085, 2156, 2106, -1,
      2106, 2156, 1939, -1,
      2106, 1939, 2128, -1,
      2128, 1939, 1695, -1,
      2128, 1695, 1750, -1,
      1750, 1746, 2128, -1,
      2128, 1746, 1938, -1,
      2128, 1938, 2127, -1,
      2127, 1938, 2157, -1,
      2127, 2157, 2126, -1,
      2126, 2157, 2158, -1,
      2126, 2158, 2125, -1,
      2125, 2158, 2159, -1,
      2125, 2159, 2124, -1,
      2124, 2159, 2160, -1,
      2124, 2160, 2123, -1,
      2123, 2160, 2161, -1,
      2123, 2161, 2122, -1,
      2122, 2161, 2162, -1,
      2122, 2162, 2121, -1,
      2121, 2162, 2163, -1,
      2121, 2163, 2120, -1,
      2120, 2163, 2164, -1,
      2120, 2164, 2119, -1,
      2119, 2164, 2165, -1,
      2119, 2165, 2118, -1,
      2118, 2165, 2166, -1,
      2118, 2166, 2117, -1,
      2117, 2166, 2167, -1,
      2117, 2167, 2116, -1,
      2116, 2167, 2168, -1,
      2116, 2168, 2115, -1,
      2115, 2168, 2169, -1,
      2115, 2169, 2114, -1,
      2114, 2169, 2170, -1,
      2114, 2170, 2113, -1,
      2113, 2170, 2171, -1,
      2113, 2171, 2112, -1,
      2112, 2171, 2172, -1,
      2112, 2172, 2111, -1,
      2111, 2172, 2173, -1,
      2111, 2173, 2110, -1,
      2110, 2173, 2174, -1,
      2110, 2174, 2109, -1,
      2109, 2174, 2175, -1,
      2109, 2175, 2108, -1,
      2108, 2175, 2176, -1,
      2108, 2176, 2107, -1,
      2107, 2176, 2177, -1,
      2107, 2177, 2046, -1,
      2046, 2177, 2178, -1,
      2046, 2178, 2044, -1,
      2044, 2178, 2179, -1,
      1745, 1744, 1938, -1,
      1938, 1744, 2180, -1,
      1938, 2180, 2157, -1,
      2157, 2180, 2181, -1,
      2157, 2181, 2158, -1,
      2158, 2181, 2182, -1,
      2158, 2182, 2159, -1,
      2159, 2182, 2183, -1,
      2159, 2183, 2160, -1,
      2160, 2183, 2184, -1,
      2160, 2184, 2161, -1,
      2161, 2184, 2185, -1,
      2161, 2185, 2162, -1,
      2162, 2185, 2186, -1,
      2162, 2186, 2163, -1,
      2163, 2186, 2187, -1,
      2163, 2187, 2164, -1,
      2164, 2187, 2188, -1,
      2164, 2188, 2165, -1,
      2165, 2188, 2189, -1,
      2165, 2189, 2166, -1,
      2166, 2189, 2190, -1,
      2166, 2190, 2167, -1,
      2167, 2190, 2191, -1,
      2167, 2191, 2168, -1,
      2168, 2191, 2192, -1,
      2168, 2192, 2169, -1,
      2169, 2192, 2193, -1,
      2169, 2193, 2170, -1,
      2170, 2193, 2194, -1,
      2170, 2194, 2171, -1,
      2171, 2194, 2195, -1,
      2171, 2195, 2172, -1,
      2172, 2195, 2196, -1,
      2172, 2196, 2173, -1,
      2173, 2196, 2197, -1,
      2173, 2197, 2174, -1,
      2174, 2197, 2198, -1,
      2174, 2198, 2175, -1,
      2175, 2198, 2199, -1,
      2175, 2199, 2176, -1,
      2176, 2199, 2200, -1,
      2176, 2200, 2177, -1,
      2177, 2200, 2201, -1,
      2177, 2201, 2178, -1,
      2178, 2201, 1946, -1,
      2178, 1946, 2179, -1,
      2179, 1946, 1945, -1,
      1744, 1741, 2180, -1,
      2180, 1741, 2129, -1,
      2180, 2129, 2181, -1,
      2181, 2129, 2130, -1,
      2181, 2130, 2182, -1,
      2182, 2130, 2131, -1,
      2182, 2131, 2183, -1,
      2183, 2131, 2132, -1,
      2183, 2132, 2184, -1,
      2184, 2132, 2133, -1,
      2184, 2133, 2185, -1,
      2185, 2133, 2134, -1,
      2185, 2134, 2186, -1,
      2186, 2134, 2135, -1,
      2186, 2135, 2187, -1,
      2187, 2135, 2136, -1,
      2187, 2136, 2188, -1,
      2188, 2136, 2137, -1,
      2188, 2137, 2189, -1,
      2189, 2137, 2138, -1,
      2189, 2138, 2190, -1,
      2190, 2138, 2139, -1,
      2190, 2139, 2191, -1,
      2191, 2139, 2140, -1,
      2191, 2140, 2192, -1,
      2192, 2140, 2141, -1,
      2192, 2141, 2193, -1,
      2193, 2141, 2142, -1,
      2193, 2142, 2194, -1,
      2194, 2142, 2143, -1,
      2194, 2143, 2195, -1,
      2195, 2143, 2144, -1,
      2195, 2144, 2196, -1,
      2196, 2144, 2145, -1,
      2196, 2145, 2197, -1,
      2197, 2145, 2146, -1,
      2197, 2146, 2198, -1,
      2198, 2146, 2147, -1,
      2198, 2147, 2199, -1,
      2199, 2147, 2148, -1,
      2199, 2148, 2200, -1,
      2200, 2148, 2149, -1,
      2200, 2149, 2201, -1,
      2201, 2149, 2150, -1,
      2201, 2150, 1946, -1,
      1946, 2150, 2048, -1,
      1946, 2048, 1944, -1,
      1944, 2048, 2047, -1,
      3, 28, 1738, -1,
      1738, 28, 2129, -1,
      1738, 2129, 1740, -1,
      1740, 2129, 1741, -1,
      1765, 1764, 2202, -1,
      2203, 2204, 2205, -1,
      1954, 1953, 2206, -1,
      1951, 1950, 2207, -1,
      2041, 2064, 2208, -1,
      1948, 1947, 2209, -1,
      2044, 2179, 2210, -1,
      31, 316, 2047, -1,
      2047, 316, 2211, -1,
      2179, 1945, 2211, -1,
      2211, 1945, 1944, -1,
      2211, 1944, 2047, -1,
      2044, 2210, 2045, -1,
      2041, 2208, 2042, -1,
      1947, 2045, 2209, -1,
      2209, 2045, 2210, -1,
      2209, 2210, 2212, -1,
      2064, 1948, 2208, -1,
      2208, 1948, 2209, -1,
      2208, 2209, 2213, -1,
      2213, 2209, 2212, -1,
      2213, 2212, 2214, -1,
      1670, 1954, 1668, -1,
      1668, 1954, 2206, -1,
      1668, 2206, 1666, -1,
      1666, 2206, 2215, -1,
      1666, 2215, 1656, -1,
      1656, 2215, 2216, -1,
      1656, 2216, 1657, -1,
      1950, 2042, 2207, -1,
      2207, 2042, 2208, -1,
      2207, 2208, 2217, -1,
      2217, 2208, 2213, -1,
      2217, 2213, 2218, -1,
      2218, 2213, 2214, -1,
      2218, 2214, 2219, -1,
      1657, 2216, 1659, -1,
      1659, 2216, 2220, -1,
      1659, 2220, 1660, -1,
      333, 332, 2221, -1,
      2221, 332, 2222, -1,
      2221, 2222, 2223, -1,
      2223, 2222, 2224, -1,
      2223, 2224, 2225, -1,
      2225, 2224, 2226, -1,
      2225, 2226, 2227, -1,
      1953, 1951, 2206, -1,
      2206, 1951, 2207, -1,
      2206, 2207, 2215, -1,
      2215, 2207, 2217, -1,
      2215, 2217, 2216, -1,
      2216, 2217, 2218, -1,
      2216, 2218, 2220, -1,
      2220, 2218, 2219, -1,
      2220, 2219, 2202, -1,
      330, 338, 2203, -1,
      2203, 338, 337, -1,
      2203, 337, 2204, -1,
      2204, 337, 335, -1,
      335, 1776, 2204, -1,
      2204, 1776, 1778, -1,
      2204, 1778, 2205, -1,
      2205, 1778, 1777, -1,
      2205, 1777, 1774, -1,
      332, 330, 2222, -1,
      2222, 330, 2203, -1,
      2222, 2203, 2224, -1,
      2224, 2203, 2205, -1,
      2224, 2205, 2226, -1,
      2226, 2205, 1774, -1,
      1774, 1773, 2226, -1,
      2226, 1773, 1771, -1,
      2226, 1771, 2227, -1,
      2227, 1771, 1770, -1,
      2227, 1770, 1768, -1,
      316, 333, 2211, -1,
      2211, 333, 2221, -1,
      2211, 2221, 2228, -1,
      2228, 2221, 2223, -1,
      2228, 2223, 2229, -1,
      2229, 2223, 2225, -1,
      2229, 2225, 2230, -1,
      2230, 2225, 2227, -1,
      2230, 2227, 2231, -1,
      2231, 2227, 1768, -1,
      2231, 1768, 1767, -1,
      2179, 2211, 2210, -1,
      2210, 2211, 2228, -1,
      2210, 2228, 2212, -1,
      2212, 2228, 2229, -1,
      2212, 2229, 2214, -1,
      2214, 2229, 2230, -1,
      2214, 2230, 2219, -1,
      2219, 2230, 2231, -1,
      2219, 2231, 2202, -1,
      2202, 2231, 1767, -1,
      2202, 1767, 1765, -1,
      1660, 2220, 1653, -1,
      1653, 2220, 2202, -1,
      1653, 2202, 1654, -1,
      1654, 2202, 1764, -1,
      1654, 1764, 1606, -1,
      2232, 2233, 2234, -1,
      2235, 2236, 2237, -1,
      2237, 2236, 2238, -1,
      2237, 2238, 2239, -1,
      2240, 2241, 2242, -1,
      2232, 2234, 2238, -1,
      2238, 2234, 2243, -1,
      2238, 2243, 2239, -1,
      2235, 2244, 2236, -1,
      2236, 2244, 2245, -1,
      2236, 2245, 2246, -1,
      2245, 2247, 2246, -1,
      2246, 2247, 2248, -1,
      2246, 2248, 2242, -1,
      2242, 2248, 2249, -1,
      2242, 2249, 2240, -1,
    ]
  }
}

Shape {
  appearance Appearance {
    material Material {
      diffuseColor 0.6667 0.6667 0.6667
      specularColor 0.4667 0.4667 0.4667
      ambientIntensity 0.2
      transparency 0.0000
      shininess 0.5
    }
  }
  geometry IndexedFaceSet {
    ccw TRUE
    solid FALSE
    coord DEF co Coordinate {
      point [
        -0.856283 -0.025396 -1.091885,
        -0.854995 -0.030609 -1.091885,
        -0.860300 0.000000 -1.091885,
        -0.859385 -0.012847 -1.091885,
        -0.854995 0.030609 -1.091885,
        -0.856655 0.025474 -1.091885,
        -0.859385 0.012847 -1.091885,
        -0.649127 0.021946 -1.091885,
        -0.647123 0.012006 -1.091885,
        -0.663441 0.012006 -1.130180,
        -0.646875 0.008283 -1.091885,
        -0.663441 0.000000 -1.130180,
        -0.646324 -0.000000 -1.091885,
        -0.663441 -0.012006 -1.130180,
        -0.649507 0.023832 -1.091885,
        -0.666493 0.025300 -1.128880,
        -0.652122 0.031454 -1.091885,
        -0.653443 0.035302 -1.091885,
        -0.668789 0.035302 -1.127901,
        -0.662128 0.050314 -1.091885,
        -0.675445 0.048895 -1.125065,
        -0.665706 0.056498 -1.091885,
        -0.679168 0.056498 -1.123479,
        -0.669494 0.060363 -1.091885,
        -0.689698 0.069193 -1.118992,
        -0.683182 0.074331 -1.091885,
        -0.693959 0.074331 -1.117176,
        -0.687333 0.076902 -1.091885,
        -0.708296 0.084823 -1.111067,
        -0.704833 0.087741 -1.091885,
        -0.712282 0.087741 -1.109368,
        -0.725195 0.094536 -1.091885,
        -0.729993 0.094724 -1.101822,
        -0.729368 0.095929 -1.091885,
        -0.733048 0.095929 -1.100520,
        -0.753312 0.098425 -1.091885,
        -0.712282 -0.087741 -1.109368,
        -0.706465 -0.088285 -1.091885,
        -0.729993 -0.094724 -1.101822,
        -0.729368 -0.095929 -1.091885,
        -0.733048 -0.095929 -1.100520,
        -0.744544 -0.097511 -1.091885,
        -0.753312 -0.098425 -1.091885,
        -0.679168 -0.056498 -1.123479,
        -0.674016 -0.064978 -1.091885,
        -0.689698 -0.069193 -1.118992,
        -0.681120 -0.072226 -1.091885,
        -0.693959 -0.074331 -1.117176,
        -0.683182 -0.074331 -1.091885,
        -0.708296 -0.084823 -1.111067,
        -0.697120 -0.082963 -1.091885,
        -0.704833 -0.087741 -1.091885,
        -0.668789 -0.035302 -1.127901,
        -0.657283 -0.041939 -1.091885,
        -0.675445 -0.048895 -1.125065,
        -0.661667 -0.049517 -1.091885,
        -0.665706 -0.056498 -1.091885,
        -0.647123 -0.012006 -1.091885,
        -0.648737 -0.020011 -1.091885,
        -0.666493 -0.025300 -1.128880,
        -0.649507 -0.023832 -1.091885,
        -0.653443 -0.035302 -1.091885,
        -1.016768 0.069597 -1.532626,
        -1.031158 0.049213 -1.526495,
        -0.845967 0.049213 -1.091885,
        -0.843453 0.052674 -1.091885,
        -0.841473 0.055399 -1.091885,
        -0.838192 0.059917 -1.091885,
        -0.817978 0.078412 -1.091885,
        -0.998015 0.085239 -1.540617,
        -0.828964 0.069597 -1.091885,
        -0.832533 0.065853 -1.091885,
        -1.040204 0.025474 -1.522640,
        -0.853271 0.034162 -1.091885,
        -0.849873 0.041164 -1.091885,
        -0.848143 0.044730 -1.091885,
        -1.040204 -0.025474 -1.522640,
        -1.043289 0.000000 -1.521326,
        -1.031158 -0.049213 -1.526495,
        -0.849022 -0.042916 -1.091885,
        -0.850452 -0.039971 -1.091885,
        -0.853702 -0.033274 -1.091885,
        -0.838192 -0.059917 -1.091885,
        -1.016768 -0.069597 -1.532626,
        -0.831743 -0.066682 -1.091885,
        -0.828964 -0.069597 -1.091885,
        -0.840668 -0.056508 -1.091885,
        -0.844959 -0.050600 -1.091885,
        -0.845967 -0.049213 -1.091885,
        -0.998015 -0.085239 -1.540617,
        -0.817978 -0.078412 -1.091885,
        -0.818365 -0.078102 -1.091885,
        -0.976177 -0.095071 -1.549923,
        -0.799949 -0.087852 -1.091885,
        -0.806806 -0.085239 -1.091885,
        -0.952741 -0.098425 -1.559909,
        -0.775926 -0.095686 -1.091885,
        -0.781003 -0.095071 -1.091885,
        -0.760524 0.097552 -1.091885,
        -0.952741 0.098425 -1.559909,
        -0.976177 0.095071 -1.549923,
        -0.806806 0.085239 -1.091885,
        -0.797156 0.088916 -1.091885,
        -0.781003 0.095071 -1.091885,
        -0.929306 -0.095071 -1.569895,
        -0.907468 -0.085239 -1.579200,
        -0.888715 -0.069597 -1.587191,
        -0.874325 -0.049213 -1.593323,
        -0.865279 -0.025474 -1.597177,
        -0.862194 0.000000 -1.598492,
        -0.865279 0.025474 -1.597177,
        -0.874325 0.049213 -1.593323,
        -0.888715 0.069597 -1.587191,
        -0.907468 0.085239 -1.579200,
        -0.929306 0.095071 -1.569895,
        -1.069491 -0.049213 -3.602363,
        -1.079323 -0.025474 -3.602363,
        -0.984252 0.000000 -3.602363,
        -1.082677 0.000000 -3.602363,
        -1.079323 0.025474 -3.602363,
        -1.009726 -0.095071 -3.602363,
        -1.033465 -0.085239 -3.602363,
        -1.053849 -0.069597 -3.602363,
        -0.935039 -0.085239 -3.602363,
        -0.958778 -0.095071 -3.602363,
        -0.984252 -0.098425 -3.602363,
        -0.889180 -0.025474 -3.602363,
        -0.899013 -0.049213 -3.602363,
        -0.914655 -0.069597 -3.602363,
        -0.899013 0.049213 -3.602363,
        -0.889180 0.025474 -3.602363,
        -0.885827 0.000000 -3.602363,
        -0.958778 0.095071 -3.602363,
        -0.935039 0.085239 -3.602363,
        -0.914655 0.069597 -3.602363,
        -1.033465 0.085239 -3.602363,
        -1.009726 0.095071 -3.602363,
        -0.984252 0.098425 -3.602363,
        -1.069491 0.049213 -3.602363,
        -1.053849 0.069597 -3.602363,
        -0.885827 0.000000 -1.714241,
        -0.883169 0.000000 -1.674714,
        -0.889180 -0.025474 -1.714241,
        -0.886493 -0.025474 -1.674265,
        -0.899013 -0.049213 -1.714241,
        -0.896237 -0.049213 -1.672948,
        -0.914655 -0.069597 -1.714241,
        -0.911738 -0.069597 -1.670855,
        -0.935039 -0.085239 -1.714241,
        -0.931939 -0.085239 -1.668126,
        -0.958778 -0.095071 -1.714241,
        -0.955463 -0.095071 -1.664948,
        -0.984252 -0.098425 -1.714241,
        -0.980708 -0.098425 -1.661538,
        -1.009726 -0.095071 -1.714241,
        -1.005954 -0.095071 -1.658128,
        -1.033465 -0.085239 -1.714241,
        -1.029478 -0.085239 -1.654950,
        -1.053849 -0.069597 -1.714241,
        -1.049679 -0.069597 -1.652221,
        -1.069491 -0.049213 -1.714241,
        -1.065180 -0.049213 -1.650127,
        -1.079323 -0.025474 -1.714241,
        -1.074924 -0.025474 -1.648811,
        -1.082677 0.000000 -1.714241,
        -1.078248 0.000000 -1.648362,
        -1.079323 0.025474 -1.714241,
        -1.074924 0.025474 -1.648811,
        -1.069491 0.049213 -1.714241,
        -1.065180 0.049213 -1.650127,
        -1.053849 0.069597 -1.714241,
        -1.049679 0.069597 -1.652221,
        -1.033465 0.085239 -1.714241,
        -1.029478 0.085239 -1.654950,
        -1.009726 0.095071 -1.714241,
        -1.005954 0.095071 -1.658128,
        -0.984252 0.098425 -1.714241,
        -0.980708 0.098425 -1.661538,
        -0.958778 0.095071 -1.714241,
        -0.955463 0.095071 -1.664948,
        -0.935039 0.085239 -1.714241,
        -0.931939 0.085239 -1.668126,
        -0.914655 0.069597 -1.714241,
        -0.911738 0.069597 -1.670855,
        -0.899013 0.049213 -1.714241,
        -0.896237 0.049213 -1.672948,
        -0.889180 0.025474 -1.714241,
        -0.886493 0.025474 -1.674265,
        -0.875244 0.000000 -1.635898,
        -0.878478 -0.025474 -1.635008,
        -0.887958 -0.049213 -1.632399,
        -0.903039 -0.069597 -1.628249,
        -0.922693 -0.085239 -1.622841,
        -0.945580 -0.095071 -1.616542,
        -0.970141 -0.098425 -1.609783,
        -0.994703 -0.095071 -1.603024,
        -1.017590 -0.085239 -1.596726,
        -1.037244 -0.069597 -1.591317,
        -1.052325 -0.049213 -1.587167,
        -1.061806 -0.025474 -1.584558,
        -1.065039 0.000000 -1.583669,
        -1.061806 0.025474 -1.584558,
        -1.052325 0.049213 -1.587167,
        -1.037244 0.069597 -1.591317,
        -1.017590 0.085239 -1.596726,
        -0.994703 0.095071 -1.603024,
        -0.970141 0.098425 -1.609783,
        -0.945580 0.095071 -1.616542,
        -0.922693 0.085239 -1.622841,
        -0.903039 0.069597 -1.628249,
        -0.887958 0.049213 -1.632399,
        -0.878478 0.025474 -1.635008,
      ]
    }
    coordIndex [
      7, 8, 9, -1,
      9, 8, 10, -1,
      9, 10, 11, -1,
      11, 10, 12, -1,
      11, 12, 13, -1,
      7, 9, 14, -1,
      14, 9, 15, -1,
      14, 15, 16, -1,
      16, 15, 17, -1,
      17, 15, 18, -1,
      17, 18, 19, -1,
      19, 18, 20, -1,
      19, 20, 21, -1,
      21, 20, 22, -1,
      21, 22, 23, -1,
      23, 22, 24, -1,
      23, 24, 25, -1,
      25, 24, 26, -1,
      25, 26, 27, -1,
      27, 26, 28, -1,
      27, 28, 29, -1,
      29, 28, 30, -1,
      29, 30, 31, -1,
      31, 30, 32, -1,
      31, 32, 33, -1,
      33, 32, 34, -1,
      33, 34, 35, -1,
      36, 37, 38, -1,
      38, 37, 39, -1,
      38, 39, 40, -1,
      40, 39, 41, -1,
      40, 41, 42, -1,
      43, 44, 45, -1,
      45, 44, 46, -1,
      45, 46, 47, -1,
      47, 46, 48, -1,
      47, 48, 49, -1,
      49, 48, 50, -1,
      49, 50, 36, -1,
      36, 50, 51, -1,
      36, 51, 37, -1,
      52, 53, 54, -1,
      54, 53, 55, -1,
      54, 55, 43, -1,
      43, 55, 56, -1,
      43, 56, 44, -1,
      12, 57, 13, -1,
      13, 57, 58, -1,
      13, 58, 59, -1,
      59, 58, 60, -1,
      59, 60, 52, -1,
      52, 60, 61, -1,
      52, 61, 53, -1,
      62, 63, 64, -1,
      64, 65, 62, -1,
      62, 65, 66, -1,
      62, 66, 67, -1,
      68, 69, 70, -1,
      70, 69, 62, -1,
      70, 62, 71, -1,
      71, 62, 67, -1,
      72, 5, 63, -1,
      63, 5, 4, -1,
      63, 4, 73, -1,
      73, 74, 63, -1,
      63, 74, 75, -1,
      63, 75, 64, -1,
      76, 3, 77, -1,
      77, 3, 2, -1,
      77, 2, 72, -1,
      72, 2, 6, -1,
      72, 6, 5, -1,
      78, 79, 80, -1,
      80, 81, 78, -1,
      78, 81, 1, -1,
      78, 1, 76, -1,
      76, 1, 0, -1,
      76, 0, 3, -1,
      82, 83, 84, -1,
      84, 83, 85, -1,
      82, 86, 83, -1,
      83, 86, 87, -1,
      83, 87, 78, -1,
      78, 87, 88, -1,
      78, 88, 79, -1,
      89, 90, 83, -1,
      83, 90, 91, -1,
      83, 91, 85, -1,
      92, 93, 89, -1,
      89, 93, 94, -1,
      89, 94, 90, -1,
      95, 96, 92, -1,
      92, 96, 97, -1,
      92, 97, 93, -1,
      98, 99, 100, -1,
      68, 101, 69, -1,
      69, 101, 102, -1,
      69, 102, 100, -1,
      100, 102, 103, -1,
      100, 103, 98, -1,
      104, 40, 95, -1,
      95, 40, 42, -1,
      95, 42, 96, -1,
      105, 36, 104, -1,
      104, 36, 38, -1,
      104, 38, 40, -1,
      106, 47, 105, -1,
      105, 47, 49, -1,
      105, 49, 36, -1,
      107, 43, 106, -1,
      106, 43, 45, -1,
      106, 45, 47, -1,
      108, 52, 107, -1,
      107, 52, 54, -1,
      107, 54, 43, -1,
      109, 13, 108, -1,
      108, 13, 59, -1,
      108, 59, 52, -1,
      110, 9, 109, -1,
      109, 9, 11, -1,
      109, 11, 13, -1,
      111, 18, 110, -1,
      110, 18, 15, -1,
      110, 15, 9, -1,
      112, 22, 111, -1,
      111, 22, 20, -1,
      111, 20, 18, -1,
      113, 26, 112, -1,
      112, 26, 24, -1,
      112, 24, 22, -1,
      114, 30, 113, -1,
      113, 30, 28, -1,
      113, 28, 26, -1,
      98, 35, 99, -1,
      99, 35, 34, -1,
      99, 34, 114, -1,
      114, 34, 32, -1,
      114, 32, 30, -1,
      115, 116, 117, -1,
      117, 116, 118, -1,
      117, 118, 119, -1,
      120, 121, 117, -1,
      117, 121, 122, -1,
      117, 122, 115, -1,
      123, 124, 117, -1,
      117, 124, 125, -1,
      117, 125, 120, -1,
      126, 127, 117, -1,
      117, 127, 128, -1,
      117, 128, 123, -1,
      129, 130, 117, -1,
      117, 130, 131, -1,
      117, 131, 126, -1,
      132, 133, 117, -1,
      117, 133, 134, -1,
      117, 134, 129, -1,
      135, 136, 117, -1,
      117, 136, 137, -1,
      117, 137, 132, -1,
      119, 138, 117, -1,
      117, 138, 139, -1,
      117, 139, 135, -1,
      140, 141, 142, -1,
      142, 141, 143, -1,
      142, 143, 144, -1,
      144, 143, 145, -1,
      144, 145, 146, -1,
      146, 145, 147, -1,
      146, 147, 148, -1,
      148, 147, 149, -1,
      148, 149, 150, -1,
      150, 149, 151, -1,
      150, 151, 152, -1,
      152, 151, 153, -1,
      152, 153, 154, -1,
      154, 153, 155, -1,
      154, 155, 156, -1,
      156, 155, 157, -1,
      156, 157, 158, -1,
      158, 157, 159, -1,
      158, 159, 160, -1,
      160, 159, 161, -1,
      160, 161, 162, -1,
      162, 161, 163, -1,
      162, 163, 164, -1,
      164, 163, 165, -1,
      164, 165, 166, -1,
      166, 165, 167, -1,
      166, 167, 168, -1,
      168, 167, 169, -1,
      168, 169, 170, -1,
      170, 169, 171, -1,
      170, 171, 172, -1,
      172, 171, 173, -1,
      172, 173, 174, -1,
      174, 173, 175, -1,
      174, 175, 176, -1,
      176, 175, 177, -1,
      176, 177, 178, -1,
      178, 177, 179, -1,
      178, 179, 180, -1,
      180, 179, 181, -1,
      180, 181, 182, -1,
      182, 181, 183, -1,
      182, 183, 184, -1,
      184, 183, 185, -1,
      184, 185, 186, -1,
      186, 185, 187, -1,
      186, 187, 140, -1,
      140, 187, 141, -1,
      141, 188, 143, -1,
      143, 188, 189, -1,
      143, 189, 145, -1,
      145, 189, 190, -1,
      145, 190, 147, -1,
      147, 190, 191, -1,
      147, 191, 149, -1,
      149, 191, 192, -1,
      149, 192, 151, -1,
      151, 192, 193, -1,
      151, 193, 153, -1,
      153, 193, 194, -1,
      153, 194, 155, -1,
      155, 194, 195, -1,
      155, 195, 157, -1,
      157, 195, 196, -1,
      157, 196, 159, -1,
      159, 196, 197, -1,
      159, 197, 161, -1,
      161, 197, 198, -1,
      161, 198, 163, -1,
      163, 198, 199, -1,
      163, 199, 165, -1,
      165, 199, 200, -1,
      165, 200, 167, -1,
      167, 200, 201, -1,
      167, 201, 169, -1,
      169, 201, 202, -1,
      169, 202, 171, -1,
      171, 202, 203, -1,
      171, 203, 173, -1,
      173, 203, 204, -1,
      173, 204, 175, -1,
      175, 204, 205, -1,
      175, 205, 177, -1,
      177, 205, 206, -1,
      177, 206, 179, -1,
      179, 206, 207, -1,
      179, 207, 181, -1,
      181, 207, 208, -1,
      181, 208, 183, -1,
      183, 208, 209, -1,
      183, 209, 185, -1,
      185, 209, 210, -1,
      185, 210, 187, -1,
      187, 210, 211, -1,
      187, 211, 141, -1,
      141, 211, 188, -1,
      188, 109, 189, -1,
      189, 109, 108, -1,
      189, 108, 190, -1,
      190, 108, 107, -1,
      190, 107, 191, -1,
      191, 107, 106, -1,
      191, 106, 192, -1,
      192, 106, 105, -1,
      192, 105, 193, -1,
      193, 105, 104, -1,
      193, 104, 194, -1,
      194, 104, 95, -1,
      194, 95, 195, -1,
      195, 95, 92, -1,
      195, 92, 196, -1,
      196, 92, 89, -1,
      196, 89, 197, -1,
      197, 89, 83, -1,
      197, 83, 198, -1,
      198, 83, 78, -1,
      198, 78, 199, -1,
      199, 78, 76, -1,
      199, 76, 200, -1,
      200, 76, 77, -1,
      200, 77, 201, -1,
      201, 77, 72, -1,
      201, 72, 202, -1,
      202, 72, 63, -1,
      202, 63, 203, -1,
      203, 63, 62, -1,
      203, 62, 204, -1,
      204, 62, 69, -1,
      204, 69, 205, -1,
      205, 69, 100, -1,
      205, 100, 206, -1,
      206, 100, 99, -1,
      206, 99, 207, -1,
      207, 99, 114, -1,
      207, 114, 208, -1,
      208, 114, 113, -1,
      208, 113, 209, -1,
      209, 113, 112, -1,
      209, 112, 210, -1,
      210, 112, 111, -1,
      210, 111, 211, -1,
      211, 111, 110, -1,
      211, 110, 188, -1,
      188, 110, 109, -1,
      118, 166, 119, -1,
      119, 166, 168, -1,
      119, 168, 138, -1,
      138, 168, 170, -1,
      138, 170, 139, -1,
      139, 170, 172, -1,
      139, 172, 135, -1,
      135, 172, 174, -1,
      135, 174, 136, -1,
      136, 174, 176, -1,
      136, 176, 137, -1,
      137, 176, 178, -1,
      137, 178, 132, -1,
      132, 178, 180, -1,
      132, 180, 133, -1,
      133, 180, 182, -1,
      133, 182, 134, -1,
      134, 182, 184, -1,
      134, 184, 129, -1,
      129, 184, 186, -1,
      129, 186, 130, -1,
      130, 186, 140, -1,
      130, 140, 131, -1,
      131, 140, 142, -1,
      131, 142, 126, -1,
      126, 142, 144, -1,
      126, 144, 127, -1,
      127, 144, 146, -1,
      127, 146, 128, -1,
      128, 146, 148, -1,
      128, 148, 123, -1,
      123, 148, 150, -1,
      123, 150, 124, -1,
      124, 150, 152, -1,
      124, 152, 125, -1,
      125, 152, 154, -1,
      125, 154, 120, -1,
      120, 154, 156, -1,
      120, 156, 121, -1,
      121, 156, 158, -1,
      121, 158, 122, -1,
      122, 158, 160, -1,
      122, 160, 115, -1,
      115, 160, 162, -1,
      115, 162, 116, -1,
      116, 162, 164, -1,
      116, 164, 118, -1,
      118, 164, 166, -1,
    ]
  }
}

Shape {
  appearance Appearance {
    material Material {
      diffuseColor 0.0196 0.3255 0.7020
      specularColor 0.0000 0.0235 0.0510
      ambientIntensity 0.2
      transparency 0.0000
      shininess 0.5
    }
  }
  geometry IndexedFaceSet {
    ccw TRUE
    solid FALSE
    coord DEF co Coordinate {
      point [
        -0.929828 -0.043275 -1.054627,
        -0.922757 -0.057624 -1.051944,
        -0.883088 0.100637 -1.036794,
        -0.885466 0.099413 -1.037646,
        -0.895587 0.091828 -1.041509,
        -0.900422 0.087514 -1.043383,
        -0.863984 0.110469 -1.029953,
        -0.856119 0.113011 -1.027365,
        -0.852684 0.114122 -1.026235,
        -0.826970 0.117992 -1.018864,
        -0.760919 0.106247 -1.011898,
        -0.788536 0.114326 -1.012002,
        -0.825817 0.118003 -1.018591,
        -0.818308 0.118074 -1.016806,
        -0.792858 0.114870 -1.012699,
        -0.858439 -0.112426 -1.028097,
        -0.856090 -0.112912 -1.027387,
        -0.833858 -0.117508 -1.020668,
        -0.825719 -0.117700 -1.018692,
        -0.814926 -0.117954 -1.016072,
        -0.792822 -0.114773 -1.012775,
        -0.786488 -0.113861 -1.011830,
        -0.761483 -0.106446 -1.011849,
        -0.760919 -0.106247 -1.011898,
        -0.882976 -0.100469 -1.036776,
        -0.867739 -0.108953 -1.031243,
        -0.905435 -0.081574 -1.045307,
        -0.895587 -0.091828 -1.041509,
        -0.888056 -0.097641 -1.038621,
        -0.919696 -0.063838 -1.050782,
        -0.912454 -0.074265 -1.048015,
        -0.933858 -0.029837 -1.056148,
        -0.937641 -0.004967 -1.057572,
        -0.934781 -0.026760 -1.056496,
        -0.922878 0.057696 -1.051991,
        -0.930521 0.041399 -1.054889,
        -0.933784 0.030874 -1.056120,
        -0.937370 0.009529 -1.057470,
        -0.937548 -0.000004 -1.057537,
        -0.921056 0.061583 -1.051300,
        -0.915840 0.069685 -1.049310,
        -0.905482 0.081663 -1.045328,
        -0.666684 0.053894 -1.032963,
        -0.668642 0.056301 -1.033530,
        -0.742046 0.100440 -1.018527,
        -0.746537 0.101822 -1.016949,
        -0.730690 0.096430 -1.022704,
        -0.720664 0.092415 -1.026251,
        -0.701860 0.083318 -1.031921,
        -0.715487 0.090187 -1.027998,
        -0.719281 0.091861 -1.026741,
        -0.677411 0.065618 -1.034867,
        -0.683495 0.070935 -1.034850,
        -0.685137 0.072244 -1.034745,
        -0.693306 0.078110 -1.033717,
        -0.694960 0.079117 -1.033370,
        -0.668871 0.056583 -1.033596,
        -0.673991 0.062252 -1.034567,
        -0.677229 0.065439 -1.034850,
        -0.663976 0.050308 -1.031987,
        -0.655929 0.038143 -1.028467,
        -0.656920 0.039769 -1.028908,
        -0.657308 0.040380 -1.029083,
        -0.659570 0.043937 -1.030103,
        -0.663687 0.049926 -1.031883,
        -0.647366 0.020076 -1.024612,
        -0.647633 0.020638 -1.024732,
        -0.651398 0.028582 -1.026427,
        -0.652196 0.030265 -1.026786,
        -0.644276 0.010517 -1.023203,
        -0.643048 0.002180 -1.022632,
        -0.643087 0.005311 -1.022652,
        -0.643696 0.007977 -1.022934,
        -0.643022 0.000073 -1.022619,
        -0.643019 -0.000136 -1.022618,
        -0.642969 -0.004198 -1.022593,
        -0.643946 -0.008528 -1.023045,
        -0.644447 -0.010744 -1.023276,
        -0.645337 -0.014685 -1.023687,
        -0.645933 -0.017328 -1.023963,
        -0.647376 -0.020267 -1.024612,
        -0.648932 -0.023438 -1.025313,
        -0.647686 -0.020898 -1.024752,
        -0.652374 -0.030450 -1.026861,
        -0.654269 -0.034310 -1.027714,
        -0.657055 -0.039987 -1.028968,
        -0.661596 -0.046961 -1.031009,
        -0.666258 -0.053351 -1.032824,
        -0.668751 -0.056317 -1.033466,
        -0.668640 -0.056185 -1.033438,
        -0.684155 -0.071393 -1.034754,
        -0.682493 -0.070111 -1.034895,
        -0.679306 -0.067359 -1.034930,
        -0.673754 -0.062007 -1.034537,
        -0.671588 -0.059693 -1.034196,
        -0.693489 -0.078230 -1.033685,
        -0.689289 -0.075350 -1.034320,
        -0.711069 -0.088119 -1.029383,
        -0.703475 -0.084214 -1.031515,
        -0.700351 -0.082342 -1.032194,
        -0.751657 -0.103424 -1.015134,
        -0.744156 -0.101138 -1.017755,
        -0.727874 -0.095360 -1.023726,
        -0.724928 -0.094129 -1.024742,
        -0.715487 -0.090187 -1.027998,
        -0.645615 0.016381 -1.023824,
        -0.646754 0.018783 -1.024337,
        -0.854995 -0.030609 -1.091885,
        -0.862126 -0.024755 -1.091885,
        -0.872715 -0.001656 -1.091885,
        -0.871517 -0.008920 -1.091885,
        -0.869438 -0.014425 -1.091885,
        -0.857043 0.029171 -1.091885,
        -0.854995 0.030609 -1.091885,
        -0.865178 -0.021280 -1.091885,
        -0.872602 0.003176 -1.091885,
        -0.871098 0.010291 -1.091885,
        -0.869729 0.013800 -1.091885,
        -0.865750 0.020528 -1.091885,
        -0.863554 0.023228 -1.091885,
        -0.649127 0.021946 -1.091885,
        -0.647123 0.012006 -1.091885,
        -0.646875 0.008283 -1.091885,
        -0.646324 -0.000000 -1.091885,
        -0.649507 0.023832 -1.091885,
        -0.652122 0.031454 -1.091885,
        -0.653443 0.035302 -1.091885,
        -0.662128 0.050314 -1.091885,
        -0.665706 0.056498 -1.091885,
        -0.669494 0.060363 -1.091885,
        -0.683182 0.074331 -1.091885,
        -0.687333 0.076902 -1.091885,
        -0.704833 0.087741 -1.091885,
        -0.725195 0.094536 -1.091885,
        -0.729368 0.095929 -1.091885,
        -0.753312 0.098425 -1.091885,
        -0.706465 -0.088285 -1.091885,
        -0.729368 -0.095929 -1.091885,
        -0.744544 -0.097511 -1.091885,
        -0.753312 -0.098425 -1.091885,
        -0.674016 -0.064978 -1.091885,
        -0.681120 -0.072226 -1.091885,
        -0.683182 -0.074331 -1.091885,
        -0.697120 -0.082963 -1.091885,
        -0.704833 -0.087741 -1.091885,
        -0.657283 -0.041939 -1.091885,
        -0.661667 -0.049517 -1.091885,
        -0.665706 -0.056498 -1.091885,
        -0.647123 -0.012006 -1.091885,
        -0.648737 -0.020011 -1.091885,
        -0.649507 -0.023832 -1.091885,
        -0.653443 -0.035302 -1.091885,
        -0.845967 0.049213 -1.091885,
        -0.843453 0.052674 -1.091885,
        -0.841473 0.055399 -1.091885,
        -0.838192 0.059917 -1.091885,
        -0.817978 0.078412 -1.091885,
        -0.828964 0.069597 -1.091885,
        -0.832533 0.065853 -1.091885,
        -0.853271 0.034162 -1.091885,
        -0.849873 0.041164 -1.091885,
        -0.848143 0.044730 -1.091885,
        -0.849022 -0.042916 -1.091885,
        -0.850452 -0.039971 -1.091885,
        -0.853702 -0.033274 -1.091885,
        -0.838192 -0.059917 -1.091885,
        -0.831743 -0.066682 -1.091885,
        -0.828964 -0.069597 -1.091885,
        -0.840668 -0.056508 -1.091885,
        -0.844959 -0.050600 -1.091885,
        -0.845967 -0.049213 -1.091885,
        -0.817978 -0.078412 -1.091885,
        -0.818365 -0.078102 -1.091885,
        -0.799949 -0.087852 -1.091885,
        -0.806806 -0.085239 -1.091885,
        -0.775926 -0.095686 -1.091885,
        -0.781003 -0.095071 -1.091885,
        -0.760524 0.097552 -1.091885,
        -0.806806 0.085239 -1.091885,
        -0.797156 0.088916 -1.091885,
        -0.781003 0.095071 -1.091885,
        -0.645072 0.027333 -1.052463,
        -0.644221 0.025719 -1.055210,
        -0.644441 0.026231 -1.055230,
        -0.642361 0.017107 -1.068652,
        -0.642165 0.011504 -1.076937,
        -0.644426 0.018675 -1.080461,
        -0.643130 0.008833 -1.080408,
        -0.643610 0.024558 -1.057185,
        -0.642559 0.022563 -1.060581,
        -0.645066 0.028388 -1.068265,
        -0.642553 0.022552 -1.060600,
        -0.642374 0.017465 -1.068122,
        -0.652268 0.035944 -1.036609,
        -0.649024 0.033277 -1.041979,
        -0.650064 0.035967 -1.042216,
        -0.647576 0.032087 -1.044376,
        -0.654889 0.044326 -1.043490,
        -0.647941 0.030567 -1.080470,
        -0.658777 0.050157 -1.044318,
        -0.651367 0.038794 -1.080496,
        -0.661102 0.055296 -1.080563,
        -0.661720 0.054139 -1.044820,
        -0.668677 0.062380 -1.045607,
        -0.668220 0.064119 -1.080585,
        -0.673272 0.067096 -1.045851,
        -0.681281 0.074250 -1.045833,
        -0.683409 0.075959 -1.045746,
        -0.693826 0.083389 -1.044907,
        -0.649248 0.038296 -1.068472,
        -0.652837 0.045111 -1.068622,
        -0.662153 0.058859 -1.068887,
        -0.668624 0.066337 -1.068971,
        -0.681126 0.076347 -1.080564,
        -0.680083 0.076986 -1.068944,
        -0.684595 0.079039 -1.080546,
        -0.683134 0.079395 -1.068904,
        -0.701564 0.089590 -1.080394,
        -0.698007 0.089201 -1.068538,
        -0.718700 0.096794 -1.080172,
        -0.713047 0.096525 -1.067962,
        -0.648600 0.037052 -1.055779,
        -0.652900 0.044899 -1.056287,
        -0.656322 0.050278 -1.056611,
        -0.664699 0.061240 -1.057140,
        -0.670320 0.067337 -1.057305,
        -0.680135 0.076282 -1.057282,
        -0.682736 0.078361 -1.057217,
        -0.695407 0.087117 -1.056611,
        -0.708268 0.094132 -1.055611,
        -0.704502 0.089687 -1.043479,
        -0.745897 0.101904 -1.081847,
        -0.744417 0.102598 -1.079844,
        -0.738716 0.103434 -1.071229,
        -0.735869 0.103851 -1.066926,
        -0.731934 0.102994 -1.060281,
        -0.727999 0.102137 -1.053635,
        -0.725707 0.100600 -1.049256,
        -0.721116 0.097522 -1.040488,
        -0.720180 0.096302 -1.038410,
        -0.750068 0.106842 -1.031394,
        -0.809641 0.092333 -1.083049,
        -0.724495 0.098288 -1.037369,
        -0.737528 0.104889 -1.059885,
        -0.744965 0.104870 -1.071115,
        -0.752733 0.102617 -1.081887,
        -0.730637 0.102673 -1.048525,
        -0.737524 0.103007 -1.034337,
        -0.745356 0.106960 -1.046517,
        -0.753902 0.108143 -1.058800,
        -0.762852 0.106514 -1.070741,
        -0.771879 0.102132 -1.081904,
        -0.759122 0.110001 -1.044771,
        -0.768812 0.109780 -1.058073,
        -0.778715 0.106189 -1.070719,
        -0.788399 0.099384 -1.082156,
        -0.769762 0.111787 -1.027144,
        -0.779607 0.113122 -1.042722,
        -0.789913 0.110180 -1.057772,
        -0.800111 0.103120 -1.071465,
        -0.643171 -0.014037 -1.032754,
        -0.644497 -0.018607 -1.033337,
        -0.642322 -0.016116 -1.042065,
        -0.642348 -0.017518 -1.068064,
        -0.642334 -0.017138 -1.068626,
        -0.640415 -0.008579 -1.067893,
        -0.647747 0.027376 -1.034739,
        -0.641266 -0.000115 -1.031898,
        -0.644422 0.018385 -1.033304,
        -0.642267 0.015918 -1.042037,
        -0.640856 0.013494 -1.050796,
        -0.644656 0.023991 -1.043078,
        -0.642474 0.020465 -1.051528,
        -0.643111 0.013813 -1.032727,
        -0.641237 0.016760 -1.059941,
        -0.640215 0.011033 -1.059426,
        -0.640988 0.012845 -1.068250,
        -0.641741 0.008716 -1.076400,
        -0.641446 0.005775 -1.076135,
        -0.639442 -0.000068 -1.058987,
        -0.641256 -0.000035 -1.075926,
        -0.641454 -0.005847 -1.076144,
        -0.642144 -0.011654 -1.076735,
        -0.647843 -0.027588 -1.034783,
        -0.647483 -0.032050 -1.044673,
        -0.644730 -0.024182 -1.043114,
        -0.649126 -0.033412 -1.041978,
        -0.652378 -0.036109 -1.036641,
        -0.642528 -0.020631 -1.051559,
        -0.645094 -0.027417 -1.052439,
        -0.644260 -0.025798 -1.055152,
        -0.642156 -0.009420 -1.032300,
        -0.641503 -0.004773 -1.032006,
        -0.640240 -0.011173 -1.059443,
        -0.639627 -0.005544 -1.059104,
        -0.640719 -0.008068 -1.041333,
        -0.640145 -0.000099 -1.041059,
        -0.641481 0.004543 -1.031996,
        -0.641273 -0.016898 -1.059966,
        -0.642602 -0.022582 -1.060543,
        -0.640690 0.007869 -1.041319,
        -0.639522 -0.000084 -1.050139,
        -0.639845 0.006627 -1.050307,
        -0.642114 0.009192 -1.032281,
        -0.642140 -0.011541 -1.076902,
        -0.643111 -0.008861 -1.080382,
        -0.645216 -0.003055 -1.087919,
        -0.642518 -0.022419 -1.060816,
        -0.839765 0.072711 -1.086461,
        -0.890577 0.084272 -1.058029,
        -0.891656 0.085898 -1.055562,
        -0.882829 0.093448 -1.052308,
        -0.883597 0.073745 -1.071981,
        -0.886256 0.077756 -1.067917,
        -0.878857 0.084978 -1.065346,
        -0.875024 0.060815 -1.082621,
        -0.879606 0.067726 -1.078081,
        -0.873714 0.074356 -1.076218,
        -0.865317 0.046176 -1.089378,
        -0.871970 0.056211 -1.085646,
        -0.867615 0.062021 -1.084474,
        -0.860811 0.048487 -1.089769,
        -0.863656 0.043672 -1.090309,
        -0.864020 0.105095 -1.045772,
        -0.854074 0.109370 -1.042565,
        -0.851181 0.061340 -1.088124,
        -0.854591 0.057250 -1.088676,
        -0.831251 0.115356 -1.036011,
        -0.823482 0.116346 -1.034085,
        -0.842845 0.069927 -1.086887,
        -0.796278 0.116279 -1.028943,
        -0.863033 0.096647 -1.060151,
        -0.854625 0.101269 -1.057574,
        -0.835165 0.108804 -1.052169,
        -0.828465 0.110541 -1.050509,
        -0.804474 0.113811 -1.045601,
        -0.861067 0.085506 -1.072444,
        -0.854309 0.090197 -1.070556,
        -0.838510 0.098675 -1.066504,
        -0.832994 0.100967 -1.065210,
        -0.812659 0.107059 -1.061034,
        -0.858210 0.072174 -1.082097,
        -0.853143 0.076676 -1.080902,
        -0.841115 0.085489 -1.078278,
        -0.836829 0.088130 -1.077409,
        -0.820372 0.096407 -1.074368,
        -0.827175 0.082457 -1.084850,
        -0.725707 -0.100600 -1.049256,
        -0.727999 -0.102137 -1.053635,
        -0.721706 -0.099898 -1.054300,
        -0.731934 -0.102994 -1.060281,
        -0.735869 -0.103851 -1.066926,
        -0.728633 -0.101965 -1.067257,
        -0.745897 -0.101904 -1.081847,
        -0.652349 -0.040102 -1.042850,
        -0.645989 -0.031469 -1.055413,
        -0.642796 -0.021443 -1.068143,
        -0.642911 -0.010463 -1.080481,
        -0.738716 -0.103434 -1.071229,
        -0.736317 -0.101355 -1.079936,
        -0.744417 -0.102598 -1.079844,
        -0.715781 -0.095227 -1.041524,
        -0.721116 -0.097522 -1.040488,
        -0.720180 -0.096302 -1.038410,
        -0.706496 -0.090742 -1.043161,
        -0.688735 -0.079939 -1.045397,
        -0.694057 -0.083538 -1.044882,
        -0.721857 -0.097809 -1.080129,
        -0.701938 -0.089780 -1.080389,
        -0.693287 -0.084936 -1.080480,
        -0.679001 -0.074588 -1.080573,
        -0.660620 -0.054624 -1.080560,
        -0.672234 -0.068354 -1.080587,
        -0.715828 -0.097643 -1.067841,
        -0.698335 -0.089385 -1.068527,
        -0.690757 -0.084789 -1.068748,
        -0.678209 -0.075427 -1.068963,
        -0.672213 -0.069981 -1.068986,
        -0.661708 -0.058294 -1.068878,
        -0.656322 -0.048065 -1.080534,
        -0.657681 -0.052809 -1.068781,
        -0.710656 -0.095263 -1.055393,
        -0.695686 -0.087287 -1.056593,
        -0.689229 -0.083110 -1.056962,
        -0.678537 -0.074949 -1.057310,
        -0.673407 -0.070358 -1.057338,
        -0.664308 -0.060783 -1.057123,
        -0.660739 -0.056385 -1.056935,
        -0.679975 -0.073164 -1.045870,
        -0.675789 -0.069478 -1.045902,
        -0.668356 -0.062031 -1.045582,
        -0.665415 -0.058700 -1.045305,
        -0.647351 -0.028906 -1.080467,
        -0.648595 -0.036919 -1.068442,
        -0.652257 -0.043812 -1.056218,
        -0.658212 -0.049352 -1.044209,
        -0.895020 0.080248 -1.059501,
        -0.867997 0.043904 -1.089715,
        -0.878348 0.057826 -1.083324,
        -0.887524 0.070167 -1.073064,
        -0.913330 0.055848 -1.064997,
        -0.908728 0.063367 -1.063625,
        -0.927619 0.008573 -1.069217,
        -0.924491 0.027822 -1.068298,
        -0.921639 0.037367 -1.067458,
        -0.925362 -0.024104 -1.068554,
        -0.927854 -0.004468 -1.069286,
        -0.921032 -0.039073 -1.067279,
        -0.876326 0.034576 -1.090009,
        -0.888489 0.045384 -1.084471,
        -0.879115 0.030449 -1.090106,
        -0.891875 0.039921 -1.084849,
        -0.884142 0.020343 -1.090278,
        -0.897967 0.026619 -1.085521,
        -0.885865 0.015140 -1.090336,
        -0.900051 0.019798 -1.085749,
        -0.887754 0.004663 -1.090399,
        -0.902333 0.006093 -1.085998,
        -0.887896 -0.002430 -1.090404,
        -0.902505 -0.003175 -1.086017,
        -0.886391 -0.013114 -1.090354,
        -0.900687 -0.017145 -1.085819,
        -0.883775 -0.021274 -1.090265,
        -0.897522 -0.027841 -1.085472,
        -0.878389 -0.031592 -1.090081,
        -0.890994 -0.041433 -1.084751,
        -0.874507 -0.036935 -1.089946,
        -0.886279 -0.048515 -1.084223,
        -0.899464 0.055135 -1.075534,
        -0.903454 0.048517 -1.076351,
        -0.910638 0.032372 -1.077810,
        -0.913097 0.024081 -1.078306,
        -0.915791 0.007413 -1.078847,
        -0.915994 -0.003863 -1.078888,
        -0.913847 -0.020857 -1.078457,
        -0.910114 -0.033857 -1.077704,
        -0.902417 -0.050349 -1.076139,
        -0.912132 -0.057934 -1.064641,
        -0.896861 -0.058925 -1.074999,
        -0.905731 -0.067651 -1.062728,
        -0.863635 -0.043640 -1.089996,
        -0.865358 -0.046238 -1.089620,
        -0.871872 -0.056062 -1.085173,
        -0.875124 -0.060967 -1.082954,
        -0.879428 -0.067458 -1.077612,
        -0.883732 -0.073949 -1.072271,
        -0.886048 -0.077441 -1.067581,
        -0.890687 -0.084437 -1.058186,
        -0.891502 -0.085666 -1.055414,
        -0.758603 -0.106319 -1.070804,
        -0.767374 -0.102502 -1.081879,
        -0.809641 -0.092333 -1.083049,
        -0.791161 -0.098702 -1.082229,
        -0.800111 -0.103120 -1.071465,
        -0.789913 -0.110180 -1.057772,
        -0.781422 -0.105968 -1.070757,
        -0.779607 -0.113122 -1.042722,
        -0.771407 -0.109946 -1.057984,
        -0.769762 -0.111787 -1.027144,
        -0.761566 -0.110456 -1.044487,
        -0.749979 -0.107508 -1.059041,
        -0.741798 -0.106029 -1.046997,
        -0.752344 -0.107475 -1.030872,
        -0.734344 -0.101932 -1.035088,
        -0.875225 -0.072760 -1.076690,
        -0.770324 -0.111920 -1.027143,
        -0.780157 -0.113176 -1.042757,
        -0.800607 -0.102998 -1.071522,
        -0.810096 -0.092125 -1.083087,
        -0.826135 -0.083156 -1.084726,
        -0.794367 -0.116089 -1.028694,
        -0.820435 -0.116603 -1.033378,
        -0.838511 -0.073797 -1.086291,
        -0.845179 -0.067690 -1.087220,
        -0.837396 -0.114217 -1.037653,
        -0.859145 -0.107333 -1.044176,
        -0.867317 -0.103417 -1.046874,
        -0.885090 -0.091664 -1.053131,
        -0.802743 -0.113887 -1.045320,
        -0.825823 -0.111119 -1.049886,
        -0.840432 -0.107150 -1.053549,
        -0.858916 -0.099028 -1.058872,
        -0.865813 -0.094902 -1.061031,
        -0.880753 -0.083255 -1.065996,
        -0.790441 -0.110147 -1.057826,
        -0.811143 -0.107381 -1.060765,
        -0.830804 -0.101794 -1.064714,
        -0.842815 -0.096664 -1.067557,
        -0.857762 -0.087894 -1.071509,
        -0.863294 -0.083788 -1.073086,
        -0.868733 -0.060611 -1.084770,
        -0.859873 -0.070567 -1.082502,
        -0.855736 -0.074442 -1.081506,
        -0.844424 -0.083287 -1.078972,
        -0.835109 -0.089128 -1.077070,
        -0.819091 -0.096941 -1.074153,
        -0.852932 -0.059291 -1.088404,
        -0.855700 -0.055825 -1.088863,
        -0.861544 -0.047307 -1.089906,
        0.921922 -0.113988 -0.916343,
        0.924458 -0.112846 -0.917712,
        0.946545 -0.109996 -0.895867,
        0.943576 -0.104236 -0.928038,
        0.973143 -0.104189 -0.871722,
        0.974905 -0.103804 -0.870123,
        0.963998 -0.088024 -0.939067,
        1.002587 -0.096063 -0.842589,
        1.026107 -0.087950 -0.817012,
        0.948468 -0.100353 -0.930680,
        1.061280 -0.073126 -0.775186,
        1.041527 -0.081788 -0.799112,
        1.052861 -0.066756 -0.804458,
        1.035192 -0.084566 -0.806786,
        1.029426 -0.086806 -0.813402,
        0.969005 -0.081546 -0.941772,
        1.118627 -0.034677 -0.694412,
        1.111002 -0.041620 -0.706120,
        1.064704 -0.041652 -0.810028,
        1.107767 -0.044566 -0.711088,
        1.103526 -0.047895 -0.717407,
        1.084263 -0.060788 -0.744862,
        1.073390 -0.066625 -0.759207,
        1.127007 -0.024600 -0.681031,
        1.126448 -0.025391 -0.681938,
        1.070800 -0.014155 -0.812896,
        1.131160 -0.017676 -0.674224,
        1.135237 -0.005263 -0.667424,
        1.134666 -0.008207 -0.668382,
        1.134463 0.009029 -0.668724,
        1.135103 0.006079 -0.667648,
        1.135476 0.003330 -0.667021,
        1.135631 0.000538 -0.666759,
        1.135554 -0.002370 -0.666889,
        1.133861 -0.011113 -0.669733,
        1.132611 -0.014150 -0.671811,
        1.111149 0.041641 -0.705946,
        1.120115 0.033104 -0.692069,
        1.070800 0.014155 -0.812896,
        1.126244 0.025676 -0.682270,
        1.130897 0.018191 -0.674659,
        1.132645 0.014151 -0.671756,
        1.133532 0.012100 -0.670281,
        1.064704 0.041652 -0.810028,
        1.106764 0.045374 -0.712592,
        1.110220 0.042526 -0.707384,
        1.052861 0.066756 -0.804458,
        1.041535 0.081801 -0.799113,
        1.049086 0.078759 -0.790306,
        1.070843 0.068300 -0.762869,
        1.073600 0.066709 -0.759129,
        1.090154 0.057158 -0.736676,
        1.009503 0.093851 -0.835312,
        0.963998 0.088024 -0.939067,
        0.980830 0.102291 -0.864436,
        0.948468 0.100353 -0.930680,
        0.973104 0.104069 -0.871577,
        0.943576 0.104236 -0.928038,
        0.951613 0.109015 -0.891440,
        0.924458 0.112846 -0.917712,
        0.921922 0.113988 -0.916343,
        0.991952 -0.041652 -0.954165,
        0.984694 -0.057475 -0.950245,
        0.980437 -0.066756 -0.947946,
        0.994530 -0.029695 -0.955557,
        0.997880 0.014155 -0.957367,
        0.997880 -0.000000 -0.957367,
        0.997880 -0.014155 -0.957367,
        0.994530 0.029695 -0.955557,
        1.025030 0.088450 -0.818362,
        1.026148 0.088000 -0.817057,
        0.969005 0.081546 -0.941772,
        0.980437 0.066756 -0.947946,
        0.984694 0.057475 -0.950245,
        0.991952 0.041652 -0.954165,
        0.912454 -0.074265 -1.048015,
        0.905731 -0.067651 -1.062728,
        0.912132 -0.057934 -1.064641,
        0.863635 0.043640 -1.089996,
        0.865358 0.046238 -1.089620,
        0.867997 0.043904 -1.089715,
        0.871872 0.056062 -1.085173,
        0.875124 0.060967 -1.082954,
        0.878348 0.057826 -1.083324,
        0.891502 0.085666 -1.055414,
        0.895587 0.091828 -1.041509,
        0.900422 0.087514 -1.043383,
        0.886048 0.077441 -1.067581,
        0.890687 0.084437 -1.058186,
        0.895020 0.080248 -1.059501,
        0.879428 0.067458 -1.077612,
        0.883732 0.073949 -1.072271,
        0.887524 0.070167 -1.073064,
        0.854995 0.030609 -1.091885,
        0.905482 0.081663 -1.045328,
        0.908728 0.063367 -1.063625,
        0.915840 0.069685 -1.049310,
        0.921056 0.061583 -1.051300,
        0.913330 0.055848 -1.064997,
        0.922878 0.057696 -1.051991,
        0.921639 0.037367 -1.067458,
        0.930521 0.041399 -1.054889,
        0.933784 0.030874 -1.056120,
        0.924491 0.027822 -1.068298,
        0.937370 0.009529 -1.057470,
        0.927619 0.008573 -1.069217,
        0.937548 -0.000004 -1.057537,
        0.927854 -0.004468 -1.069286,
        0.937641 -0.004967 -1.057572,
        0.934781 -0.026760 -1.056496,
        0.925362 -0.024104 -1.068554,
        0.933858 -0.029837 -1.056148,
        0.921032 -0.039073 -1.067279,
        0.929828 -0.043275 -1.054627,
        0.922757 -0.057624 -1.051944,
        0.919696 -0.063838 -1.050782,
        0.899464 0.055135 -1.075534,
        0.903454 0.048517 -1.076351,
        0.910638 0.032372 -1.077810,
        0.913097 0.024081 -1.078306,
        0.915791 0.007413 -1.078847,
        0.915994 -0.003863 -1.078888,
        0.913847 -0.020857 -1.078457,
        0.910114 -0.033857 -1.077704,
        0.902417 -0.050349 -1.076139,
        0.896861 -0.058925 -1.074999,
        0.888489 0.045384 -1.084471,
        0.876326 0.034576 -1.090009,
        0.891875 0.039921 -1.084849,
        0.879115 0.030449 -1.090106,
        0.897967 0.026619 -1.085521,
        0.884142 0.020343 -1.090278,
        0.900051 0.019798 -1.085749,
        0.885865 0.015140 -1.090336,
        0.902333 0.006093 -1.085998,
        0.887754 0.004663 -1.090399,
        0.902505 -0.003175 -1.086017,
        0.887896 -0.002430 -1.090404,
        0.900687 -0.017145 -1.085819,
        0.886391 -0.013114 -1.090354,
        0.897522 -0.027841 -1.085472,
        0.883775 -0.021274 -1.090265,
        0.890994 -0.041433 -1.084751,
        0.878389 -0.031592 -1.090081,
        0.886279 -0.048515 -1.084223,
        0.874507 -0.036935 -1.089946,
        0.895587 -0.091828 -1.041509,
        0.891656 -0.085898 -1.055562,
        0.905435 -0.081574 -1.045307,
        0.890577 -0.084272 -1.058029,
        0.886256 -0.077756 -1.067917,
        0.883597 -0.073745 -1.071981,
        0.879606 -0.067726 -1.078081,
        0.875024 -0.060815 -1.082621,
        0.871970 -0.056211 -1.085646,
        0.865317 -0.046176 -1.089378,
        0.863656 -0.043672 -1.090309,
        0.857043 0.029171 -1.091885,
        0.863554 0.023228 -1.091885,
        0.865750 0.020528 -1.091885,
        0.869729 0.013800 -1.091885,
        0.871098 0.010291 -1.091885,
        0.872602 0.003176 -1.091885,
        0.872715 -0.001656 -1.091885,
        0.871517 -0.008920 -1.091885,
        0.869438 -0.014425 -1.091885,
        0.865178 -0.021280 -1.091885,
        0.862126 -0.024755 -1.091885,
        0.854995 -0.030609 -1.091885,
        0.828964 0.069597 -1.091885,
        0.817978 0.078412 -1.091885,
        0.809641 0.092333 -1.083049,
        0.792858 0.114870 -1.012699,
        0.818308 0.118074 -1.016806,
        0.823482 0.116346 -1.034085,
        0.838192 0.059917 -1.091885,
        0.832533 0.065853 -1.091885,
        0.827175 0.082457 -1.084850,
        0.825817 0.118003 -1.018591,
        0.826970 0.117992 -1.018864,
        0.831251 0.115356 -1.036011,
        0.845967 0.049213 -1.091885,
        0.843453 0.052674 -1.091885,
        0.842845 0.069927 -1.086887,
        0.856119 0.113011 -1.027365,
        0.863984 0.110469 -1.029953,
        0.864020 0.105095 -1.045772,
        0.883088 0.100637 -1.036794,
        0.885466 0.099413 -1.037646,
        0.882829 0.093448 -1.052308,
        0.853271 0.034162 -1.091885,
        0.860811 0.048487 -1.089769,
        0.867615 0.062021 -1.084474,
        0.873714 0.074356 -1.076218,
        0.878857 0.084978 -1.065346,
        0.863033 0.096647 -1.060151,
        0.861067 0.085506 -1.072444,
        0.858210 0.072174 -1.082097,
        0.854591 0.057250 -1.088676,
        0.849873 0.041164 -1.091885,
        0.852684 0.114122 -1.026235,
        0.854074 0.109370 -1.042565,
        0.854625 0.101269 -1.057574,
        0.854309 0.090197 -1.070556,
        0.853143 0.076676 -1.080902,
        0.851181 0.061340 -1.088124,
        0.848143 0.044730 -1.091885,
        0.835165 0.108804 -1.052169,
        0.838510 0.098675 -1.066504,
        0.841115 0.085489 -1.078278,
        0.828465 0.110541 -1.050509,
        0.832994 0.100967 -1.065210,
        0.836829 0.088130 -1.077409,
        0.839765 0.072711 -1.086461,
        0.841473 0.055399 -1.091885,
        0.788536 0.114326 -1.012002,
        0.796278 0.116279 -1.028943,
        0.804474 0.113811 -1.045601,
        0.812659 0.107059 -1.061034,
        0.820372 0.096407 -1.074368,
        0.760919 0.106247 -1.011898,
        0.769762 0.111787 -1.027144,
        0.779607 0.113122 -1.042722,
        0.789913 0.110180 -1.057772,
        0.800111 0.103120 -1.071465,
        0.806806 0.085239 -1.091885,
        0.797156 0.088916 -1.091885,
        0.788399 0.099384 -1.082156,
        0.746537 0.101822 -1.016949,
        0.720664 0.092415 -1.026251,
        0.730690 0.096430 -1.022704,
        0.737524 0.103007 -1.034337,
        0.752733 0.102617 -1.081887,
        0.760524 0.097552 -1.091885,
        0.753312 0.098425 -1.091885,
        0.724495 0.098288 -1.037369,
        0.720084 0.096482 -1.038347,
        0.719281 0.091861 -1.026741,
        0.715487 0.090187 -1.027998,
        0.730637 0.102673 -1.048525,
        0.737528 0.104889 -1.059885,
        0.731829 0.103364 -1.060295,
        0.728080 0.101894 -1.053644,
        0.725581 0.100915 -1.049211,
        0.721183 0.097368 -1.040518,
        0.745885 0.102102 -1.081925,
        0.744441 0.102434 -1.079802,
        0.744965 0.104870 -1.071115,
        0.738658 0.103763 -1.071299,
        0.735928 0.103604 -1.066899,
        0.781003 0.095071 -1.091885,
        0.771879 0.102132 -1.081904,
        0.762852 0.106514 -1.070741,
        0.753902 0.108143 -1.058800,
        0.745356 0.106960 -1.046517,
        0.778715 0.106189 -1.070719,
        0.768812 0.109780 -1.058073,
        0.759122 0.110001 -1.044771,
        0.750068 0.106842 -1.031394,
        0.742046 0.100440 -1.018527,
        0.668220 0.064119 -1.080585,
        0.668624 0.066337 -1.068971,
        0.680083 0.076986 -1.068944,
        0.652259 0.035909 -1.036585,
        0.656920 0.039769 -1.028908,
        0.650064 0.035967 -1.042216,
        0.657308 0.040380 -1.029083,
        0.645030 0.027249 -1.052398,
        0.647450 0.031926 -1.044506,
        0.649007 0.033216 -1.041941,
        0.642484 0.022329 -1.060699,
        0.642544 0.022443 -1.060506,
        0.645066 0.028388 -1.068265,
        0.643581 0.024447 -1.057125,
        0.642121 0.011580 -1.076716,
        0.642306 0.017028 -1.068598,
        0.642317 0.017386 -1.068064,
        0.642118 0.011494 -1.076844,
        0.644426 0.018675 -1.080461,
        0.643107 0.008791 -1.080382,
        0.646875 0.008283 -1.091885,
        0.646324 -0.000000 -1.091885,
        0.659570 0.043937 -1.030103,
        0.663687 0.049926 -1.031883,
        0.654889 0.044326 -1.043490,
        0.658777 0.050157 -1.044318,
        0.663976 0.050308 -1.031987,
        0.666684 0.053894 -1.032963,
        0.661720 0.054139 -1.044820,
        0.647941 0.030567 -1.080470,
        0.651367 0.038794 -1.080496,
        0.652122 0.031454 -1.091885,
        0.649507 0.023832 -1.091885,
        0.649127 0.021946 -1.091885,
        0.647123 0.012006 -1.091885,
        0.668642 0.056301 -1.033530,
        0.668871 0.056583 -1.033596,
        0.673991 0.062252 -1.034567,
        0.649248 0.038296 -1.068472,
        0.652837 0.045111 -1.068622,
        0.662153 0.058859 -1.068887,
        0.661102 0.055296 -1.080563,
        0.677229 0.065439 -1.034850,
        0.673272 0.067096 -1.045851,
        0.668677 0.062380 -1.045607,
        0.669494 0.060363 -1.091885,
        0.665706 0.056498 -1.091885,
        0.662128 0.050314 -1.091885,
        0.653443 0.035302 -1.091885,
        0.644424 0.026169 -1.055165,
        0.648600 0.037052 -1.055779,
        0.652900 0.044899 -1.056287,
        0.656322 0.050278 -1.056611,
        0.664699 0.061240 -1.057140,
        0.670320 0.067337 -1.057305,
        0.681281 0.074250 -1.045833,
        0.680135 0.076282 -1.057282,
        0.683409 0.075959 -1.045746,
        0.682736 0.078361 -1.057217,
        0.693826 0.083389 -1.044907,
        0.695407 0.087117 -1.056611,
        0.704502 0.089687 -1.043479,
        0.708268 0.094132 -1.055611,
        0.681126 0.076347 -1.080564,
        0.683134 0.079395 -1.068904,
        0.684595 0.079039 -1.080546,
        0.698007 0.089201 -1.068538,
        0.701564 0.089590 -1.080394,
        0.713047 0.096525 -1.067962,
        0.718700 0.096794 -1.080172,
        0.683182 0.074331 -1.091885,
        0.687333 0.076902 -1.091885,
        0.704833 0.087741 -1.091885,
        0.725195 0.094536 -1.091885,
        0.729368 0.095929 -1.091885,
        0.701860 0.083318 -1.031921,
        0.694960 0.079117 -1.033370,
        0.693306 0.078110 -1.033717,
        0.685137 0.072244 -1.034745,
        0.683495 0.070935 -1.034850,
        0.677411 0.065618 -1.034867,
        0.644189 0.025622 -1.055142,
        0.641446 0.005775 -1.076135,
        0.654167 -0.034314 -1.027685,
        0.652233 -0.030517 -1.026826,
        0.647843 -0.027588 -1.034783,
        0.642588 -0.022651 -1.060688,
        0.642611 -0.022695 -1.060613,
        0.641273 -0.016898 -1.059966,
        0.644656 0.023991 -1.043078,
        0.641266 -0.000115 -1.031898,
        0.642945 0.000088 -1.022700,
        0.642800 0.002291 -1.022635,
        0.643719 0.007985 -1.023044,
        0.644134 0.010559 -1.023228,
        0.642114 0.009192 -1.032281,
        0.644439 0.012446 -1.023363,
        0.643111 0.013813 -1.032727,
        0.645361 0.014822 -1.023773,
        0.645689 0.015667 -1.023919,
        0.644422 0.018385 -1.033304,
        0.646898 0.018781 -1.024456,
        0.641481 0.004543 -1.031996,
        0.640690 0.007869 -1.041319,
        0.640145 -0.000099 -1.041059,
        0.647360 0.019970 -1.024661,
        0.647632 0.020670 -1.024782,
        0.647747 0.027376 -1.034739,
        0.650735 0.028664 -1.026161,
        0.651728 0.030519 -1.026602,
        0.650845 0.028946 -1.026209,
        0.642267 0.015918 -1.042037,
        0.643274 0.005226 -1.022846,
        0.639442 -0.000068 -1.058987,
        0.640215 0.011033 -1.059426,
        0.641256 -0.000035 -1.075926,
        0.641454 -0.005847 -1.076144,
        0.640415 -0.008579 -1.067893,
        0.639627 -0.005544 -1.059104,
        0.640240 -0.011173 -1.059443,
        0.657055 -0.039987 -1.028968,
        0.652385 -0.036144 -1.036662,
        0.649138 -0.033472 -1.042012,
        0.644730 -0.024182 -1.043114,
        0.647622 -0.032224 -1.044509,
        0.645135 -0.027495 -1.052501,
        0.642528 -0.020631 -1.051559,
        0.644291 -0.025889 -1.055217,
        0.647411 -0.021046 -1.024684,
        0.647402 -0.021028 -1.024680,
        0.643171 -0.014037 -1.032754,
        0.646905 -0.020051 -1.024459,
        0.645731 -0.015963 -1.023937,
        0.645359 -0.014666 -1.023772,
        0.644243 -0.010776 -1.023276,
        0.642156 -0.009420 -1.032300,
        0.643490 -0.008150 -1.022942,
        0.641503 -0.004773 -1.032006,
        0.643315 -0.005511 -1.022864,
        0.643129 -0.002688 -1.022781,
        0.642959 -0.000115 -1.022706,
        0.648647 -0.023472 -1.025233,
        0.644497 -0.018607 -1.033337,
        0.642322 -0.016116 -1.042065,
        0.640719 -0.008068 -1.041333,
        0.640988 0.012845 -1.068250,
        0.641741 0.008716 -1.076400,
        0.641237 0.016760 -1.059941,
        0.642474 0.020465 -1.051528,
        0.639522 -0.000084 -1.050139,
        0.639845 0.006627 -1.050307,
        0.640856 0.013494 -1.050796,
        0.645224 -0.003070 -1.087926,
        0.643135 -0.008900 -1.080406,
        0.642183 -0.011555 -1.076981,
        0.642390 -0.017211 -1.068676,
        0.642404 -0.017591 -1.068118,
        0.720084 -0.096482 -1.038347,
        0.715487 -0.090187 -1.027998,
        0.711069 -0.088119 -1.029383,
        0.647123 -0.012006 -1.091885,
        0.648737 -0.020011 -1.091885,
        0.647351 -0.028906 -1.080467,
        0.642911 -0.010463 -1.080481,
        0.642796 -0.021443 -1.068143,
        0.645989 -0.031469 -1.055413,
        0.652349 -0.040102 -1.042850,
        0.661596 -0.046961 -1.031009,
        0.715781 -0.095227 -1.041524,
        0.721183 -0.097368 -1.040518,
        0.721706 -0.099898 -1.054300,
        0.728080 -0.101894 -1.053644,
        0.725581 -0.100915 -1.049211,
        0.728633 -0.101965 -1.067257,
        0.735928 -0.103604 -1.066899,
        0.731829 -0.103364 -1.060295,
        0.753312 -0.098425 -1.091885,
        0.745885 -0.102102 -1.081925,
        0.736317 -0.101355 -1.079936,
        0.744441 -0.102434 -1.079802,
        0.738658 -0.103763 -1.071299,
        0.703475 -0.084214 -1.031515,
        0.706496 -0.090742 -1.043161,
        0.700351 -0.082342 -1.032194,
        0.694057 -0.083538 -1.044882,
        0.744544 -0.097511 -1.091885,
        0.721857 -0.097809 -1.080129,
        0.729368 -0.095929 -1.091885,
        0.701938 -0.089780 -1.080389,
        0.706465 -0.088285 -1.091885,
        0.693489 -0.078230 -1.033685,
        0.689289 -0.075350 -1.034320,
        0.688735 -0.079939 -1.045397,
        0.684155 -0.071393 -1.034754,
        0.679975 -0.073164 -1.045870,
        0.672234 -0.068354 -1.080587,
        0.681120 -0.072226 -1.091885,
        0.679001 -0.074588 -1.080573,
        0.683182 -0.074331 -1.091885,
        0.693287 -0.084936 -1.080480,
        0.697120 -0.082963 -1.091885,
        0.704833 -0.087741 -1.091885,
        0.682493 -0.070111 -1.034895,
        0.679306 -0.067359 -1.034930,
        0.675789 -0.069478 -1.045902,
        0.673754 -0.062007 -1.034537,
        0.668356 -0.062031 -1.045582,
        0.671588 -0.059693 -1.034196,
        0.665415 -0.058700 -1.045305,
        0.656322 -0.048065 -1.080534,
        0.661667 -0.049517 -1.091885,
        0.660620 -0.054624 -1.080560,
        0.665706 -0.056498 -1.091885,
        0.674016 -0.064978 -1.091885,
        0.668751 -0.056317 -1.033466,
        0.668640 -0.056185 -1.033438,
        0.658212 -0.049352 -1.044209,
        0.649507 -0.023832 -1.091885,
        0.653443 -0.035302 -1.091885,
        0.657283 -0.041939 -1.091885,
        0.666258 -0.053351 -1.032824,
        0.652257 -0.043812 -1.056218,
        0.660739 -0.056385 -1.056935,
        0.664308 -0.060783 -1.057123,
        0.673407 -0.070358 -1.057338,
        0.678537 -0.074949 -1.057310,
        0.689229 -0.083110 -1.056962,
        0.695686 -0.087287 -1.056593,
        0.710656 -0.095263 -1.055393,
        0.648595 -0.036919 -1.068442,
        0.657681 -0.052809 -1.068781,
        0.661708 -0.058294 -1.068878,
        0.672213 -0.069981 -1.068986,
        0.678209 -0.075427 -1.068963,
        0.690757 -0.084789 -1.068748,
        0.698335 -0.089385 -1.068527,
        0.715828 -0.097643 -1.067841,
        0.724928 -0.094129 -1.024742,
        0.751657 -0.103424 -1.015134,
        0.744156 -0.101138 -1.017755,
        0.752344 -0.107475 -1.030872,
        0.791161 -0.098702 -1.082229,
        0.809641 -0.092333 -1.083049,
        0.781422 -0.105968 -1.070757,
        0.800111 -0.103120 -1.071465,
        0.771407 -0.109946 -1.057984,
        0.789913 -0.110180 -1.057772,
        0.761566 -0.110456 -1.044487,
        0.779607 -0.113122 -1.042722,
        0.769762 -0.111787 -1.027144,
        0.760919 -0.106247 -1.011898,
        0.775926 -0.095686 -1.091885,
        0.781003 -0.095071 -1.091885,
        0.799949 -0.087852 -1.091885,
        0.806806 -0.085239 -1.091885,
        0.817978 -0.078412 -1.091885,
        0.734344 -0.101932 -1.035088,
        0.727874 -0.095360 -1.023726,
        0.741798 -0.106029 -1.046997,
        0.749979 -0.107508 -1.059041,
        0.758603 -0.106319 -1.070804,
        0.767374 -0.102502 -1.081879,
      ]
    }
    coordIndex [
      181, 182, 183, -1,
      184, 185, 186, -1,
      186, 185, 187, -1,
      186, 187, 123, -1,
      188, 189, 190, -1,
      189, 191, 190, -1,
      190, 191, 192, -1,
      190, 192, 184, -1,
      193, 194, 195, -1,
      195, 194, 196, -1,
      195, 196, 181, -1,
      61, 193, 62, -1,
      62, 193, 195, -1,
      62, 195, 63, -1,
      63, 195, 197, -1,
      63, 197, 64, -1,
      123, 122, 186, -1,
      186, 122, 121, -1,
      186, 121, 198, -1,
      64, 197, 59, -1,
      59, 197, 199, -1,
      59, 199, 42, -1,
      121, 120, 198, -1,
      198, 120, 124, -1,
      198, 124, 200, -1,
      124, 125, 200, -1,
      200, 125, 126, -1,
      200, 126, 201, -1,
      42, 199, 43, -1,
      43, 199, 202, -1,
      43, 202, 56, -1,
      56, 202, 203, -1,
      56, 203, 57, -1,
      126, 127, 201, -1,
      201, 127, 128, -1,
      201, 128, 204, -1,
      57, 203, 58, -1,
      58, 203, 205, -1,
      58, 205, 51, -1,
      51, 205, 206, -1,
      51, 206, 52, -1,
      52, 206, 207, -1,
      52, 207, 53, -1,
      53, 207, 208, -1,
      53, 208, 54, -1,
      184, 186, 190, -1,
      190, 186, 198, -1,
      190, 198, 209, -1,
      209, 198, 200, -1,
      209, 200, 210, -1,
      210, 200, 201, -1,
      210, 201, 211, -1,
      211, 201, 204, -1,
      211, 204, 212, -1,
      212, 204, 213, -1,
      212, 213, 214, -1,
      214, 213, 215, -1,
      214, 215, 216, -1,
      216, 215, 217, -1,
      216, 217, 218, -1,
      218, 217, 219, -1,
      218, 219, 220, -1,
      181, 183, 195, -1,
      195, 183, 221, -1,
      195, 221, 197, -1,
      197, 221, 222, -1,
      197, 222, 199, -1,
      199, 222, 223, -1,
      199, 223, 202, -1,
      202, 223, 224, -1,
      202, 224, 203, -1,
      203, 224, 225, -1,
      203, 225, 205, -1,
      205, 225, 226, -1,
      205, 226, 206, -1,
      206, 226, 227, -1,
      206, 227, 207, -1,
      207, 227, 228, -1,
      207, 228, 208, -1,
      208, 228, 229, -1,
      208, 229, 230, -1,
      135, 231, 134, -1,
      134, 231, 219, -1,
      134, 219, 133, -1,
      133, 219, 217, -1,
      133, 217, 132, -1,
      132, 217, 215, -1,
      132, 215, 131, -1,
      131, 215, 213, -1,
      131, 213, 130, -1,
      130, 213, 204, -1,
      130, 204, 129, -1,
      129, 204, 128, -1,
      231, 232, 219, -1,
      219, 232, 233, -1,
      219, 233, 220, -1,
      220, 233, 234, -1,
      220, 234, 235, -1,
      182, 188, 183, -1,
      183, 188, 190, -1,
      183, 190, 221, -1,
      221, 190, 209, -1,
      221, 209, 222, -1,
      222, 209, 210, -1,
      222, 210, 223, -1,
      223, 210, 211, -1,
      223, 211, 224, -1,
      224, 211, 212, -1,
      224, 212, 225, -1,
      225, 212, 214, -1,
      225, 214, 226, -1,
      226, 214, 216, -1,
      226, 216, 227, -1,
      227, 216, 218, -1,
      227, 218, 228, -1,
      228, 218, 220, -1,
      228, 220, 229, -1,
      229, 220, 235, -1,
      235, 236, 229, -1,
      229, 236, 237, -1,
      229, 237, 230, -1,
      230, 237, 238, -1,
      230, 238, 239, -1,
      54, 208, 55, -1,
      55, 208, 230, -1,
      55, 230, 48, -1,
      48, 230, 239, -1,
      48, 239, 49, -1,
      45, 44, 240, -1,
      178, 156, 241, -1,
      47, 50, 242, -1,
      242, 50, 49, -1,
      243, 234, 244, -1,
      244, 234, 233, -1,
      244, 233, 245, -1,
      245, 233, 232, -1,
      245, 232, 231, -1,
      246, 236, 243, -1,
      243, 236, 235, -1,
      243, 235, 234, -1,
      49, 239, 242, -1,
      242, 239, 238, -1,
      242, 238, 246, -1,
      246, 238, 237, -1,
      246, 237, 236, -1,
      46, 47, 247, -1,
      247, 47, 242, -1,
      247, 242, 248, -1,
      248, 242, 246, -1,
      248, 246, 249, -1,
      249, 246, 243, -1,
      249, 243, 250, -1,
      250, 243, 244, -1,
      250, 244, 251, -1,
      251, 244, 245, -1,
      44, 46, 240, -1,
      240, 46, 247, -1,
      240, 247, 252, -1,
      252, 247, 248, -1,
      252, 248, 253, -1,
      253, 248, 249, -1,
      253, 249, 254, -1,
      254, 249, 250, -1,
      254, 250, 255, -1,
      255, 250, 251, -1,
      178, 241, 179, -1,
      10, 45, 256, -1,
      256, 45, 240, -1,
      256, 240, 257, -1,
      257, 240, 252, -1,
      257, 252, 258, -1,
      258, 252, 253, -1,
      258, 253, 259, -1,
      259, 253, 254, -1,
      259, 254, 241, -1,
      241, 254, 255, -1,
      241, 255, 179, -1,
      179, 255, 251, -1,
      179, 251, 180, -1,
      180, 251, 245, -1,
      180, 245, 177, -1,
      177, 245, 231, -1,
      177, 231, 135, -1,
      260, 261, 262, -1,
      263, 264, 265, -1,
      194, 193, 266, -1,
      71, 70, 267, -1,
      66, 65, 268, -1,
      268, 65, 106, -1,
      66, 268, 67, -1,
      67, 268, 266, -1,
      67, 266, 68, -1,
      68, 266, 60, -1,
      60, 266, 193, -1,
      60, 193, 61, -1,
      269, 270, 271, -1,
      271, 270, 272, -1,
      271, 272, 196, -1,
      196, 194, 271, -1,
      271, 194, 266, -1,
      271, 266, 269, -1,
      269, 266, 268, -1,
      269, 268, 273, -1,
      273, 268, 106, -1,
      273, 106, 105, -1,
      274, 275, 276, -1,
      276, 275, 277, -1,
      276, 277, 185, -1,
      185, 184, 276, -1,
      276, 184, 192, -1,
      276, 192, 274, -1,
      274, 192, 191, -1,
      274, 191, 189, -1,
      278, 279, 280, -1,
      280, 279, 265, -1,
      280, 265, 281, -1,
      281, 265, 264, -1,
      281, 264, 282, -1,
      81, 83, 283, -1,
      283, 83, 84, -1,
      284, 285, 286, -1,
      286, 285, 283, -1,
      286, 283, 287, -1,
      287, 283, 84, -1,
      287, 84, 85, -1,
      288, 289, 290, -1,
      82, 261, 80, -1,
      80, 261, 260, -1,
      80, 260, 79, -1,
      79, 260, 78, -1,
      77, 291, 76, -1,
      76, 291, 292, -1,
      70, 73, 267, -1,
      267, 73, 74, -1,
      267, 74, 292, -1,
      292, 74, 75, -1,
      292, 75, 76, -1,
      293, 294, 295, -1,
      291, 295, 292, -1,
      292, 295, 296, -1,
      292, 296, 267, -1,
      267, 296, 297, -1,
      267, 297, 71, -1,
      71, 297, 72, -1,
      82, 81, 261, -1,
      261, 81, 283, -1,
      261, 283, 262, -1,
      262, 283, 285, -1,
      262, 285, 288, -1,
      288, 285, 284, -1,
      288, 284, 289, -1,
      77, 78, 291, -1,
      291, 78, 260, -1,
      291, 260, 295, -1,
      295, 260, 262, -1,
      295, 262, 293, -1,
      293, 262, 288, -1,
      293, 288, 298, -1,
      298, 288, 290, -1,
      298, 290, 299, -1,
      278, 123, 187, -1,
      300, 301, 302, -1,
      302, 301, 279, -1,
      302, 279, 275, -1,
      275, 279, 278, -1,
      275, 278, 277, -1,
      277, 278, 187, -1,
      277, 187, 185, -1,
      280, 123, 278, -1,
      188, 182, 272, -1,
      272, 182, 181, -1,
      272, 181, 196, -1,
      189, 188, 274, -1,
      274, 188, 272, -1,
      274, 272, 275, -1,
      275, 272, 270, -1,
      275, 270, 302, -1,
      302, 270, 269, -1,
      302, 269, 300, -1,
      300, 269, 273, -1,
      300, 273, 303, -1,
      303, 273, 105, -1,
      303, 105, 69, -1,
      282, 304, 281, -1,
      281, 304, 305, -1,
      281, 305, 280, -1,
      280, 305, 306, -1,
      280, 306, 123, -1,
      299, 307, 298, -1,
      298, 307, 263, -1,
      298, 263, 293, -1,
      293, 263, 265, -1,
      293, 265, 294, -1,
      294, 265, 279, -1,
      294, 279, 295, -1,
      295, 279, 301, -1,
      295, 301, 296, -1,
      296, 301, 300, -1,
      296, 300, 297, -1,
      297, 300, 303, -1,
      297, 303, 72, -1,
      72, 303, 69, -1,
      308, 154, 153, -1,
      309, 310, 311, -1,
      310, 4, 3, -1,
      312, 313, 314, -1,
      314, 313, 309, -1,
      315, 316, 317, -1,
      317, 316, 312, -1,
      318, 319, 320, -1,
      320, 319, 315, -1,
      321, 322, 318, -1,
      310, 3, 311, -1,
      311, 3, 2, -1,
      311, 2, 323, -1,
      2, 6, 323, -1,
      323, 6, 7, -1,
      323, 7, 324, -1,
      152, 161, 325, -1,
      325, 161, 160, -1,
      325, 160, 326, -1,
      326, 160, 159, -1,
      326, 159, 321, -1,
      321, 159, 113, -1,
      321, 113, 322, -1,
      7, 8, 324, -1,
      324, 8, 9, -1,
      324, 9, 327, -1,
      327, 9, 12, -1,
      327, 12, 328, -1,
      152, 325, 153, -1,
      153, 325, 329, -1,
      153, 329, 308, -1,
      11, 330, 14, -1,
      14, 330, 328, -1,
      14, 328, 13, -1,
      13, 328, 12, -1,
      309, 311, 314, -1,
      314, 311, 323, -1,
      314, 323, 331, -1,
      331, 323, 324, -1,
      331, 324, 332, -1,
      332, 324, 327, -1,
      332, 327, 333, -1,
      333, 327, 328, -1,
      333, 328, 334, -1,
      334, 328, 330, -1,
      334, 330, 335, -1,
      312, 314, 317, -1,
      317, 314, 331, -1,
      317, 331, 336, -1,
      336, 331, 332, -1,
      336, 332, 337, -1,
      337, 332, 333, -1,
      337, 333, 338, -1,
      338, 333, 334, -1,
      338, 334, 339, -1,
      339, 334, 335, -1,
      339, 335, 340, -1,
      315, 317, 320, -1,
      320, 317, 336, -1,
      320, 336, 341, -1,
      341, 336, 337, -1,
      341, 337, 342, -1,
      342, 337, 338, -1,
      342, 338, 343, -1,
      343, 338, 339, -1,
      343, 339, 344, -1,
      344, 339, 340, -1,
      344, 340, 345, -1,
      318, 320, 321, -1,
      321, 320, 341, -1,
      321, 341, 326, -1,
      326, 341, 342, -1,
      326, 342, 325, -1,
      325, 342, 343, -1,
      325, 343, 329, -1,
      329, 343, 344, -1,
      329, 344, 308, -1,
      308, 344, 345, -1,
      308, 345, 346, -1,
      11, 10, 330, -1,
      330, 10, 256, -1,
      330, 256, 335, -1,
      335, 256, 257, -1,
      335, 257, 340, -1,
      340, 257, 258, -1,
      340, 258, 345, -1,
      345, 258, 259, -1,
      345, 259, 346, -1,
      346, 259, 241, -1,
      346, 241, 156, -1,
      156, 157, 346, -1,
      346, 157, 158, -1,
      346, 158, 308, -1,
      308, 158, 155, -1,
      308, 155, 154, -1,
      347, 348, 349, -1,
      350, 351, 352, -1,
      353, 139, 138, -1,
      354, 286, 287, -1,
      299, 290, 355, -1,
      355, 290, 289, -1,
      355, 289, 354, -1,
      354, 289, 284, -1,
      354, 284, 286, -1,
      299, 355, 307, -1,
      307, 355, 356, -1,
      307, 356, 263, -1,
      305, 304, 357, -1,
      357, 304, 282, -1,
      357, 282, 356, -1,
      356, 282, 264, -1,
      356, 264, 263, -1,
      149, 148, 357, -1,
      305, 357, 306, -1,
      306, 357, 148, -1,
      306, 148, 123, -1,
      351, 358, 359, -1,
      359, 358, 360, -1,
      359, 360, 353, -1,
      350, 352, 348, -1,
      361, 362, 347, -1,
      97, 104, 363, -1,
      364, 97, 361, -1,
      361, 97, 363, -1,
      361, 363, 362, -1,
      365, 95, 366, -1,
      366, 95, 99, -1,
      366, 99, 364, -1,
      364, 99, 98, -1,
      364, 98, 97, -1,
      353, 138, 359, -1,
      359, 138, 137, -1,
      359, 137, 367, -1,
      367, 137, 136, -1,
      367, 136, 368, -1,
      368, 136, 144, -1,
      368, 144, 369, -1,
      369, 144, 143, -1,
      369, 143, 370, -1,
      143, 142, 370, -1,
      370, 142, 141, -1,
      370, 141, 140, -1,
      147, 371, 140, -1,
      140, 371, 372, -1,
      140, 372, 370, -1,
      351, 359, 352, -1,
      352, 359, 367, -1,
      352, 367, 373, -1,
      373, 367, 368, -1,
      373, 368, 374, -1,
      374, 368, 369, -1,
      374, 369, 375, -1,
      375, 369, 370, -1,
      375, 370, 376, -1,
      376, 370, 372, -1,
      376, 372, 377, -1,
      377, 372, 371, -1,
      377, 371, 378, -1,
      378, 371, 379, -1,
      378, 379, 380, -1,
      348, 352, 349, -1,
      349, 352, 373, -1,
      349, 373, 381, -1,
      381, 373, 374, -1,
      381, 374, 382, -1,
      382, 374, 375, -1,
      382, 375, 383, -1,
      383, 375, 376, -1,
      383, 376, 384, -1,
      384, 376, 377, -1,
      384, 377, 385, -1,
      385, 377, 378, -1,
      385, 378, 386, -1,
      386, 378, 380, -1,
      386, 380, 387, -1,
      347, 349, 361, -1,
      361, 349, 381, -1,
      361, 381, 364, -1,
      364, 381, 382, -1,
      364, 382, 366, -1,
      366, 382, 383, -1,
      366, 383, 365, -1,
      365, 383, 384, -1,
      365, 384, 388, -1,
      388, 384, 385, -1,
      388, 385, 389, -1,
      389, 385, 386, -1,
      389, 386, 390, -1,
      390, 386, 387, -1,
      390, 387, 391, -1,
      391, 93, 390, -1,
      390, 93, 92, -1,
      390, 92, 389, -1,
      389, 92, 91, -1,
      389, 91, 388, -1,
      388, 91, 90, -1,
      388, 90, 365, -1,
      365, 90, 96, -1,
      365, 96, 95, -1,
      145, 151, 392, -1,
      392, 151, 150, -1,
      87, 89, 391, -1,
      89, 88, 391, -1,
      391, 88, 94, -1,
      391, 94, 93, -1,
      150, 149, 392, -1,
      392, 149, 357, -1,
      392, 357, 393, -1,
      393, 357, 356, -1,
      393, 356, 394, -1,
      394, 356, 355, -1,
      394, 355, 395, -1,
      395, 355, 354, -1,
      147, 146, 371, -1,
      371, 146, 145, -1,
      371, 145, 379, -1,
      379, 145, 392, -1,
      379, 392, 380, -1,
      380, 392, 393, -1,
      380, 393, 387, -1,
      387, 393, 394, -1,
      387, 394, 391, -1,
      391, 394, 395, -1,
      391, 395, 87, -1,
      87, 395, 354, -1,
      87, 354, 86, -1,
      86, 354, 287, -1,
      86, 287, 85, -1,
      310, 309, 396, -1,
      319, 318, 397, -1,
      397, 318, 322, -1,
      398, 315, 319, -1,
      309, 313, 399, -1,
      399, 313, 312, -1,
      399, 312, 316, -1,
      310, 396, 4, -1,
      400, 40, 401, -1,
      401, 40, 41, -1,
      401, 41, 396, -1,
      396, 41, 5, -1,
      396, 5, 4, -1,
      402, 36, 403, -1,
      403, 36, 35, -1,
      403, 35, 404, -1,
      404, 35, 34, -1,
      404, 34, 400, -1,
      400, 34, 39, -1,
      400, 39, 40, -1,
      405, 32, 406, -1,
      406, 32, 38, -1,
      406, 38, 402, -1,
      402, 38, 37, -1,
      402, 37, 36, -1,
      407, 31, 405, -1,
      405, 31, 33, -1,
      405, 33, 32, -1,
      319, 397, 398, -1,
      398, 397, 408, -1,
      398, 408, 409, -1,
      409, 408, 410, -1,
      409, 410, 411, -1,
      411, 410, 412, -1,
      411, 412, 413, -1,
      413, 412, 414, -1,
      413, 414, 415, -1,
      415, 414, 416, -1,
      415, 416, 417, -1,
      417, 416, 418, -1,
      417, 418, 419, -1,
      419, 418, 420, -1,
      419, 420, 421, -1,
      421, 420, 422, -1,
      421, 422, 423, -1,
      423, 422, 424, -1,
      423, 424, 425, -1,
      425, 424, 426, -1,
      425, 426, 427, -1,
      309, 399, 396, -1,
      396, 399, 428, -1,
      396, 428, 401, -1,
      401, 428, 429, -1,
      401, 429, 400, -1,
      400, 429, 430, -1,
      400, 430, 404, -1,
      404, 430, 431, -1,
      404, 431, 403, -1,
      403, 431, 432, -1,
      403, 432, 402, -1,
      402, 432, 433, -1,
      402, 433, 406, -1,
      406, 433, 434, -1,
      406, 434, 405, -1,
      405, 434, 435, -1,
      405, 435, 407, -1,
      407, 435, 436, -1,
      407, 436, 437, -1,
      437, 436, 438, -1,
      437, 438, 439, -1,
      26, 30, 439, -1,
      439, 30, 29, -1,
      439, 29, 437, -1,
      437, 29, 1, -1,
      437, 1, 407, -1,
      407, 1, 0, -1,
      407, 0, 31, -1,
      108, 107, 440, -1,
      440, 426, 108, -1,
      108, 426, 424, -1,
      108, 424, 114, -1,
      114, 424, 422, -1,
      114, 422, 111, -1,
      111, 422, 420, -1,
      111, 420, 110, -1,
      110, 420, 418, -1,
      110, 418, 109, -1,
      109, 418, 416, -1,
      109, 416, 115, -1,
      115, 416, 414, -1,
      115, 414, 116, -1,
      116, 414, 412, -1,
      116, 412, 117, -1,
      117, 412, 410, -1,
      117, 410, 118, -1,
      118, 410, 408, -1,
      118, 408, 119, -1,
      119, 408, 397, -1,
      119, 397, 112, -1,
      112, 397, 322, -1,
      112, 322, 113, -1,
      440, 441, 426, -1,
      426, 441, 442, -1,
      426, 442, 427, -1,
      427, 442, 443, -1,
      427, 443, 444, -1,
      444, 438, 427, -1,
      427, 438, 436, -1,
      427, 436, 425, -1,
      425, 436, 435, -1,
      425, 435, 423, -1,
      423, 435, 434, -1,
      423, 434, 421, -1,
      421, 434, 433, -1,
      421, 433, 419, -1,
      419, 433, 432, -1,
      419, 432, 417, -1,
      417, 432, 431, -1,
      417, 431, 415, -1,
      415, 431, 430, -1,
      415, 430, 413, -1,
      413, 430, 429, -1,
      413, 429, 411, -1,
      411, 429, 428, -1,
      411, 428, 409, -1,
      409, 428, 399, -1,
      409, 399, 398, -1,
      398, 399, 316, -1,
      398, 316, 315, -1,
      444, 445, 438, -1,
      438, 445, 446, -1,
      438, 446, 439, -1,
      439, 446, 447, -1,
      439, 447, 26, -1,
      26, 447, 448, -1,
      26, 448, 27, -1,
      360, 358, 449, -1,
      139, 353, 450, -1,
      171, 174, 451, -1,
      451, 174, 452, -1,
      451, 452, 453, -1,
      454, 453, 455, -1,
      456, 454, 457, -1,
      458, 456, 459, -1,
      456, 457, 459, -1,
      459, 457, 460, -1,
      459, 460, 461, -1,
      23, 458, 100, -1,
      100, 458, 462, -1,
      100, 462, 101, -1,
      101, 462, 463, -1,
      101, 463, 102, -1,
      174, 173, 452, -1,
      452, 173, 176, -1,
      452, 176, 450, -1,
      450, 176, 175, -1,
      450, 175, 139, -1,
      453, 452, 455, -1,
      455, 452, 450, -1,
      455, 450, 449, -1,
      449, 450, 353, -1,
      449, 353, 360, -1,
      454, 455, 457, -1,
      457, 455, 449, -1,
      457, 449, 460, -1,
      460, 449, 358, -1,
      460, 358, 351, -1,
      351, 350, 460, -1,
      460, 350, 348, -1,
      460, 348, 461, -1,
      461, 348, 347, -1,
      461, 347, 362, -1,
      458, 459, 462, -1,
      462, 459, 461, -1,
      462, 461, 463, -1,
      463, 461, 362, -1,
      463, 362, 363, -1,
      363, 104, 463, -1,
      463, 104, 103, -1,
      463, 103, 102, -1,
      445, 444, 464, -1,
      458, 23, 22, -1,
      456, 458, 465, -1,
      454, 456, 466, -1,
      451, 453, 467, -1,
      172, 171, 468, -1,
      468, 171, 451, -1,
      172, 468, 167, -1,
      167, 468, 469, -1,
      167, 469, 166, -1,
      458, 22, 465, -1,
      465, 22, 21, -1,
      465, 21, 470, -1,
      470, 21, 20, -1,
      470, 20, 471, -1,
      166, 469, 165, -1,
      165, 469, 472, -1,
      165, 472, 168, -1,
      168, 472, 473, -1,
      168, 473, 169, -1,
      20, 19, 471, -1,
      471, 19, 18, -1,
      471, 18, 474, -1,
      474, 18, 17, -1,
      474, 17, 475, -1,
      475, 17, 16, -1,
      16, 15, 475, -1,
      475, 15, 25, -1,
      475, 25, 476, -1,
      476, 25, 477, -1,
      477, 25, 24, -1,
      477, 24, 28, -1,
      28, 27, 477, -1,
      477, 27, 448, -1,
      477, 448, 447, -1,
      456, 465, 466, -1,
      466, 465, 470, -1,
      466, 470, 478, -1,
      478, 470, 471, -1,
      478, 471, 479, -1,
      479, 471, 474, -1,
      479, 474, 480, -1,
      480, 474, 475, -1,
      480, 475, 481, -1,
      481, 475, 476, -1,
      481, 476, 482, -1,
      482, 476, 477, -1,
      482, 477, 483, -1,
      483, 477, 447, -1,
      483, 447, 446, -1,
      454, 466, 484, -1,
      484, 466, 478, -1,
      484, 478, 485, -1,
      485, 478, 479, -1,
      485, 479, 486, -1,
      486, 479, 480, -1,
      486, 480, 487, -1,
      487, 480, 481, -1,
      487, 481, 488, -1,
      488, 481, 482, -1,
      488, 482, 489, -1,
      489, 482, 483, -1,
      489, 483, 464, -1,
      464, 483, 446, -1,
      464, 446, 445, -1,
      444, 490, 464, -1,
      464, 490, 491, -1,
      464, 491, 489, -1,
      489, 491, 492, -1,
      489, 492, 488, -1,
      488, 492, 493, -1,
      488, 493, 487, -1,
      487, 493, 494, -1,
      487, 494, 486, -1,
      486, 494, 495, -1,
      486, 495, 485, -1,
      485, 495, 467, -1,
      485, 467, 484, -1,
      484, 467, 453, -1,
      484, 453, 454, -1,
      444, 443, 490, -1,
      490, 443, 442, -1,
      490, 442, 441, -1,
      451, 467, 468, -1,
      468, 467, 495, -1,
      468, 495, 469, -1,
      469, 495, 494, -1,
      469, 494, 472, -1,
      472, 494, 493, -1,
      472, 493, 473, -1,
      473, 493, 492, -1,
      473, 492, 496, -1,
      496, 492, 491, -1,
      496, 491, 497, -1,
      497, 491, 490, -1,
      497, 490, 498, -1,
      498, 490, 441, -1,
      498, 441, 440, -1,
      169, 473, 170, -1,
      170, 473, 496, -1,
      170, 496, 162, -1,
      162, 496, 497, -1,
      162, 497, 163, -1,
      163, 497, 498, -1,
      163, 498, 164, -1,
      164, 498, 440, -1,
      164, 440, 107, -1,
      499, 500, 501, -1,
      501, 500, 502, -1,
      501, 502, 503, -1,
      504, 505, 506, -1,
      506, 505, 507, -1,
      503, 502, 504, -1,
      504, 502, 508, -1,
      504, 508, 505, -1,
      509, 510, 511, -1,
      511, 510, 512, -1,
      511, 512, 513, -1,
      507, 505, 513, -1,
      513, 505, 514, -1,
      513, 514, 511, -1,
      515, 516, 517, -1,
      517, 516, 518, -1,
      518, 519, 517, -1,
      517, 519, 520, -1,
      517, 520, 511, -1,
      511, 520, 521, -1,
      511, 521, 509, -1,
      522, 523, 524, -1,
      522, 524, 525, -1,
      526, 527, 524, -1,
      528, 529, 524, -1,
      524, 529, 530, -1,
      530, 531, 524, -1,
      524, 531, 532, -1,
      524, 532, 526, -1,
      527, 533, 524, -1,
      524, 533, 534, -1,
      524, 534, 525, -1,
      535, 536, 537, -1,
      537, 536, 538, -1,
      538, 539, 537, -1,
      537, 539, 540, -1,
      537, 540, 524, -1,
      524, 540, 541, -1,
      524, 541, 528, -1,
      542, 543, 544, -1,
      545, 546, 547, -1,
      547, 548, 545, -1,
      545, 548, 549, -1,
      545, 549, 542, -1,
      542, 549, 550, -1,
      542, 550, 543, -1,
      551, 552, 553, -1,
      553, 552, 554, -1,
      553, 554, 555, -1,
      555, 554, 556, -1,
      555, 556, 557, -1,
      557, 556, 558, -1,
      557, 558, 559, -1,
      560, 517, 561, -1,
      561, 517, 511, -1,
      561, 511, 562, -1,
      562, 511, 514, -1,
      560, 563, 517, -1,
      517, 563, 524, -1,
      517, 524, 515, -1,
      515, 524, 523, -1,
      564, 537, 565, -1,
      565, 537, 524, -1,
      565, 524, 566, -1,
      566, 524, 563, -1,
      564, 567, 537, -1,
      537, 567, 542, -1,
      537, 542, 535, -1,
      535, 542, 544, -1,
      551, 568, 552, -1,
      552, 568, 569, -1,
      552, 569, 570, -1,
      570, 569, 546, -1,
      570, 546, 571, -1,
      571, 546, 545, -1,
      571, 545, 572, -1,
      572, 545, 542, -1,
      572, 542, 573, -1,
      573, 542, 567, -1,
      574, 575, 576, -1,
      577, 578, 579, -1,
      580, 581, 582, -1,
      583, 584, 585, -1,
      586, 587, 588, -1,
      588, 587, 583, -1,
      589, 590, 591, -1,
      591, 590, 586, -1,
      580, 582, 578, -1,
      577, 579, 592, -1,
      583, 585, 588, -1,
      588, 585, 593, -1,
      588, 593, 594, -1,
      593, 595, 594, -1,
      594, 595, 596, -1,
      594, 596, 597, -1,
      597, 596, 598, -1,
      597, 598, 599, -1,
      598, 600, 599, -1,
      599, 600, 601, -1,
      599, 601, 602, -1,
      602, 601, 603, -1,
      602, 603, 604, -1,
      604, 603, 605, -1,
      604, 605, 606, -1,
      605, 607, 606, -1,
      606, 607, 608, -1,
      606, 608, 609, -1,
      609, 608, 610, -1,
      609, 610, 611, -1,
      610, 612, 611, -1,
      611, 612, 613, -1,
      611, 613, 576, -1,
      576, 613, 614, -1,
      576, 614, 574, -1,
      586, 588, 591, -1,
      591, 588, 594, -1,
      591, 594, 615, -1,
      615, 594, 597, -1,
      615, 597, 616, -1,
      616, 597, 599, -1,
      616, 599, 617, -1,
      617, 599, 602, -1,
      617, 602, 618, -1,
      618, 602, 604, -1,
      618, 604, 619, -1,
      619, 604, 606, -1,
      619, 606, 620, -1,
      620, 606, 609, -1,
      620, 609, 621, -1,
      621, 609, 611, -1,
      621, 611, 622, -1,
      622, 611, 576, -1,
      622, 576, 623, -1,
      623, 576, 575, -1,
      623, 575, 624, -1,
      578, 582, 579, -1,
      579, 582, 625, -1,
      579, 625, 626, -1,
      626, 625, 627, -1,
      626, 627, 628, -1,
      628, 627, 629, -1,
      628, 629, 630, -1,
      630, 629, 631, -1,
      630, 631, 632, -1,
      632, 631, 633, -1,
      632, 633, 634, -1,
      634, 633, 635, -1,
      634, 635, 636, -1,
      636, 635, 637, -1,
      636, 637, 638, -1,
      638, 637, 639, -1,
      638, 639, 640, -1,
      640, 639, 641, -1,
      640, 641, 642, -1,
      642, 641, 643, -1,
      642, 643, 644, -1,
      645, 646, 647, -1,
      647, 646, 648, -1,
      647, 648, 574, -1,
      574, 648, 575, -1,
      575, 648, 649, -1,
      575, 649, 624, -1,
      624, 649, 650, -1,
      624, 650, 651, -1,
      651, 643, 624, -1,
      624, 643, 641, -1,
      624, 641, 623, -1,
      623, 641, 639, -1,
      623, 639, 622, -1,
      622, 639, 637, -1,
      622, 637, 621, -1,
      621, 637, 635, -1,
      621, 635, 620, -1,
      620, 635, 633, -1,
      620, 633, 619, -1,
      619, 633, 631, -1,
      619, 631, 618, -1,
      618, 631, 629, -1,
      618, 629, 617, -1,
      617, 629, 627, -1,
      617, 627, 616, -1,
      616, 627, 625, -1,
      616, 625, 615, -1,
      615, 625, 582, -1,
      615, 582, 591, -1,
      591, 582, 581, -1,
      591, 581, 589, -1,
      651, 652, 643, -1,
      643, 652, 653, -1,
      643, 653, 644, -1,
      644, 653, 654, -1,
      644, 654, 655, -1,
      592, 579, 656, -1,
      656, 579, 626, -1,
      656, 626, 657, -1,
      657, 626, 628, -1,
      657, 628, 658, -1,
      658, 628, 630, -1,
      658, 630, 659, -1,
      659, 630, 632, -1,
      659, 632, 660, -1,
      660, 632, 634, -1,
      660, 634, 661, -1,
      661, 634, 636, -1,
      661, 636, 662, -1,
      662, 636, 638, -1,
      662, 638, 663, -1,
      663, 638, 640, -1,
      663, 640, 664, -1,
      664, 640, 642, -1,
      664, 642, 665, -1,
      665, 642, 644, -1,
      665, 644, 666, -1,
      666, 644, 655, -1,
      666, 655, 667, -1,
      668, 669, 670, -1,
      671, 672, 673, -1,
      674, 675, 676, -1,
      677, 678, 679, -1,
      680, 681, 682, -1,
      683, 684, 685, -1,
      686, 687, 688, -1,
      688, 687, 584, -1,
      592, 689, 577, -1,
      577, 689, 690, -1,
      577, 690, 578, -1,
      578, 690, 691, -1,
      578, 691, 580, -1,
      580, 691, 581, -1,
      581, 691, 692, -1,
      581, 692, 589, -1,
      584, 583, 688, -1,
      688, 583, 587, -1,
      688, 587, 693, -1,
      693, 587, 586, -1,
      693, 586, 692, -1,
      692, 586, 590, -1,
      692, 590, 589, -1,
      684, 686, 685, -1,
      685, 686, 688, -1,
      685, 688, 694, -1,
      694, 688, 693, -1,
      694, 693, 695, -1,
      695, 693, 692, -1,
      695, 692, 696, -1,
      696, 692, 691, -1,
      696, 691, 697, -1,
      697, 691, 690, -1,
      697, 690, 698, -1,
      698, 690, 689, -1,
      699, 683, 700, -1,
      700, 683, 685, -1,
      700, 685, 701, -1,
      701, 685, 694, -1,
      701, 694, 702, -1,
      702, 694, 695, -1,
      702, 695, 703, -1,
      703, 695, 696, -1,
      703, 696, 704, -1,
      704, 696, 697, -1,
      704, 697, 705, -1,
      705, 697, 698, -1,
      678, 699, 679, -1,
      679, 699, 700, -1,
      679, 700, 706, -1,
      706, 700, 701, -1,
      706, 701, 707, -1,
      707, 701, 702, -1,
      707, 702, 708, -1,
      708, 702, 703, -1,
      708, 703, 682, -1,
      682, 703, 704, -1,
      682, 704, 680, -1,
      680, 704, 705, -1,
      672, 677, 673, -1,
      673, 677, 679, -1,
      673, 679, 709, -1,
      709, 679, 706, -1,
      709, 706, 710, -1,
      710, 706, 707, -1,
      710, 707, 711, -1,
      711, 707, 708, -1,
      711, 708, 712, -1,
      712, 708, 682, -1,
      712, 682, 713, -1,
      713, 682, 681, -1,
      714, 671, 715, -1,
      715, 671, 673, -1,
      715, 673, 716, -1,
      716, 673, 709, -1,
      716, 709, 717, -1,
      717, 709, 710, -1,
      717, 710, 718, -1,
      718, 710, 711, -1,
      718, 711, 676, -1,
      676, 711, 712, -1,
      676, 712, 674, -1,
      674, 712, 713, -1,
      719, 714, 720, -1,
      720, 714, 715, -1,
      720, 715, 721, -1,
      721, 715, 716, -1,
      721, 716, 722, -1,
      722, 716, 717, -1,
      722, 717, 723, -1,
      723, 717, 718, -1,
      723, 718, 670, -1,
      670, 718, 676, -1,
      670, 676, 668, -1,
      668, 676, 675, -1,
      724, 725, 726, -1,
      727, 719, 720, -1,
      728, 729, 730, -1,
      731, 732, 733, -1,
      734, 735, 736, -1,
      736, 735, 737, -1,
      738, 739, 740, -1,
      740, 741, 738, -1,
      738, 741, 742, -1,
      738, 742, 734, -1,
      734, 742, 743, -1,
      734, 743, 735, -1,
      733, 744, 731, -1,
      731, 744, 745, -1,
      731, 745, 746, -1,
      746, 745, 747, -1,
      746, 747, 739, -1,
      739, 747, 748, -1,
      739, 748, 740, -1,
      749, 732, 750, -1,
      750, 732, 731, -1,
      750, 731, 751, -1,
      751, 731, 746, -1,
      751, 746, 752, -1,
      752, 746, 739, -1,
      752, 739, 753, -1,
      753, 739, 738, -1,
      753, 738, 730, -1,
      730, 738, 734, -1,
      730, 734, 728, -1,
      728, 734, 736, -1,
      725, 749, 726, -1,
      726, 749, 750, -1,
      726, 750, 754, -1,
      754, 750, 751, -1,
      754, 751, 755, -1,
      755, 751, 752, -1,
      755, 752, 756, -1,
      756, 752, 753, -1,
      756, 753, 757, -1,
      757, 753, 730, -1,
      757, 730, 758, -1,
      758, 730, 729, -1,
      669, 724, 670, -1,
      670, 724, 726, -1,
      670, 726, 723, -1,
      723, 726, 754, -1,
      723, 754, 722, -1,
      722, 754, 755, -1,
      722, 755, 721, -1,
      721, 755, 756, -1,
      721, 756, 720, -1,
      720, 756, 757, -1,
      720, 757, 727, -1,
      727, 757, 758, -1,
      759, 760, 761, -1,
      762, 763, 764, -1,
      764, 763, 765, -1,
      766, 767, 764, -1,
      764, 767, 768, -1,
      764, 768, 762, -1,
      769, 770, 771, -1,
      771, 770, 772, -1,
      773, 774, 771, -1,
      771, 774, 775, -1,
      771, 775, 769, -1,
      776, 773, 777, -1,
      776, 777, 778, -1,
      778, 777, 779, -1,
      778, 779, 780, -1,
      765, 781, 764, -1,
      764, 781, 782, -1,
      764, 782, 783, -1,
      783, 782, 784, -1,
      782, 785, 784, -1,
      784, 785, 786, -1,
      784, 786, 787, -1,
      788, 789, 790, -1,
      790, 791, 788, -1,
      788, 791, 792, -1,
      788, 792, 777, -1,
      777, 792, 793, -1,
      777, 793, 779, -1,
      786, 794, 787, -1,
      787, 794, 795, -1,
      787, 795, 796, -1,
      773, 771, 777, -1,
      777, 771, 797, -1,
      777, 797, 788, -1,
      788, 797, 798, -1,
      788, 798, 789, -1,
      789, 798, 799, -1,
      789, 799, 800, -1,
      801, 802, 796, -1,
      796, 802, 803, -1,
      796, 803, 787, -1,
      804, 805, 800, -1,
      800, 805, 806, -1,
      800, 806, 789, -1,
      789, 806, 807, -1,
      789, 807, 790, -1,
      766, 764, 808, -1,
      808, 764, 783, -1,
      808, 783, 809, -1,
      809, 783, 784, -1,
      809, 784, 810, -1,
      810, 784, 787, -1,
      810, 787, 811, -1,
      811, 787, 803, -1,
      811, 803, 812, -1,
      812, 803, 802, -1,
      812, 802, 813, -1,
      813, 802, 814, -1,
      813, 814, 815, -1,
      815, 814, 816, -1,
      815, 816, 817, -1,
      817, 816, 818, -1,
      817, 818, 819, -1,
      819, 818, 820, -1,
      819, 820, 821, -1,
      759, 761, 822, -1,
      822, 761, 823, -1,
      822, 823, 824, -1,
      824, 823, 825, -1,
      824, 825, 826, -1,
      826, 825, 827, -1,
      826, 827, 828, -1,
      799, 760, 800, -1,
      800, 760, 759, -1,
      800, 759, 804, -1,
      804, 759, 822, -1,
      804, 822, 829, -1,
      829, 822, 824, -1,
      829, 824, 830, -1,
      830, 824, 826, -1,
      830, 826, 831, -1,
      831, 826, 828, -1,
      831, 828, 832, -1,
      832, 828, 833, -1,
      737, 735, 834, -1,
      834, 735, 820, -1,
      834, 820, 835, -1,
      835, 820, 818, -1,
      835, 818, 836, -1,
      836, 818, 816, -1,
      836, 816, 837, -1,
      837, 816, 814, -1,
      837, 814, 838, -1,
      838, 814, 802, -1,
      838, 802, 839, -1,
      839, 802, 801, -1,
      735, 743, 820, -1,
      820, 743, 742, -1,
      820, 742, 821, -1,
      821, 742, 741, -1,
      821, 741, 740, -1,
      740, 827, 821, -1,
      821, 827, 825, -1,
      821, 825, 819, -1,
      819, 825, 823, -1,
      819, 823, 817, -1,
      817, 823, 761, -1,
      817, 761, 815, -1,
      815, 761, 760, -1,
      815, 760, 813, -1,
      813, 760, 799, -1,
      813, 799, 812, -1,
      812, 799, 798, -1,
      812, 798, 811, -1,
      811, 798, 797, -1,
      811, 797, 810, -1,
      810, 797, 771, -1,
      810, 771, 809, -1,
      809, 771, 772, -1,
      809, 772, 808, -1,
      808, 772, 840, -1,
      808, 840, 766, -1,
      740, 748, 827, -1,
      827, 748, 747, -1,
      827, 747, 828, -1,
      828, 747, 745, -1,
      828, 745, 833, -1,
      833, 745, 744, -1,
      833, 744, 733, -1,
      778, 780, 841, -1,
      842, 843, 844, -1,
      845, 846, 847, -1,
      768, 767, 848, -1,
      849, 850, 851, -1,
      852, 853, 854, -1,
      854, 853, 855, -1,
      854, 855, 856, -1,
      855, 857, 856, -1,
      856, 857, 858, -1,
      856, 858, 859, -1,
      859, 858, 860, -1,
      861, 862, 863, -1,
      860, 864, 859, -1,
      859, 864, 865, -1,
      859, 865, 866, -1,
      866, 865, 867, -1,
      763, 762, 868, -1,
      868, 762, 866, -1,
      868, 866, 869, -1,
      869, 866, 867, -1,
      762, 768, 866, -1,
      866, 768, 848, -1,
      866, 848, 859, -1,
      859, 848, 870, -1,
      859, 870, 856, -1,
      856, 870, 862, -1,
      856, 862, 854, -1,
      854, 862, 861, -1,
      854, 861, 852, -1,
      852, 861, 871, -1,
      872, 873, 874, -1,
      874, 873, 841, -1,
      874, 841, 780, -1,
      874, 875, 872, -1,
      872, 875, 876, -1,
      872, 876, 877, -1,
      877, 876, 878, -1,
      879, 842, 880, -1,
      880, 842, 844, -1,
      880, 844, 881, -1,
      881, 844, 882, -1,
      881, 882, 883, -1,
      883, 882, 884, -1,
      884, 882, 885, -1,
      884, 885, 886, -1,
      887, 888, 889, -1,
      889, 888, 890, -1,
      889, 890, 891, -1,
      892, 893, 894, -1,
      894, 893, 895, -1,
      894, 895, 896, -1,
      895, 897, 896, -1,
      896, 897, 898, -1,
      896, 898, 849, -1,
      849, 898, 899, -1,
      849, 899, 850, -1,
      900, 887, 901, -1,
      901, 887, 889, -1,
      901, 889, 902, -1,
      902, 889, 903, -1,
      891, 892, 889, -1,
      889, 892, 894, -1,
      889, 894, 903, -1,
      903, 894, 896, -1,
      903, 896, 863, -1,
      863, 896, 849, -1,
      863, 849, 861, -1,
      861, 849, 851, -1,
      861, 851, 871, -1,
      843, 900, 844, -1,
      844, 900, 901, -1,
      844, 901, 882, -1,
      882, 901, 902, -1,
      882, 902, 885, -1,
      885, 902, 847, -1,
      885, 847, 886, -1,
      886, 847, 846, -1,
      904, 774, 905, -1,
      905, 774, 773, -1,
      905, 773, 776, -1,
      776, 778, 905, -1,
      905, 778, 841, -1,
      905, 841, 904, -1,
      904, 841, 873, -1,
      904, 873, 906, -1,
      772, 770, 906, -1,
      906, 770, 769, -1,
      906, 769, 904, -1,
      904, 769, 775, -1,
      904, 775, 774, -1,
      907, 766, 840, -1,
      877, 908, 872, -1,
      872, 908, 909, -1,
      872, 909, 873, -1,
      873, 909, 910, -1,
      873, 910, 906, -1,
      906, 910, 907, -1,
      906, 907, 772, -1,
      772, 907, 840, -1,
      780, 911, 874, -1,
      874, 911, 912, -1,
      874, 912, 875, -1,
      875, 912, 913, -1,
      875, 913, 876, -1,
      876, 913, 914, -1,
      876, 914, 878, -1,
      878, 914, 915, -1,
      767, 766, 848, -1,
      848, 766, 907, -1,
      848, 907, 870, -1,
      870, 907, 910, -1,
      870, 910, 862, -1,
      862, 910, 909, -1,
      862, 909, 863, -1,
      863, 909, 908, -1,
      863, 908, 903, -1,
      903, 908, 877, -1,
      903, 877, 902, -1,
      902, 877, 878, -1,
      902, 878, 847, -1,
      847, 878, 915, -1,
      847, 915, 845, -1,
      916, 917, 918, -1,
      911, 780, 919, -1,
      920, 921, 919, -1,
      919, 921, 922, -1,
      919, 922, 911, -1,
      845, 915, 923, -1,
      923, 915, 914, -1,
      914, 913, 922, -1,
      922, 913, 912, -1,
      922, 912, 911, -1,
      924, 846, 845, -1,
      883, 884, 924, -1,
      924, 884, 886, -1,
      924, 886, 846, -1,
      925, 881, 883, -1,
      926, 879, 880, -1,
      927, 928, 916, -1,
      929, 930, 931, -1,
      932, 933, 934, -1,
      935, 936, 937, -1,
      937, 936, 938, -1,
      937, 938, 939, -1,
      916, 918, 927, -1,
      927, 918, 940, -1,
      927, 940, 941, -1,
      941, 940, 942, -1,
      941, 942, 943, -1,
      935, 937, 944, -1,
      944, 937, 945, -1,
      944, 945, 946, -1,
      946, 945, 947, -1,
      946, 947, 948, -1,
      942, 949, 943, -1,
      943, 949, 950, -1,
      943, 950, 951, -1,
      951, 950, 952, -1,
      951, 952, 953, -1,
      954, 955, 956, -1,
      956, 955, 957, -1,
      956, 957, 958, -1,
      958, 957, 959, -1,
      958, 959, 947, -1,
      947, 959, 960, -1,
      947, 960, 948, -1,
      952, 961, 953, -1,
      953, 961, 962, -1,
      953, 962, 963, -1,
      963, 962, 964, -1,
      963, 964, 965, -1,
      965, 964, 966, -1,
      965, 966, 967, -1,
      968, 969, 970, -1,
      970, 969, 971, -1,
      970, 971, 954, -1,
      954, 971, 972, -1,
      954, 972, 955, -1,
      966, 973, 967, -1,
      967, 973, 974, -1,
      967, 974, 975, -1,
      920, 976, 921, -1,
      921, 976, 977, -1,
      921, 977, 968, -1,
      968, 977, 978, -1,
      968, 978, 969, -1,
      974, 979, 975, -1,
      975, 979, 926, -1,
      975, 926, 925, -1,
      925, 926, 880, -1,
      925, 880, 881, -1,
      883, 924, 925, -1,
      925, 924, 980, -1,
      925, 980, 975, -1,
      975, 980, 981, -1,
      975, 981, 967, -1,
      967, 981, 982, -1,
      967, 982, 965, -1,
      965, 982, 983, -1,
      965, 983, 963, -1,
      963, 983, 984, -1,
      963, 984, 953, -1,
      953, 984, 985, -1,
      953, 985, 951, -1,
      951, 985, 986, -1,
      951, 986, 943, -1,
      943, 986, 987, -1,
      943, 987, 941, -1,
      941, 987, 929, -1,
      941, 929, 927, -1,
      927, 929, 931, -1,
      927, 931, 928, -1,
      845, 923, 924, -1,
      924, 923, 988, -1,
      924, 988, 980, -1,
      980, 988, 989, -1,
      980, 989, 981, -1,
      981, 989, 990, -1,
      981, 990, 982, -1,
      982, 990, 991, -1,
      982, 991, 983, -1,
      983, 991, 992, -1,
      983, 992, 984, -1,
      984, 992, 993, -1,
      984, 993, 985, -1,
      985, 993, 994, -1,
      985, 994, 986, -1,
      986, 994, 995, -1,
      986, 995, 987, -1,
      987, 995, 932, -1,
      987, 932, 929, -1,
      929, 932, 934, -1,
      929, 934, 930, -1,
      914, 922, 923, -1,
      923, 922, 921, -1,
      923, 921, 988, -1,
      988, 921, 968, -1,
      988, 968, 989, -1,
      989, 968, 970, -1,
      989, 970, 990, -1,
      990, 970, 954, -1,
      990, 954, 991, -1,
      991, 954, 956, -1,
      991, 956, 992, -1,
      992, 956, 958, -1,
      992, 958, 993, -1,
      993, 958, 947, -1,
      993, 947, 994, -1,
      994, 947, 945, -1,
      994, 945, 995, -1,
      995, 945, 937, -1,
      995, 937, 932, -1,
      932, 937, 939, -1,
      932, 939, 933, -1,
      996, 917, 916, -1,
      997, 998, 999, -1,
      1000, 1001, 1002, -1,
      1002, 1001, 1003, -1,
      1002, 1003, 1004, -1,
      1004, 1003, 1005, -1,
      1004, 1005, 1006, -1,
      1006, 1005, 1007, -1,
      1006, 1007, 999, -1,
      999, 1007, 1008, -1,
      999, 1008, 997, -1,
      997, 1008, 1009, -1,
      1010, 1011, 1000, -1,
      1000, 1011, 1012, -1,
      1000, 1012, 1001, -1,
      1001, 1012, 1013, -1,
      1001, 1013, 1014, -1,
      1015, 1016, 996, -1,
      996, 916, 1015, -1,
      1015, 916, 928, -1,
      1015, 928, 1017, -1,
      928, 931, 1017, -1,
      1017, 931, 930, -1,
      1017, 930, 1018, -1,
      930, 934, 1018, -1,
      1018, 934, 933, -1,
      1018, 933, 1019, -1,
      936, 1020, 938, -1,
      938, 1020, 1019, -1,
      938, 1019, 939, -1,
      939, 1019, 933, -1,
      998, 1016, 999, -1,
      999, 1016, 1015, -1,
      999, 1015, 1006, -1,
      1006, 1015, 1017, -1,
      1006, 1017, 1004, -1,
      1004, 1017, 1018, -1,
      1004, 1018, 1002, -1,
      1002, 1018, 1019, -1,
      1002, 1019, 1000, -1,
      1000, 1019, 1020, -1,
      1000, 1020, 1010, -1,
      1010, 1020, 936, -1,
      1010, 936, 935, -1,
    ]
  }
}

Shape {
  appearance Appearance {
    material Material {
      diffuseColor 0.6667 0.6667 0.6667
      specularColor 0.4667 0.4667 0.4667
      ambientIntensity 0.2
      transparency 0.0000
      shininess 0.5
    }
  }
  geometry IndexedFaceSet {
    ccw TRUE
    solid FALSE
    coord DEF co Coordinate {
      point [
        0.854995 0.030609 -1.091885,
        0.854995 -0.030609 -1.091885,
        0.828964 0.069597 -1.091885,
        0.817978 0.078412 -1.091885,
        0.838192 0.059917 -1.091885,
        0.832533 0.065853 -1.091885,
        0.845967 0.049213 -1.091885,
        0.843453 0.052674 -1.091885,
        0.853271 0.034162 -1.091885,
        0.849873 0.041164 -1.091885,
        0.848143 0.044730 -1.091885,
        0.841473 0.055399 -1.091885,
        0.806806 0.085239 -1.091885,
        0.797156 0.088916 -1.091885,
        0.760524 0.097552 -1.091885,
        0.753312 0.098425 -1.091885,
        0.781003 0.095071 -1.091885,
        0.646875 0.008283 -1.091885,
        0.646324 -0.000000 -1.091885,
        0.652122 0.031454 -1.091885,
        0.649507 0.023832 -1.091885,
        0.649127 0.021946 -1.091885,
        0.647123 0.012006 -1.091885,
        0.669494 0.060363 -1.091885,
        0.665706 0.056498 -1.091885,
        0.662128 0.050314 -1.091885,
        0.653443 0.035302 -1.091885,
        0.683182 0.074331 -1.091885,
        0.687333 0.076902 -1.091885,
        0.704833 0.087741 -1.091885,
        0.725195 0.094536 -1.091885,
        0.729368 0.095929 -1.091885,
        0.647123 -0.012006 -1.091885,
        0.648737 -0.020011 -1.091885,
        0.753312 -0.098425 -1.091885,
        0.744544 -0.097511 -1.091885,
        0.729368 -0.095929 -1.091885,
        0.706465 -0.088285 -1.091885,
        0.681120 -0.072226 -1.091885,
        0.683182 -0.074331 -1.091885,
        0.697120 -0.082963 -1.091885,
        0.704833 -0.087741 -1.091885,
        0.661667 -0.049517 -1.091885,
        0.665706 -0.056498 -1.091885,
        0.674016 -0.064978 -1.091885,
        0.649507 -0.023832 -1.091885,
        0.653443 -0.035302 -1.091885,
        0.657283 -0.041939 -1.091885,
        0.775926 -0.095686 -1.091885,
        0.781003 -0.095071 -1.091885,
        0.799949 -0.087852 -1.091885,
        0.806806 -0.085239 -1.091885,
        0.817978 -0.078412 -1.091885,
        0.665850 -0.025474 -1.129154,
        0.669477 -0.034993 -1.127608,
        0.665850 0.025474 -1.129154,
        0.664206 0.011896 -1.129854,
        0.733096 0.095532 -1.100500,
        0.729877 0.095071 -1.101871,
        0.712475 0.087236 -1.109286,
        0.708038 0.085239 -1.111177,
        0.694330 0.073805 -1.117018,
        0.689285 0.069597 -1.119167,
        0.679716 0.056041 -1.123245,
        0.669477 0.034993 -1.127608,
        0.674896 0.049213 -1.125299,
        0.662765 -0.000000 -1.130468,
        0.664206 -0.011896 -1.129854,
        0.689285 -0.069597 -1.119167,
        0.679716 -0.056041 -1.123245,
        0.674896 -0.049213 -1.125299,
        0.733096 -0.095532 -1.100500,
        0.729877 -0.095071 -1.101871,
        0.712475 -0.087236 -1.109286,
        0.708038 -0.085239 -1.111177,
        0.694330 -0.073805 -1.117018,
        1.069491 0.049213 -3.602363,
        1.079323 0.025474 -3.602363,
        0.984252 0.000000 -3.602363,
        1.082677 0.000000 -3.602363,
        1.079323 -0.025474 -3.602363,
        1.009726 0.095071 -3.602363,
        1.033465 0.085239 -3.602363,
        1.053849 0.069597 -3.602363,
        0.935039 0.085239 -3.602363,
        0.958778 0.095071 -3.602363,
        0.984252 0.098425 -3.602363,
        0.889180 0.025474 -3.602363,
        0.899013 0.049213 -3.602363,
        0.914655 0.069597 -3.602363,
        0.899013 -0.049213 -3.602363,
        0.889180 -0.025474 -3.602363,
        0.885827 -0.000000 -3.602363,
        0.958778 -0.095071 -3.602363,
        0.935039 -0.085239 -3.602363,
        0.914655 -0.069597 -3.602363,
        1.033465 -0.085239 -3.602363,
        1.009726 -0.095071 -3.602363,
        0.984252 -0.098425 -3.602363,
        1.069491 -0.049213 -3.602363,
        1.053849 -0.069597 -3.602363,
        1.079323 -0.025474 -1.714241,
        1.069491 -0.049213 -1.714241,
        1.053849 -0.069597 -1.714241,
        1.033465 -0.085239 -1.714241,
        1.009726 -0.095071 -1.714241,
        0.984252 -0.098425 -1.714241,
        0.958778 -0.095071 -1.714241,
        0.935039 -0.085239 -1.714241,
        0.914655 -0.069597 -1.714241,
        0.899013 -0.049213 -1.714241,
        0.889180 -0.025474 -1.714241,
        0.885827 -0.000000 -1.714241,
        0.889180 0.025474 -1.714241,
        0.899013 0.049213 -1.714241,
        0.914655 0.069597 -1.714241,
        0.935039 0.085239 -1.714241,
        0.958778 0.095071 -1.714241,
        0.984252 0.098425 -1.714241,
        1.009726 0.095071 -1.714241,
        1.033465 0.085239 -1.714241,
        1.053849 0.069597 -1.714241,
        1.069491 0.049213 -1.714241,
        1.079323 0.025474 -1.714241,
        1.082677 0.000000 -1.714241,
        0.862194 0.000000 -1.598492,
        0.875244 0.000000 -1.635898,
        0.865279 -0.025474 -1.597177,
        0.878478 -0.025474 -1.635008,
        0.874325 -0.049213 -1.593323,
        0.887958 -0.049213 -1.632399,
        0.888715 -0.069597 -1.587191,
        0.903039 -0.069597 -1.628249,
        0.907468 -0.085239 -1.579200,
        0.922693 -0.085239 -1.622841,
        0.929306 -0.095071 -1.569895,
        0.945580 -0.095071 -1.616542,
        0.952741 -0.098425 -1.559909,
        0.970141 -0.098425 -1.609783,
        0.976177 -0.095071 -1.549923,
        0.994703 -0.095071 -1.603024,
        0.998015 -0.085239 -1.540617,
        1.017590 -0.085239 -1.596726,
        1.016768 -0.069597 -1.532626,
        1.037244 -0.069597 -1.591317,
        1.031158 -0.049213 -1.526495,
        1.052325 -0.049213 -1.587167,
        1.040204 -0.025474 -1.522640,
        1.061806 -0.025474 -1.584558,
        1.043289 0.000000 -1.521326,
        1.065039 0.000000 -1.583669,
        1.040204 0.025474 -1.522640,
        1.061806 0.025474 -1.584558,
        1.031158 0.049213 -1.526495,
        1.052325 0.049213 -1.587167,
        1.016768 0.069597 -1.532626,
        1.037244 0.069597 -1.591317,
        0.998015 0.085239 -1.540617,
        1.017590 0.085239 -1.596726,
        0.976177 0.095071 -1.549923,
        0.994703 0.095071 -1.603024,
        0.952741 0.098425 -1.559909,
        0.970141 0.098425 -1.609783,
        0.929306 0.095071 -1.569895,
        0.945580 0.095071 -1.616542,
        0.907468 0.085239 -1.579200,
        0.922693 0.085239 -1.622841,
        0.888715 0.069597 -1.587191,
        0.903039 0.069597 -1.628249,
        0.874325 0.049213 -1.593323,
        0.887958 0.049213 -1.632399,
        0.865279 0.025474 -1.597177,
        0.878478 0.025474 -1.635008,
        0.883169 0.000000 -1.674714,
        0.886493 -0.025474 -1.674265,
        0.896237 -0.049213 -1.672948,
        0.911738 -0.069597 -1.670855,
        0.931939 -0.085239 -1.668126,
        0.955463 -0.095071 -1.664948,
        0.980708 -0.098425 -1.661538,
        1.005954 -0.095071 -1.658128,
        1.029478 -0.085239 -1.654950,
        1.049679 -0.069597 -1.652221,
        1.065180 -0.049213 -1.650127,
        1.074924 -0.025474 -1.648811,
        1.078248 0.000000 -1.648362,
        1.074924 0.025474 -1.648811,
        1.065180 0.049213 -1.650127,
        1.049679 0.069597 -1.652221,
        1.029478 0.085239 -1.654950,
        1.005954 0.095071 -1.658128,
        0.980708 0.098425 -1.661538,
        0.955463 0.095071 -1.664948,
        0.931939 0.085239 -1.668126,
        0.911738 0.069597 -1.670855,
        0.896237 0.049213 -1.672948,
        0.886493 0.025474 -1.674265,
        0.818365 -0.078102 -1.091885,
        0.849022 -0.042916 -1.091885,
        0.845967 -0.049213 -1.091885,
        0.844959 -0.050600 -1.091885,
        0.840668 -0.056508 -1.091885,
        0.838192 -0.059917 -1.091885,
        0.831743 -0.066682 -1.091885,
        0.828964 -0.069597 -1.091885,
        0.856283 -0.025396 -1.091885,
        0.853702 -0.033274 -1.091885,
        0.850452 -0.039971 -1.091885,
        0.859385 0.012847 -1.091885,
        0.860300 0.000000 -1.091885,
        0.859385 -0.012847 -1.091885,
        0.856655 0.025474 -1.091885,
      ]
    }
    coordIndex [
      53, 54, 46, -1,
      55, 56, 21, -1,
      15, 57, 31, -1,
      31, 57, 30, -1,
      30, 57, 58, -1,
      30, 58, 29, -1,
      58, 59, 29, -1,
      29, 59, 60, -1,
      29, 60, 28, -1,
      28, 60, 61, -1,
      28, 61, 27, -1,
      27, 61, 62, -1,
      27, 62, 23, -1,
      23, 62, 63, -1,
      21, 20, 55, -1,
      55, 20, 19, -1,
      55, 19, 64, -1,
      64, 19, 26, -1,
      64, 26, 65, -1,
      65, 26, 25, -1,
      65, 25, 63, -1,
      63, 25, 24, -1,
      63, 24, 23, -1,
      66, 17, 56, -1,
      56, 17, 22, -1,
      56, 22, 21, -1,
      46, 45, 53, -1,
      53, 45, 33, -1,
      53, 33, 67, -1,
      67, 33, 32, -1,
      67, 32, 66, -1,
      66, 32, 18, -1,
      66, 18, 17, -1,
      68, 44, 69, -1,
      69, 44, 43, -1,
      69, 43, 70, -1,
      70, 43, 42, -1,
      70, 42, 54, -1,
      54, 42, 47, -1,
      54, 47, 46, -1,
      34, 35, 71, -1,
      71, 35, 36, -1,
      71, 36, 72, -1,
      72, 36, 37, -1,
      72, 37, 73, -1,
      73, 37, 41, -1,
      73, 41, 74, -1,
      74, 41, 40, -1,
      74, 40, 75, -1,
      75, 40, 39, -1,
      75, 39, 68, -1,
      68, 39, 38, -1,
      68, 38, 44, -1,
      76, 77, 78, -1,
      78, 77, 79, -1,
      78, 79, 80, -1,
      81, 82, 78, -1,
      78, 82, 83, -1,
      78, 83, 76, -1,
      84, 85, 78, -1,
      78, 85, 86, -1,
      78, 86, 81, -1,
      87, 88, 78, -1,
      78, 88, 89, -1,
      78, 89, 84, -1,
      90, 91, 78, -1,
      78, 91, 92, -1,
      78, 92, 87, -1,
      93, 94, 78, -1,
      78, 94, 95, -1,
      78, 95, 90, -1,
      96, 97, 78, -1,
      78, 97, 98, -1,
      78, 98, 93, -1,
      80, 99, 78, -1,
      78, 99, 100, -1,
      78, 100, 96, -1,
      79, 101, 80, -1,
      80, 101, 102, -1,
      80, 102, 99, -1,
      99, 102, 103, -1,
      99, 103, 100, -1,
      100, 103, 104, -1,
      100, 104, 96, -1,
      96, 104, 105, -1,
      96, 105, 97, -1,
      97, 105, 106, -1,
      97, 106, 98, -1,
      98, 106, 107, -1,
      98, 107, 93, -1,
      93, 107, 108, -1,
      93, 108, 94, -1,
      94, 108, 109, -1,
      94, 109, 95, -1,
      95, 109, 110, -1,
      95, 110, 90, -1,
      90, 110, 111, -1,
      90, 111, 91, -1,
      91, 111, 112, -1,
      91, 112, 92, -1,
      92, 112, 113, -1,
      92, 113, 87, -1,
      87, 113, 114, -1,
      87, 114, 88, -1,
      88, 114, 115, -1,
      88, 115, 89, -1,
      89, 115, 116, -1,
      89, 116, 84, -1,
      84, 116, 117, -1,
      84, 117, 85, -1,
      85, 117, 118, -1,
      85, 118, 86, -1,
      86, 118, 119, -1,
      86, 119, 81, -1,
      81, 119, 120, -1,
      81, 120, 82, -1,
      82, 120, 121, -1,
      82, 121, 83, -1,
      83, 121, 122, -1,
      83, 122, 76, -1,
      76, 122, 123, -1,
      76, 123, 77, -1,
      77, 123, 124, -1,
      77, 124, 79, -1,
      79, 124, 101, -1,
      125, 126, 127, -1,
      127, 126, 128, -1,
      127, 128, 129, -1,
      129, 128, 130, -1,
      129, 130, 131, -1,
      131, 130, 132, -1,
      131, 132, 133, -1,
      133, 132, 134, -1,
      133, 134, 135, -1,
      135, 134, 136, -1,
      135, 136, 137, -1,
      137, 136, 138, -1,
      137, 138, 139, -1,
      139, 138, 140, -1,
      139, 140, 141, -1,
      141, 140, 142, -1,
      141, 142, 143, -1,
      143, 142, 144, -1,
      143, 144, 145, -1,
      145, 144, 146, -1,
      145, 146, 147, -1,
      147, 146, 148, -1,
      147, 148, 149, -1,
      149, 148, 150, -1,
      149, 150, 151, -1,
      151, 150, 152, -1,
      151, 152, 153, -1,
      153, 152, 154, -1,
      153, 154, 155, -1,
      155, 154, 156, -1,
      155, 156, 157, -1,
      157, 156, 158, -1,
      157, 158, 159, -1,
      159, 158, 160, -1,
      159, 160, 161, -1,
      161, 160, 162, -1,
      161, 162, 163, -1,
      163, 162, 164, -1,
      163, 164, 165, -1,
      165, 164, 166, -1,
      165, 166, 167, -1,
      167, 166, 168, -1,
      167, 168, 169, -1,
      169, 168, 170, -1,
      169, 170, 171, -1,
      171, 170, 172, -1,
      171, 172, 125, -1,
      125, 172, 126, -1,
      126, 173, 128, -1,
      128, 173, 174, -1,
      128, 174, 130, -1,
      130, 174, 175, -1,
      130, 175, 132, -1,
      132, 175, 176, -1,
      132, 176, 134, -1,
      134, 176, 177, -1,
      134, 177, 136, -1,
      136, 177, 178, -1,
      136, 178, 138, -1,
      138, 178, 179, -1,
      138, 179, 140, -1,
      140, 179, 180, -1,
      140, 180, 142, -1,
      142, 180, 181, -1,
      142, 181, 144, -1,
      144, 181, 182, -1,
      144, 182, 146, -1,
      146, 182, 183, -1,
      146, 183, 148, -1,
      148, 183, 184, -1,
      148, 184, 150, -1,
      150, 184, 185, -1,
      150, 185, 152, -1,
      152, 185, 186, -1,
      152, 186, 154, -1,
      154, 186, 187, -1,
      154, 187, 156, -1,
      156, 187, 188, -1,
      156, 188, 158, -1,
      158, 188, 189, -1,
      158, 189, 160, -1,
      160, 189, 190, -1,
      160, 190, 162, -1,
      162, 190, 191, -1,
      162, 191, 164, -1,
      164, 191, 192, -1,
      164, 192, 166, -1,
      166, 192, 193, -1,
      166, 193, 168, -1,
      168, 193, 194, -1,
      168, 194, 170, -1,
      170, 194, 195, -1,
      170, 195, 172, -1,
      172, 195, 196, -1,
      172, 196, 126, -1,
      126, 196, 173, -1,
      173, 112, 174, -1,
      174, 112, 111, -1,
      174, 111, 175, -1,
      175, 111, 110, -1,
      175, 110, 176, -1,
      176, 110, 109, -1,
      176, 109, 177, -1,
      177, 109, 108, -1,
      177, 108, 178, -1,
      178, 108, 107, -1,
      178, 107, 179, -1,
      179, 107, 106, -1,
      179, 106, 180, -1,
      180, 106, 105, -1,
      180, 105, 181, -1,
      181, 105, 104, -1,
      181, 104, 182, -1,
      182, 104, 103, -1,
      182, 103, 183, -1,
      183, 103, 102, -1,
      183, 102, 184, -1,
      184, 102, 101, -1,
      184, 101, 185, -1,
      185, 101, 124, -1,
      185, 124, 186, -1,
      186, 124, 123, -1,
      186, 123, 187, -1,
      187, 123, 122, -1,
      187, 122, 188, -1,
      188, 122, 121, -1,
      188, 121, 189, -1,
      189, 121, 120, -1,
      189, 120, 190, -1,
      190, 120, 119, -1,
      190, 119, 191, -1,
      191, 119, 118, -1,
      191, 118, 192, -1,
      192, 118, 117, -1,
      192, 117, 193, -1,
      193, 117, 116, -1,
      193, 116, 194, -1,
      194, 116, 115, -1,
      194, 115, 195, -1,
      195, 115, 114, -1,
      195, 114, 196, -1,
      196, 114, 113, -1,
      196, 113, 173, -1,
      173, 113, 112, -1,
      49, 48, 139, -1,
      139, 48, 137, -1,
      49, 139, 50, -1,
      50, 139, 141, -1,
      50, 141, 51, -1,
      143, 197, 141, -1,
      141, 197, 52, -1,
      141, 52, 51, -1,
      198, 199, 145, -1,
      145, 199, 200, -1,
      145, 200, 143, -1,
      143, 200, 201, -1,
      143, 201, 202, -1,
      202, 203, 143, -1,
      143, 203, 204, -1,
      143, 204, 197, -1,
      147, 205, 145, -1,
      145, 205, 1, -1,
      1, 206, 145, -1,
      145, 206, 207, -1,
      145, 207, 198, -1,
      151, 208, 149, -1,
      149, 208, 209, -1,
      149, 209, 147, -1,
      147, 209, 210, -1,
      147, 210, 205, -1,
      153, 10, 9, -1,
      9, 8, 153, -1,
      153, 8, 0, -1,
      153, 0, 151, -1,
      151, 0, 211, -1,
      151, 211, 208, -1,
      5, 4, 155, -1,
      4, 11, 155, -1,
      155, 11, 7, -1,
      155, 7, 153, -1,
      153, 7, 6, -1,
      153, 6, 10, -1,
      157, 3, 155, -1,
      155, 3, 2, -1,
      155, 2, 5, -1,
      159, 13, 157, -1,
      157, 13, 12, -1,
      157, 12, 3, -1,
      161, 14, 159, -1,
      159, 14, 16, -1,
      159, 16, 13, -1,
      163, 57, 161, -1,
      161, 57, 15, -1,
      161, 15, 14, -1,
      165, 59, 163, -1,
      163, 59, 58, -1,
      163, 58, 57, -1,
      167, 61, 165, -1,
      165, 61, 60, -1,
      165, 60, 59, -1,
      169, 63, 167, -1,
      167, 63, 62, -1,
      167, 62, 61, -1,
      171, 64, 169, -1,
      169, 64, 65, -1,
      169, 65, 63, -1,
      125, 56, 171, -1,
      171, 56, 55, -1,
      171, 55, 64, -1,
      127, 67, 125, -1,
      125, 67, 66, -1,
      125, 66, 56, -1,
      129, 54, 127, -1,
      127, 54, 53, -1,
      127, 53, 67, -1,
      131, 69, 129, -1,
      129, 69, 70, -1,
      129, 70, 54, -1,
      133, 75, 131, -1,
      131, 75, 68, -1,
      131, 68, 69, -1,
      135, 73, 133, -1,
      133, 73, 74, -1,
      133, 74, 75, -1,
      48, 34, 137, -1,
      137, 34, 71, -1,
      137, 71, 135, -1,
      135, 71, 72, -1,
      135, 72, 73, -1,
    ]
  }
}

Shape {
  appearance Appearance {
    material Material {
      diffuseColor 0.0196 0.3255 0.7020
      specularColor 0.0000 0.0235 0.0510
      ambientIntensity 0.2
      transparency 0.0000
      shininess 0.5
    }
  }
  geometry IndexedFaceSet {
    ccw TRUE
    solid FALSE
    coord DEF co Coordinate {
      point [
        0.562083 0.106939 -0.871186,
        0.547411 0.085006 -0.871946,
        0.729625 0.218342 -0.861014,
        0.692952 0.204772 -0.863477,
        0.575265 0.122900 -0.870485,
        0.658414 0.187877 -0.865675,
        0.623665 0.165922 -0.867767,
        0.597795 0.145272 -0.869248,
        0.536134 0.062504 -0.872517,
        0.532030 0.051785 -0.872721,
        0.526147 0.030178 -0.873012,
        0.523386 0.008570 -0.873147,
        0.523144 0.000297 -0.873159,
        0.523513 -0.010592 -0.873141,
        0.526541 -0.032092 -0.872993,
        0.531859 -0.051290 -0.872730,
        0.541367 -0.073862 -0.872254,
        0.554423 -0.096198 -0.871586,
        0.562958 -0.108087 -0.871140,
        0.583591 -0.131769 -0.870034,
        0.608231 -0.154138 -0.868659,
        0.631070 -0.171090 -0.867331,
        0.729625 -0.218342 -0.861014,
        0.699846 -0.207646 -0.863024,
        0.664073 -0.190950 -0.865323,
        0.745534 0.223710 -0.859700,
        0.839763 -0.236135 -0.842840,
        0.872935 -0.233700 -0.833031,
        0.905778 -0.227976 -0.821179,
        0.749193 -0.224792 -0.859336,
        0.779544 -0.231753 -0.855428,
        0.810800 -0.235494 -0.849713,
        0.838863 -0.236115 -0.843053,
        0.838815 0.235815 -0.842880,
        0.829824 0.236211 -0.845372,
        0.808290 0.235313 -0.850236,
        0.776436 0.231197 -0.855902,
        0.863556 0.234727 -0.836020,
        0.897159 0.229802 -0.824503,
        0.905778 0.227976 -0.821179,
        1.009737 0.187702 -0.767709,
        0.976071 0.204583 -0.787932,
        0.942822 0.217476 -0.805017,
        0.941391 0.218030 -0.805752,
        1.120691 0.090785 -0.674818,
        1.102180 0.114317 -0.693780,
        1.080387 0.136600 -0.714072,
        1.055561 0.157518 -0.734861,
        1.037760 0.169950 -0.748125,
        1.027806 0.176901 -0.755542,
        1.142413 -0.050783 -0.650210,
        1.143024 -0.049199 -0.649477,
        1.147555 -0.035352 -0.643961,
        1.150493 -0.022226 -0.640310,
        1.151368 -0.016415 -0.639211,
        1.151987 -0.010526 -0.638431,
        1.152332 -0.004741 -0.637995,
        1.152415 0.001076 -0.637889,
        1.152246 0.006660 -0.638103,
        1.151843 0.012158 -0.638613,
        1.151147 0.018058 -0.639489,
        1.150136 0.024199 -0.640757,
        1.147269 0.036381 -0.644313,
        1.142189 0.051351 -0.650478,
        1.135469 0.066207 -0.658380,
        1.124551 0.085051 -0.670643,
        1.120720 0.090749 -0.674788,
        1.095558 -0.121577 -0.700165,
        1.117122 -0.095790 -0.678609,
        1.120686 -0.090752 -0.674813,
        1.121832 -0.089131 -0.673593,
        1.133832 -0.069354 -0.660263,
        0.935339 -0.219993 -0.808572,
        0.942753 -0.217270 -0.804878,
        0.969068 -0.207608 -0.791767,
        1.001651 -0.192125 -0.772847,
        1.032900 -0.173612 -0.751933,
        1.037893 -0.170258 -0.748304,
        1.039568 -0.169133 -0.747086,
        1.069509 -0.146252 -0.723467,
        0.921922 -0.113988 -0.916343,
        0.924458 -0.112846 -0.917712,
        0.946545 -0.109996 -0.895867,
        0.943576 -0.104236 -0.928038,
        0.973143 -0.104189 -0.871722,
        0.974905 -0.103804 -0.870123,
        0.963998 -0.088024 -0.939067,
        1.002587 -0.096063 -0.842589,
        1.026107 -0.087950 -0.817012,
        0.948468 -0.100353 -0.930680,
        1.061280 -0.073126 -0.775186,
        1.041527 -0.081788 -0.799112,
        1.035192 -0.084566 -0.806786,
        1.029426 -0.086806 -0.813402,
        0.969005 -0.081546 -0.941772,
        1.118627 -0.034677 -0.694412,
        1.111002 -0.041620 -0.706120,
        1.107767 -0.044566 -0.711088,
        1.103526 -0.047895 -0.717407,
        1.084263 -0.060788 -0.744862,
        1.073390 -0.066625 -0.759207,
        1.127007 -0.024600 -0.681031,
        1.126448 -0.025391 -0.681938,
        1.131160 -0.017676 -0.674224,
        1.135237 -0.005263 -0.667424,
        1.134666 -0.008207 -0.668382,
        1.134463 0.009029 -0.668724,
        1.135103 0.006079 -0.667648,
        1.135476 0.003330 -0.667021,
        1.135631 0.000538 -0.666759,
        1.135554 -0.002370 -0.666889,
        1.133861 -0.011113 -0.669733,
        1.132611 -0.014150 -0.671811,
        1.111149 0.041641 -0.705946,
        1.120115 0.033104 -0.692069,
        1.126244 0.025676 -0.682270,
        1.130897 0.018191 -0.674659,
        1.132645 0.014151 -0.671756,
        1.133532 0.012100 -0.670281,
        1.106764 0.045374 -0.712592,
        1.110220 0.042526 -0.707384,
        1.041535 0.081801 -0.799113,
        1.049086 0.078759 -0.790306,
        1.070843 0.068300 -0.762869,
        1.073600 0.066709 -0.759129,
        1.090154 0.057158 -0.736676,
        1.009503 0.093851 -0.835312,
        0.963998 0.088024 -0.939067,
        0.980830 0.102291 -0.864436,
        0.948468 0.100353 -0.930680,
        0.973104 0.104069 -0.871577,
        0.943576 0.104236 -0.928038,
        0.951613 0.109015 -0.891440,
        0.924458 0.112846 -0.917712,
        0.921922 0.113988 -0.916343,
        0.991952 -0.041652 -0.954165,
        0.984694 -0.057475 -0.950245,
        0.980437 -0.066756 -0.947946,
        0.994530 -0.029695 -0.955557,
        0.997880 0.014155 -0.957367,
        0.997880 -0.000000 -0.957367,
        0.997880 -0.014155 -0.957367,
        0.994530 0.029695 -0.955557,
        1.025030 0.088450 -0.818362,
        1.026148 0.088000 -0.817057,
        0.969005 0.081546 -0.941772,
        0.980437 0.066756 -0.947946,
        0.984694 0.057475 -0.950245,
        0.991952 0.041652 -0.954165,
        0.912454 -0.074265 -1.048015,
        0.895587 0.091828 -1.041509,
        0.900422 0.087514 -1.043383,
        0.854995 0.030609 -1.091885,
        0.905482 0.081663 -1.045328,
        0.915840 0.069685 -1.049310,
        0.921056 0.061583 -1.051300,
        0.922878 0.057696 -1.051991,
        0.930521 0.041399 -1.054889,
        0.933784 0.030874 -1.056120,
        0.937370 0.009529 -1.057470,
        0.937548 -0.000004 -1.057537,
        0.937641 -0.004967 -1.057572,
        0.934781 -0.026760 -1.056496,
        0.933858 -0.029837 -1.056148,
        0.929828 -0.043275 -1.054627,
        0.922757 -0.057624 -1.051944,
        0.919696 -0.063838 -1.050782,
        0.895587 -0.091828 -1.041509,
        0.891656 -0.085898 -1.055562,
        0.905435 -0.081574 -1.045307,
        0.890577 -0.084272 -1.058029,
        0.886256 -0.077756 -1.067917,
        0.883597 -0.073745 -1.071981,
        0.879606 -0.067726 -1.078081,
        0.875024 -0.060815 -1.082621,
        0.871970 -0.056211 -1.085646,
        0.865317 -0.046176 -1.089378,
        0.863656 -0.043672 -1.090309,
        0.857043 0.029171 -1.091885,
        0.863554 0.023228 -1.091885,
        0.865750 0.020528 -1.091885,
        0.869729 0.013800 -1.091885,
        0.871098 0.010291 -1.091885,
        0.872602 0.003176 -1.091885,
        0.872715 -0.001656 -1.091885,
        0.871517 -0.008920 -1.091885,
        0.869438 -0.014425 -1.091885,
        0.865178 -0.021280 -1.091885,
        0.862126 -0.024755 -1.091885,
        0.854995 -0.030609 -1.091885,
        0.792858 0.114870 -1.012699,
        0.818308 0.118074 -1.016806,
        0.825817 0.118003 -1.018591,
        0.826970 0.117992 -1.018864,
        0.856119 0.113011 -1.027365,
        0.863984 0.110469 -1.029953,
        0.883088 0.100637 -1.036794,
        0.885466 0.099413 -1.037646,
        0.852684 0.114122 -1.026235,
        0.788536 0.114326 -1.012002,
        0.760919 0.106247 -1.011898,
        0.746537 0.101822 -1.016949,
        0.720664 0.092415 -1.026251,
        0.730690 0.096430 -1.022704,
        0.719281 0.091861 -1.026741,
        0.715487 0.090187 -1.027998,
        0.742046 0.100440 -1.018527,
        0.656920 0.039769 -1.028908,
        0.657308 0.040380 -1.029083,
        0.659570 0.043937 -1.030103,
        0.663687 0.049926 -1.031883,
        0.663976 0.050308 -1.031987,
        0.666684 0.053894 -1.032963,
        0.668642 0.056301 -1.033530,
        0.668871 0.056583 -1.033596,
        0.673991 0.062252 -1.034567,
        0.677229 0.065439 -1.034850,
        0.701860 0.083318 -1.031921,
        0.694960 0.079117 -1.033370,
        0.693306 0.078110 -1.033717,
        0.685137 0.072244 -1.034745,
        0.683495 0.070935 -1.034850,
        0.677411 0.065618 -1.034867,
        0.654167 -0.034314 -1.027685,
        0.652233 -0.030517 -1.026826,
        0.642945 0.000088 -1.022700,
        0.642800 0.002291 -1.022635,
        0.643719 0.007985 -1.023044,
        0.644134 0.010559 -1.023228,
        0.644439 0.012446 -1.023363,
        0.645361 0.014822 -1.023773,
        0.645689 0.015667 -1.023919,
        0.646898 0.018781 -1.024456,
        0.647360 0.019970 -1.024661,
        0.647632 0.020670 -1.024782,
        0.650735 0.028664 -1.026161,
        0.651728 0.030519 -1.026602,
        0.650845 0.028946 -1.026209,
        0.643274 0.005226 -1.022846,
        0.657055 -0.039987 -1.028968,
        0.647411 -0.021046 -1.024684,
        0.647402 -0.021028 -1.024680,
        0.646905 -0.020051 -1.024459,
        0.645731 -0.015963 -1.023937,
        0.645359 -0.014666 -1.023772,
        0.644243 -0.010776 -1.023276,
        0.643490 -0.008150 -1.022942,
        0.643315 -0.005511 -1.022864,
        0.643129 -0.002688 -1.022781,
        0.642959 -0.000115 -1.022706,
        0.648647 -0.023472 -1.025233,
        0.715487 -0.090187 -1.027998,
        0.711069 -0.088119 -1.029383,
        0.661596 -0.046961 -1.031009,
        0.703475 -0.084214 -1.031515,
        0.700351 -0.082342 -1.032194,
        0.693489 -0.078230 -1.033685,
        0.689289 -0.075350 -1.034320,
        0.684155 -0.071393 -1.034754,
        0.682493 -0.070111 -1.034895,
        0.679306 -0.067359 -1.034930,
        0.673754 -0.062007 -1.034537,
        0.671588 -0.059693 -1.034196,
        0.668751 -0.056317 -1.033466,
        0.668640 -0.056185 -1.033438,
        0.666258 -0.053351 -1.032824,
        0.724928 -0.094129 -1.024742,
        0.751657 -0.103424 -1.015134,
        0.744156 -0.101138 -1.017755,
        0.809641 -0.092333 -1.083049,
        0.800111 -0.103120 -1.071465,
        0.789913 -0.110180 -1.057772,
        0.779607 -0.113122 -1.042722,
        0.769762 -0.111787 -1.027144,
        0.760919 -0.106247 -1.011898,
        0.817978 -0.078412 -1.091885,
        0.727874 -0.095360 -1.023726,
        0.818365 -0.078102 -1.091885,
        0.849022 -0.042916 -1.091885,
        0.845967 -0.049213 -1.091885,
        0.844959 -0.050600 -1.091885,
        0.840668 -0.056508 -1.091885,
        0.838192 -0.059917 -1.091885,
        0.831743 -0.066682 -1.091885,
        0.828964 -0.069597 -1.091885,
        0.856283 -0.025396 -1.091885,
        0.853702 -0.033274 -1.091885,
        0.850452 -0.039971 -1.091885,
        0.859385 0.012847 -1.091885,
        0.860300 0.000000 -1.091885,
        0.859385 -0.012847 -1.091885,
        0.856655 0.025474 -1.091885,
        0.885090 -0.091664 -1.053131,
        0.800607 -0.102998 -1.071522,
        0.790441 -0.110147 -1.057826,
        0.780157 -0.113176 -1.042757,
        0.770324 -0.111920 -1.027143,
        0.826135 -0.083156 -1.084726,
        0.810096 -0.092125 -1.083087,
        0.761483 -0.106446 -1.011849,
        0.794367 -0.116089 -1.028694,
        0.786488 -0.113861 -1.011830,
        0.838511 -0.073797 -1.086291,
        0.792822 -0.114773 -1.012775,
        0.820435 -0.116603 -1.033378,
        0.814926 -0.117954 -1.016072,
        0.825719 -0.117700 -1.018692,
        0.837396 -0.114217 -1.037653,
        0.833858 -0.117508 -1.020668,
        0.852932 -0.059291 -1.088404,
        0.845179 -0.067690 -1.087220,
        0.856090 -0.112912 -1.027387,
        0.859145 -0.107333 -1.044176,
        0.858439 -0.112426 -1.028097,
        0.867317 -0.103417 -1.046874,
        0.867739 -0.108953 -1.031243,
        0.855700 -0.055825 -1.088863,
        0.861544 -0.047307 -1.089906,
        0.819091 -0.096941 -1.074153,
        0.811143 -0.107381 -1.060765,
        0.835109 -0.089128 -1.077070,
        0.830804 -0.101794 -1.064714,
        0.844424 -0.083287 -1.078972,
        0.842815 -0.096664 -1.067557,
        0.855736 -0.074442 -1.081506,
        0.857762 -0.087894 -1.071509,
        0.859873 -0.070567 -1.082502,
        0.863294 -0.083788 -1.073086,
        0.868733 -0.060611 -1.084770,
        0.875225 -0.072760 -1.076690,
        0.802743 -0.113887 -1.045320,
        0.825823 -0.111119 -1.049886,
        0.840432 -0.107150 -1.053549,
        0.858916 -0.099028 -1.058872,
        0.865813 -0.094902 -1.061031,
        0.880753 -0.083255 -1.065996,
        0.882976 -0.100469 -1.036776,
        0.888056 -0.097641 -1.038621,
        0.854352 0.118036 -0.977419,
        0.902224 -0.100862 -1.008852,
        0.921891 -0.082023 -1.021765,
        0.879211 -0.113133 -0.993741,
        0.867227 -0.118068 -0.955364,
        0.843269 -0.117752 -0.970138,
        0.854352 -0.118036 -0.977419,
        0.842900 -0.117747 -0.970366,
        0.816409 -0.115876 -0.985222,
        0.773559 -0.109171 -1.006227,
        0.810722 -0.115114 -0.988103,
        0.790438 -0.112396 -0.998381,
        0.894839 -0.116850 -0.936633,
        0.869210 -0.117980 -0.954019,
        0.843252 0.117718 -0.970115,
        0.858903 0.118106 -0.960649,
        0.869183 0.117835 -0.953878,
        0.879211 0.113133 -0.993741,
        0.887059 0.117364 -0.942102,
        0.914840 0.114901 -0.921843,
        0.840781 0.117657 -0.971609,
        0.773559 0.109171 -1.006227,
        0.787290 0.111855 -0.999886,
        0.810703 0.115166 -0.988157,
        0.813761 0.115598 -0.986626,
        0.902224 0.100862 -1.008852,
        0.936931 0.057842 -1.031641,
        0.921891 0.082023 -1.021765,
        0.946366 0.029894 -1.037837,
        0.946366 -0.029894 -1.037837,
        0.949581 -0.000000 -1.039947,
        0.936931 -0.057842 -1.031641,
        0.905331 0.146490 -0.858835,
        0.903589 0.154408 -0.850650,
        0.935751 0.150607 -0.833446,
        0.909431 0.132014 -0.876113,
        0.907657 0.135926 -0.869755,
        0.938789 0.132800 -0.850338,
        0.915022 0.121043 -0.895501,
        0.913876 0.122216 -0.892038,
        0.944155 0.118731 -0.869956,
        0.914922 -0.120691 -0.895415,
        0.907836 -0.136307 -0.870028,
        0.909226 -0.131485 -0.875846,
        0.938954 -0.119493 -0.873898,
        0.913974 -0.122487 -0.892159,
        0.903806 -0.154759 -0.851033,
        0.905052 -0.145959 -0.858381,
        0.933425 -0.133531 -0.853829,
        0.902081 -0.176936 -0.836108,
        0.902559 -0.163560 -0.843687,
        0.930209 -0.151478 -0.836565,
        0.902749 -0.201747 -0.825988,
        0.901843 -0.183617 -0.832323,
        0.929452 -0.172520 -0.822887,
        0.931188 -0.195707 -0.813414,
        0.902930 -0.205365 -0.824724,
        0.968217 -0.114328 -0.850862,
        0.997093 -0.107091 -0.825951,
        1.025313 -0.097803 -0.799260,
        0.964198 -0.185787 -0.796922,
        0.996453 -0.172821 -0.778231,
        1.027678 -0.156869 -0.757434,
        1.031399 -0.095484 -0.793171,
        1.059002 -0.083319 -0.763912,
        1.083383 -0.069762 -0.735579,
        1.034373 -0.152959 -0.752596,
        1.064567 -0.132769 -0.728939,
        1.090989 -0.110698 -0.705480,
        1.112955 -0.087415 -0.683692,
        1.103829 -0.055268 -0.709734,
        1.108328 -0.051485 -0.703761,
        1.119846 -0.040173 -0.687959,
        1.128132 -0.029472 -0.676102,
        1.128724 -0.028557 -0.675239,
        1.133120 -0.020540 -0.668756,
        1.135976 -0.012922 -0.664472,
        1.136828 -0.009545 -0.663183,
        1.137431 -0.006121 -0.662269,
        1.137767 -0.002757 -0.661758,
        1.137848 0.000626 -0.661635,
        1.137684 0.003874 -0.661885,
        1.137291 0.007070 -0.662483,
        1.136613 0.010500 -0.663509,
        1.132842 0.021137 -0.669169,
        1.135629 0.014068 -0.664995,
        1.127915 0.029801 -0.676418,
        1.121423 0.038365 -0.685735,
        1.110931 0.049160 -0.700256,
        1.117763 -0.081378 -0.678611,
        1.130027 -0.063393 -0.665093,
        1.138809 -0.046454 -0.654883,
        1.139435 -0.045009 -0.654137,
        1.144077 -0.032354 -0.648529,
        1.147088 -0.020346 -0.644815,
        1.147985 -0.015028 -0.643697,
        1.148620 -0.009637 -0.642903,
        1.148973 -0.004341 -0.642459,
        1.149059 0.000985 -0.642352,
        1.148886 0.006098 -0.642569,
        1.148472 0.011131 -0.643089,
        1.147759 0.016532 -0.643980,
        1.146722 0.022152 -0.645270,
        1.143783 0.033294 -0.648887,
        1.138580 0.046974 -0.655155,
        1.131702 0.060526 -0.663181,
        1.120540 0.077672 -0.675622,
        1.116627 0.082845 -0.679822,
        1.107265 0.052405 -0.705183,
        1.089635 0.065710 -0.727892,
        1.069142 0.078061 -0.752433,
        1.097725 0.104162 -0.699035,
        1.075585 0.124165 -0.719493,
        1.050476 0.142750 -0.740368,
        1.046087 0.089368 -0.777948,
        1.020678 0.099491 -0.803815,
        1.022569 0.159730 -0.761032,
        1.004507 0.169046 -0.773134,
        0.971102 0.183291 -0.793144,
        0.935173 0.171369 -0.820022,
        0.937081 0.194177 -0.810654,
        0.968393 0.162770 -0.801905,
        1.001290 0.150931 -0.781279,
        1.019177 0.142991 -0.768828,
        1.046932 0.128273 -0.747587,
        1.072016 0.111915 -0.726147,
        1.094211 0.094117 -0.705143,
        1.113212 0.075000 -0.685423,
        1.117151 0.070344 -0.681112,
        1.128398 0.054873 -0.668344,
        1.135336 0.042613 -0.660107,
        1.140589 0.030217 -0.653675,
        1.143557 0.020109 -0.649962,
        1.144604 0.015009 -0.648639,
        1.145324 0.010106 -0.647724,
        1.145743 0.005537 -0.647191,
        1.145917 0.000894 -0.646969,
        1.145831 -0.003941 -0.647078,
        1.145474 -0.008750 -0.647534,
        1.144833 -0.013644 -0.648349,
        1.143926 -0.018471 -0.649496,
        1.140885 -0.029365 -0.653307,
        1.136199 -0.040833 -0.659062,
        1.135568 -0.042143 -0.659827,
        1.126710 -0.057463 -0.670306,
        1.114356 -0.073680 -0.684180,
        1.109517 -0.079109 -0.689394,
        1.087451 -0.099950 -0.711759,
        1.060996 -0.119513 -0.735847,
        1.030900 -0.137155 -0.760154,
        1.024247 -0.140531 -0.765128,
        0.993335 -0.154111 -0.786528,
        0.961626 -0.164789 -0.805806,
        0.974374 0.112967 -0.845739,
        1.004347 0.104923 -0.819323,
        0.970059 0.126959 -0.828687,
        1.001209 0.118398 -0.804714,
        1.018219 0.112487 -0.790493,
        1.044716 0.101317 -0.766564,
        1.068770 0.088690 -0.742740,
        1.090144 0.074786 -0.719650,
        1.108513 0.059723 -0.698151,
        1.112330 0.056039 -0.693471,
        1.123246 0.043765 -0.679649,
        1.129994 0.034010 -0.670759,
        1.135110 0.024129 -0.663831,
        1.138003 0.016062 -0.659838,
        1.139024 0.011990 -0.658416,
        1.139727 0.008074 -0.657433,
        1.140135 0.004423 -0.656860,
        1.140306 0.000715 -0.656620,
        1.140222 -0.003149 -0.656739,
        1.139873 -0.006990 -0.657228,
        1.139248 -0.010899 -0.658104,
        1.138363 -0.014754 -0.659337,
        1.135398 -0.023449 -0.663435,
        1.130834 -0.032593 -0.669633,
        1.130219 -0.033636 -0.670457,
        1.121606 -0.045823 -0.681769,
        1.109621 -0.058679 -0.696801,
        1.104936 -0.062970 -0.702469,
        1.083625 -0.079359 -0.726900,
        1.058191 -0.094578 -0.753483,
        1.029396 -0.108085 -0.780676,
        1.023050 -0.110637 -0.786297,
        0.993660 -0.120733 -0.810760,
        0.963674 -0.128372 -0.833295,
        0.968041 0.143763 -0.813897,
        1.000180 0.133883 -0.791909,
        1.017715 0.127110 -0.778731,
        1.045000 0.114371 -0.756377,
        1.069733 0.100031 -0.733935,
        1.091675 0.084289 -0.712040,
        1.110501 0.067274 -0.691548,
        1.114409 0.063117 -0.687075,
        1.125575 0.049277 -0.673843,
        1.132470 0.038286 -0.665315,
        1.137695 0.027159 -0.658661,
        1.140648 0.018078 -0.654823,
        1.141690 0.013494 -0.653455,
        1.142407 0.009087 -0.652509,
        1.142823 0.004978 -0.651959,
        1.142997 0.000804 -0.651728,
        1.142911 -0.003544 -0.651842,
        1.142556 -0.007867 -0.652312,
        1.141918 -0.012266 -0.653155,
        1.141016 -0.016605 -0.654341,
        1.137989 -0.026393 -0.658281,
        1.133329 -0.036690 -0.664234,
        1.132701 -0.037865 -0.665026,
        1.123898 -0.051596 -0.675874,
        1.111635 -0.066095 -0.690258,
        1.106837 -0.070939 -0.695670,
        1.084986 -0.089461 -0.718928,
        1.058859 -0.106711 -0.744075,
        1.029228 -0.122082 -0.769585,
        1.022692 -0.124995 -0.774827,
        0.992395 -0.136569 -0.797483,
        0.961449 -0.145407 -0.818085,
        0.902857 0.163960 -0.844250,
        0.901881 0.176704 -0.835711,
        0.902093 0.183824 -0.832859,
        0.902624 0.201658 -0.825715,
        0.903074 0.205407 -0.825069,
        0.760383 0.129075 -0.904888,
        0.756513 0.139085 -0.893862,
        0.768583 0.144287 -0.890641,
        0.765048 0.118034 -0.922777,
        0.763716 0.121186 -0.917670,
        0.775405 0.126013 -0.913543,
        0.893867 0.184536 -0.835620,
        0.894869 0.164148 -0.847224,
        0.907793 0.121235 -0.900360,
        0.901972 0.131859 -0.880246,
        0.894641 0.206713 -0.827946,
        0.862541 0.209888 -0.839115,
        0.880127 0.122069 -0.918493,
        0.852587 0.120918 -0.935007,
        0.835145 0.119153 -0.944746,
        0.874020 0.131843 -0.896249,
        0.846544 0.129560 -0.910631,
        0.829347 0.126942 -0.919030,
        0.804459 0.121404 -0.930466,
        0.809576 0.115042 -0.958111,
        0.785072 0.109253 -0.969997,
        0.781023 0.114076 -0.940580,
        0.897607 0.146355 -0.862298,
        0.869013 0.146246 -0.876372,
        0.841081 0.143594 -0.888756,
        0.823700 0.140600 -0.895853,
        0.798716 0.134306 -0.905337,
        0.773132 0.105820 -0.984960,
        0.772445 0.105987 -0.975761,
        0.771530 0.106210 -0.963490,
        0.769193 0.109740 -0.945519,
        0.768805 0.110327 -0.942530,
        0.792686 0.152979 -0.884221,
        0.818511 0.159389 -0.876471,
        0.836473 0.162312 -0.870487,
        0.865332 0.164629 -0.859756,
        0.754967 0.143084 -0.889457,
        0.748978 0.159594 -0.876997,
        0.761000 0.167713 -0.873358,
        0.786731 0.176310 -0.868376,
        0.814062 0.182291 -0.861933,
        0.832953 0.184766 -0.856747,
        0.863141 0.186166 -0.847148,
        0.748071 0.162227 -0.875703,
        0.753147 0.194773 -0.862817,
        0.781205 0.202911 -0.858745,
        0.810592 0.208064 -0.853027,
        0.830698 0.209821 -0.848232,
        0.742617 0.178057 -0.867923,
        0.738888 0.189374 -0.864844,
        0.736093 0.197859 -0.862535,
        0.669835 0.167223 -0.867342,
        0.701825 0.184052 -0.865063,
        0.710655 0.164091 -0.870905,
        0.738895 -0.189250 -0.864378,
        0.736119 -0.197963 -0.863370,
        0.708246 -0.186950 -0.864596,
        0.678747 0.063304 -1.028448,
        0.651874 0.027841 -1.021414,
        0.648687 -0.023319 -1.023702,
        0.660627 -0.038250 -1.015682,
        0.655733 -0.032713 -1.018803,
        0.752054 -0.099026 -0.994220,
        0.726489 -0.088915 -1.005751,
        0.702730 -0.077445 -1.016820,
        0.686259 -0.068064 -1.024747,
        0.673128 -0.050352 -1.008376,
        0.649063 -0.012890 -0.999442,
        0.652597 -0.020628 -0.996072,
        0.647386 -0.007501 -1.001374,
        0.646545 -0.002362 -1.002491,
        0.646448 0.000066 -1.002627,
        0.646511 0.001907 -1.002538,
        0.647272 0.007012 -1.001519,
        0.649121 0.013042 -0.999381,
        0.650575 0.016526 -0.997914,
        0.660116 0.037699 -1.015999,
        0.667987 0.045657 -1.011286,
        0.697388 0.074546 -1.019366,
        0.722424 0.087105 -1.007618,
        0.747146 0.097248 -0.996406,
        0.742569 -0.178407 -0.868818,
        0.754887 -0.143456 -0.889974,
        0.748933 -0.159803 -0.877287,
        0.724680 -0.148508 -0.880071,
        0.760191 -0.129833 -0.905516,
        0.756581 -0.138804 -0.893583,
        0.732122 -0.132142 -0.893418,
        0.764890 -0.118599 -0.923037,
        0.763801 -0.120863 -0.917448,
        0.738683 -0.118490 -0.909907,
        0.771257 -0.107121 -0.963640,
        0.769259 -0.109514 -0.945466,
        0.748263 -0.101174 -0.949854,
        0.772878 -0.106619 -0.984873,
        0.772587 -0.105527 -0.975742,
        0.750937 -0.098131 -0.971875,
        0.688896 -0.063026 -1.000037,
        0.704014 -0.073394 -0.992632,
        0.726359 -0.086388 -0.982407,
        0.658326 -0.030001 -0.991601,
        0.662494 -0.035704 -0.988768,
        0.673579 -0.048483 -0.982173,
        0.688126 -0.062187 -0.974707,
        0.702446 -0.073566 -0.968123,
        0.724058 -0.087994 -0.959094,
        0.675053 -0.170261 -0.866975,
        0.644786 -0.150793 -0.869076,
        0.624131 -0.134470 -0.870478,
        0.602236 -0.113356 -0.871943,
        0.584355 -0.091577 -0.873128,
        0.577126 -0.080884 -0.873606,
        0.566323 -0.061259 -0.874324,
        0.558706 -0.042032 -0.874835,
        0.554561 -0.026098 -0.875115,
        0.552244 -0.008573 -0.875273,
        0.748087 -0.162126 -0.875485,
        0.716625 -0.166998 -0.870348,
        0.685891 -0.150389 -0.873222,
        0.658211 -0.131373 -0.875844,
        0.639607 -0.115709 -0.877649,
        0.620277 -0.095854 -0.879592,
        0.604952 -0.075935 -0.881219,
        0.598932 -0.066398 -0.881893,
        0.590209 -0.049366 -0.882924,
        0.584332 -0.033312 -0.883674,
        0.581265 -0.020460 -0.884094,
        0.579602 -0.006675 -0.884332,
        0.579404 0.000187 -0.884361,
        0.696157 -0.132120 -0.883815,
        0.670764 -0.113671 -0.887341,
        0.653948 -0.098719 -0.889840,
        0.636821 -0.080130 -0.892605,
        0.623665 -0.061987 -0.894989,
        0.618663 -0.053523 -0.895998,
        0.611680 -0.038854 -0.897568,
        0.607248 -0.025637 -0.898734,
        0.605074 -0.015510 -0.899396,
        0.603950 -0.005011 -0.899775,
        0.603820 0.000140 -0.899822,
        0.603905 0.004051 -0.899791,
        0.705446 -0.116176 -0.898335,
        0.681904 -0.098451 -0.903071,
        0.666491 -0.084283 -0.906489,
        0.651050 -0.066961 -0.910336,
        0.639509 -0.050465 -0.913713,
        0.635251 -0.042955 -0.915159,
        0.629524 -0.030313 -0.917432,
        0.626123 -0.019453 -0.919140,
        0.624578 -0.011541 -0.920116,
        0.623833 -0.003681 -0.920680,
        0.623750 0.000103 -0.920748,
        0.623804 0.002974 -0.920703,
        0.624475 0.010807 -0.920189,
        0.713391 -0.103188 -0.916211,
        0.691147 -0.086372 -0.922354,
        0.676659 -0.073066 -0.926829,
        0.662260 -0.056998 -0.931909,
        0.651650 -0.041976 -0.936405,
        0.647801 -0.035264 -0.938340,
        0.642738 -0.024226 -0.941397,
        0.639858 -0.015119 -0.943705,
        0.638623 -0.008788 -0.945029,
        0.638063 -0.002765 -0.945795,
        0.638002 0.000077 -0.945889,
        0.638041 0.002232 -0.945827,
        0.638544 0.008215 -0.945128,
        0.639903 0.015298 -0.943663,
        0.768716 -0.110644 -0.942676,
        0.744129 -0.108042 -0.928947,
        0.719678 -0.093669 -0.936734,
        0.698094 -0.077956 -0.944355,
        0.683983 -0.065586 -0.949923,
        0.669895 -0.050736 -0.956257,
        0.659448 -0.036968 -0.961870,
        0.655633 -0.030867 -0.964288,
        0.650576 -0.020936 -0.968112,
        0.647656 -0.012889 -0.971001,
        0.646379 -0.007414 -0.972660,
        0.645787 -0.002316 -0.973620,
        0.645722 0.000065 -0.973737,
        0.645764 0.001869 -0.973661,
        0.646296 0.006924 -0.972785,
        0.647702 0.013045 -0.970948,
        0.648877 0.016647 -0.969690,
        0.655140 0.025085 -0.993981,
        0.551965 0.000240 -0.875293,
        0.579533 0.005398 -0.884342,
        0.604922 0.014546 -0.899445,
        0.626177 0.019672 -0.919109,
        0.641056 0.019397 -0.942658,
        0.652786 0.025640 -0.966322,
        0.662054 0.035131 -0.989055,
        0.552148 0.006935 -0.875280,
        0.581045 0.019212 -0.884124,
        0.607322 0.025910 -0.898713,
        0.627559 0.024617 -0.918366,
        0.644942 0.029475 -0.939966,
        0.659042 0.036354 -0.962115,
        0.668958 0.043482 -0.984793,
        0.682132 0.057864 -1.003522,
        0.554257 0.024528 -0.875136,
        0.584433 0.033652 -0.883661,
        0.609162 0.032009 -0.898207,
        0.632043 0.036380 -0.916370,
        0.651239 0.041303 -0.936601,
        0.665499 0.045335 -0.958485,
        0.681827 0.056574 -0.977819,
        0.699072 0.070164 -0.995001,
        0.594960 0.105128 -0.872425,
        0.614799 0.126042 -0.871105,
        0.631309 0.107725 -0.878472,
        0.652120 0.126543 -0.876430,
        0.665231 0.109036 -0.888146,
        0.691730 0.129197 -0.884413,
        0.701324 0.113351 -0.899133,
        0.726907 0.129311 -0.894350,
        0.733735 0.115766 -0.911097,
        0.562100 0.051511 -0.874606,
        0.571281 0.070975 -0.873994,
        0.594165 0.057719 -0.882446,
        0.604325 0.075000 -0.881288,
        0.623139 0.061150 -0.895092,
        0.631355 0.073142 -0.893559,
        0.646209 0.060551 -0.911680,
        0.659773 0.077225 -0.908096,
        0.670375 0.066490 -0.928946,
        0.686352 0.082215 -0.923783,
        0.693430 0.074085 -0.946131,
        0.715898 0.091147 -0.938009,
        0.720294 0.085680 -0.960605,
        0.743552 0.098823 -0.951594,
        0.746182 0.096046 -0.973864,
        0.558840 0.042447 -0.874826,
        0.586917 0.041148 -0.883337,
        0.614799 0.045970 -0.896837,
        0.639056 0.049716 -0.913860,
        0.657786 0.051123 -0.933694,
        0.677844 0.059495 -0.952561,
        0.697733 0.070008 -0.970226,
        0.722498 0.084315 -0.984123,
        0.638058 0.145789 -0.869536,
        0.681091 0.147398 -0.873673,
        0.719119 0.145619 -0.880788,
        0.583609 0.090537 -0.873177,
        0.613978 0.088256 -0.880248,
        0.646542 0.091191 -0.891001,
        0.676812 0.094039 -0.904165,
        0.709490 0.100496 -0.917240,
        0.739352 0.105478 -0.930414,
        0.871464 -0.209330 -0.836215,
        0.871655 -0.186019 -0.844136,
        0.873501 -0.164779 -0.856453,
        0.876921 -0.146535 -0.872628,
        0.881767 -0.132079 -0.891960,
        0.887827 -0.122038 -0.913609,
        0.756444 -0.195910 -0.862407,
        0.778113 -0.127110 -0.912617,
        0.783758 -0.115048 -0.939428,
        0.787956 -0.110036 -0.968641,
        0.764003 -0.168883 -0.872828,
        0.812058 -0.115524 -0.956859,
        0.784052 -0.203554 -0.858257,
        0.812926 -0.208339 -0.852508,
        0.837172 -0.119400 -0.943642,
        0.860674 -0.121461 -0.930306,
        0.854574 -0.130464 -0.906556,
        0.831337 -0.127293 -0.918080,
        0.806857 -0.122033 -0.929398,
        0.849224 -0.144635 -0.885276,
        0.825707 -0.141002 -0.895056,
        0.801113 -0.135019 -0.904460,
        0.844887 -0.163282 -0.867504,
        0.820585 -0.159788 -0.875806,
        0.795165 -0.153716 -0.883518,
        0.771384 -0.145448 -0.889931,
        0.841774 -0.185492 -0.854113,
        0.816247 -0.182643 -0.861364,
        0.789363 -0.177019 -0.867808,
        0.840037 -0.210179 -0.845755,
      ]
    }
    coordIndex [
      290, 187, 285, -1,
      285, 187, 188, -1,
      285, 188, 189, -1,
      289, 185, 290, -1,
      290, 185, 186, -1,
      290, 186, 187, -1,
      288, 181, 289, -1,
      289, 181, 182, -1,
      182, 183, 289, -1,
      289, 183, 184, -1,
      289, 184, 185, -1,
      152, 178, 291, -1,
      291, 178, 179, -1,
      291, 179, 288, -1,
      288, 179, 180, -1,
      288, 180, 181, -1,
      170, 168, 292, -1,
      271, 270, 293, -1,
      272, 271, 294, -1,
      273, 272, 295, -1,
      274, 273, 296, -1,
      297, 298, 277, -1,
      277, 298, 269, -1,
      277, 269, 275, -1,
      274, 296, 299, -1,
      299, 296, 300, -1,
      299, 300, 301, -1,
      277, 284, 297, -1,
      297, 284, 283, -1,
      297, 283, 302, -1,
      301, 300, 303, -1,
      303, 300, 304, -1,
      303, 304, 305, -1,
      283, 282, 302, -1,
      302, 282, 281, -1,
      302, 281, 280, -1,
      305, 304, 306, -1,
      306, 304, 307, -1,
      306, 307, 308, -1,
      279, 309, 280, -1,
      280, 309, 310, -1,
      280, 310, 302, -1,
      308, 307, 311, -1,
      311, 307, 312, -1,
      311, 312, 313, -1,
      313, 312, 314, -1,
      313, 314, 315, -1,
      279, 278, 309, -1,
      309, 278, 287, -1,
      309, 287, 316, -1,
      316, 287, 286, -1,
      316, 286, 317, -1,
      271, 293, 294, -1,
      294, 293, 318, -1,
      294, 318, 319, -1,
      319, 318, 320, -1,
      319, 320, 321, -1,
      321, 320, 322, -1,
      321, 322, 323, -1,
      323, 322, 324, -1,
      323, 324, 325, -1,
      325, 324, 326, -1,
      325, 326, 327, -1,
      327, 326, 328, -1,
      327, 328, 329, -1,
      286, 189, 317, -1,
      317, 189, 177, -1,
      317, 177, 176, -1,
      176, 328, 317, -1,
      317, 328, 326, -1,
      317, 326, 316, -1,
      316, 326, 324, -1,
      316, 324, 309, -1,
      309, 324, 322, -1,
      309, 322, 310, -1,
      310, 322, 320, -1,
      310, 320, 302, -1,
      302, 320, 318, -1,
      302, 318, 297, -1,
      297, 318, 293, -1,
      297, 293, 298, -1,
      298, 293, 270, -1,
      298, 270, 269, -1,
      176, 175, 328, -1,
      328, 175, 174, -1,
      328, 174, 329, -1,
      329, 174, 173, -1,
      329, 173, 172, -1,
      272, 294, 295, -1,
      295, 294, 319, -1,
      295, 319, 330, -1,
      330, 319, 321, -1,
      330, 321, 331, -1,
      331, 321, 323, -1,
      331, 323, 332, -1,
      332, 323, 325, -1,
      332, 325, 333, -1,
      333, 325, 327, -1,
      333, 327, 334, -1,
      334, 327, 329, -1,
      334, 329, 335, -1,
      335, 329, 172, -1,
      335, 172, 171, -1,
      273, 295, 296, -1,
      296, 295, 330, -1,
      296, 330, 300, -1,
      300, 330, 331, -1,
      300, 331, 304, -1,
      304, 331, 332, -1,
      304, 332, 307, -1,
      307, 332, 333, -1,
      307, 333, 312, -1,
      312, 333, 334, -1,
      312, 334, 314, -1,
      314, 334, 335, -1,
      314, 335, 292, -1,
      292, 335, 171, -1,
      292, 171, 170, -1,
      315, 314, 336, -1,
      336, 314, 292, -1,
      336, 292, 337, -1,
      337, 292, 168, -1,
      337, 168, 167, -1,
      193, 192, 338, -1,
      339, 337, 167, -1,
      339, 167, 340, -1,
      311, 313, 341, -1,
      341, 313, 315, -1,
      341, 315, 339, -1,
      339, 315, 336, -1,
      339, 336, 337, -1,
      342, 343, 344, -1,
      344, 343, 345, -1,
      344, 345, 346, -1,
      311, 341, 308, -1,
      308, 341, 344, -1,
      308, 344, 306, -1,
      306, 344, 346, -1,
      306, 346, 305, -1,
      301, 347, 299, -1,
      299, 347, 274, -1,
      305, 346, 303, -1,
      303, 346, 348, -1,
      303, 348, 301, -1,
      301, 348, 349, -1,
      301, 349, 347, -1,
      81, 80, 341, -1,
      341, 80, 350, -1,
      341, 350, 344, -1,
      344, 350, 351, -1,
      344, 351, 342, -1,
      352, 353, 338, -1,
      338, 353, 354, -1,
      338, 354, 355, -1,
      355, 354, 356, -1,
      355, 356, 357, -1,
      352, 338, 358, -1,
      358, 338, 192, -1,
      358, 192, 191, -1,
      200, 359, 199, -1,
      199, 359, 360, -1,
      199, 360, 190, -1,
      190, 360, 361, -1,
      190, 361, 191, -1,
      191, 361, 362, -1,
      191, 362, 358, -1,
      355, 363, 196, -1,
      196, 195, 355, -1,
      355, 195, 194, -1,
      355, 194, 338, -1,
      338, 194, 198, -1,
      338, 198, 193, -1,
      151, 150, 363, -1,
      363, 150, 197, -1,
      363, 197, 196, -1,
      157, 156, 364, -1,
      364, 156, 155, -1,
      364, 155, 365, -1,
      365, 155, 154, -1,
      365, 154, 153, -1,
      159, 158, 366, -1,
      366, 158, 157, -1,
      164, 163, 367, -1,
      367, 163, 162, -1,
      367, 162, 368, -1,
      368, 162, 161, -1,
      368, 161, 160, -1,
      369, 165, 164, -1,
      167, 169, 340, -1,
      340, 169, 149, -1,
      340, 149, 369, -1,
      369, 149, 166, -1,
      369, 166, 165, -1,
      81, 341, 83, -1,
      83, 341, 339, -1,
      83, 339, 89, -1,
      89, 339, 86, -1,
      86, 339, 340, -1,
      86, 340, 94, -1,
      94, 340, 137, -1,
      137, 340, 369, -1,
      137, 369, 136, -1,
      164, 367, 369, -1,
      369, 367, 135, -1,
      369, 135, 136, -1,
      139, 140, 368, -1,
      368, 140, 141, -1,
      368, 141, 367, -1,
      367, 141, 138, -1,
      367, 138, 135, -1,
      142, 139, 366, -1,
      366, 139, 368, -1,
      366, 368, 159, -1,
      159, 368, 160, -1,
      157, 364, 366, -1,
      366, 364, 148, -1,
      366, 148, 142, -1,
      127, 145, 365, -1,
      365, 145, 146, -1,
      365, 146, 364, -1,
      364, 146, 147, -1,
      364, 147, 148, -1,
      129, 127, 363, -1,
      363, 127, 365, -1,
      363, 365, 151, -1,
      151, 365, 153, -1,
      129, 363, 131, -1,
      131, 363, 355, -1,
      131, 355, 133, -1,
      133, 355, 357, -1,
      133, 357, 134, -1,
      370, 371, 372, -1,
      373, 374, 375, -1,
      376, 377, 378, -1,
      379, 80, 82, -1,
      380, 381, 382, -1,
      382, 381, 383, -1,
      382, 383, 379, -1,
      384, 385, 386, -1,
      387, 388, 389, -1,
      390, 391, 392, -1,
      72, 28, 393, -1,
      393, 28, 394, -1,
      379, 82, 382, -1,
      382, 82, 84, -1,
      382, 84, 395, -1,
      84, 85, 395, -1,
      395, 85, 87, -1,
      395, 87, 396, -1,
      396, 87, 88, -1,
      396, 88, 397, -1,
      72, 393, 73, -1,
      73, 393, 398, -1,
      73, 398, 74, -1,
      74, 398, 399, -1,
      74, 399, 75, -1,
      75, 399, 400, -1,
      75, 400, 76, -1,
      88, 93, 397, -1,
      397, 93, 92, -1,
      397, 92, 401, -1,
      401, 92, 91, -1,
      401, 91, 402, -1,
      91, 90, 402, -1,
      402, 90, 100, -1,
      402, 100, 403, -1,
      76, 400, 77, -1,
      77, 400, 404, -1,
      77, 404, 78, -1,
      78, 404, 405, -1,
      78, 405, 79, -1,
      79, 405, 406, -1,
      79, 406, 67, -1,
      67, 406, 407, -1,
      67, 407, 68, -1,
      100, 99, 403, -1,
      403, 99, 98, -1,
      403, 98, 408, -1,
      408, 98, 97, -1,
      408, 97, 409, -1,
      409, 97, 96, -1,
      409, 96, 410, -1,
      96, 95, 410, -1,
      410, 95, 102, -1,
      410, 102, 411, -1,
      411, 102, 101, -1,
      411, 101, 412, -1,
      412, 101, 103, -1,
      412, 103, 413, -1,
      413, 103, 112, -1,
      413, 112, 414, -1,
      112, 111, 414, -1,
      414, 111, 105, -1,
      414, 105, 415, -1,
      415, 105, 104, -1,
      415, 104, 416, -1,
      416, 104, 110, -1,
      416, 110, 417, -1,
      417, 110, 109, -1,
      417, 109, 418, -1,
      418, 109, 108, -1,
      418, 108, 419, -1,
      419, 108, 107, -1,
      419, 107, 420, -1,
      420, 107, 106, -1,
      420, 106, 421, -1,
      421, 106, 118, -1,
      117, 422, 118, -1,
      118, 422, 423, -1,
      118, 423, 421, -1,
      117, 116, 422, -1,
      422, 116, 115, -1,
      422, 115, 424, -1,
      424, 115, 114, -1,
      424, 114, 425, -1,
      425, 114, 113, -1,
      425, 113, 426, -1,
      68, 407, 69, -1,
      69, 407, 427, -1,
      69, 427, 70, -1,
      70, 427, 428, -1,
      70, 428, 71, -1,
      71, 428, 429, -1,
      71, 429, 50, -1,
      50, 429, 430, -1,
      50, 430, 51, -1,
      51, 430, 431, -1,
      51, 431, 52, -1,
      52, 431, 432, -1,
      52, 432, 53, -1,
      53, 432, 433, -1,
      53, 433, 54, -1,
      54, 433, 434, -1,
      54, 434, 55, -1,
      55, 434, 435, -1,
      55, 435, 56, -1,
      56, 435, 436, -1,
      56, 436, 57, -1,
      57, 436, 437, -1,
      57, 437, 58, -1,
      58, 437, 438, -1,
      58, 438, 59, -1,
      59, 438, 439, -1,
      59, 439, 60, -1,
      60, 439, 440, -1,
      60, 440, 61, -1,
      61, 440, 441, -1,
      61, 441, 62, -1,
      62, 441, 442, -1,
      62, 442, 63, -1,
      63, 442, 443, -1,
      63, 443, 64, -1,
      64, 443, 444, -1,
      64, 444, 65, -1,
      65, 444, 445, -1,
      65, 445, 66, -1,
      113, 120, 426, -1,
      426, 120, 119, -1,
      426, 119, 446, -1,
      446, 119, 125, -1,
      446, 125, 447, -1,
      447, 125, 124, -1,
      447, 124, 448, -1,
      66, 445, 44, -1,
      44, 445, 449, -1,
      44, 449, 45, -1,
      45, 449, 450, -1,
      45, 450, 46, -1,
      46, 450, 451, -1,
      46, 451, 47, -1,
      124, 123, 448, -1,
      448, 123, 122, -1,
      448, 122, 452, -1,
      452, 122, 121, -1,
      452, 121, 453, -1,
      453, 121, 144, -1,
      47, 451, 48, -1,
      48, 451, 454, -1,
      48, 454, 49, -1,
      49, 454, 455, -1,
      49, 455, 40, -1,
      40, 455, 456, -1,
      40, 456, 41, -1,
      457, 458, 459, -1,
      459, 458, 456, -1,
      459, 456, 460, -1,
      460, 456, 455, -1,
      460, 455, 461, -1,
      461, 455, 454, -1,
      461, 454, 462, -1,
      462, 454, 451, -1,
      462, 451, 463, -1,
      463, 451, 450, -1,
      463, 450, 464, -1,
      464, 450, 449, -1,
      464, 449, 465, -1,
      465, 449, 445, -1,
      465, 445, 466, -1,
      466, 445, 444, -1,
      466, 444, 467, -1,
      467, 444, 443, -1,
      467, 443, 468, -1,
      468, 443, 442, -1,
      468, 442, 469, -1,
      469, 442, 441, -1,
      469, 441, 470, -1,
      470, 441, 440, -1,
      470, 440, 471, -1,
      471, 440, 439, -1,
      471, 439, 472, -1,
      472, 439, 438, -1,
      472, 438, 473, -1,
      473, 438, 437, -1,
      473, 437, 474, -1,
      474, 437, 436, -1,
      474, 436, 475, -1,
      475, 436, 435, -1,
      475, 435, 476, -1,
      476, 435, 434, -1,
      476, 434, 477, -1,
      477, 434, 433, -1,
      477, 433, 478, -1,
      478, 433, 432, -1,
      478, 432, 479, -1,
      479, 432, 431, -1,
      479, 431, 480, -1,
      480, 431, 430, -1,
      480, 430, 481, -1,
      481, 430, 429, -1,
      481, 429, 482, -1,
      482, 429, 428, -1,
      482, 428, 483, -1,
      483, 428, 427, -1,
      483, 427, 484, -1,
      484, 427, 407, -1,
      484, 407, 485, -1,
      485, 407, 406, -1,
      485, 406, 486, -1,
      486, 406, 405, -1,
      486, 405, 487, -1,
      487, 405, 404, -1,
      487, 404, 488, -1,
      488, 404, 400, -1,
      488, 400, 489, -1,
      489, 400, 399, -1,
      489, 399, 490, -1,
      490, 399, 398, -1,
      490, 398, 392, -1,
      392, 398, 393, -1,
      392, 393, 390, -1,
      390, 393, 394, -1,
      134, 376, 132, -1,
      132, 376, 378, -1,
      132, 378, 130, -1,
      130, 378, 491, -1,
      130, 491, 128, -1,
      128, 491, 492, -1,
      128, 492, 126, -1,
      126, 492, 453, -1,
      126, 453, 143, -1,
      143, 453, 144, -1,
      377, 373, 378, -1,
      378, 373, 375, -1,
      378, 375, 491, -1,
      491, 375, 493, -1,
      491, 493, 492, -1,
      492, 493, 494, -1,
      492, 494, 453, -1,
      453, 494, 495, -1,
      453, 495, 452, -1,
      452, 495, 496, -1,
      452, 496, 448, -1,
      448, 496, 497, -1,
      448, 497, 447, -1,
      447, 497, 498, -1,
      447, 498, 446, -1,
      446, 498, 499, -1,
      446, 499, 426, -1,
      426, 499, 500, -1,
      426, 500, 425, -1,
      425, 500, 501, -1,
      425, 501, 424, -1,
      424, 501, 502, -1,
      424, 502, 422, -1,
      422, 502, 503, -1,
      422, 503, 423, -1,
      423, 503, 504, -1,
      423, 504, 421, -1,
      421, 504, 505, -1,
      421, 505, 420, -1,
      420, 505, 506, -1,
      420, 506, 419, -1,
      419, 506, 507, -1,
      419, 507, 418, -1,
      418, 507, 508, -1,
      418, 508, 417, -1,
      417, 508, 509, -1,
      417, 509, 416, -1,
      416, 509, 510, -1,
      416, 510, 415, -1,
      415, 510, 511, -1,
      415, 511, 414, -1,
      414, 511, 512, -1,
      414, 512, 413, -1,
      413, 512, 513, -1,
      413, 513, 412, -1,
      412, 513, 514, -1,
      412, 514, 411, -1,
      411, 514, 515, -1,
      411, 515, 410, -1,
      410, 515, 516, -1,
      410, 516, 409, -1,
      409, 516, 517, -1,
      409, 517, 408, -1,
      408, 517, 518, -1,
      408, 518, 403, -1,
      403, 518, 519, -1,
      403, 519, 402, -1,
      402, 519, 520, -1,
      402, 520, 401, -1,
      401, 520, 521, -1,
      401, 521, 397, -1,
      397, 521, 522, -1,
      397, 522, 396, -1,
      396, 522, 523, -1,
      396, 523, 395, -1,
      395, 523, 524, -1,
      395, 524, 382, -1,
      382, 524, 386, -1,
      382, 386, 380, -1,
      380, 386, 385, -1,
      374, 370, 375, -1,
      375, 370, 372, -1,
      375, 372, 493, -1,
      493, 372, 525, -1,
      493, 525, 494, -1,
      494, 525, 526, -1,
      494, 526, 495, -1,
      495, 526, 527, -1,
      495, 527, 496, -1,
      496, 527, 528, -1,
      496, 528, 497, -1,
      497, 528, 529, -1,
      497, 529, 498, -1,
      498, 529, 530, -1,
      498, 530, 499, -1,
      499, 530, 531, -1,
      499, 531, 500, -1,
      500, 531, 532, -1,
      500, 532, 501, -1,
      501, 532, 533, -1,
      501, 533, 502, -1,
      502, 533, 534, -1,
      502, 534, 503, -1,
      503, 534, 535, -1,
      503, 535, 504, -1,
      504, 535, 536, -1,
      504, 536, 505, -1,
      505, 536, 537, -1,
      505, 537, 506, -1,
      506, 537, 538, -1,
      506, 538, 507, -1,
      507, 538, 539, -1,
      507, 539, 508, -1,
      508, 539, 540, -1,
      508, 540, 509, -1,
      509, 540, 541, -1,
      509, 541, 510, -1,
      510, 541, 542, -1,
      510, 542, 511, -1,
      511, 542, 543, -1,
      511, 543, 512, -1,
      512, 543, 544, -1,
      512, 544, 513, -1,
      513, 544, 545, -1,
      513, 545, 514, -1,
      514, 545, 546, -1,
      514, 546, 515, -1,
      515, 546, 547, -1,
      515, 547, 516, -1,
      516, 547, 548, -1,
      516, 548, 517, -1,
      517, 548, 549, -1,
      517, 549, 518, -1,
      518, 549, 550, -1,
      518, 550, 519, -1,
      519, 550, 551, -1,
      519, 551, 520, -1,
      520, 551, 552, -1,
      520, 552, 521, -1,
      521, 552, 553, -1,
      521, 553, 522, -1,
      522, 553, 554, -1,
      522, 554, 523, -1,
      523, 554, 555, -1,
      523, 555, 524, -1,
      524, 555, 556, -1,
      524, 556, 386, -1,
      386, 556, 389, -1,
      386, 389, 384, -1,
      384, 389, 388, -1,
      371, 557, 372, -1,
      372, 557, 457, -1,
      372, 457, 525, -1,
      525, 457, 459, -1,
      525, 459, 526, -1,
      526, 459, 460, -1,
      526, 460, 527, -1,
      527, 460, 461, -1,
      527, 461, 528, -1,
      528, 461, 462, -1,
      528, 462, 529, -1,
      529, 462, 463, -1,
      529, 463, 530, -1,
      530, 463, 464, -1,
      530, 464, 531, -1,
      531, 464, 465, -1,
      531, 465, 532, -1,
      532, 465, 466, -1,
      532, 466, 533, -1,
      533, 466, 467, -1,
      533, 467, 534, -1,
      534, 467, 468, -1,
      534, 468, 535, -1,
      535, 468, 469, -1,
      535, 469, 536, -1,
      536, 469, 470, -1,
      536, 470, 537, -1,
      537, 470, 471, -1,
      537, 471, 538, -1,
      538, 471, 472, -1,
      538, 472, 539, -1,
      539, 472, 473, -1,
      539, 473, 540, -1,
      540, 473, 474, -1,
      540, 474, 541, -1,
      541, 474, 475, -1,
      541, 475, 542, -1,
      542, 475, 476, -1,
      542, 476, 543, -1,
      543, 476, 477, -1,
      543, 477, 544, -1,
      544, 477, 478, -1,
      544, 478, 545, -1,
      545, 478, 479, -1,
      545, 479, 546, -1,
      546, 479, 480, -1,
      546, 480, 547, -1,
      547, 480, 481, -1,
      547, 481, 548, -1,
      548, 481, 482, -1,
      548, 482, 549, -1,
      549, 482, 483, -1,
      549, 483, 550, -1,
      550, 483, 484, -1,
      550, 484, 551, -1,
      551, 484, 485, -1,
      551, 485, 552, -1,
      552, 485, 486, -1,
      552, 486, 553, -1,
      553, 486, 487, -1,
      553, 487, 554, -1,
      554, 487, 488, -1,
      554, 488, 555, -1,
      555, 488, 489, -1,
      555, 489, 556, -1,
      556, 489, 490, -1,
      556, 490, 389, -1,
      389, 490, 392, -1,
      389, 392, 387, -1,
      387, 392, 391, -1,
      557, 558, 457, -1,
      457, 558, 559, -1,
      457, 559, 458, -1,
      458, 559, 560, -1,
      458, 560, 561, -1,
      41, 456, 42, -1,
      42, 456, 458, -1,
      42, 458, 43, -1,
      43, 458, 561, -1,
      43, 561, 39, -1,
      562, 563, 564, -1,
      565, 566, 567, -1,
      560, 559, 568, -1,
      558, 557, 569, -1,
      377, 376, 570, -1,
      376, 134, 357, -1,
      377, 570, 373, -1,
      370, 374, 571, -1,
      39, 561, 572, -1,
      39, 572, 38, -1,
      38, 572, 573, -1,
      38, 573, 37, -1,
      376, 357, 570, -1,
      570, 357, 356, -1,
      570, 356, 574, -1,
      574, 356, 354, -1,
      574, 354, 575, -1,
      358, 576, 352, -1,
      352, 576, 575, -1,
      352, 575, 353, -1,
      353, 575, 354, -1,
      374, 373, 571, -1,
      571, 373, 570, -1,
      571, 570, 577, -1,
      577, 570, 574, -1,
      577, 574, 578, -1,
      578, 574, 575, -1,
      578, 575, 579, -1,
      579, 575, 576, -1,
      579, 576, 580, -1,
      362, 361, 581, -1,
      581, 361, 582, -1,
      581, 582, 583, -1,
      371, 370, 584, -1,
      584, 370, 571, -1,
      584, 571, 585, -1,
      585, 571, 577, -1,
      585, 577, 586, -1,
      586, 577, 578, -1,
      586, 578, 587, -1,
      587, 578, 579, -1,
      587, 579, 588, -1,
      588, 579, 580, -1,
      588, 580, 567, -1,
      361, 360, 582, -1,
      582, 360, 359, -1,
      582, 359, 589, -1,
      589, 590, 582, -1,
      582, 590, 591, -1,
      582, 591, 583, -1,
      583, 591, 592, -1,
      583, 592, 593, -1,
      358, 362, 576, -1,
      576, 362, 581, -1,
      576, 581, 580, -1,
      580, 581, 583, -1,
      580, 583, 567, -1,
      567, 583, 593, -1,
      567, 593, 565, -1,
      566, 562, 567, -1,
      567, 562, 564, -1,
      567, 564, 588, -1,
      588, 564, 594, -1,
      588, 594, 587, -1,
      587, 594, 595, -1,
      587, 595, 586, -1,
      586, 595, 596, -1,
      586, 596, 585, -1,
      585, 596, 597, -1,
      585, 597, 584, -1,
      584, 597, 569, -1,
      584, 569, 371, -1,
      371, 569, 557, -1,
      598, 599, 600, -1,
      563, 598, 564, -1,
      564, 598, 600, -1,
      564, 600, 594, -1,
      594, 600, 601, -1,
      594, 601, 595, -1,
      595, 601, 602, -1,
      595, 602, 596, -1,
      596, 602, 603, -1,
      596, 603, 597, -1,
      597, 603, 604, -1,
      597, 604, 569, -1,
      569, 604, 568, -1,
      569, 568, 558, -1,
      558, 568, 559, -1,
      599, 605, 600, -1,
      600, 605, 606, -1,
      600, 606, 601, -1,
      601, 606, 607, -1,
      601, 607, 602, -1,
      602, 607, 608, -1,
      602, 608, 603, -1,
      603, 608, 609, -1,
      603, 609, 604, -1,
      604, 609, 573, -1,
      604, 573, 568, -1,
      568, 573, 572, -1,
      568, 572, 560, -1,
      560, 572, 561, -1,
      605, 610, 606, -1,
      606, 610, 611, -1,
      606, 611, 612, -1,
      37, 573, 33, -1,
      33, 573, 609, -1,
      33, 609, 34, -1,
      34, 609, 608, -1,
      34, 608, 35, -1,
      35, 608, 607, -1,
      35, 607, 36, -1,
      36, 607, 606, -1,
      36, 606, 25, -1,
      25, 606, 612, -1,
      25, 612, 2, -1,
      613, 614, 615, -1,
      616, 617, 618, -1,
      214, 213, 619, -1,
      234, 233, 620, -1,
      242, 241, 621, -1,
      239, 622, 623, -1,
      624, 267, 274, -1,
      625, 276, 624, -1,
      624, 276, 268, -1,
      624, 268, 267, -1,
      254, 252, 626, -1,
      626, 252, 251, -1,
      626, 251, 625, -1,
      625, 251, 266, -1,
      625, 266, 276, -1,
      258, 257, 627, -1,
      627, 257, 256, -1,
      627, 256, 626, -1,
      626, 256, 255, -1,
      626, 255, 254, -1,
      261, 627, 262, -1,
      262, 627, 263, -1,
      261, 260, 627, -1,
      627, 260, 259, -1,
      627, 259, 258, -1,
      622, 239, 628, -1,
      628, 239, 253, -1,
      628, 253, 265, -1,
      621, 224, 623, -1,
      623, 224, 223, -1,
      623, 223, 239, -1,
      241, 240, 621, -1,
      621, 240, 250, -1,
      621, 250, 224, -1,
      244, 243, 629, -1,
      629, 243, 630, -1,
      244, 629, 245, -1,
      245, 629, 631, -1,
      245, 631, 246, -1,
      246, 631, 247, -1,
      247, 631, 632, -1,
      247, 632, 248, -1,
      248, 632, 249, -1,
      249, 632, 633, -1,
      249, 633, 225, -1,
      225, 633, 634, -1,
      225, 634, 226, -1,
      226, 634, 238, -1,
      238, 634, 635, -1,
      238, 635, 227, -1,
      227, 635, 228, -1,
      228, 635, 636, -1,
      228, 636, 229, -1,
      637, 231, 636, -1,
      636, 231, 230, -1,
      636, 230, 229, -1,
      236, 237, 620, -1,
      620, 237, 235, -1,
      620, 235, 234, -1,
      209, 208, 638, -1,
      638, 208, 207, -1,
      212, 211, 639, -1,
      639, 211, 210, -1,
      214, 619, 215, -1,
      217, 218, 640, -1,
      640, 218, 219, -1,
      640, 219, 220, -1,
      221, 222, 619, -1,
      619, 222, 216, -1,
      619, 216, 215, -1,
      203, 202, 641, -1,
      641, 202, 204, -1,
      641, 204, 205, -1,
      642, 201, 206, -1,
      201, 642, 200, -1,
      200, 642, 589, -1,
      200, 589, 359, -1,
      617, 22, 23, -1,
      616, 618, 643, -1,
      644, 645, 646, -1,
      647, 648, 649, -1,
      650, 651, 652, -1,
      653, 654, 655, -1,
      656, 657, 658, -1,
      265, 264, 628, -1,
      628, 264, 263, -1,
      628, 263, 659, -1,
      659, 263, 627, -1,
      659, 627, 660, -1,
      660, 627, 626, -1,
      660, 626, 661, -1,
      661, 626, 625, -1,
      661, 625, 658, -1,
      658, 625, 624, -1,
      658, 624, 656, -1,
      656, 624, 274, -1,
      656, 274, 347, -1,
      243, 242, 630, -1,
      630, 242, 621, -1,
      630, 621, 662, -1,
      662, 621, 623, -1,
      662, 623, 663, -1,
      663, 623, 622, -1,
      663, 622, 664, -1,
      664, 622, 628, -1,
      664, 628, 665, -1,
      665, 628, 659, -1,
      665, 659, 666, -1,
      666, 659, 660, -1,
      666, 660, 667, -1,
      667, 660, 661, -1,
      667, 661, 655, -1,
      655, 661, 658, -1,
      655, 658, 653, -1,
      653, 658, 657, -1,
      617, 23, 618, -1,
      618, 23, 24, -1,
      618, 24, 668, -1,
      668, 24, 21, -1,
      668, 21, 669, -1,
      669, 21, 20, -1,
      669, 20, 670, -1,
      670, 20, 19, -1,
      670, 19, 671, -1,
      671, 19, 18, -1,
      671, 18, 672, -1,
      672, 18, 17, -1,
      672, 17, 673, -1,
      673, 17, 16, -1,
      673, 16, 674, -1,
      674, 16, 15, -1,
      674, 15, 675, -1,
      675, 15, 14, -1,
      675, 14, 676, -1,
      676, 14, 13, -1,
      676, 13, 677, -1,
      678, 643, 679, -1,
      679, 643, 618, -1,
      679, 618, 680, -1,
      680, 618, 668, -1,
      680, 668, 681, -1,
      681, 668, 669, -1,
      681, 669, 682, -1,
      682, 669, 670, -1,
      682, 670, 683, -1,
      683, 670, 671, -1,
      683, 671, 684, -1,
      684, 671, 672, -1,
      684, 672, 685, -1,
      685, 672, 673, -1,
      685, 673, 686, -1,
      686, 673, 674, -1,
      686, 674, 687, -1,
      687, 674, 675, -1,
      687, 675, 688, -1,
      688, 675, 676, -1,
      688, 676, 689, -1,
      689, 676, 677, -1,
      689, 677, 690, -1,
      645, 678, 646, -1,
      646, 678, 679, -1,
      646, 679, 691, -1,
      691, 679, 680, -1,
      691, 680, 692, -1,
      692, 680, 681, -1,
      692, 681, 693, -1,
      693, 681, 682, -1,
      693, 682, 694, -1,
      694, 682, 683, -1,
      694, 683, 695, -1,
      695, 683, 684, -1,
      695, 684, 696, -1,
      696, 684, 685, -1,
      696, 685, 697, -1,
      697, 685, 686, -1,
      697, 686, 698, -1,
      698, 686, 687, -1,
      698, 687, 699, -1,
      699, 687, 688, -1,
      699, 688, 700, -1,
      700, 688, 689, -1,
      700, 689, 701, -1,
      701, 689, 690, -1,
      701, 690, 702, -1,
      648, 644, 649, -1,
      649, 644, 646, -1,
      649, 646, 703, -1,
      703, 646, 691, -1,
      703, 691, 704, -1,
      704, 691, 692, -1,
      704, 692, 705, -1,
      705, 692, 693, -1,
      705, 693, 706, -1,
      706, 693, 694, -1,
      706, 694, 707, -1,
      707, 694, 695, -1,
      707, 695, 708, -1,
      708, 695, 696, -1,
      708, 696, 709, -1,
      709, 696, 697, -1,
      709, 697, 710, -1,
      710, 697, 698, -1,
      710, 698, 711, -1,
      711, 698, 699, -1,
      711, 699, 712, -1,
      712, 699, 700, -1,
      712, 700, 713, -1,
      713, 700, 701, -1,
      713, 701, 714, -1,
      714, 701, 702, -1,
      714, 702, 715, -1,
      651, 647, 652, -1,
      652, 647, 649, -1,
      652, 649, 716, -1,
      716, 649, 703, -1,
      716, 703, 717, -1,
      717, 703, 704, -1,
      717, 704, 718, -1,
      718, 704, 705, -1,
      718, 705, 719, -1,
      719, 705, 706, -1,
      719, 706, 720, -1,
      720, 706, 707, -1,
      720, 707, 721, -1,
      721, 707, 708, -1,
      721, 708, 722, -1,
      722, 708, 709, -1,
      722, 709, 723, -1,
      723, 709, 710, -1,
      723, 710, 724, -1,
      724, 710, 711, -1,
      724, 711, 725, -1,
      725, 711, 712, -1,
      725, 712, 726, -1,
      726, 712, 713, -1,
      726, 713, 727, -1,
      727, 713, 714, -1,
      727, 714, 728, -1,
      728, 714, 715, -1,
      728, 715, 729, -1,
      730, 650, 731, -1,
      731, 650, 652, -1,
      731, 652, 732, -1,
      732, 652, 716, -1,
      732, 716, 733, -1,
      733, 716, 717, -1,
      733, 717, 734, -1,
      734, 717, 718, -1,
      734, 718, 735, -1,
      735, 718, 719, -1,
      735, 719, 736, -1,
      736, 719, 720, -1,
      736, 720, 737, -1,
      737, 720, 721, -1,
      737, 721, 738, -1,
      738, 721, 722, -1,
      738, 722, 739, -1,
      739, 722, 723, -1,
      739, 723, 740, -1,
      740, 723, 724, -1,
      740, 724, 741, -1,
      741, 724, 725, -1,
      741, 725, 742, -1,
      742, 725, 726, -1,
      742, 726, 743, -1,
      743, 726, 727, -1,
      743, 727, 744, -1,
      744, 727, 728, -1,
      744, 728, 745, -1,
      745, 728, 729, -1,
      745, 729, 746, -1,
      654, 730, 655, -1,
      655, 730, 731, -1,
      655, 731, 667, -1,
      667, 731, 732, -1,
      667, 732, 666, -1,
      666, 732, 733, -1,
      666, 733, 665, -1,
      665, 733, 734, -1,
      665, 734, 664, -1,
      664, 734, 735, -1,
      664, 735, 663, -1,
      663, 735, 736, -1,
      663, 736, 662, -1,
      662, 736, 737, -1,
      662, 737, 630, -1,
      630, 737, 738, -1,
      630, 738, 629, -1,
      629, 738, 739, -1,
      629, 739, 631, -1,
      631, 739, 740, -1,
      631, 740, 632, -1,
      632, 740, 741, -1,
      632, 741, 633, -1,
      633, 741, 742, -1,
      633, 742, 634, -1,
      634, 742, 743, -1,
      634, 743, 635, -1,
      635, 743, 744, -1,
      635, 744, 636, -1,
      636, 744, 745, -1,
      636, 745, 637, -1,
      637, 745, 746, -1,
      637, 746, 747, -1,
      207, 236, 638, -1,
      638, 236, 620, -1,
      638, 620, 747, -1,
      747, 620, 233, -1,
      747, 233, 637, -1,
      637, 233, 232, -1,
      637, 232, 231, -1,
      13, 12, 677, -1,
      677, 12, 748, -1,
      677, 748, 690, -1,
      690, 748, 749, -1,
      690, 749, 702, -1,
      702, 749, 750, -1,
      702, 750, 715, -1,
      715, 750, 751, -1,
      715, 751, 729, -1,
      729, 751, 752, -1,
      729, 752, 746, -1,
      746, 752, 753, -1,
      746, 753, 747, -1,
      747, 753, 754, -1,
      747, 754, 638, -1,
      638, 754, 639, -1,
      638, 639, 209, -1,
      209, 639, 210, -1,
      12, 11, 748, -1,
      748, 11, 755, -1,
      748, 755, 749, -1,
      749, 755, 756, -1,
      749, 756, 750, -1,
      750, 756, 757, -1,
      750, 757, 751, -1,
      751, 757, 758, -1,
      751, 758, 752, -1,
      752, 758, 759, -1,
      752, 759, 753, -1,
      753, 759, 760, -1,
      753, 760, 754, -1,
      754, 760, 761, -1,
      754, 761, 639, -1,
      639, 761, 762, -1,
      639, 762, 212, -1,
      220, 221, 640, -1,
      640, 221, 619, -1,
      640, 619, 762, -1,
      762, 619, 213, -1,
      762, 213, 212, -1,
      11, 10, 755, -1,
      755, 10, 763, -1,
      755, 763, 756, -1,
      756, 763, 764, -1,
      756, 764, 757, -1,
      757, 764, 765, -1,
      757, 765, 758, -1,
      758, 765, 766, -1,
      758, 766, 759, -1,
      759, 766, 767, -1,
      759, 767, 760, -1,
      760, 767, 768, -1,
      760, 768, 761, -1,
      761, 768, 769, -1,
      761, 769, 762, -1,
      762, 769, 770, -1,
      762, 770, 640, -1,
      640, 770, 641, -1,
      640, 641, 217, -1,
      217, 641, 205, -1,
      4, 7, 771, -1,
      771, 7, 772, -1,
      771, 772, 773, -1,
      773, 772, 774, -1,
      773, 774, 775, -1,
      775, 774, 776, -1,
      775, 776, 777, -1,
      777, 776, 778, -1,
      777, 778, 779, -1,
      8, 1, 780, -1,
      780, 1, 781, -1,
      780, 781, 782, -1,
      782, 781, 783, -1,
      782, 783, 784, -1,
      784, 783, 785, -1,
      784, 785, 786, -1,
      786, 785, 787, -1,
      786, 787, 788, -1,
      788, 787, 789, -1,
      788, 789, 790, -1,
      790, 789, 791, -1,
      790, 791, 792, -1,
      792, 791, 793, -1,
      792, 793, 794, -1,
      10, 9, 763, -1,
      763, 9, 795, -1,
      763, 795, 764, -1,
      764, 795, 796, -1,
      764, 796, 765, -1,
      765, 796, 797, -1,
      765, 797, 766, -1,
      766, 797, 798, -1,
      766, 798, 767, -1,
      767, 798, 799, -1,
      767, 799, 768, -1,
      768, 799, 800, -1,
      768, 800, 769, -1,
      769, 800, 801, -1,
      769, 801, 770, -1,
      770, 801, 802, -1,
      770, 802, 641, -1,
      641, 802, 642, -1,
      641, 642, 203, -1,
      203, 642, 206, -1,
      2, 614, 3, -1,
      3, 614, 613, -1,
      3, 613, 5, -1,
      2, 612, 614, -1,
      614, 612, 611, -1,
      614, 611, 615, -1,
      615, 611, 610, -1,
      615, 610, 605, -1,
      6, 5, 803, -1,
      803, 5, 613, -1,
      803, 613, 804, -1,
      804, 613, 615, -1,
      804, 615, 805, -1,
      805, 615, 605, -1,
      805, 605, 599, -1,
      7, 6, 772, -1,
      772, 6, 803, -1,
      772, 803, 774, -1,
      774, 803, 804, -1,
      774, 804, 776, -1,
      776, 804, 805, -1,
      776, 805, 778, -1,
      778, 805, 599, -1,
      599, 598, 778, -1,
      778, 598, 563, -1,
      778, 563, 779, -1,
      779, 563, 562, -1,
      779, 562, 566, -1,
      0, 4, 806, -1,
      806, 4, 771, -1,
      806, 771, 807, -1,
      807, 771, 773, -1,
      807, 773, 808, -1,
      808, 773, 775, -1,
      808, 775, 809, -1,
      809, 775, 777, -1,
      809, 777, 810, -1,
      810, 777, 779, -1,
      810, 779, 811, -1,
      811, 779, 566, -1,
      811, 566, 565, -1,
      1, 0, 781, -1,
      781, 0, 806, -1,
      781, 806, 783, -1,
      783, 806, 807, -1,
      783, 807, 785, -1,
      785, 807, 808, -1,
      785, 808, 787, -1,
      787, 808, 809, -1,
      787, 809, 789, -1,
      789, 809, 810, -1,
      789, 810, 791, -1,
      791, 810, 811, -1,
      791, 811, 793, -1,
      793, 811, 565, -1,
      565, 593, 793, -1,
      793, 593, 592, -1,
      793, 592, 794, -1,
      794, 592, 591, -1,
      794, 591, 590, -1,
      9, 8, 795, -1,
      795, 8, 780, -1,
      795, 780, 796, -1,
      796, 780, 782, -1,
      796, 782, 797, -1,
      797, 782, 784, -1,
      797, 784, 798, -1,
      798, 784, 786, -1,
      798, 786, 799, -1,
      799, 786, 788, -1,
      799, 788, 800, -1,
      800, 788, 790, -1,
      800, 790, 801, -1,
      801, 790, 792, -1,
      801, 792, 802, -1,
      802, 792, 794, -1,
      802, 794, 642, -1,
      642, 794, 590, -1,
      642, 590, 589, -1,
      390, 394, 812, -1,
      387, 391, 813, -1,
      384, 388, 814, -1,
      380, 385, 815, -1,
      383, 381, 816, -1,
      80, 379, 817, -1,
      617, 616, 818, -1,
      647, 651, 819, -1,
      730, 654, 820, -1,
      653, 657, 821, -1,
      656, 347, 349, -1,
      656, 349, 657, -1,
      730, 820, 650, -1,
      647, 819, 648, -1,
      643, 678, 822, -1,
      822, 678, 645, -1,
      29, 22, 617, -1,
      657, 349, 821, -1,
      821, 349, 348, -1,
      821, 348, 823, -1,
      617, 818, 29, -1,
      29, 818, 824, -1,
      29, 824, 30, -1,
      30, 824, 825, -1,
      30, 825, 31, -1,
      348, 346, 823, -1,
      823, 346, 345, -1,
      823, 345, 826, -1,
      826, 345, 343, -1,
      826, 343, 827, -1,
      343, 342, 827, -1,
      827, 342, 351, -1,
      827, 351, 817, -1,
      817, 351, 350, -1,
      817, 350, 80, -1,
      379, 383, 817, -1,
      817, 383, 816, -1,
      817, 816, 827, -1,
      827, 816, 828, -1,
      827, 828, 826, -1,
      826, 828, 829, -1,
      826, 829, 823, -1,
      823, 829, 830, -1,
      823, 830, 821, -1,
      821, 830, 820, -1,
      821, 820, 653, -1,
      653, 820, 654, -1,
      381, 380, 816, -1,
      816, 380, 815, -1,
      816, 815, 828, -1,
      828, 815, 831, -1,
      828, 831, 829, -1,
      829, 831, 832, -1,
      829, 832, 830, -1,
      830, 832, 833, -1,
      830, 833, 820, -1,
      820, 833, 819, -1,
      820, 819, 650, -1,
      650, 819, 651, -1,
      385, 384, 815, -1,
      815, 384, 814, -1,
      815, 814, 831, -1,
      831, 814, 834, -1,
      831, 834, 832, -1,
      832, 834, 835, -1,
      832, 835, 833, -1,
      833, 835, 836, -1,
      833, 836, 819, -1,
      819, 836, 837, -1,
      819, 837, 648, -1,
      648, 837, 644, -1,
      388, 387, 814, -1,
      814, 387, 813, -1,
      814, 813, 834, -1,
      834, 813, 838, -1,
      834, 838, 835, -1,
      835, 838, 839, -1,
      835, 839, 836, -1,
      836, 839, 840, -1,
      836, 840, 837, -1,
      837, 840, 822, -1,
      837, 822, 644, -1,
      644, 822, 645, -1,
      391, 390, 813, -1,
      813, 390, 812, -1,
      813, 812, 838, -1,
      838, 812, 841, -1,
      838, 841, 839, -1,
      839, 841, 825, -1,
      839, 825, 840, -1,
      840, 825, 824, -1,
      840, 824, 822, -1,
      822, 824, 818, -1,
      822, 818, 643, -1,
      643, 818, 616, -1,
      31, 825, 32, -1,
      32, 825, 841, -1,
      32, 841, 26, -1,
      26, 841, 812, -1,
      26, 812, 27, -1,
      27, 812, 394, -1,
      27, 394, 28, -1,
    ]
  }
}

Shape {
  appearance Appearance {
    material Material {
      diffuseColor 1.0000 1.0000 1.0000
      specularColor 0.8784 0.8784 0.8784
      ambientIntensity 0.2
      transparency 0.0000
      shininess 0.5
    }
  }
  geometry IndexedFaceSet {
    ccw TRUE
    solid FALSE
    coord DEF co Coordinate {
      point [
        0.168756 0.102000 -0.884517,
        0.159579 0.101365 -0.884650,
        -0.361780 -0.042037 -0.879791,
        -0.280459 -0.042037 -0.882204,
        -0.381698 -0.097251 -0.879106,
        -0.261667 -0.097251 -0.882674,
        -0.128746 0.098384 -0.885057,
        -0.140591 0.097293 -0.884918,
        -0.143954 0.096367 -0.884872,
        -0.156599 0.092888 -0.884699,
        -0.166727 0.087847 -0.884543,
        -0.177246 0.082611 -0.884382,
        -0.185390 0.076696 -0.884246,
        -0.307279 0.099599 -0.881477,
        -0.188204 0.073856 -0.884196,
        -0.188396 0.073661 -0.884193,
        -0.202423 0.058385 -0.883941,
        -0.206970 0.051592 -0.883856,
        -0.211137 0.041323 -0.883775,
        -0.214868 0.032129 -0.883702,
        -0.216775 0.023617 -0.883665,
        -0.216898 0.022161 -0.883662,
        -0.218456 0.003650 -0.883631,
        -0.216285 -0.019872 -0.883674,
        -0.232859 -0.097251 -0.883331,
        -0.215445 -0.022619 -0.883691,
        -0.210110 -0.040057 -0.883796,
        -0.208315 -0.043117 -0.883830,
        -0.199478 -0.058183 -0.883996,
        -0.197252 -0.060834 -0.884037,
        -0.193512 -0.065284 -0.884104,
        -0.180811 -0.076038 -0.884320,
        -0.176113 -0.080017 -0.884400,
        -0.169820 -0.083863 -0.884500,
        -0.160332 -0.087759 -0.884639,
        -0.148154 -0.092758 -0.884818,
        -0.139336 -0.094854 -0.884934,
        -0.137885 -0.094988 -0.884951,
        -0.128746 -0.095838 -0.885057,
        -0.333685 0.099599 -0.880695,
        -0.410505 -0.097251 -0.878048,
        0.145191 0.100370 -0.884857,
        0.145153 0.100368 -0.884858,
        0.122431 0.094198 -0.885138,
        0.084022 0.099599 -0.885502,
        -0.016804 0.099599 -0.885814,
        -0.060015 0.099599 -0.885661,
        -0.115567 0.099599 -0.885213,
        0.057615 -0.008428 -0.885674,
        0.057615 -0.075646 -0.885674,
        -0.012003 -0.008428 -0.885820,
        -0.021606 -0.075646 -0.885805,
        -0.012003 0.013177 -0.885820,
        -0.016804 0.077994 -0.885814,
        0.057615 0.013177 -0.885674,
        0.057615 0.077994 -0.885674,
        0.159579 0.079236 -0.884650,
        0.159579 -0.077321 -0.884656,
        0.146828 -0.075141 -0.884835,
        0.146750 -0.075128 -0.884837,
        0.125962 -0.067391 -0.885097,
        0.144690 0.077309 -0.884864,
        0.122431 -0.065443 -0.885138,
        0.122431 0.067791 -0.885138,
        0.125912 -0.067372 -0.885098,
        0.133220 0.073331 -0.885011,
        0.144606 0.077280 -0.884865,
        -0.113542 -0.097251 -0.885234,
        -0.021606 -0.097251 -0.885805,
        -0.060015 -0.097251 -0.885661,
        0.084022 -0.097251 -0.885502,
        0.143482 -0.095429 -0.884878,
        0.148781 -0.096949 -0.884809,
        0.122431 -0.087048 -0.885138,
        0.135204 -0.093054 -0.884986,
        0.168531 0.080394 -0.884520,
        0.205610 -0.070577 -0.883881,
        0.187908 0.078161 -0.884202,
        0.188387 0.078106 -0.884194,
        0.195137 0.076109 -0.884075,
        0.202432 0.072467 -0.883939,
        0.209298 0.069039 -0.883811,
        0.226917 -0.052769 -0.883457,
        0.216127 0.063642 -0.883677,
        0.226230 0.053302 -0.883472,
        0.228105 0.050623 -0.883432,
        0.229721 0.048312 -0.883398,
        0.235944 0.035304 -0.883264,
        0.237541 0.031967 -0.883230,
        0.239053 0.026949 -0.883196,
        0.240853 0.014294 -0.883157,
        0.242335 0.003879 -0.883124,
        0.242462 -0.000926 -0.883121,
        0.240437 -0.022234 -0.883166,
        0.240409 -0.022533 -0.883167,
        0.236286 -0.036430 -0.883257,
        0.234875 -0.039036 -0.883287,
        0.228591 -0.050643 -0.883422,
        0.224486 -0.055856 -0.883508,
        0.217469 -0.062265 -0.883649,
        0.214743 0.065059 -0.883705,
        0.206740 -0.070138 -0.883860,
        0.192311 -0.075743 -0.884126,
        0.191310 -0.075952 -0.884143,
        0.186481 -0.076962 -0.884227,
        0.172957 -0.078046 -0.884451,
        0.159774 -0.077355 -0.884653,
        0.159579 -0.097998 -0.884647,
        0.171254 -0.099133 -0.884472,
        0.176595 -0.099652 -0.884393,
        0.199378 -0.097456 -0.883998,
        0.200820 -0.097023 -0.883970,
        0.214734 -0.092844 -0.883705,
        0.219703 -0.090145 -0.883603,
        0.231550 -0.083708 -0.883359,
        0.285673 -0.097251 -0.882068,
        0.235708 -0.080383 -0.883269,
        0.238159 -0.078423 -0.883216,
        0.250394 -0.064748 -0.882940,
        0.251722 -0.063265 -0.882910,
        0.285673 -0.075646 -0.882068,
        0.386499 -0.097251 -0.878935,
        0.255601 -0.057216 -0.882819,
        0.260435 -0.045915 -0.882703,
        0.360092 -0.075646 -0.879847,
        0.264263 -0.036967 -0.882611,
        0.265987 -0.030265 -0.882569,
        0.266504 -0.025289 -0.882557,
        0.268869 -0.002539 -0.882498,
        0.360092 0.099599 -0.879847,
        0.266743 0.021923 -0.882551,
        0.265720 0.025352 -0.882576,
        0.260137 0.044066 -0.882711,
        0.258143 0.047559 -0.882758,
        0.249137 0.063330 -0.882970,
        0.246848 0.066077 -0.883022,
        0.242724 0.071025 -0.883115,
        0.228896 0.082930 -0.883413,
        0.386499 0.099599 -0.878935,
        0.225585 0.085781 -0.883485,
        0.217408 0.090683 -0.883652,
        0.210247 0.093422 -0.883789,
        0.196375 0.098727 -0.884053,
        0.188514 0.100318 -0.884191,
        0.186692 0.100687 -0.884224,
        -0.410505 -0.097251 -0.708661,
        -0.333685 0.099599 -0.708661,
        -0.307279 0.099599 -0.708661,
        -0.232859 -0.097251 -0.708661,
        -0.261667 -0.097251 -0.708661,
        -0.280459 -0.042037 -0.708661,
        -0.361780 -0.042037 -0.708661,
        -0.381698 -0.097251 -0.708661,
        -0.352928 -0.020431 -0.708661,
        -0.352928 -0.020431 -0.880084,
        -0.287098 -0.020431 -0.708661,
        -0.287098 -0.020431 -0.882031,
        -0.323295 0.061789 -0.708661,
        -0.323295 0.061789 -0.881010,
        -0.321541 0.068638 -0.708661,
        -0.321542 0.068638 -0.881063,
        -0.321540 0.068646 -0.881063,
        -0.320257 0.075593 -0.708661,
        -0.320257 0.075593 -0.881100,
        -0.319619 0.075593 -0.708661,
        -0.319619 0.075593 -0.881119,
        -0.318363 0.068617 -0.708661,
        -0.318363 0.068617 -0.881156,
        -0.316469 0.061789 -0.708661,
        -0.316469 0.061789 -0.881212,
        -0.318361 0.068610 -0.881157,
        -0.060015 -0.097251 -0.708661,
        -0.113542 -0.097251 -0.708661,
        -0.218456 0.003650 -0.708661,
        -0.215694 -0.022695 -0.708661,
        -0.208626 -0.043299 -0.708661,
        -0.197337 -0.060906 -0.708661,
        -0.181135 -0.076420 -0.708661,
        -0.160581 -0.088364 -0.708661,
        -0.137898 -0.095125 -0.708661,
        -0.211738 0.041567 -0.708661,
        -0.144007 0.096559 -0.708661,
        -0.115567 0.099599 -0.708661,
        -0.167038 0.088472 -0.708661,
        -0.188464 0.074113 -0.708661,
        -0.188670 0.073932 -0.708661,
        -0.200120 0.061825 -0.883984,
        -0.202590 0.058496 -0.708661,
        -0.217025 0.022172 -0.708661,
        -0.060015 0.099599 -0.708661,
        -0.086422 0.077994 -0.708661,
        -0.086422 0.077994 -0.885483,
        -0.115455 0.077994 -0.708661,
        -0.115455 0.077994 -0.885214,
        -0.086422 -0.075646 -0.708661,
        -0.086422 -0.075646 -0.885483,
        -0.114367 -0.075646 -0.708661,
        -0.114367 -0.075646 -0.885226,
        -0.135135 -0.073713 -0.708661,
        -0.151550 -0.068255 -0.884769,
        -0.148209 -0.070002 -0.884817,
        -0.151700 -0.068542 -0.708661,
        -0.135776 -0.073584 -0.884979,
        -0.135128 -0.073646 -0.884987,
        -0.162245 -0.062663 -0.884616,
        -0.165125 -0.060570 -0.708661,
        -0.165077 -0.060507 -0.884573,
        -0.184468 -0.036093 -0.708661,
        -0.184012 -0.035902 -0.884269,
        -0.181558 -0.041761 -0.884311,
        -0.176166 -0.049665 -0.708661,
        -0.177684 -0.047683 -0.884375,
        -0.175989 -0.049501 -0.884402,
        -0.167322 -0.058797 -0.884539,
        -0.188371 -0.025495 -0.884194,
        -0.190242 -0.017589 -0.708661,
        -0.189352 -0.021744 -0.884178,
        -0.189809 -0.017542 -0.884169,
        -0.192049 0.003087 -0.708661,
        -0.192049 0.003087 -0.884130,
        -0.189994 0.024615 -0.884166,
        -0.190181 0.022660 -0.884163,
        -0.190377 0.022678 -0.708661,
        -0.187767 0.032946 -0.884205,
        -0.185781 0.038248 -0.708661,
        -0.185419 0.038082 -0.884245,
        -0.181627 0.046378 -0.884309,
        -0.178943 0.050389 -0.708661,
        -0.178912 0.050369 -0.884354,
        -0.169381 0.060542 -0.708661,
        -0.169259 0.060422 -0.884509,
        -0.178413 0.051103 -0.884363,
        -0.155002 0.069831 -0.708661,
        -0.163385 0.065031 -0.884599,
        -0.168170 0.061530 -0.884526,
        -0.138656 0.074967 -0.884939,
        -0.144732 0.073888 -0.884864,
        -0.138754 0.075517 -0.708661,
        -0.148157 0.072724 -0.884817,
        -0.154775 0.069380 -0.884722,
        -0.122993 0.077747 -0.885131,
        -0.021606 -0.097251 -0.708661,
        -0.021606 -0.075646 -0.708661,
        0.057615 -0.075646 -0.708661,
        0.057615 -0.008428 -0.708661,
        -0.012003 -0.008428 -0.708661,
        -0.012003 0.013177 -0.708661,
        0.057615 0.013177 -0.708661,
        0.057615 0.077994 -0.708661,
        -0.016804 0.077994 -0.708661,
        -0.016804 0.099599 -0.708661,
        0.084022 0.099599 -0.708661,
        0.084022 -0.097251 -0.708661,
        0.122431 -0.087048 -0.708661,
        0.122431 -0.065443 -0.708661,
        0.172957 -0.078046 -0.708661,
        0.146827 -0.075146 -0.708661,
        0.125959 -0.067397 -0.708661,
        0.242462 -0.000926 -0.708661,
        0.240469 -0.022237 -0.708661,
        0.235121 -0.039169 -0.708661,
        0.226980 -0.052819 -0.708661,
        0.205661 -0.070706 -0.708661,
        0.213341 -0.066033 -0.883733,
        0.217742 -0.062564 -0.708661,
        0.191317 -0.075987 -0.708661,
        0.187914 0.078217 -0.708661,
        0.168531 0.080394 -0.708661,
        0.216273 0.063785 -0.708661,
        0.202648 0.072900 -0.708661,
        0.228160 0.050662 -0.708661,
        0.236276 0.035463 -0.708661,
        0.241523 0.014389 -0.708661,
        0.122431 0.067791 -0.708661,
        0.144604 0.077286 -0.708661,
        0.122431 0.094198 -0.708661,
        0.168756 0.102000 -0.708661,
        0.145191 0.100374 -0.708661,
        0.229170 0.083248 -0.708661,
        0.268869 -0.002539 -0.708661,
        0.266037 0.025447 -0.708661,
        0.258480 0.047752 -0.708661,
        0.246942 0.066156 -0.708661,
        0.210472 0.094010 -0.708661,
        0.188527 0.100386 -0.708661,
        0.176595 -0.099652 -0.708661,
        0.200854 -0.097137 -0.708661,
        0.219934 -0.090569 -0.708661,
        0.235768 -0.080458 -0.708661,
        0.250554 -0.064891 -0.708661,
        0.261041 -0.046174 -0.708661,
        0.266965 -0.025337 -0.708661,
        0.143415 -0.095664 -0.708661,
        0.171213 -0.099559 -0.708661,
        0.285673 -0.097251 -0.708661,
        0.285673 -0.075646 -0.708661,
        0.360092 -0.075646 -0.708661,
        0.360092 0.099599 -0.708661,
        0.386499 0.099599 -0.708661,
        0.386499 -0.097251 -0.708661,
      ]
    }
    coordIndex [
      145, 40, 146, -1,
      146, 40, 39, -1,
      146, 39, 147, -1,
      147, 39, 13, -1,
      147, 13, 148, -1,
      148, 13, 24, -1,
      148, 24, 149, -1,
      149, 24, 5, -1,
      149, 5, 150, -1,
      150, 5, 3, -1,
      150, 3, 151, -1,
      151, 3, 2, -1,
      151, 2, 152, -1,
      152, 2, 4, -1,
      152, 4, 145, -1,
      145, 4, 40, -1,
      153, 154, 155, -1,
      155, 154, 156, -1,
      157, 158, 153, -1,
      153, 158, 154, -1,
      157, 159, 158, -1,
      158, 159, 160, -1,
      160, 159, 161, -1,
      161, 159, 162, -1,
      161, 162, 163, -1,
      164, 165, 162, -1,
      162, 165, 163, -1,
      164, 166, 165, -1,
      165, 166, 167, -1,
      168, 169, 166, -1,
      166, 169, 170, -1,
      166, 170, 167, -1,
      155, 156, 168, -1,
      168, 156, 169, -1,
      155, 168, 147, -1,
      148, 149, 150, -1,
      168, 166, 147, -1,
      147, 166, 164, -1,
      147, 164, 146, -1,
      146, 164, 162, -1,
      146, 162, 159, -1,
      159, 157, 146, -1,
      146, 157, 153, -1,
      146, 153, 145, -1,
      152, 145, 151, -1,
      151, 145, 153, -1,
      151, 153, 150, -1,
      150, 153, 155, -1,
      150, 155, 148, -1,
      148, 155, 147, -1,
      171, 69, 172, -1,
      172, 69, 67, -1,
      22, 173, 23, -1,
      23, 173, 174, -1,
      23, 174, 25, -1,
      25, 174, 26, -1,
      26, 174, 175, -1,
      26, 175, 27, -1,
      27, 175, 28, -1,
      28, 175, 176, -1,
      28, 176, 29, -1,
      177, 31, 176, -1,
      176, 31, 30, -1,
      176, 30, 29, -1,
      178, 33, 177, -1,
      177, 33, 32, -1,
      177, 32, 31, -1,
      37, 36, 179, -1,
      179, 36, 35, -1,
      179, 35, 178, -1,
      178, 35, 34, -1,
      178, 34, 33, -1,
      37, 179, 38, -1,
      38, 179, 172, -1,
      38, 172, 67, -1,
      19, 18, 180, -1,
      181, 7, 182, -1,
      182, 7, 6, -1,
      182, 6, 47, -1,
      11, 10, 183, -1,
      183, 10, 9, -1,
      183, 9, 181, -1,
      181, 9, 8, -1,
      181, 8, 7, -1,
      11, 183, 12, -1,
      12, 183, 184, -1,
      12, 184, 14, -1,
      14, 184, 185, -1,
      14, 185, 15, -1,
      15, 185, 186, -1,
      186, 185, 187, -1,
      186, 187, 16, -1,
      180, 18, 187, -1,
      187, 18, 17, -1,
      187, 17, 16, -1,
      19, 180, 20, -1,
      20, 180, 188, -1,
      20, 188, 21, -1,
      21, 188, 173, -1,
      21, 173, 22, -1,
      182, 47, 189, -1,
      189, 47, 46, -1,
      189, 46, 171, -1,
      171, 46, 69, -1,
      190, 191, 192, -1,
      192, 191, 193, -1,
      194, 195, 190, -1,
      190, 195, 191, -1,
      196, 197, 194, -1,
      194, 197, 195, -1,
      197, 196, 198, -1,
      199, 200, 201, -1,
      201, 200, 202, -1,
      201, 202, 198, -1,
      198, 202, 203, -1,
      198, 203, 197, -1,
      199, 201, 204, -1,
      204, 201, 205, -1,
      204, 205, 206, -1,
      207, 208, 209, -1,
      207, 209, 210, -1,
      209, 211, 210, -1,
      210, 211, 212, -1,
      210, 212, 205, -1,
      205, 212, 213, -1,
      205, 213, 206, -1,
      208, 207, 214, -1,
      214, 207, 215, -1,
      214, 215, 216, -1,
      216, 215, 217, -1,
      217, 215, 218, -1,
      217, 218, 219, -1,
      220, 221, 222, -1,
      222, 221, 219, -1,
      222, 219, 218, -1,
      220, 222, 223, -1,
      223, 222, 224, -1,
      223, 224, 225, -1,
      225, 224, 226, -1,
      226, 224, 227, -1,
      226, 227, 228, -1,
      229, 230, 227, -1,
      227, 230, 231, -1,
      227, 231, 228, -1,
      232, 233, 229, -1,
      229, 233, 234, -1,
      229, 234, 230, -1,
      235, 236, 237, -1,
      237, 236, 238, -1,
      237, 238, 232, -1,
      232, 238, 239, -1,
      232, 239, 233, -1,
      235, 237, 240, -1,
      240, 237, 192, -1,
      240, 192, 193, -1,
      180, 187, 227, -1,
      227, 187, 185, -1,
      227, 185, 229, -1,
      229, 185, 184, -1,
      229, 184, 232, -1,
      232, 184, 183, -1,
      232, 183, 237, -1,
      237, 183, 181, -1,
      237, 181, 192, -1,
      192, 181, 182, -1,
      192, 182, 190, -1,
      190, 182, 189, -1,
      190, 189, 194, -1,
      194, 189, 171, -1,
      194, 171, 196, -1,
      196, 171, 172, -1,
      196, 172, 198, -1,
      198, 172, 179, -1,
      198, 179, 201, -1,
      201, 179, 178, -1,
      201, 178, 205, -1,
      205, 178, 177, -1,
      205, 177, 210, -1,
      210, 177, 176, -1,
      210, 176, 207, -1,
      207, 176, 175, -1,
      207, 175, 215, -1,
      215, 175, 174, -1,
      215, 174, 218, -1,
      218, 174, 173, -1,
      218, 173, 222, -1,
      222, 173, 188, -1,
      222, 188, 224, -1,
      224, 188, 180, -1,
      224, 180, 227, -1,
      241, 68, 242, -1,
      242, 68, 51, -1,
      242, 51, 243, -1,
      243, 51, 49, -1,
      243, 49, 244, -1,
      244, 49, 48, -1,
      244, 48, 245, -1,
      245, 48, 50, -1,
      245, 50, 246, -1,
      246, 50, 52, -1,
      246, 52, 247, -1,
      247, 52, 54, -1,
      247, 54, 248, -1,
      248, 54, 55, -1,
      248, 55, 249, -1,
      249, 55, 53, -1,
      249, 53, 250, -1,
      250, 53, 45, -1,
      250, 45, 251, -1,
      251, 45, 44, -1,
      251, 44, 252, -1,
      252, 44, 70, -1,
      252, 70, 241, -1,
      241, 70, 68, -1,
      252, 241, 242, -1,
      242, 243, 252, -1,
      252, 243, 244, -1,
      252, 244, 251, -1,
      249, 250, 248, -1,
      248, 250, 251, -1,
      248, 251, 247, -1,
      247, 251, 244, -1,
      247, 244, 246, -1,
      246, 244, 245, -1,
      253, 73, 254, -1,
      254, 73, 62, -1,
      105, 255, 106, -1,
      106, 255, 256, -1,
      106, 256, 57, -1,
      57, 256, 58, -1,
      58, 256, 59, -1,
      59, 256, 257, -1,
      59, 257, 60, -1,
      60, 257, 64, -1,
      64, 257, 254, -1,
      64, 254, 62, -1,
      258, 259, 92, -1,
      92, 259, 93, -1,
      260, 96, 95, -1,
      260, 95, 259, -1,
      259, 95, 94, -1,
      259, 94, 93, -1,
      96, 260, 97, -1,
      97, 260, 261, -1,
      97, 261, 82, -1,
      76, 101, 262, -1,
      262, 101, 263, -1,
      262, 263, 264, -1,
      264, 263, 99, -1,
      264, 99, 261, -1,
      261, 99, 98, -1,
      261, 98, 82, -1,
      76, 262, 102, -1,
      102, 262, 265, -1,
      102, 265, 103, -1,
      103, 265, 104, -1,
      104, 265, 255, -1,
      104, 255, 105, -1,
      78, 77, 266, -1,
      266, 77, 75, -1,
      266, 75, 267, -1,
      268, 83, 100, -1,
      268, 100, 269, -1,
      100, 81, 269, -1,
      269, 81, 80, -1,
      269, 80, 266, -1,
      266, 80, 79, -1,
      266, 79, 78, -1,
      83, 268, 84, -1,
      84, 268, 270, -1,
      84, 270, 85, -1,
      89, 88, 271, -1,
      271, 88, 87, -1,
      271, 87, 270, -1,
      270, 87, 86, -1,
      270, 86, 85, -1,
      89, 271, 90, -1,
      90, 271, 272, -1,
      90, 272, 91, -1,
      91, 272, 258, -1,
      91, 258, 92, -1,
      63, 273, 65, -1,
      65, 273, 274, -1,
      75, 56, 267, -1,
      267, 56, 61, -1,
      267, 61, 274, -1,
      274, 61, 66, -1,
      274, 66, 65, -1,
      273, 63, 275, -1,
      275, 63, 43, -1,
      0, 276, 1, -1,
      1, 276, 277, -1,
      1, 277, 41, -1,
      41, 277, 42, -1,
      42, 277, 275, -1,
      42, 275, 43, -1,
      139, 137, 278, -1,
      128, 279, 130, -1,
      130, 279, 280, -1,
      130, 280, 131, -1,
      131, 280, 132, -1,
      132, 280, 281, -1,
      132, 281, 133, -1,
      133, 281, 134, -1,
      134, 281, 282, -1,
      134, 282, 135, -1,
      278, 137, 282, -1,
      282, 137, 136, -1,
      282, 136, 135, -1,
      139, 278, 140, -1,
      140, 278, 283, -1,
      140, 283, 141, -1,
      141, 283, 142, -1,
      142, 283, 284, -1,
      142, 284, 143, -1,
      143, 284, 144, -1,
      144, 284, 276, -1,
      144, 276, 0, -1,
      109, 285, 110, -1,
      110, 285, 286, -1,
      110, 286, 111, -1,
      111, 286, 112, -1,
      112, 286, 287, -1,
      112, 287, 113, -1,
      113, 287, 114, -1,
      114, 287, 288, -1,
      114, 288, 116, -1,
      122, 289, 123, -1,
      123, 289, 290, -1,
      123, 290, 125, -1,
      122, 119, 289, -1,
      289, 119, 118, -1,
      289, 118, 288, -1,
      288, 118, 117, -1,
      288, 117, 116, -1,
      125, 290, 126, -1,
      126, 290, 291, -1,
      126, 291, 127, -1,
      127, 291, 279, -1,
      127, 279, 128, -1,
      73, 253, 74, -1,
      74, 253, 292, -1,
      108, 107, 292, -1,
      107, 72, 292, -1,
      292, 72, 71, -1,
      292, 71, 74, -1,
      292, 293, 108, -1,
      108, 293, 285, -1,
      108, 285, 109, -1,
      265, 285, 255, -1,
      255, 285, 293, -1,
      255, 293, 256, -1,
      256, 293, 292, -1,
      256, 292, 257, -1,
      257, 292, 253, -1,
      257, 253, 254, -1,
      273, 275, 274, -1,
      274, 275, 277, -1,
      274, 277, 267, -1,
      267, 277, 276, -1,
      267, 276, 266, -1,
      266, 276, 284, -1,
      266, 284, 269, -1,
      269, 284, 283, -1,
      269, 283, 268, -1,
      268, 283, 278, -1,
      268, 278, 270, -1,
      270, 278, 282, -1,
      270, 282, 271, -1,
      271, 282, 281, -1,
      271, 281, 272, -1,
      272, 281, 280, -1,
      272, 280, 258, -1,
      258, 280, 279, -1,
      258, 279, 259, -1,
      259, 279, 291, -1,
      259, 291, 260, -1,
      260, 291, 290, -1,
      260, 290, 261, -1,
      261, 290, 289, -1,
      261, 289, 264, -1,
      264, 289, 288, -1,
      264, 288, 262, -1,
      262, 288, 287, -1,
      262, 287, 265, -1,
      265, 287, 286, -1,
      265, 286, 285, -1,
      294, 115, 295, -1,
      295, 115, 120, -1,
      295, 120, 296, -1,
      296, 120, 124, -1,
      296, 124, 297, -1,
      297, 124, 129, -1,
      297, 129, 298, -1,
      298, 129, 138, -1,
      298, 138, 299, -1,
      299, 138, 121, -1,
      299, 121, 294, -1,
      294, 121, 115, -1,
      297, 298, 296, -1,
      296, 298, 299, -1,
      296, 299, 295, -1,
      295, 299, 294, -1,
    ]
  }
}

Shape {
  appearance Appearance {
    material Material {
      diffuseColor 0.0196 0.3255 0.7020
      specularColor 0.0000 0.0235 0.0510
      ambientIntensity 0.2
      transparency 0.0000
      shininess 0.5
    }
  }
  geometry IndexedFaceSet {
    ccw TRUE
    solid FALSE
    coord DEF co Coordinate {
      point [
        -0.352928 -0.020431 -0.880084,
        -0.287098 -0.020431 -0.882031,
        -0.323295 0.061789 -0.881010,
        -0.321542 0.068638 -0.881063,
        -0.321540 0.068646 -0.881063,
        -0.320257 0.075593 -0.881100,
        -0.319619 0.075593 -0.881119,
        -0.318363 0.068617 -0.881156,
        -0.316469 0.061789 -0.881212,
        -0.318361 0.068610 -0.881157,
        -0.086422 0.077994 -0.885483,
        -0.115455 0.077994 -0.885214,
        -0.086422 -0.075646 -0.885483,
        -0.114367 -0.075646 -0.885226,
        -0.151550 -0.068255 -0.884769,
        -0.148209 -0.070002 -0.884817,
        -0.135776 -0.073584 -0.884979,
        -0.135128 -0.073646 -0.884987,
        -0.162245 -0.062663 -0.884616,
        -0.165077 -0.060507 -0.884573,
        -0.184012 -0.035902 -0.884269,
        -0.181558 -0.041761 -0.884311,
        -0.177684 -0.047683 -0.884375,
        -0.175989 -0.049501 -0.884402,
        -0.167322 -0.058797 -0.884539,
        -0.188371 -0.025495 -0.884194,
        -0.189352 -0.021744 -0.884178,
        -0.189809 -0.017542 -0.884169,
        -0.192049 0.003087 -0.884130,
        -0.189994 0.024615 -0.884166,
        -0.190181 0.022660 -0.884163,
        -0.187767 0.032946 -0.884205,
        -0.185419 0.038082 -0.884245,
        -0.181627 0.046378 -0.884309,
        -0.178912 0.050369 -0.884354,
        -0.169259 0.060422 -0.884509,
        -0.178413 0.051103 -0.884363,
        -0.163385 0.065031 -0.884599,
        -0.168170 0.061530 -0.884526,
        -0.138656 0.074967 -0.884939,
        -0.144732 0.073888 -0.884864,
        -0.148157 0.072724 -0.884817,
        -0.154775 0.069380 -0.884722,
        -0.122993 0.077747 -0.885131,
        -0.186911 -0.026722 -0.884220,
        -0.187800 0.030371 -0.884204,
      ]
    }
    coordIndex [
      1, 0, 8, -1,
      8, 0, 2, -1,
      8, 2, 9, -1,
      9, 2, 3, -1,
      9, 3, 7, -1,
      7, 3, 4, -1,
      7, 4, 6, -1,
      6, 4, 5, -1,
      13, 17, 34, -1,
      34, 17, 16, -1,
      16, 15, 34, -1,
      34, 15, 14, -1,
      34, 14, 18, -1,
      18, 19, 34, -1,
      34, 19, 24, -1,
      34, 24, 23, -1,
      23, 22, 34, -1,
      34, 22, 21, -1,
      34, 21, 20, -1,
      44, 20, 25, -1,
      20, 44, 45, -1,
      25, 26, 44, -1,
      44, 26, 27, -1,
      44, 27, 45, -1,
      27, 28, 45, -1,
      45, 28, 30, -1,
      45, 30, 29, -1,
      29, 31, 45, -1,
      45, 31, 32, -1,
      45, 32, 20, -1,
      20, 32, 33, -1,
      20, 33, 34, -1,
      13, 34, 12, -1,
      12, 34, 36, -1,
      12, 36, 35, -1,
      35, 38, 12, -1,
      12, 38, 37, -1,
      12, 37, 42, -1,
      42, 41, 12, -1,
      12, 41, 40, -1,
      12, 40, 39, -1,
      39, 43, 12, -1,
      12, 43, 11, -1,
      12, 11, 10, -1,
    ]
  }
}
