#VRML V2.0 utf8

Shape {
  appearance Appearance {
    material Material {
      diffuseColor 0.2078 0.2078 0.2078
      specularColor 0.0157 0.0157 0.0157
      ambientIntensity 0.2
      transparency 0.0000
      shininess 0.5
    }
  }
  geometry IndexedFaceSet {
    ccw TRUE
    solid FALSE
    coord DEF co Coordinate {
      point [
        -0.634802 -1.046928 1.929134,
        -0.630684 -1.044538 1.929134,
        -0.632723 -1.041353 1.967537,
        -0.509433 -0.954696 1.929134,
        -0.459791 -0.912887 1.929134,
        -0.462352 -0.910103 1.967537,
        -0.395620 -0.848504 1.929134,
        -0.383575 -0.836420 1.929134,
        -0.386367 -0.833869 1.967537,
        -0.296689 -0.728398 1.929134,
        -0.252485 -0.665096 1.929134,
        -0.255678 -0.663067 1.967537,
        -0.146770 -0.456305 1.929134,
        -0.116216 -0.372167 1.929134,
        -0.119824 -0.371032 1.967537,
        -0.069086 -0.155411 1.929134,
        -0.060231 -0.053982 1.929134,
        -0.064009 -0.053817 1.967537,
        -0.069086 0.155411 1.929134,
        -0.069620 0.161537 1.929134,
        -0.073371 0.161044 1.967537,
        -0.099093 0.308127 1.929134,
        -0.116216 0.372167 1.929134,
        -0.119824 0.371032 1.967537,
        -0.146770 0.456305 1.929134,
        -0.153067 0.473647 1.929134,
        -0.156563 0.472203 1.967537,
        -0.213261 0.596986 1.929134,
        -0.252485 0.665096 1.929134,
        -0.255678 0.663067 1.967537,
        -0.395620 0.848504 1.929134,
        -0.459791 0.912887 1.929134,
        -0.462352 0.910103 1.967537,
        -0.634802 1.046928 1.929134,
        -0.724065 1.098725 1.929134,
        -0.725820 1.095374 1.967537,
        -0.771678 1.121065 1.929134,
        -0.821806 1.144584 1.929134,
        -0.823261 1.141093 1.967537,
        -0.905512 -1.110253 2.072697,
        -0.905512 -1.114772 2.068101,
        -0.844000 -1.091371 2.068328,
        -0.905512 -1.175630 1.940973,
        -0.905512 -1.176006 1.929134,
        -0.821806 -1.144584 1.929134,
        -0.905512 0.966172 2.125984,
        -0.897584 0.962904 2.125984,
        -0.905512 0.986591 2.125071,
        -0.882800 0.998348 2.122202,
        -0.905512 1.007422 2.121789,
        -0.905512 1.016343 2.120383,
        -0.868585 1.032430 2.111000,
        -0.905512 1.025726 2.118034,
        -0.905512 1.083328 2.092778,
        -0.905512 1.079789 2.094997,
        -0.855484 1.063840 2.092809,
        -0.905512 1.053590 2.108349,
        -0.905512 1.046920 2.110667,
        -0.905512 1.086599 2.090728,
        -0.844000 1.091371 2.068328,
        -0.905512 1.109420 2.073430,
        -0.905512 1.140558 2.038251,
        -0.905512 1.134326 2.047352,
        -0.834576 1.113966 2.038498,
        -0.905512 1.129524 2.053161,
        -0.905512 1.114737 2.068069,
        -0.905512 1.150083 2.024339,
        -0.827574 1.130755 2.004465,
        -0.905512 1.159894 2.004335,
        -0.905512 1.162358 1.999312,
        -0.905512 1.165258 1.991639,
        -0.905512 1.176006 1.929134,
        -0.905512 1.175801 1.937880,
        -0.905512 1.172493 1.965194,
        -0.905512 1.171862 1.967500,
        -0.905512 -1.174910 1.949339,
        -0.905512 -1.171584 1.967466,
        -0.823261 -1.141093 1.967537,
        -0.905512 -1.169978 1.976220,
        -0.827574 -1.130755 2.004465,
        -0.905512 -1.161131 2.002284,
        -0.905512 -1.139992 2.039865,
        -0.905512 -1.140868 2.038444,
        -0.834576 -1.113966 2.038498,
        -0.905512 -1.154553 2.016246,
        -0.905512 -1.160119 2.004434,
        -0.905512 -1.129949 2.052665,
        -0.868585 -1.032430 2.111000,
        -0.905512 -1.071792 2.099564,
        -0.855484 -1.063840 2.092809,
        -0.905512 -1.083255 2.092674,
        -0.905512 -1.087694 2.090007,
        -0.905512 -1.017298 2.120163,
        -0.905512 -1.045409 2.111635,
        -0.905512 -1.047013 2.110902,
        -0.905512 -1.007454 2.121952,
        -0.882800 -0.998348 2.122202,
        -0.905512 -0.996074 2.124019,
        -0.897584 -0.962904 2.125984,
        -0.905512 -0.966172 2.125984,
        -0.662504 0.826493 2.125984,
        -0.593033 0.767984 2.125984,
        -0.639067 0.856916 2.122202,
        -0.567039 0.796254 2.122202,
        -0.616530 0.886170 2.111000,
        -0.542044 0.823436 2.111000,
        -0.595761 0.913130 2.092809,
        -0.519008 0.848488 2.092809,
        -0.577556 0.936761 2.068328,
        -0.498817 0.870446 2.068328,
        -0.562616 0.956154 2.038498,
        -0.482247 0.888467 2.038498,
        -0.551515 0.970565 2.004465,
        -0.469934 0.901857 2.004465,
        -0.544678 0.979439 1.967537,
        -0.470633 0.633993 2.125984,
        -0.418632 0.559525 2.125984,
        -0.440134 0.657329 2.122202,
        -0.386219 0.580121 2.122202,
        -0.410806 0.679769 2.111000,
        -0.355051 0.599925 2.111000,
        -0.383778 0.700450 2.092809,
        -0.326326 0.618177 2.092809,
        -0.360087 0.718577 2.068328,
        -0.301148 0.634175 2.068328,
        -0.340645 0.733454 2.038498,
        -0.280486 0.647304 2.038498,
        -0.326198 0.744508 2.004465,
        -0.265132 0.657059 2.004465,
        -0.317302 0.751315 1.967537,
        -0.256894 0.045413 2.125984,
        -0.256894 -0.045413 2.125984,
        -0.218527 0.047085 2.122202,
        -0.218527 -0.047085 2.122202,
        -0.181634 0.048693 2.111000,
        -0.181634 -0.048693 2.111000,
        -0.147634 0.050174 2.092809,
        -0.147634 -0.050174 2.092809,
        -0.117832 0.051472 2.068328,
        -0.117832 -0.051472 2.068328,
        -0.093374 0.052538 2.038498,
        -0.093374 -0.052538 2.038498,
        -0.075201 0.053330 2.004465,
        -0.075201 -0.053330 2.004465,
        -0.064009 0.053817 1.967537,
        -0.280533 -0.225348 2.125984,
        -0.303993 -0.313093 2.125984,
        -0.243036 -0.233644 2.122202,
        -0.267359 -0.324618 2.122202,
        -0.206980 -0.241620 2.111000,
        -0.232133 -0.335700 2.111000,
        -0.173750 -0.248970 2.092809,
        -0.199669 -0.345913 2.092809,
        -0.144625 -0.255414 2.068328,
        -0.171214 -0.354865 2.068328,
        -0.120722 -0.260702 2.038498,
        -0.147862 -0.362212 2.038498,
        -0.102960 -0.264631 2.004465,
        -0.130509 -0.367671 2.004465,
        -0.092023 -0.267050 1.967537,
        -0.373305 -0.480817 2.125984,
        -0.418632 -0.559525 2.125984,
        -0.339223 -0.498516 2.122202,
        -0.386219 -0.580121 2.122202,
        -0.306450 -0.515534 2.111000,
        -0.355051 -0.599925 2.111000,
        -0.276247 -0.531219 2.092809,
        -0.326326 -0.618177 2.092809,
        -0.249774 -0.544966 2.068328,
        -0.301148 -0.634175 2.068328,
        -0.228048 -0.556248 2.038498,
        -0.280486 -0.647304 2.038498,
        -0.211904 -0.564631 2.004465,
        -0.265132 -0.657059 2.004465,
        -0.201963 -0.569794 1.967537,
        -0.815359 -0.924324 2.125984,
        -0.797548 -0.958348 2.122202,
        -0.780422 -0.991064 2.111000,
        -0.764639 -1.021216 2.092809,
        -0.750804 -1.047644 2.068328,
        -0.739451 -1.069333 2.038498,
        -0.731015 -1.085449 2.004465,
        -0.725820 -1.095374 1.967537,
        -0.731015 1.085449 2.004465,
        -0.739451 1.069333 2.038498,
        -0.750804 1.047644 2.068328,
        -0.764639 1.021216 2.092809,
        -0.780422 0.991064 2.111000,
        -0.797548 0.958348 2.122202,
        -0.815359 0.924324 2.125984,
        -0.630684 1.044538 1.929134,
        -0.632723 1.041353 1.967537,
        -0.638762 1.031918 2.004465,
        -0.648568 1.016596 2.038498,
        -0.661765 0.995977 2.068328,
        -0.677845 0.970852 2.092809,
        -0.696191 0.942187 2.111000,
        -0.716098 0.911085 2.122202,
        -0.736800 0.878739 2.125984,
        -0.542370 0.982435 1.929134,
        -0.509433 0.954696 1.929134,
        -0.383575 0.836420 1.929134,
        -0.386367 0.833869 1.967537,
        -0.394638 0.826314 2.004465,
        -0.408069 0.814045 2.038498,
        -0.426144 0.797534 2.068328,
        -0.448168 0.777415 2.092809,
        -0.473295 0.754462 2.111000,
        -0.500560 0.729556 2.122202,
        -0.528914 0.703655 2.125984,
        -0.314298 0.753613 1.929134,
        -0.296689 0.728398 1.929134,
        -0.198606 0.571537 1.929134,
        -0.201963 0.569794 1.967537,
        -0.211904 0.564631 2.004465,
        -0.228048 0.556248 2.038498,
        -0.249774 0.544966 2.068328,
        -0.276247 0.531219 2.092809,
        -0.306450 0.515534 2.111000,
        -0.339223 0.498516 2.122202,
        -0.373305 0.480817 2.125984,
        -0.334995 0.398465 2.125984,
        -0.299503 0.413132 2.122202,
        -0.265374 0.427236 2.111000,
        -0.233922 0.440234 2.092809,
        -0.206353 0.451627 2.068328,
        -0.183728 0.460977 2.038498,
        -0.166916 0.467924 2.004465,
        -0.130509 0.367671 2.004465,
        -0.147862 0.362212 2.038498,
        -0.171214 0.354865 2.068328,
        -0.199669 0.345913 2.092809,
        -0.232133 0.335700 2.111000,
        -0.267359 0.324618 2.122202,
        -0.303993 0.313093 2.125984,
        -0.088330 0.267867 1.929134,
        -0.092023 0.267050 1.967537,
        -0.102960 0.264631 2.004465,
        -0.120722 0.260702 2.038498,
        -0.144625 0.255414 2.068328,
        -0.173750 0.248970 2.092809,
        -0.206980 0.241620 2.111000,
        -0.243036 0.233644 2.122202,
        -0.280533 0.225348 2.125984,
        -0.264794 0.135896 2.125984,
        -0.226717 0.140898 2.122202,
        -0.190104 0.145708 2.111000,
        -0.156361 0.150141 2.092809,
        -0.126785 0.154027 2.068328,
        -0.102513 0.157215 2.038498,
        -0.084477 0.159585 2.004465,
        -0.060231 0.053982 1.929134,
        -0.060231 0.000000 1.929134,
        -0.069620 -0.161537 1.929134,
        -0.073371 -0.161044 1.967537,
        -0.084477 -0.159585 2.004465,
        -0.102513 -0.157215 2.038498,
        -0.126785 -0.154027 2.068328,
        -0.156361 -0.150141 2.092809,
        -0.190104 -0.145708 2.111000,
        -0.226717 -0.140898 2.122202,
        -0.264794 -0.135896 2.125984,
        -0.088330 -0.267867 1.929134,
        -0.099093 -0.308127 1.929134,
        -0.153067 -0.473647 1.929134,
        -0.156563 -0.472203 1.967537,
        -0.166916 -0.467924 2.004465,
        -0.183728 -0.460977 2.038498,
        -0.206353 -0.451627 2.068328,
        -0.233922 -0.440234 2.092809,
        -0.265374 -0.427236 2.111000,
        -0.299503 -0.413132 2.122202,
        -0.334995 -0.398465 2.125984,
        -0.198606 -0.571537 1.929134,
        -0.213261 -0.596986 1.929134,
        -0.314298 -0.753613 1.929134,
        -0.317302 -0.751315 1.967537,
        -0.326198 -0.744508 2.004465,
        -0.340645 -0.733454 2.038498,
        -0.360087 -0.718577 2.068328,
        -0.383778 -0.700450 2.092809,
        -0.410806 -0.679769 2.111000,
        -0.440134 -0.657329 2.122202,
        -0.470633 -0.633993 2.125984,
        -0.528914 -0.703655 2.125984,
        -0.500560 -0.729556 2.122202,
        -0.473295 -0.754462 2.111000,
        -0.448168 -0.777415 2.092809,
        -0.426144 -0.797534 2.068328,
        -0.408069 -0.814045 2.038498,
        -0.394638 -0.826314 2.004465,
        -0.469934 -0.901857 2.004465,
        -0.482247 -0.888467 2.038498,
        -0.498817 -0.870446 2.068328,
        -0.519008 -0.848488 2.092809,
        -0.542044 -0.823436 2.111000,
        -0.567039 -0.796254 2.122202,
        -0.593033 -0.767984 2.125984,
        -0.542370 -0.982435 1.929134,
        -0.544678 -0.979439 1.967537,
        -0.551515 -0.970565 2.004465,
        -0.562616 -0.956154 2.038498,
        -0.577556 -0.936761 2.068328,
        -0.595761 -0.913130 2.092809,
        -0.616530 -0.886170 2.111000,
        -0.639067 -0.856916 2.122202,
        -0.662504 -0.826493 2.125984,
        -0.736800 -0.878739 2.125984,
        -0.716098 -0.911085 2.122202,
        -0.696191 -0.942187 2.111000,
        -0.677845 -0.970852 2.092809,
        -0.661765 -0.995977 2.068328,
        -0.648568 -1.016596 2.038498,
        -0.638762 -1.031918 2.004465,
        -0.724065 -1.098725 1.929134,
        -0.771678 -1.121065 1.929134,
      ]
    }
    coordIndex [
      0, 1, 2, -1,
      3, 4, 5, -1,
      6, 7, 8, -1,
      9, 10, 11, -1,
      12, 13, 14, -1,
      15, 16, 17, -1,
      18, 19, 20, -1,
      21, 22, 23, -1,
      24, 25, 26, -1,
      27, 28, 29, -1,
      30, 31, 32, -1,
      33, 34, 35, -1,
      36, 37, 38, -1,
      39, 40, 41, -1,
      42, 43, 44, -1,
      45, 46, 47, -1,
      47, 46, 48, -1,
      47, 48, 49, -1,
      49, 48, 50, -1,
      50, 48, 51, -1,
      50, 51, 52, -1,
      53, 54, 55, -1,
      55, 54, 56, -1,
      55, 56, 51, -1,
      51, 56, 57, -1,
      51, 57, 52, -1,
      53, 55, 58, -1,
      58, 55, 59, -1,
      58, 59, 60, -1,
      61, 62, 63, -1,
      63, 62, 64, -1,
      63, 64, 59, -1,
      59, 64, 65, -1,
      59, 65, 60, -1,
      61, 63, 66, -1,
      66, 63, 67, -1,
      66, 67, 68, -1,
      68, 67, 69, -1,
      69, 67, 38, -1,
      69, 38, 70, -1,
      71, 72, 37, -1,
      37, 72, 73, -1,
      37, 73, 38, -1,
      38, 73, 74, -1,
      38, 74, 70, -1,
      42, 44, 75, -1,
      76, 77, 78, -1,
      78, 77, 79, -1,
      78, 79, 80, -1,
      81, 82, 83, -1,
      83, 82, 84, -1,
      83, 84, 79, -1,
      79, 84, 85, -1,
      79, 85, 80, -1,
      41, 40, 83, -1,
      83, 40, 86, -1,
      83, 86, 81, -1,
      87, 88, 89, -1,
      89, 88, 90, -1,
      89, 90, 41, -1,
      41, 90, 91, -1,
      41, 91, 39, -1,
      92, 93, 87, -1,
      87, 93, 94, -1,
      87, 94, 88, -1,
      92, 87, 95, -1,
      95, 87, 96, -1,
      95, 96, 97, -1,
      97, 96, 98, -1,
      97, 98, 99, -1,
      100, 101, 102, -1,
      102, 101, 103, -1,
      102, 103, 104, -1,
      104, 103, 105, -1,
      104, 105, 106, -1,
      106, 105, 107, -1,
      106, 107, 108, -1,
      108, 107, 109, -1,
      108, 109, 110, -1,
      110, 109, 111, -1,
      110, 111, 112, -1,
      112, 111, 113, -1,
      112, 113, 114, -1,
      114, 113, 32, -1,
      115, 116, 117, -1,
      117, 116, 118, -1,
      117, 118, 119, -1,
      119, 118, 120, -1,
      119, 120, 121, -1,
      121, 120, 122, -1,
      121, 122, 123, -1,
      123, 122, 124, -1,
      123, 124, 125, -1,
      125, 124, 126, -1,
      125, 126, 127, -1,
      127, 126, 128, -1,
      127, 128, 129, -1,
      129, 128, 29, -1,
      130, 131, 132, -1,
      132, 131, 133, -1,
      132, 133, 134, -1,
      134, 133, 135, -1,
      134, 135, 136, -1,
      136, 135, 137, -1,
      136, 137, 138, -1,
      138, 137, 139, -1,
      138, 139, 140, -1,
      140, 139, 141, -1,
      140, 141, 142, -1,
      142, 141, 143, -1,
      142, 143, 144, -1,
      144, 143, 17, -1,
      145, 146, 147, -1,
      147, 146, 148, -1,
      147, 148, 149, -1,
      149, 148, 150, -1,
      149, 150, 151, -1,
      151, 150, 152, -1,
      151, 152, 153, -1,
      153, 152, 154, -1,
      153, 154, 155, -1,
      155, 154, 156, -1,
      155, 156, 157, -1,
      157, 156, 158, -1,
      157, 158, 159, -1,
      159, 158, 14, -1,
      160, 161, 162, -1,
      162, 161, 163, -1,
      162, 163, 164, -1,
      164, 163, 165, -1,
      164, 165, 166, -1,
      166, 165, 167, -1,
      166, 167, 168, -1,
      168, 167, 169, -1,
      168, 169, 170, -1,
      170, 169, 171, -1,
      170, 171, 172, -1,
      172, 171, 173, -1,
      172, 173, 174, -1,
      174, 173, 11, -1,
      175, 98, 176, -1,
      176, 98, 96, -1,
      176, 96, 177, -1,
      177, 96, 87, -1,
      177, 87, 178, -1,
      178, 87, 89, -1,
      178, 89, 179, -1,
      179, 89, 41, -1,
      179, 41, 180, -1,
      180, 41, 83, -1,
      180, 83, 181, -1,
      181, 83, 79, -1,
      181, 79, 182, -1,
      182, 79, 77, -1,
      34, 36, 35, -1,
      35, 36, 38, -1,
      35, 38, 183, -1,
      183, 38, 67, -1,
      183, 67, 184, -1,
      184, 67, 63, -1,
      184, 63, 185, -1,
      185, 63, 59, -1,
      185, 59, 186, -1,
      186, 59, 55, -1,
      186, 55, 187, -1,
      187, 55, 51, -1,
      187, 51, 188, -1,
      188, 51, 48, -1,
      188, 48, 189, -1,
      189, 48, 46, -1,
      190, 33, 191, -1,
      191, 33, 35, -1,
      191, 35, 192, -1,
      192, 35, 183, -1,
      192, 183, 193, -1,
      193, 183, 184, -1,
      193, 184, 194, -1,
      194, 184, 185, -1,
      194, 185, 195, -1,
      195, 185, 186, -1,
      195, 186, 196, -1,
      196, 186, 187, -1,
      196, 187, 197, -1,
      197, 187, 188, -1,
      197, 188, 198, -1,
      198, 188, 189, -1,
      198, 100, 197, -1,
      197, 100, 102, -1,
      197, 102, 196, -1,
      196, 102, 104, -1,
      196, 104, 195, -1,
      195, 104, 106, -1,
      195, 106, 194, -1,
      194, 106, 108, -1,
      194, 108, 193, -1,
      193, 108, 110, -1,
      193, 110, 192, -1,
      192, 110, 112, -1,
      192, 112, 191, -1,
      191, 112, 114, -1,
      191, 114, 190, -1,
      190, 114, 199, -1,
      32, 31, 114, -1,
      114, 31, 200, -1,
      114, 200, 199, -1,
      201, 30, 202, -1,
      202, 30, 32, -1,
      202, 32, 203, -1,
      203, 32, 113, -1,
      203, 113, 204, -1,
      204, 113, 111, -1,
      204, 111, 205, -1,
      205, 111, 109, -1,
      205, 109, 206, -1,
      206, 109, 107, -1,
      206, 107, 207, -1,
      207, 107, 105, -1,
      207, 105, 208, -1,
      208, 105, 103, -1,
      208, 103, 209, -1,
      209, 103, 101, -1,
      209, 115, 208, -1,
      208, 115, 117, -1,
      208, 117, 207, -1,
      207, 117, 119, -1,
      207, 119, 206, -1,
      206, 119, 121, -1,
      206, 121, 205, -1,
      205, 121, 123, -1,
      205, 123, 204, -1,
      204, 123, 125, -1,
      204, 125, 203, -1,
      203, 125, 127, -1,
      203, 127, 202, -1,
      202, 127, 129, -1,
      202, 129, 201, -1,
      201, 129, 210, -1,
      29, 28, 129, -1,
      129, 28, 211, -1,
      129, 211, 210, -1,
      212, 27, 213, -1,
      213, 27, 29, -1,
      213, 29, 214, -1,
      214, 29, 128, -1,
      214, 128, 215, -1,
      215, 128, 126, -1,
      215, 126, 216, -1,
      216, 126, 124, -1,
      216, 124, 217, -1,
      217, 124, 122, -1,
      217, 122, 218, -1,
      218, 122, 120, -1,
      218, 120, 219, -1,
      219, 120, 118, -1,
      219, 118, 220, -1,
      220, 118, 116, -1,
      220, 221, 219, -1,
      219, 221, 222, -1,
      219, 222, 218, -1,
      218, 222, 223, -1,
      218, 223, 217, -1,
      217, 223, 224, -1,
      217, 224, 216, -1,
      216, 224, 225, -1,
      216, 225, 215, -1,
      215, 225, 226, -1,
      215, 226, 214, -1,
      214, 226, 227, -1,
      214, 227, 213, -1,
      213, 227, 26, -1,
      213, 26, 212, -1,
      212, 26, 25, -1,
      22, 24, 23, -1,
      23, 24, 26, -1,
      23, 26, 228, -1,
      228, 26, 227, -1,
      228, 227, 229, -1,
      229, 227, 226, -1,
      229, 226, 230, -1,
      230, 226, 225, -1,
      230, 225, 231, -1,
      231, 225, 224, -1,
      231, 224, 232, -1,
      232, 224, 223, -1,
      232, 223, 233, -1,
      233, 223, 222, -1,
      233, 222, 234, -1,
      234, 222, 221, -1,
      235, 21, 236, -1,
      236, 21, 23, -1,
      236, 23, 237, -1,
      237, 23, 228, -1,
      237, 228, 238, -1,
      238, 228, 229, -1,
      238, 229, 239, -1,
      239, 229, 230, -1,
      239, 230, 240, -1,
      240, 230, 231, -1,
      240, 231, 241, -1,
      241, 231, 232, -1,
      241, 232, 242, -1,
      242, 232, 233, -1,
      242, 233, 243, -1,
      243, 233, 234, -1,
      243, 244, 242, -1,
      242, 244, 245, -1,
      242, 245, 241, -1,
      241, 245, 246, -1,
      241, 246, 240, -1,
      240, 246, 247, -1,
      240, 247, 239, -1,
      239, 247, 248, -1,
      239, 248, 238, -1,
      238, 248, 249, -1,
      238, 249, 237, -1,
      237, 249, 250, -1,
      237, 250, 236, -1,
      236, 250, 20, -1,
      236, 20, 235, -1,
      235, 20, 19, -1,
      251, 18, 144, -1,
      144, 18, 20, -1,
      144, 20, 142, -1,
      142, 20, 250, -1,
      142, 250, 140, -1,
      140, 250, 249, -1,
      140, 249, 138, -1,
      138, 249, 248, -1,
      138, 248, 136, -1,
      136, 248, 247, -1,
      136, 247, 134, -1,
      134, 247, 246, -1,
      134, 246, 132, -1,
      132, 246, 245, -1,
      132, 245, 130, -1,
      130, 245, 244, -1,
      17, 16, 144, -1,
      144, 16, 252, -1,
      144, 252, 251, -1,
      253, 15, 254, -1,
      254, 15, 17, -1,
      254, 17, 255, -1,
      255, 17, 143, -1,
      255, 143, 256, -1,
      256, 143, 141, -1,
      256, 141, 257, -1,
      257, 141, 139, -1,
      257, 139, 258, -1,
      258, 139, 137, -1,
      258, 137, 259, -1,
      259, 137, 135, -1,
      259, 135, 260, -1,
      260, 135, 133, -1,
      260, 133, 261, -1,
      261, 133, 131, -1,
      261, 145, 260, -1,
      260, 145, 147, -1,
      260, 147, 259, -1,
      259, 147, 149, -1,
      259, 149, 258, -1,
      258, 149, 151, -1,
      258, 151, 257, -1,
      257, 151, 153, -1,
      257, 153, 256, -1,
      256, 153, 155, -1,
      256, 155, 255, -1,
      255, 155, 157, -1,
      255, 157, 254, -1,
      254, 157, 159, -1,
      254, 159, 253, -1,
      253, 159, 262, -1,
      14, 13, 159, -1,
      159, 13, 263, -1,
      159, 263, 262, -1,
      264, 12, 265, -1,
      265, 12, 14, -1,
      265, 14, 266, -1,
      266, 14, 158, -1,
      266, 158, 267, -1,
      267, 158, 156, -1,
      267, 156, 268, -1,
      268, 156, 154, -1,
      268, 154, 269, -1,
      269, 154, 152, -1,
      269, 152, 270, -1,
      270, 152, 150, -1,
      270, 150, 271, -1,
      271, 150, 148, -1,
      271, 148, 272, -1,
      272, 148, 146, -1,
      272, 160, 271, -1,
      271, 160, 162, -1,
      271, 162, 270, -1,
      270, 162, 164, -1,
      270, 164, 269, -1,
      269, 164, 166, -1,
      269, 166, 268, -1,
      268, 166, 168, -1,
      268, 168, 267, -1,
      267, 168, 170, -1,
      267, 170, 266, -1,
      266, 170, 172, -1,
      266, 172, 265, -1,
      265, 172, 174, -1,
      265, 174, 264, -1,
      264, 174, 273, -1,
      11, 10, 174, -1,
      174, 10, 274, -1,
      174, 274, 273, -1,
      275, 9, 276, -1,
      276, 9, 11, -1,
      276, 11, 277, -1,
      277, 11, 173, -1,
      277, 173, 278, -1,
      278, 173, 171, -1,
      278, 171, 279, -1,
      279, 171, 169, -1,
      279, 169, 280, -1,
      280, 169, 167, -1,
      280, 167, 281, -1,
      281, 167, 165, -1,
      281, 165, 282, -1,
      282, 165, 163, -1,
      282, 163, 283, -1,
      283, 163, 161, -1,
      283, 284, 282, -1,
      282, 284, 285, -1,
      282, 285, 281, -1,
      281, 285, 286, -1,
      281, 286, 280, -1,
      280, 286, 287, -1,
      280, 287, 279, -1,
      279, 287, 288, -1,
      279, 288, 278, -1,
      278, 288, 289, -1,
      278, 289, 277, -1,
      277, 289, 290, -1,
      277, 290, 276, -1,
      276, 290, 8, -1,
      276, 8, 275, -1,
      275, 8, 7, -1,
      4, 6, 5, -1,
      5, 6, 8, -1,
      5, 8, 291, -1,
      291, 8, 290, -1,
      291, 290, 292, -1,
      292, 290, 289, -1,
      292, 289, 293, -1,
      293, 289, 288, -1,
      293, 288, 294, -1,
      294, 288, 287, -1,
      294, 287, 295, -1,
      295, 287, 286, -1,
      295, 286, 296, -1,
      296, 286, 285, -1,
      296, 285, 297, -1,
      297, 285, 284, -1,
      298, 3, 299, -1,
      299, 3, 5, -1,
      299, 5, 300, -1,
      300, 5, 291, -1,
      300, 291, 301, -1,
      301, 291, 292, -1,
      301, 292, 302, -1,
      302, 292, 293, -1,
      302, 293, 303, -1,
      303, 293, 294, -1,
      303, 294, 304, -1,
      304, 294, 295, -1,
      304, 295, 305, -1,
      305, 295, 296, -1,
      305, 296, 306, -1,
      306, 296, 297, -1,
      306, 307, 305, -1,
      305, 307, 308, -1,
      305, 308, 304, -1,
      304, 308, 309, -1,
      304, 309, 303, -1,
      303, 309, 310, -1,
      303, 310, 302, -1,
      302, 310, 311, -1,
      302, 311, 301, -1,
      301, 311, 312, -1,
      301, 312, 300, -1,
      300, 312, 313, -1,
      300, 313, 299, -1,
      299, 313, 2, -1,
      299, 2, 298, -1,
      298, 2, 1, -1,
      314, 0, 182, -1,
      182, 0, 2, -1,
      182, 2, 181, -1,
      181, 2, 313, -1,
      181, 313, 180, -1,
      180, 313, 312, -1,
      180, 312, 179, -1,
      179, 312, 311, -1,
      179, 311, 178, -1,
      178, 311, 310, -1,
      178, 310, 177, -1,
      177, 310, 309, -1,
      177, 309, 176, -1,
      176, 309, 308, -1,
      176, 308, 175, -1,
      175, 308, 307, -1,
      76, 75, 77, -1,
      77, 75, 44, -1,
      77, 44, 182, -1,
      182, 44, 315, -1,
      182, 315, 314, -1,
      45, 99, 46, -1,
      46, 99, 98, -1,
      98, 175, 46, -1,
      46, 175, 307, -1,
      46, 307, 306, -1,
      306, 297, 46, -1,
      46, 297, 284, -1,
      46, 284, 189, -1,
      244, 243, 160, -1,
      283, 221, 284, -1,
      284, 221, 220, -1,
      284, 220, 116, -1,
      283, 161, 221, -1,
      221, 161, 160, -1,
      221, 160, 234, -1,
      234, 160, 243, -1,
      101, 100, 284, -1,
      284, 100, 198, -1,
      284, 198, 189, -1,
      272, 146, 131, -1,
      131, 146, 145, -1,
      131, 145, 261, -1,
      272, 131, 160, -1,
      160, 131, 130, -1,
      160, 130, 244, -1,
      116, 115, 284, -1,
      284, 115, 209, -1,
      284, 209, 101, -1,
    ]
  }
}

Shape {
  appearance Appearance {
    material Material {
      diffuseColor 0.8314 0.8314 0.8196
      specularColor 0.6667 0.6667 0.6549
      ambientIntensity 0.2
      transparency 0.0000
      shininess 0.5
    }
  }
  geometry IndexedFaceSet {
    ccw TRUE
    solid FALSE
    coord DEF co Coordinate {
      point [
        -0.634802 -1.046928 1.929134,
        -0.630684 -1.044538 1.929134,
        -0.509433 -0.954696 1.929134,
        -0.459791 -0.912887 1.929134,
        -0.395620 -0.848504 1.929134,
        -0.383575 -0.836420 1.929134,
        -0.296689 -0.728398 1.929134,
        -0.252485 -0.665096 1.929134,
        -0.146770 -0.456305 1.929134,
        -0.116216 -0.372167 1.929134,
        -0.069086 -0.155411 1.929134,
        -0.060231 -0.053982 1.929134,
        -0.069086 0.155411 1.929134,
        -0.069620 0.161537 1.929134,
        -0.099093 0.308127 1.929134,
        -0.116216 0.372167 1.929134,
        -0.146770 0.456305 1.929134,
        -0.153067 0.473647 1.929134,
        -0.213261 0.596986 1.929134,
        -0.252485 0.665096 1.929134,
        -0.395620 0.848504 1.929134,
        -0.459791 0.912887 1.929134,
        -0.634802 1.046928 1.929134,
        -0.724065 1.098725 1.929134,
        -0.771678 1.121065 1.929134,
        -0.821806 1.144584 1.929134,
        -0.905512 -1.110253 2.072697,
        -0.905512 -1.114772 2.068101,
        -0.905512 -1.175630 1.940973,
        -0.905512 -1.176006 1.929134,
        -0.821806 -1.144584 1.929134,
        -0.905512 0.966172 2.125984,
        -0.905512 0.986591 2.125071,
        -0.905512 1.007422 2.121789,
        -0.905512 1.016343 2.120383,
        -0.905512 1.025726 2.118034,
        -0.905512 1.083328 2.092778,
        -0.905512 1.079789 2.094997,
        -0.905512 1.053590 2.108349,
        -0.905512 1.046920 2.110667,
        -0.905512 1.086599 2.090728,
        -0.905512 1.109420 2.073430,
        -0.905512 1.140558 2.038251,
        -0.905512 1.134326 2.047352,
        -0.905512 1.129524 2.053161,
        -0.905512 1.114737 2.068069,
        -0.905512 1.150083 2.024339,
        -0.905512 1.159894 2.004335,
        -0.905512 1.162358 1.999312,
        -0.905512 1.165258 1.991639,
        -0.905512 1.176006 1.929134,
        -0.905512 1.175801 1.937880,
        -0.905512 1.172493 1.965194,
        -0.905512 1.171862 1.967500,
        -0.905512 -1.174910 1.949339,
        -0.905512 -1.171584 1.967466,
        -0.905512 -1.169978 1.976220,
        -0.905512 -1.161131 2.002284,
        -0.905512 -1.139992 2.039865,
        -0.905512 -1.140868 2.038444,
        -0.905512 -1.154553 2.016246,
        -0.905512 -1.160119 2.004434,
        -0.905512 -1.129949 2.052665,
        -0.905512 -1.071792 2.099564,
        -0.905512 -1.083255 2.092674,
        -0.905512 -1.087694 2.090007,
        -0.905512 -1.017298 2.120163,
        -0.905512 -1.045409 2.111635,
        -0.905512 -1.047013 2.110902,
        -0.905512 -1.007454 2.121952,
        -0.905512 -0.996074 2.124019,
        -0.905512 -0.966172 2.125984,
        -0.630684 1.044538 1.929134,
        -0.542370 0.982435 1.929134,
        -0.509433 0.954696 1.929134,
        -0.383575 0.836420 1.929134,
        -0.314298 0.753613 1.929134,
        -0.296689 0.728398 1.929134,
        -0.198606 0.571537 1.929134,
        -0.088330 0.267867 1.929134,
        -0.060231 0.053982 1.929134,
        -0.060231 0.000000 1.929134,
        -0.069620 -0.161537 1.929134,
        -0.088330 -0.267867 1.929134,
        -0.099093 -0.308127 1.929134,
        -0.153067 -0.473647 1.929134,
        -0.198606 -0.571537 1.929134,
        -0.213261 -0.596986 1.929134,
        -0.314298 -0.753613 1.929134,
        -0.542370 -0.982435 1.929134,
        -0.724065 -1.098725 1.929134,
        -0.771678 -1.121065 1.929134,
        -2.480939 -0.376184 1.929134,
        -2.499347 -0.308128 1.929134,
        -2.499772 -0.308271 0.826772,
        -2.509442 -0.270805 1.929134,
        -2.519996 -0.218353 0.826772,
        -2.528568 -0.163327 1.929134,
        -2.528419 -0.155276 0.826772,
        -2.529267 -0.155404 1.929134,
        -2.534517 -0.109605 0.826772,
        -2.538169 -0.054583 1.929134,
        -2.539370 -0.000000 0.826772,
        -2.341723 -0.671687 1.929134,
        -2.385286 -0.597051 1.929134,
        -2.385037 -0.596956 0.826772,
        -2.396753 -0.577405 1.929134,
        -2.419935 -0.531011 0.826772,
        -2.443278 -0.478649 1.929134,
        -2.451421 -0.456170 0.826772,
        -2.451511 -0.456249 1.929134,
        -2.462480 -0.429883 0.826772,
        -2.495921 -0.325391 0.826772,
        -2.368619 -0.627982 0.826772,
        -2.308933 -0.720039 0.826772,
        -2.301613 -0.728303 1.929134,
        -2.302177 -0.728677 0.826772,
        -2.278615 -0.760763 1.929134,
        -2.241344 -0.806461 0.826772,
        -2.207918 -0.843946 1.929134,
        -2.202364 -0.848118 0.826772,
        -2.203050 -0.848745 1.929134,
        -2.130180 -0.920589 1.929134,
        -2.166382 -0.886570 0.826772,
        -2.088954 -0.954631 1.929134,
        -2.089536 -0.955354 0.826772,
        -2.046004 -0.990098 1.929134,
        -1.761581 -1.150742 1.929134,
        -1.826798 -1.121140 1.929134,
        -1.826872 -1.121383 0.826772,
        -1.860987 -1.105622 1.929134,
        -1.903384 -1.083036 0.826772,
        -1.956040 -1.051935 1.929134,
        -1.963135 -1.046148 0.826772,
        -1.963515 -1.046798 1.929134,
        -1.996738 -1.025402 0.826772,
        -2.084634 -0.959742 0.826772,
        -1.445080 -1.231549 1.929134,
        -1.531472 -1.217437 1.929134,
        -1.531369 -1.217070 0.826772,
        -1.552819 -1.213950 1.929134,
        -1.598050 -1.203614 0.826772,
        -1.658593 -1.186944 1.929134,
        -1.682222 -1.178715 0.826772,
        -1.682161 -1.178659 1.929134,
        -1.703257 -1.172493 0.826772,
        -1.805301 -1.132195 0.826772,
        -1.490506 -1.225315 0.826772,
        -1.381463 -1.237427 0.826772,
        -1.377000 -1.236587 1.929134,
        -1.377079 -1.237524 0.826772,
        -1.336211 -1.239606 1.929134,
        -1.271778 -1.239854 0.826772,
        -1.227056 -1.238057 1.929134,
        -1.221422 -1.236507 0.826772,
        -1.221367 -1.237473 1.929134,
        -1.118460 -1.226915 1.929134,
        -1.162307 -1.232578 0.826772,
        -1.067057 -1.217013 1.929134,
        -1.066909 -1.217684 0.826772,
        -1.011264 -1.206265 1.929134,
        -0.916315 -1.178496 0.826772,
        -0.843701 -1.153473 0.826772,
        -0.771579 -1.121234 0.826772,
        -1.053907 -1.215654 0.826772,
        -0.947427 -1.189217 0.826772,
        -0.916094 -1.179069 1.929134,
        -0.906300 -1.176270 1.929134,
        -0.743539 -1.108701 0.826772,
        -0.647726 -1.055252 0.826772,
        -0.635032 -1.046616 0.826772,
        -0.557013 -0.993544 0.826772,
        -0.509464 0.954632 0.826772,
        -0.557013 0.993544 0.826772,
        -0.472107 0.924061 0.826772,
        -0.395243 0.848878 0.826772,
        -0.393676 0.847345 0.826772,
        -0.322331 0.763998 0.826772,
        -0.296853 0.728270 0.826772,
        -0.258631 0.674671 0.826772,
        -0.213072 0.597087 0.826772,
        -0.203076 0.580064 0.826772,
        -0.156099 0.480918 0.826772,
        -0.146974 0.456226 0.826772,
        -0.118069 0.378007 0.826772,
        -0.099068 0.308129 0.826772,
        -0.089282 0.272138 0.826772,
        -0.069965 0.164140 0.826772,
        -0.069190 0.155401 0.826772,
        -0.060269 0.054856 0.826772,
        -0.060269 0.000000 0.826772,
        -0.060269 -0.054856 0.826772,
        -0.069190 -0.155401 0.826772,
        -0.069965 -0.164140 0.826772,
        -0.089282 -0.272138 0.826772,
        -0.099068 -0.308129 0.826772,
        -0.118069 -0.378007 0.826772,
        -0.146974 -0.456226 0.826772,
        -0.156099 -0.480918 0.826772,
        -0.203076 -0.580064 0.826772,
        -0.213072 -0.597087 0.826772,
        -0.258631 -0.674671 0.826772,
        -0.296853 -0.728270 0.826772,
        -0.322331 -0.763998 0.826772,
        -0.393676 -0.847345 0.826772,
        -0.395243 -0.848878 0.826772,
        -0.472107 -0.924061 0.826772,
        -0.509464 -0.954632 0.826772,
        -0.771579 1.121234 0.826772,
        -0.743539 1.108701 0.826772,
        -0.647726 1.055252 0.826772,
        -0.635032 1.046616 0.826772,
        -1.445080 1.231549 1.929134,
        -1.377000 1.236587 1.929134,
        -1.377079 1.237524 0.826772,
        -1.336211 1.239606 1.929134,
        -1.271778 1.239854 0.826772,
        -1.227056 1.238057 1.929134,
        -1.221422 1.236507 0.826772,
        -1.221367 1.237473 1.929134,
        -1.162307 1.232578 0.826772,
        -1.118460 1.226915 1.929134,
        -1.066909 1.217684 0.826772,
        -1.067057 1.217013 1.929134,
        -1.053907 1.215654 0.826772,
        -1.011264 1.206265 1.929134,
        -0.947427 1.189217 0.826772,
        -0.916094 1.179069 1.929134,
        -0.916315 1.178496 0.826772,
        -0.906300 1.176270 1.929134,
        -0.843701 1.153473 0.826772,
        -2.538169 -0.000000 1.929134,
        -2.538169 0.054583 1.929134,
        -2.534517 0.109605 0.826772,
        -2.529267 0.155404 1.929134,
        -2.528419 0.155276 0.826772,
        -2.528568 0.163327 1.929134,
        -2.519996 0.218353 0.826772,
        -2.509442 0.270805 1.929134,
        -2.499772 0.308271 0.826772,
        -2.499347 0.308128 1.929134,
        -2.495921 0.325391 0.826772,
        -2.480939 0.376184 1.929134,
        -2.462480 0.429883 0.826772,
        -2.451511 0.456249 1.929134,
        -2.451421 0.456170 0.826772,
        -2.443278 0.478649 1.929134,
        -2.419935 0.531011 0.826772,
        -2.396753 0.577405 1.929134,
        -2.385037 0.596956 0.826772,
        -2.385286 0.597051 1.929134,
        -2.368619 0.627982 0.826772,
        -2.341723 0.671687 1.929134,
        -2.308933 0.720039 0.826772,
        -2.301613 0.728303 1.929134,
        -2.302177 0.728677 0.826772,
        -2.278615 0.760763 1.929134,
        -2.241344 0.806461 0.826772,
        -2.207918 0.843946 1.929134,
        -2.202364 0.848118 0.826772,
        -2.203050 0.848745 1.929134,
        -2.166382 0.886570 0.826772,
        -2.130180 0.920589 1.929134,
        -2.089536 0.955354 0.826772,
        -2.088954 0.954631 1.929134,
        -2.084634 0.959742 0.826772,
        -2.046004 0.990098 1.929134,
        -1.996738 1.025402 0.826772,
        -1.963515 1.046798 1.929134,
        -1.963135 1.046148 0.826772,
        -1.956040 1.051935 1.929134,
        -1.903384 1.083036 0.826772,
        -1.860987 1.105622 1.929134,
        -1.826872 1.121383 0.826772,
        -1.826798 1.121140 1.929134,
        -1.805301 1.132195 0.826772,
        -1.761581 1.150742 1.929134,
        -1.703257 1.172493 0.826772,
        -1.682161 1.178659 1.929134,
        -1.682222 1.178715 0.826772,
        -1.658593 1.186944 1.929134,
        -1.598050 1.203614 0.826772,
        -1.552819 1.213950 1.929134,
        -1.531369 1.217070 0.826772,
        -1.531472 1.217437 1.929134,
        -1.490506 1.225315 0.826772,
        -1.381463 1.237427 0.826772,
        -0.968667 -0.989560 2.125984,
        -0.968667 0.989560 2.125984,
        -2.261680 0.402673 2.125984,
        -2.222540 0.485753 2.125984,
        -2.176245 0.565070 2.125984,
        -1.056970 1.014794 2.125984,
        -1.147151 1.032166 2.125984,
        -1.238509 1.041540 2.125984,
        -2.293363 0.316472 2.125984,
        -2.317342 0.227820 2.125984,
        -2.333432 0.137402 2.125984,
        -2.341509 0.045919 2.125984,
        -2.341509 -0.045919 2.125984,
        -2.333432 -0.137402 2.125984,
        -2.261680 -0.402673 2.125984,
        -2.222540 -0.485753 2.125984,
        -2.176245 -0.565070 2.125984,
        -2.123154 -0.640007 2.125984,
        -2.063679 -0.709986 2.125984,
        -1.998281 -0.774463 2.125984,
        -1.927465 -0.832939 2.125984,
        -1.851782 -0.884962 2.125984,
        -1.771817 -0.930126 2.125984,
        -1.601548 -0.998541 2.125984,
        -1.238509 -1.041540 2.125984,
        -1.147151 -1.032166 2.125984,
        -1.330339 1.042843 2.125984,
        -1.421927 1.036065 2.125984,
        -1.512564 1.021259 2.125984,
        -1.601548 0.998541 2.125984,
        -1.688189 0.968084 2.125984,
        -1.771817 0.930126 2.125984,
        -2.317342 -0.227820 2.125984,
        -2.293363 -0.316472 2.125984,
        -1.512564 -1.021259 2.125984,
        -1.421927 -1.036065 2.125984,
        -1.330339 -1.042843 2.125984,
        -1.688189 -0.968084 2.125984,
        -1.056970 -1.014794 2.125984,
        -1.851782 0.884962 2.125984,
        -1.927465 0.832939 2.125984,
        -1.998281 0.774463 2.125984,
        -2.063679 0.709986 2.125984,
        -2.123154 0.640007 2.125984,
        -1.012142 1.202586 1.967537,
        -1.227276 1.234280 1.967537,
        -1.444635 1.227793 1.967537,
        -1.552045 1.210247 1.967537,
        -1.760171 1.147232 1.967537,
        -2.043726 0.987078 1.967537,
        -2.205147 0.841372 1.967537,
        -2.338543 0.669638 1.967537,
        -2.477334 0.375037 1.967537,
        -2.534390 0.054417 1.967537,
        -2.524819 -0.162829 1.967537,
        -2.477334 -0.375037 1.967537,
        -2.338543 -0.669638 1.967537,
        -2.127646 -0.917781 1.967537,
        -2.043726 -0.987078 1.967537,
        -1.954037 -1.048727 1.967537,
        -1.760171 -1.147232 1.967537,
        -1.444635 -1.227793 1.967537,
        -1.119011 -1.223172 1.967537,
        -1.012142 -1.202586 1.967537,
        -0.907498 -1.172682 1.967537,
        -0.907498 1.172682 1.967537,
        -0.911047 1.162057 2.004465,
        -0.916810 1.144803 2.038498,
        -0.924566 1.121583 2.068328,
        -0.934017 1.093290 2.092809,
        -0.944800 1.061011 2.111000,
        -0.956499 1.025985 2.122202,
        -0.944800 -1.061011 2.111000,
        -0.956499 -1.025985 2.122202,
        -0.924566 -1.121583 2.068328,
        -0.934017 -1.093290 2.092809,
        -0.916810 -1.144803 2.038498,
        -0.911047 -1.162057 2.004465,
        -1.331485 -1.081229 2.122202,
        -1.426444 -1.074202 2.122202,
        -1.332586 -1.118141 2.111000,
        -1.430787 -1.110874 2.111000,
        -1.333602 -1.152158 2.092809,
        -1.434790 -1.144670 2.092809,
        -1.334491 -1.181975 2.068328,
        -1.438299 -1.174293 2.068328,
        -1.335222 -1.206445 2.038498,
        -1.441178 -1.198604 2.038498,
        -1.335765 -1.224628 2.004465,
        -1.443318 -1.216669 2.004465,
        -1.336099 -1.235825 1.967537,
        -1.612677 -1.035296 2.122202,
        -1.702507 -1.003719 2.122202,
        -1.623378 -1.070639 2.111000,
        -1.716275 -1.037984 2.111000,
        -1.633240 -1.103212 2.092809,
        -1.728963 -1.069563 2.092809,
        -1.641884 -1.131762 2.068328,
        -1.740085 -1.097243 2.068328,
        -1.648979 -1.155193 2.038498,
        -1.749212 -1.119958 2.038498,
        -1.654250 -1.172603 2.004465,
        -1.755994 -1.136838 2.004465,
        -1.657496 -1.183324 1.967537,
        -2.153483 -0.663566 2.122202,
        -2.208528 -0.585870 2.122202,
        -2.182646 -0.686219 2.111000,
        -2.239571 -0.605870 2.111000,
        -2.209524 -0.707096 2.092809,
        -2.268180 -0.624303 2.092809,
        -2.233082 -0.725395 2.068328,
        -2.293256 -0.640459 2.068328,
        -2.252415 -0.740413 2.038498,
        -2.313835 -0.653718 2.038498,
        -2.266781 -0.751572 2.004465,
        -2.329127 -0.663571 2.004465,
        -2.275628 -0.758443 1.967537,
        -2.297108 -0.417495 2.122202,
        -2.329957 -0.328122 2.122202,
        -2.331175 -0.431748 2.111000,
        -2.365145 -0.339323 2.111000,
        -2.362570 -0.444883 2.092809,
        -2.397574 -0.349646 2.092809,
        -2.390089 -0.456396 2.068328,
        -2.425999 -0.358695 2.068328,
        -2.412673 -0.465845 2.038498,
        -2.449326 -0.366121 2.038498,
        -2.429455 -0.472866 2.004465,
        -2.466660 -0.371639 2.004465,
        -2.439789 -0.477189 1.967537,
        -2.379875 -0.047609 2.122202,
        -2.379875 0.047609 2.122202,
        -2.416767 -0.049235 2.111000,
        -2.416767 0.049235 2.111000,
        -2.450767 -0.050733 2.092809,
        -2.450767 0.050733 2.092809,
        -2.480568 -0.052046 2.068328,
        -2.480568 0.052046 2.068328,
        -2.505025 -0.053123 2.038498,
        -2.505025 0.053123 2.038498,
        -2.523198 -0.053924 2.004465,
        -2.523198 0.053924 2.004465,
        -2.534390 -0.054417 1.967537,
        -2.354819 0.236206 2.122202,
        -2.329957 0.328122 2.122202,
        -2.390856 0.244269 2.111000,
        -2.365145 0.339323 2.111000,
        -2.424067 0.251701 2.092809,
        -2.397574 0.349646 2.092809,
        -2.453178 0.258215 2.068328,
        -2.425999 0.358695 2.068328,
        -2.477067 0.263560 2.038498,
        -2.449326 0.366121 2.038498,
        -2.494819 0.267533 2.004465,
        -2.466660 0.371639 2.004465,
        -2.505751 0.269979 1.967537,
        -2.256527 0.503633 2.122202,
        -2.208528 0.585870 2.122202,
        -2.289208 0.520827 2.111000,
        -2.239571 0.605870 2.111000,
        -2.319328 0.536672 2.092809,
        -2.268180 0.624303 2.092809,
        -2.345727 0.550561 2.068328,
        -2.293256 0.640459 2.068328,
        -2.367393 0.561959 2.038498,
        -2.313835 0.653718 2.038498,
        -2.383492 0.570428 2.004465,
        -2.329127 0.663571 2.004465,
        -2.393405 0.575644 1.967537,
        -2.024013 0.802971 2.122202,
        -1.950591 0.863600 2.122202,
        -2.048757 0.830383 2.111000,
        -1.972828 0.893081 2.111000,
        -2.071560 0.855646 2.092809,
        -1.993322 0.920252 2.092809,
        -2.091548 0.877789 2.068328,
        -2.011285 0.944067 2.068328,
        -2.107951 0.895962 2.038498,
        -2.026026 0.963612 2.038498,
        -2.120140 0.909465 2.004465,
        -2.036980 0.978135 2.004465,
        -2.127646 0.917781 1.967537,
        -1.789213 0.964364 2.122202,
        -1.702507 1.003719 2.122202,
        -1.805941 0.997286 2.111000,
        -1.716275 1.037984 2.111000,
        -1.821357 1.027627 2.092809,
        -1.728963 1.069563 2.092809,
        -1.834870 1.054220 2.068328,
        -1.740085 1.097243 2.068328,
        -1.845959 1.076046 2.038498,
        -1.749212 1.119958 2.038498,
        -1.854199 1.092263 2.004465,
        -1.755994 1.136838 2.004465,
        -1.859274 1.102250 1.967537,
        -1.141554 1.070159 2.122202,
        -1.048053 1.052149 2.122202,
        -1.136171 1.106693 2.111000,
        -1.039479 1.088067 2.111000,
        -1.131211 1.140363 2.092809,
        -1.031577 1.121170 2.092809,
        -1.126863 1.169874 2.068328,
        -1.024651 1.150185 2.068328,
        -1.123295 1.194093 2.038498,
        -1.018967 1.173997 2.038498,
        -1.120644 1.212090 2.004465,
        -1.014743 1.191691 2.004465,
        -1.119011 1.223172 1.967537,
        -1.014743 -1.191691 2.004465,
        -1.018967 -1.173997 2.038498,
        -1.024651 -1.150185 2.068328,
        -1.031577 -1.121170 2.092809,
        -1.039479 -1.088067 2.111000,
        -1.048053 -1.052149 2.122202,
        -1.120644 -1.212090 2.004465,
        -1.123295 -1.194093 2.038498,
        -1.126863 -1.169874 2.068328,
        -1.131211 -1.140363 2.092809,
        -1.136171 -1.106693 2.111000,
        -1.141554 -1.070159 2.122202,
        -1.227276 -1.234280 1.967537,
        -1.227928 -1.223098 2.004465,
        -1.228986 -1.204937 2.038498,
        -1.230411 -1.180498 2.068328,
        -1.232146 -1.150719 2.092809,
        -1.234126 -1.116743 2.111000,
        -1.236275 -1.079878 2.122202,
        -1.552045 -1.210247 1.967537,
        -1.549755 -1.199282 2.004465,
        -1.546035 -1.181476 2.038498,
        -1.541028 -1.157512 2.068328,
        -1.534928 -1.128313 2.092809,
        -1.527969 -1.094999 2.111000,
        -1.520417 -1.058852 2.122202,
        -1.859274 -1.102250 1.967537,
        -1.854199 -1.092263 2.004465,
        -1.845959 -1.076046 2.038498,
        -1.834870 -1.054220 2.068328,
        -1.821357 -1.027627 2.092809,
        -1.805941 -0.997286 2.111000,
        -1.789213 -0.964364 2.122202,
        -1.872121 -0.917537 2.122202,
        -1.891680 -0.948860 2.111000,
        -1.909704 -0.977728 2.092809,
        -1.925504 -1.003030 2.068328,
        -1.938469 -1.023795 2.038498,
        -1.948104 -1.039225 2.004465,
        -2.036980 -0.978135 2.004465,
        -2.026026 -0.963612 2.038498,
        -2.011285 -0.944067 2.068328,
        -1.993322 -0.920252 2.092809,
        -1.972828 -0.893081 2.111000,
        -1.950591 -0.863600 2.122202,
        -2.120140 -0.909465 2.004465,
        -2.107951 -0.895962 2.038498,
        -2.091548 -0.877789 2.068328,
        -2.071560 -0.855646 2.092809,
        -2.048757 -0.830383 2.111000,
        -2.024013 -0.802971 2.122202,
        -2.205147 -0.841372 1.967537,
        -2.196939 -0.833749 2.004465,
        -2.183610 -0.821369 2.038498,
        -2.165672 -0.804710 2.068328,
        -2.143814 -0.784410 2.092809,
        -2.118877 -0.761250 2.111000,
        -2.091819 -0.736120 2.122202,
        -2.393405 -0.575644 1.967537,
        -2.383492 -0.570428 2.004465,
        -2.367393 -0.561959 2.038498,
        -2.345727 -0.550561 2.068328,
        -2.319328 -0.536672 2.092809,
        -2.289208 -0.520827 2.111000,
        -2.256527 -0.503633 2.122202,
        -2.505751 -0.269979 1.967537,
        -2.494819 -0.267533 2.004465,
        -2.477067 -0.263560 2.038498,
        -2.453178 -0.258215 2.068328,
        -2.424067 -0.251701 2.092809,
        -2.390856 -0.244269 2.111000,
        -2.354819 -0.236206 2.122202,
        -2.371502 -0.142459 2.122202,
        -2.408107 -0.147323 2.111000,
        -2.441844 -0.151805 2.092809,
        -2.471414 -0.155733 2.068328,
        -2.495682 -0.158957 2.038498,
        -2.513714 -0.161353 2.004465,
        -2.524819 0.162829 1.967537,
        -2.513714 0.161353 2.004465,
        -2.495682 0.158957 2.038498,
        -2.471414 0.155733 2.068328,
        -2.441844 0.151805 2.092809,
        -2.408107 0.147323 2.111000,
        -2.371502 0.142459 2.122202,
        -2.439789 0.477189 1.967537,
        -2.429455 0.472866 2.004465,
        -2.412673 0.465845 2.038498,
        -2.390089 0.456396 2.068328,
        -2.362570 0.444883 2.092809,
        -2.331175 0.431748 2.111000,
        -2.297108 0.417495 2.122202,
        -2.275628 0.758443 1.967537,
        -2.266781 0.751572 2.004465,
        -2.252415 0.740413 2.038498,
        -2.233082 0.725395 2.068328,
        -2.209524 0.707096 2.092809,
        -2.182646 0.686219 2.111000,
        -2.153483 0.663566 2.122202,
        -2.091819 0.736120 2.122202,
        -2.118877 0.761250 2.111000,
        -2.143814 0.784410 2.092809,
        -2.165672 0.804710 2.068328,
        -2.183610 0.821369 2.038498,
        -2.196939 0.833749 2.004465,
        -1.954037 1.048727 1.967537,
        -1.948104 1.039225 2.004465,
        -1.938469 1.023795 2.038498,
        -1.925504 1.003030 2.068328,
        -1.909704 0.977728 2.092809,
        -1.891680 0.948860 2.111000,
        -1.872121 0.917537 2.122202,
        -1.657496 1.183324 1.967537,
        -1.654250 1.172603 2.004465,
        -1.648979 1.155193 2.038498,
        -1.641884 1.131762 2.068328,
        -1.633240 1.103212 2.092809,
        -1.623378 1.070639 2.111000,
        -1.612677 1.035296 2.122202,
        -1.520417 1.058852 2.122202,
        -1.527969 1.094999 2.111000,
        -1.534928 1.128313 2.092809,
        -1.541028 1.157512 2.068328,
        -1.546035 1.181476 2.038498,
        -1.549755 1.199282 2.004465,
        -1.443318 1.216669 2.004465,
        -1.441178 1.198604 2.038498,
        -1.438299 1.174293 2.068328,
        -1.434790 1.144670 2.092809,
        -1.430787 1.110874 2.111000,
        -1.426444 1.074202 2.122202,
        -1.336099 1.235825 1.967537,
        -1.335765 1.224628 2.004465,
        -1.335222 1.206445 2.038498,
        -1.334491 1.181975 2.068328,
        -1.333602 1.152158 2.092809,
        -1.332586 1.118141 2.111000,
        -1.331485 1.081229 2.122202,
        -1.236275 1.079878 2.122202,
        -1.234126 1.116743 2.111000,
        -1.232146 1.150719 2.092809,
        -1.230411 1.180498 2.068328,
        -1.228986 1.204937 2.038498,
        -1.227928 1.223098 2.004465,
        -1.272775 -1.161116 0.393701,
        -1.219573 -1.198144 0.393701,
        -1.167299 -1.153902 0.393701,
        -1.113993 -1.186417 0.393701,
        -1.062915 -1.137125 0.393701,
        -1.009861 -1.165404 0.393701,
        -0.960490 -1.110926 0.393701,
        -0.907995 -1.135271 0.393701,
        -0.860871 -1.075522 0.393701,
        -0.809191 -1.096252 0.393701,
        -0.764885 -1.031206 0.393701,
        -0.714222 -1.048654 0.393701,
        -0.673326 -0.978344 0.393701,
        -0.623831 -0.992849 0.393701,
        -0.586954 -0.917376 0.393701,
        -0.538725 -0.929274 0.393701,
        -0.506483 -0.848806 0.393701,
        -0.459572 -0.858425 0.393701,
        -0.432582 -0.773202 0.393701,
        -0.386990 -0.780859 0.393701,
        -0.365861 -0.691192 0.393701,
        -0.321547 -0.697181 0.393701,
        -0.306875 -0.603454 0.393701,
        -0.263756 -0.608046 0.393701,
        -0.256111 -0.510715 0.393701,
        -0.214069 -0.514153 0.393701,
        -0.213991 -0.413745 0.393701,
        -0.172874 -0.416236 0.393701,
        -0.180864 -0.313346 0.393701,
        -0.140495 -0.315061 0.393701,
        -0.157003 -0.210352 0.393701,
        -0.117184 -0.211421 0.393701,
        -0.142607 -0.105613 0.393701,
        -0.103124 -0.106126 0.393701,
        -0.137795 0.000000 0.393701,
        -0.098425 -0.000000 0.393701,
        -0.142607 0.105613 0.393701,
        -0.103124 0.106126 0.393701,
        -0.157003 0.210352 0.393701,
        -0.117184 0.211421 0.393701,
        -0.180864 0.313346 0.393701,
        -0.140495 0.315061 0.393701,
        -0.213991 0.413745 0.393701,
        -0.172874 0.416236 0.393701,
        -0.256111 0.510715 0.393701,
        -0.214069 0.514153 0.393701,
        -0.306875 0.603454 0.393701,
        -0.263756 0.608046 0.393701,
        -0.365861 0.691192 0.393701,
        -0.321547 0.697181 0.393701,
        -0.432582 0.773202 0.393701,
        -0.386990 0.780859 0.393701,
        -0.506483 0.848806 0.393701,
        -0.459572 0.858425 0.393701,
        -0.586954 0.917376 0.393701,
        -0.538725 0.929274 0.393701,
        -0.673326 0.978344 0.393701,
        -0.623831 0.992849 0.393701,
        -0.764885 1.031206 0.393701,
        -0.714222 1.048654 0.393701,
        -0.860871 1.075522 0.393701,
        -0.809191 1.096252 0.393701,
        -0.960490 1.110926 0.393701,
        -0.907995 1.135271 0.393701,
        -1.062915 1.137125 0.393701,
        -1.009861 1.165404 0.393701,
        -1.167299 1.153902 0.393701,
        -1.113993 1.186417 0.393701,
        -1.272775 1.161116 0.393701,
        -1.219573 1.198144 0.393701,
        -1.325776 1.200493 0.393701,
        -1.378470 1.158710 0.393701,
        -1.431772 1.193448 0.393701,
        -1.483509 1.146702 0.393701,
        -1.536731 1.177062 0.393701,
        -1.587021 1.125192 0.393701,
        -1.639830 1.151464 0.393701,
        -1.688148 1.094358 0.393701,
        -1.740264 1.116855 0.393701,
        -1.786052 1.054456 0.393701,
        -1.837246 1.073504 0.393701,
        -1.879921 1.005817 0.393701,
        -1.930017 1.021752 0.393701,
        -1.968979 0.948843 0.393701,
        -2.017850 0.962003 0.393701,
        -2.052487 0.884007 0.393701,
        -2.100060 0.894725 0.393701,
        -2.129753 0.811845 0.393701,
        -2.176002 0.820445 0.393701,
        -2.200137 0.732956 0.393701,
        -2.245082 0.739744 0.393701,
        -2.263056 0.647994 0.393701,
        -2.306759 0.653253 0.393701,
        -2.317988 0.557663 0.393701,
        -2.360551 0.561650 0.393701,
        -2.364478 0.462710 0.393701,
        -2.406037 0.465650 0.393701,
        -2.402141 0.363923 0.393701,
        -2.442860 0.366007 0.393701,
        -2.430664 0.262121 0.393701,
        -2.470733 0.263499 0.393701,
        -2.449813 0.158146 0.393701,
        -2.489436 0.158929 0.393701,
        -2.459426 0.052861 0.393701,
        -2.498824 0.053115 0.393701,
        -2.459426 -0.052861 0.393701,
        -2.498824 -0.053115 0.393701,
        -2.449813 -0.158146 0.393701,
        -2.489436 -0.158929 0.393701,
        -2.430664 -0.262121 0.393701,
        -2.470733 -0.263499 0.393701,
        -2.402141 -0.363923 0.393701,
        -2.442860 -0.366007 0.393701,
        -2.364478 -0.462710 0.393701,
        -2.406037 -0.465650 0.393701,
        -2.317988 -0.557663 0.393701,
        -2.360551 -0.561650 0.393701,
        -2.263056 -0.647994 0.393701,
        -2.306759 -0.653253 0.393701,
        -2.200137 -0.732956 0.393701,
        -2.245082 -0.739744 0.393701,
        -2.129753 -0.811845 0.393701,
        -2.176002 -0.820445 0.393701,
        -2.052487 -0.884007 0.393701,
        -2.100060 -0.894725 0.393701,
        -1.968979 -0.948843 0.393701,
        -2.017850 -0.962003 0.393701,
        -1.879921 -1.005817 0.393701,
        -1.930017 -1.021752 0.393701,
        -1.786052 -1.054456 0.393701,
        -1.837246 -1.073504 0.393701,
        -1.688148 -1.094358 0.393701,
        -1.740264 -1.116855 0.393701,
        -1.587021 -1.125192 0.393701,
        -1.639830 -1.151464 0.393701,
        -1.483509 -1.146702 0.393701,
        -1.536731 -1.177062 0.393701,
        -1.378470 -1.158710 0.393701,
        -1.431772 -1.193448 0.393701,
        -1.325776 -1.200493 0.393701,
        -0.195722 -0.203221 0.433071,
        -0.187898 -0.146301 0.433071,
        -0.187036 -0.146432 0.748031,
        -0.181814 -0.102033 0.433071,
        -0.178328 -0.051070 0.748031,
        -0.177165 0.000000 0.433071,
        -0.291471 -0.493403 0.433071,
        -0.263493 -0.428991 0.433071,
        -0.263238 -0.429137 0.748031,
        -0.250779 -0.399720 0.433071,
        -0.233672 -0.351587 0.748031,
        -0.218774 -0.302725 0.433071,
        -0.216448 -0.290113 0.748031,
        -0.215894 -0.290293 0.433071,
        -0.206115 -0.253235 0.748031,
        -0.187616 -0.152785 0.748031,
        -0.738189 -0.971722 0.748031,
        -0.694543 -0.945180 0.433071,
        -0.652150 -0.916679 0.748031,
        -0.616311 -0.889957 0.433071,
        -0.616856 -0.889276 0.748031,
        -0.611098 -0.886278 0.433071,
        -0.571473 -0.854040 0.748031,
        -0.533356 -0.820032 0.433071,
        -0.506153 -0.793035 0.748031,
        -0.506585 -0.792645 0.433071,
        -0.496826 -0.784325 0.748031,
        -0.461959 -0.746992 0.433071,
        -0.428828 -0.708111 0.748031,
        -0.409582 -0.682612 0.433071,
        -0.409836 -0.682464 0.748031,
        -0.397500 -0.667761 0.433071,
        -0.368042 -0.626028 0.748031,
        -0.340514 -0.582998 0.433071,
        -0.328236 -0.560570 0.748031,
        -0.328256 -0.560605 0.433071,
        -0.314972 -0.538759 0.748031,
        -0.270058 -0.447025 0.748031,
        -1.070925 -1.098579 0.433071,
        -1.009076 -1.082758 0.433071,
        -1.008954 -1.083328 0.748031,
        -0.971972 -1.073268 0.433071,
        -0.923462 -1.057261 0.748031,
        -0.875730 -1.039063 0.433071,
        -0.870256 -1.035576 0.748031,
        -0.869938 -1.036389 0.433071,
        -0.828877 -1.018712 0.748031,
        -0.782998 -0.996249 0.433071,
        -0.738770 -0.970715 0.433071,
        -1.021161 -1.087050 0.748031,
        -1.121163 -1.107831 0.748031,
        -1.152869 -1.111748 0.433071,
        -1.152870 -1.111455 0.748031,
        -1.171770 -1.114786 0.433071,
        -1.222641 -1.119431 0.748031,
        -1.273671 -1.121757 0.433071,
        -1.299232 -1.121176 0.748031,
        -1.299193 -1.121176 0.433071,
        -1.324754 -1.121757 0.748031,
        -1.375784 -1.119431 0.433071,
        -1.426655 -1.114786 0.748031,
        -1.445556 -1.111455 0.433071,
        -1.445557 -1.111748 0.748031,
        -1.477262 -1.107831 0.433071,
        -1.527500 -1.098579 0.748031,
        -1.577265 -1.087050 0.433071,
        -1.589350 -1.082758 0.748031,
        -1.589471 -1.083328 0.433071,
        -1.626453 -1.073268 0.748031,
        -1.674963 -1.057261 0.433071,
        -1.722695 -1.039063 0.748031,
        -1.728170 -1.035576 0.433071,
        -1.728487 -1.036389 0.748031,
        -1.769548 -1.018712 0.433071,
        -1.815427 -0.996249 0.748031,
        -1.860236 -0.971722 0.433071,
        -2.026952 -0.854040 0.433071,
        -1.981570 -0.889276 0.433071,
        -1.982115 -0.889957 0.748031,
        -1.946275 -0.916679 0.433071,
        -1.903882 -0.945180 0.748031,
        -1.859655 -0.970715 0.748031,
        -2.230383 -0.626028 0.433071,
        -2.188589 -0.682464 0.433071,
        -2.188843 -0.682612 0.748031,
        -2.169597 -0.708111 0.433071,
        -2.136466 -0.746992 0.748031,
        -2.101599 -0.784325 0.433071,
        -2.091840 -0.792645 0.748031,
        -2.092273 -0.793035 0.433071,
        -2.065069 -0.820032 0.748031,
        -1.987327 -0.886278 0.748031,
        -2.421260 0.000000 0.748031,
        -2.420097 -0.051070 0.433071,
        -2.416611 -0.102033 0.748031,
        -2.411389 -0.146432 0.433071,
        -2.410527 -0.146301 0.748031,
        -2.410809 -0.152785 0.433071,
        -2.402703 -0.203221 0.748031,
        -2.392310 -0.253235 0.433071,
        -2.382531 -0.290293 0.748031,
        -2.381977 -0.290113 0.433071,
        -2.379651 -0.302725 0.748031,
        -2.364753 -0.351587 0.433071,
        -2.347646 -0.399720 0.748031,
        -2.335187 -0.429137 0.433071,
        -2.334933 -0.428991 0.748031,
        -2.328367 -0.447025 0.433071,
        -2.306954 -0.493403 0.748031,
        -2.283453 -0.538759 0.433071,
        -2.270169 -0.560605 0.748031,
        -2.270189 -0.560570 0.433071,
        -2.257911 -0.582998 0.748031,
        -2.200925 -0.667761 0.748031,
        -2.364753 0.351587 0.433071,
        -2.381977 0.290113 0.433071,
        -2.382531 0.290293 0.748031,
        -2.392310 0.253235 0.433071,
        -2.402703 0.203221 0.748031,
        -2.410809 0.152785 0.433071,
        -2.410527 0.146301 0.748031,
        -2.411389 0.146432 0.433071,
        -2.416611 0.102033 0.748031,
        -2.420097 0.051070 0.433071,
        -2.420097 0.000000 0.433071,
        -2.379651 0.302725 0.748031,
        -2.347646 0.399720 0.748031,
        -2.335187 0.429137 0.433071,
        -2.334933 0.428991 0.748031,
        -2.328367 0.447025 0.433071,
        -2.306954 0.493403 0.748031,
        -2.283453 0.538759 0.433071,
        -2.270169 0.560605 0.748031,
        -2.270189 0.560570 0.433071,
        -2.257911 0.582998 0.748031,
        -2.230383 0.626028 0.433071,
        -2.200925 0.667761 0.748031,
        -2.188589 0.682464 0.433071,
        -2.188843 0.682612 0.748031,
        -2.169597 0.708111 0.433071,
        -2.136466 0.746992 0.748031,
        -2.101599 0.784325 0.433071,
        -2.091840 0.792645 0.748031,
        -2.092273 0.793035 0.433071,
        -2.065069 0.820032 0.748031,
        -2.026952 0.854040 0.433071,
        -1.987327 0.886278 0.748031,
        -1.981570 0.889276 0.433071,
        -1.982115 0.889957 0.748031,
        -1.946275 0.916679 0.433071,
        -1.903882 0.945180 0.748031,
        -1.860236 0.971722 0.433071,
        -1.674963 1.057261 0.433071,
        -1.728170 1.035576 0.433071,
        -1.728487 1.036389 0.748031,
        -1.769548 1.018712 0.433071,
        -1.815427 0.996249 0.748031,
        -1.859655 0.970715 0.748031,
        -1.375784 1.119431 0.433071,
        -1.445556 1.111455 0.433071,
        -1.445557 1.111748 0.748031,
        -1.477262 1.107831 0.433071,
        -1.527500 1.098579 0.748031,
        -1.577265 1.087050 0.433071,
        -1.589350 1.082758 0.748031,
        -1.589471 1.083328 0.433071,
        -1.626453 1.073268 0.748031,
        -1.722695 1.039063 0.748031,
        -0.738189 0.971722 0.748031,
        -0.782998 0.996249 0.433071,
        -0.828877 1.018712 0.748031,
        -0.869938 1.036389 0.433071,
        -0.870256 1.035576 0.748031,
        -0.875730 1.039063 0.433071,
        -0.923462 1.057261 0.748031,
        -0.971972 1.073268 0.433071,
        -1.008954 1.083328 0.748031,
        -1.009076 1.082758 0.433071,
        -1.021161 1.087050 0.748031,
        -1.070925 1.098579 0.433071,
        -1.121163 1.107831 0.748031,
        -1.152869 1.111748 0.433071,
        -1.152870 1.111455 0.748031,
        -1.171770 1.114786 0.433071,
        -1.222641 1.119431 0.748031,
        -1.273671 1.121757 0.433071,
        -1.299232 1.121176 0.748031,
        -1.299193 1.121176 0.433071,
        -1.324754 1.121757 0.748031,
        -1.426655 1.114786 0.748031,
        -0.461959 0.746992 0.433071,
        -0.506585 0.792645 0.433071,
        -0.506153 0.793035 0.748031,
        -0.533356 0.820032 0.433071,
        -0.571473 0.854040 0.748031,
        -0.611098 0.886278 0.433071,
        -0.616856 0.889276 0.748031,
        -0.616311 0.889957 0.433071,
        -0.652150 0.916679 0.748031,
        -0.694543 0.945180 0.433071,
        -0.738770 0.970715 0.433071,
        -0.496826 0.784325 0.748031,
        -0.428828 0.708111 0.748031,
        -0.409582 0.682612 0.433071,
        -0.409836 0.682464 0.748031,
        -0.397500 0.667761 0.433071,
        -0.368042 0.626028 0.748031,
        -0.340514 0.582998 0.433071,
        -0.328236 0.560570 0.748031,
        -0.328256 0.560605 0.433071,
        -0.314972 0.538759 0.748031,
        -0.291471 0.493403 0.433071,
        -0.270058 0.447025 0.748031,
        -0.263493 0.428991 0.433071,
        -0.263238 0.429137 0.748031,
        -0.250779 0.399720 0.433071,
        -0.233672 0.351587 0.748031,
        -0.218774 0.302725 0.433071,
        -0.216448 0.290113 0.748031,
        -0.215894 0.290293 0.433071,
        -0.206115 0.253235 0.748031,
        -0.195722 0.203221 0.433071,
        -0.187616 0.152785 0.748031,
        -0.187898 0.146301 0.433071,
        -0.187036 0.146432 0.748031,
        -0.181814 0.102033 0.433071,
        -0.178328 0.051070 0.748031,
        -0.178328 0.000000 0.748031,
        -1.325650 -1.161116 0.787402,
        -1.378852 -1.198144 0.787402,
        -1.431127 -1.153902 0.787402,
        -1.484433 -1.186417 0.787402,
        -1.535510 -1.137125 0.787402,
        -1.588563 -1.165404 0.787402,
        -1.637935 -1.110926 0.787402,
        -1.690430 -1.135271 0.787402,
        -1.737554 -1.075522 0.787402,
        -1.789234 -1.096252 0.787402,
        -1.833540 -1.031206 0.787402,
        -1.884204 -1.048654 0.787402,
        -1.925099 -0.978344 0.787402,
        -1.974595 -0.992849 0.787402,
        -2.011471 -0.917376 0.787402,
        -2.059700 -0.929274 0.787402,
        -2.091942 -0.848806 0.787402,
        -2.138853 -0.858425 0.787402,
        -2.165843 -0.773202 0.787402,
        -2.211435 -0.780859 0.787402,
        -2.232564 -0.691192 0.787402,
        -2.276878 -0.697181 0.787402,
        -2.291550 -0.603454 0.787402,
        -2.334669 -0.608046 0.787402,
        -2.342314 -0.510715 0.787402,
        -2.384356 -0.514153 0.787402,
        -2.384434 -0.413745 0.787402,
        -2.425551 -0.416236 0.787402,
        -2.417561 -0.313346 0.787402,
        -2.457930 -0.315061 0.787402,
        -2.441422 -0.210352 0.787402,
        -2.481241 -0.211421 0.787402,
        -2.455818 -0.105613 0.787402,
        -2.495301 -0.106126 0.787402,
        -2.460630 0.000000 0.787402,
        -2.500000 -0.000000 0.787402,
        -2.455818 0.105613 0.787402,
        -2.495301 0.106126 0.787402,
        -2.441422 0.210352 0.787402,
        -2.481241 0.211421 0.787402,
        -2.417561 0.313346 0.787402,
        -2.457930 0.315061 0.787402,
        -2.384434 0.413745 0.787402,
        -2.425551 0.416236 0.787402,
        -2.342314 0.510715 0.787402,
        -2.384356 0.514153 0.787402,
        -2.291550 0.603454 0.787402,
        -2.334669 0.608046 0.787402,
        -2.232564 0.691192 0.787402,
        -2.276878 0.697181 0.787402,
        -2.165843 0.773202 0.787402,
        -2.211435 0.780859 0.787402,
        -2.091942 0.848806 0.787402,
        -2.138853 0.858425 0.787402,
        -2.011471 0.917376 0.787402,
        -2.059700 0.929274 0.787402,
        -1.925099 0.978344 0.787402,
        -1.974595 0.992849 0.787402,
        -1.833540 1.031206 0.787402,
        -1.884204 1.048654 0.787402,
        -1.737554 1.075522 0.787402,
        -1.789234 1.096252 0.787402,
        -1.637935 1.110926 0.787402,
        -1.690430 1.135271 0.787402,
        -1.535510 1.137125 0.787402,
        -1.588563 1.165404 0.787402,
        -1.431127 1.153902 0.787402,
        -1.484433 1.186417 0.787402,
        -1.325650 1.161116 0.787402,
        -1.378852 1.198144 0.787402,
        -1.272648 1.200493 0.787402,
        -1.219955 1.158710 0.787402,
        -1.166653 1.193448 0.787402,
        -1.114916 1.146702 0.787402,
        -1.061694 1.177062 0.787402,
        -1.011404 1.125192 0.787402,
        -0.958595 1.151464 0.787402,
        -0.910278 1.094358 0.787402,
        -0.858161 1.116855 0.787402,
        -0.812374 1.054456 0.787402,
        -0.761180 1.073504 0.787402,
        -0.718504 1.005817 0.787402,
        -0.668409 1.021752 0.787402,
        -0.629446 0.948843 0.787402,
        -0.580574 0.962003 0.787402,
        -0.545938 0.884007 0.787402,
        -0.498365 0.894725 0.787402,
        -0.468672 0.811845 0.787402,
        -0.422423 0.820445 0.787402,
        -0.398288 0.732956 0.787402,
        -0.353343 0.739744 0.787402,
        -0.335369 0.647994 0.787402,
        -0.291665 0.653253 0.787402,
        -0.280437 0.557663 0.787402,
        -0.237874 0.561650 0.787402,
        -0.233948 0.462710 0.787402,
        -0.192388 0.465650 0.787402,
        -0.196285 0.363923 0.787402,
        -0.155565 0.366007 0.787402,
        -0.167761 0.262121 0.787402,
        -0.127693 0.263499 0.787402,
        -0.148613 0.158146 0.787402,
        -0.108989 0.158929 0.787402,
        -0.138999 0.052861 0.787402,
        -0.099600 0.053115 0.787402,
        -0.138999 -0.052861 0.787402,
        -0.099600 -0.053115 0.787402,
        -0.148613 -0.158146 0.787402,
        -0.108989 -0.158929 0.787402,
        -0.167761 -0.262121 0.787402,
        -0.127693 -0.263499 0.787402,
        -0.196285 -0.363923 0.787402,
        -0.155565 -0.366007 0.787402,
        -0.233948 -0.462710 0.787402,
        -0.192388 -0.465650 0.787402,
        -0.280437 -0.557663 0.787402,
        -0.237874 -0.561650 0.787402,
        -0.335369 -0.647994 0.787402,
        -0.291665 -0.653253 0.787402,
        -0.398288 -0.732956 0.787402,
        -0.353343 -0.739744 0.787402,
        -0.468672 -0.811845 0.787402,
        -0.422423 -0.820445 0.787402,
        -0.545938 -0.884007 0.787402,
        -0.498365 -0.894725 0.787402,
        -0.629446 -0.948843 0.787402,
        -0.580574 -0.962003 0.787402,
        -0.718504 -1.005817 0.787402,
        -0.668409 -1.021752 0.787402,
        -0.812374 -1.054456 0.787402,
        -0.761180 -1.073504 0.787402,
        -0.910278 -1.094358 0.787402,
        -0.858161 -1.116855 0.787402,
        -1.011404 -1.125192 0.787402,
        -0.958595 -1.151464 0.787402,
        -1.114916 -1.146702 0.787402,
        -1.061694 -1.177062 0.787402,
        -1.219955 -1.158710 0.787402,
        -1.166653 -1.193448 0.787402,
        -1.272648 -1.200493 0.787402,
        -0.177165 -0.000000 0.196850,
        -0.181556 -0.099167 0.196850,
        -1.299213 -0.000000 0.196850,
        -0.181556 0.099167 0.196850,
        -0.246733 0.388942 0.196850,
        -0.216476 0.294402 0.196850,
        -0.194694 0.197557 0.196850,
        -0.385656 0.651464 0.196850,
        -0.331655 0.568174 0.196850,
        -0.285226 0.480438 0.196850,
        -0.588593 0.868338 0.196850,
        -0.514630 0.802135 0.196850,
        -0.446808 0.729655 0.196850,
        -0.841324 1.024367 0.196850,
        -0.752581 0.979890 0.196850,
        -0.668118 0.927744 0.196850,
        -1.126138 1.108619 0.196850,
        -1.028835 1.088984 0.196850,
        -0.933649 1.060827 0.196850,
        -1.423080 1.115189 0.196850,
        -1.324035 1.121773 0.196850,
        -1.224795 1.119577 0.196850,
        -1.711342 1.043618 0.196850,
        -1.617494 1.075958 0.196850,
        -1.521156 1.099878 0.196850,
        -1.970727 0.898921 0.196850,
        -1.888652 0.954752 0.196850,
        -1.801965 1.003110 0.196850,
        -2.183058 0.691236 0.196850,
        -2.118508 0.766645 0.196850,
        -2.047546 0.836055 0.196850,
        -2.333458 0.435116 0.196850,
        -2.290956 0.524820 0.196850,
        -2.240691 0.610417 0.196850,
        -2.411389 0.148507 0.196850,
        -2.393911 0.246220 0.196850,
        -2.367867 0.342006 0.196850,
        -2.411389 -0.148507 0.196850,
        -2.420162 -0.049632 0.196850,
        -2.420162 0.049632 0.196850,
        -2.333458 -0.435116 0.196850,
        -2.367867 -0.342006 0.196850,
        -2.393911 -0.246220 0.196850,
        -2.183058 -0.691236 0.196850,
        -2.240691 -0.610417 0.196850,
        -2.290956 -0.524820 0.196850,
        -1.970727 -0.898921 0.196850,
        -2.047546 -0.836055 0.196850,
        -2.118508 -0.766645 0.196850,
        -1.711342 -1.043618 0.196850,
        -1.801965 -1.003110 0.196850,
        -1.888652 -0.954752 0.196850,
        -1.423080 -1.115189 0.196850,
        -1.521156 -1.099878 0.196850,
        -1.617494 -1.075958 0.196850,
        -1.126138 -1.108619 0.196850,
        -1.224795 -1.119577 0.196850,
        -1.324035 -1.121773 0.196850,
        -0.841324 -1.024367 0.196850,
        -0.933649 -1.060827 0.196850,
        -1.028835 -1.088984 0.196850,
        -0.588593 -0.868338 0.196850,
        -0.668118 -0.927744 0.196850,
        -0.752581 -0.979890 0.196850,
        -0.385656 -0.651464 0.196850,
        -0.446808 -0.729655 0.196850,
        -0.514630 -0.802135 0.196850,
        -0.246733 -0.388942 0.196850,
        -0.285226 -0.480438 0.196850,
        -0.331655 -0.568174 0.196850,
        -0.194694 -0.197557 0.196850,
        -0.216476 -0.294402 0.196850,
        -2.538156 0.054856 0.354331,
        -2.538156 0.054856 0.314961,
        -2.538156 -0.000000 0.354331,
        -2.538156 -0.000000 0.314961,
        -2.538156 -0.054856 0.354331,
        -2.538156 -0.054856 0.314961,
        -2.529235 -0.155401 0.354331,
        -2.529235 -0.155401 0.314961,
        -2.528460 -0.164140 0.354331,
        -2.528460 -0.164140 0.314961,
        -2.509143 -0.272138 0.354331,
        -2.509143 -0.272138 0.314961,
        -2.499357 -0.308129 0.354331,
        -2.499357 -0.308129 0.314961,
        -2.480357 -0.378007 0.354331,
        -2.480357 -0.378007 0.314961,
        -2.451451 -0.456226 0.354331,
        -2.451451 -0.456226 0.314961,
        -2.442326 -0.480918 0.354331,
        -2.442326 -0.480918 0.314961,
        -2.395350 -0.580064 0.354331,
        -2.395350 -0.580064 0.314961,
        -2.385353 -0.597087 0.354331,
        -2.385353 -0.597087 0.314961,
        -2.339794 -0.674671 0.354331,
        -2.339794 -0.674671 0.314961,
        -2.301572 -0.728270 0.354331,
        -2.301572 -0.728270 0.314961,
        -2.276095 -0.763998 0.354331,
        -2.276095 -0.763998 0.314961,
        -2.204750 -0.847345 0.354331,
        -2.204750 -0.847345 0.314961,
        -2.203182 -0.848878 0.354331,
        -2.203182 -0.848878 0.314961,
        -2.126317 -0.924061 0.354331,
        -2.126317 -0.924061 0.314961,
        -2.088961 -0.954632 0.354331,
        -2.088961 -0.954632 0.314961,
        -2.041413 -0.993544 0.354331,
        -2.041413 -0.993544 0.314961,
        -1.963393 -1.046616 0.354331,
        -1.963393 -1.046616 0.314961,
        -1.950698 -1.055252 0.354331,
        -1.950698 -1.055252 0.314961,
        -1.854886 -1.108701 0.354331,
        -1.854886 -1.108701 0.314961,
        -1.826847 -1.121234 0.354331,
        -1.826847 -1.121234 0.314961,
        -1.754724 -1.153473 0.354331,
        -1.754724 -1.153473 0.314961,
        -1.682110 -1.178496 0.354331,
        -1.682110 -1.178496 0.314961,
        -1.650998 -1.189217 0.354331,
        -1.650998 -1.189217 0.314961,
        -1.544518 -1.215654 0.354331,
        -1.544518 -1.215654 0.314961,
        -1.531516 -1.217684 0.354331,
        -1.531516 -1.217684 0.314961,
        -1.436119 -1.232578 0.354331,
        -1.436119 -1.232578 0.314961,
        -1.377003 -1.236507 0.354331,
        -1.377003 -1.236507 0.314961,
        -1.326647 -1.239854 0.354331,
        -1.326647 -1.239854 0.314961,
        -1.221346 -1.237524 0.354331,
        -1.221346 -1.237524 0.314961,
        -1.216962 -1.237427 0.354331,
        -1.216962 -1.237427 0.314961,
        -1.107920 -1.225315 0.354331,
        -1.107920 -1.225315 0.314961,
        -1.067057 -1.217070 0.354331,
        -1.067057 -1.217070 0.314961,
        -1.000375 -1.203614 0.354331,
        -1.000375 -1.203614 0.314961,
        -0.916203 -1.178715 0.354331,
        -0.916203 -1.178715 0.314961,
        -0.895169 -1.172493 0.354331,
        -0.895169 -1.172493 0.314961,
        -0.793125 -1.132195 0.354331,
        -0.793125 -1.132195 0.314961,
        -0.771552 -1.121383 0.354331,
        -0.771552 -1.121383 0.314961,
        -0.695042 -1.083036 0.354331,
        -0.695042 -1.083036 0.314961,
        -0.635291 -1.046148 0.354331,
        -0.635291 -1.046148 0.314961,
        -0.601687 -1.025402 0.354331,
        -0.601687 -1.025402 0.314961,
        -0.513791 -0.959742 0.354331,
        -0.513791 -0.959742 0.314961,
        -0.508889 -0.955354 0.354331,
        -0.508889 -0.955354 0.314961,
        -0.432043 -0.886570 0.354331,
        -0.432043 -0.886570 0.314961,
        -0.396061 -0.848118 0.354331,
        -0.396061 -0.848118 0.314961,
        -0.357081 -0.806461 0.354331,
        -0.357081 -0.806461 0.314961,
        -0.296248 -0.728677 0.354331,
        -0.296248 -0.728677 0.314961,
        -0.289493 -0.720039 0.354331,
        -0.289493 -0.720039 0.314961,
        -0.229807 -0.627982 0.354331,
        -0.229807 -0.627982 0.314961,
        -0.213388 -0.596956 0.354331,
        -0.213388 -0.596956 0.314961,
        -0.178491 -0.531011 0.354331,
        -0.178491 -0.531011 0.314961,
        -0.147004 -0.456170 0.354331,
        -0.147004 -0.456170 0.314961,
        -0.135945 -0.429883 0.354331,
        -0.135945 -0.429883 0.314961,
        -0.102504 -0.325391 0.354331,
        -0.102504 -0.325391 0.314961,
        -0.098654 -0.308271 0.354331,
        -0.098654 -0.308271 0.314961,
        -0.078429 -0.218353 0.354331,
        -0.078429 -0.218353 0.314961,
        -0.070006 -0.155276 0.354331,
        -0.070006 -0.155276 0.314961,
        -0.063908 -0.109605 0.354331,
        -0.063908 -0.109605 0.314961,
        -0.059055 0.000000 0.354331,
        -0.059055 0.000000 0.314961,
        -0.063908 0.109605 0.354331,
        -0.063908 0.109605 0.314961,
        -0.070006 0.155276 0.354331,
        -0.070006 0.155276 0.314961,
        -0.078429 0.218353 0.354331,
        -0.078429 0.218353 0.314961,
        -0.098654 0.308271 0.354331,
        -0.098654 0.308271 0.314961,
        -0.102504 0.325391 0.354331,
        -0.102504 0.325391 0.314961,
        -0.135945 0.429883 0.354331,
        -0.135945 0.429883 0.314961,
        -0.147004 0.456170 0.354331,
        -0.147004 0.456170 0.314961,
        -0.178491 0.531011 0.354331,
        -0.178491 0.531011 0.314961,
        -0.213388 0.596956 0.354331,
        -0.213388 0.596956 0.314961,
        -0.229807 0.627982 0.354331,
        -0.229807 0.627982 0.314961,
        -0.289493 0.720039 0.354331,
        -0.289493 0.720039 0.314961,
        -0.296248 0.728677 0.354331,
        -0.296248 0.728677 0.314961,
        -0.357081 0.806461 0.354331,
        -0.357081 0.806461 0.314961,
        -0.396061 0.848118 0.354331,
        -0.396061 0.848118 0.314961,
        -0.432043 0.886570 0.354331,
        -0.432043 0.886570 0.314961,
        -0.508889 0.955354 0.354331,
        -0.508889 0.955354 0.314961,
        -0.513791 0.959742 0.354331,
        -0.513791 0.959742 0.314961,
        -0.601687 1.025402 0.354331,
        -0.601687 1.025402 0.314961,
        -0.635291 1.046148 0.354331,
        -0.635291 1.046148 0.314961,
        -0.695042 1.083036 0.354331,
        -0.695042 1.083036 0.314961,
        -0.771552 1.121383 0.354331,
        -0.771552 1.121383 0.314961,
        -0.793125 1.132195 0.354331,
        -0.793125 1.132195 0.314961,
        -0.895169 1.172493 0.354331,
        -0.895169 1.172493 0.314961,
        -0.916203 1.178715 0.354331,
        -0.916203 1.178715 0.314961,
        -1.000375 1.203614 0.354331,
        -1.000375 1.203614 0.314961,
        -1.067057 1.217070 0.354331,
        -1.067057 1.217070 0.314961,
        -1.107920 1.225315 0.354331,
        -1.107920 1.225315 0.314961,
        -1.216962 1.237427 0.354331,
        -1.216962 1.237427 0.314961,
        -1.221346 1.237524 0.354331,
        -1.221346 1.237524 0.314961,
        -1.326647 1.239854 0.354331,
        -1.326647 1.239854 0.314961,
        -1.377003 1.236507 0.354331,
        -1.377003 1.236507 0.314961,
        -1.436119 1.232578 0.354331,
        -1.436119 1.232578 0.314961,
        -1.531516 1.217684 0.354331,
        -1.531516 1.217684 0.314961,
        -1.544518 1.215654 0.354331,
        -1.544518 1.215654 0.314961,
        -1.650998 1.189217 0.354331,
        -1.650998 1.189217 0.314961,
        -1.682110 1.178496 0.354331,
        -1.682110 1.178496 0.314961,
        -1.754724 1.153473 0.354331,
        -1.754724 1.153473 0.314961,
        -1.826847 1.121234 0.354331,
        -1.826847 1.121234 0.314961,
        -1.854886 1.108701 0.354331,
        -1.854886 1.108701 0.314961,
        -1.950698 1.055252 0.354331,
        -1.950698 1.055252 0.314961,
        -1.963393 1.046616 0.354331,
        -1.963393 1.046616 0.314961,
        -2.041413 0.993544 0.354331,
        -2.041413 0.993544 0.314961,
        -2.088961 0.954632 0.354331,
        -2.088961 0.954632 0.314961,
        -2.126317 0.924061 0.354331,
        -2.126317 0.924061 0.314961,
        -2.203182 0.848878 0.354331,
        -2.203182 0.848878 0.314961,
        -2.204750 0.847345 0.354331,
        -2.204750 0.847345 0.314961,
        -2.276095 0.763998 0.354331,
        -2.276095 0.763998 0.314961,
        -2.301572 0.728270 0.354331,
        -2.301572 0.728270 0.314961,
        -2.339794 0.674671 0.354331,
        -2.339794 0.674671 0.314961,
        -2.385353 0.597087 0.354331,
        -2.385353 0.597087 0.314961,
        -2.395350 0.580064 0.354331,
        -2.395350 0.580064 0.314961,
        -2.442326 0.480918 0.354331,
        -2.442326 0.480918 0.314961,
        -2.451451 0.456226 0.354331,
        -2.451451 0.456226 0.314961,
        -2.480357 0.378007 0.354331,
        -2.480357 0.378007 0.314961,
        -2.499357 0.308129 0.354331,
        -2.499357 0.308129 0.314961,
        -2.509143 0.272138 0.354331,
        -2.509143 0.272138 0.314961,
        -2.528460 0.164140 0.354331,
        -2.528460 0.164140 0.314961,
        -2.529235 0.155401 0.354331,
        -2.529235 0.155401 0.314961,
        -2.417947 -0.102155 0.758221,
        -2.404022 -0.203464 0.758221,
        -2.380943 -0.303087 0.758221,
        -2.348900 -0.400198 0.758221,
        -2.308159 -0.493993 0.758221,
        -2.259058 -0.583695 0.758221,
        -2.202003 -0.668560 0.758221,
        -2.137467 -0.747885 0.758221,
        -2.065985 -0.821013 0.758221,
        -1.988150 -0.887338 0.758221,
        -1.904606 -0.946310 0.758221,
        -1.816044 -0.997440 0.758221,
        -1.723201 -1.040306 0.758221,
        -1.626844 -1.074551 0.758221,
        -1.527773 -1.099892 0.758221,
        -1.426807 -1.116119 0.758221,
        -1.324785 -1.123098 0.758221,
        -1.222550 -1.120770 0.758221,
        -1.120950 -1.109155 0.758221,
        -1.020828 -1.088349 0.758221,
        -0.923013 -1.058525 0.758221,
        -0.828315 -1.019930 0.758221,
        -0.737518 -0.972883 0.758221,
        -0.651376 -0.917775 0.758221,
        -0.570603 -0.855061 0.758221,
        -0.495867 -0.785263 0.758221,
        -0.427787 -0.708957 0.758221,
        -0.366929 -0.626777 0.758221,
        -0.313796 -0.539403 0.758221,
        -0.268828 -0.447559 0.758221,
        -0.232398 -0.352007 0.758221,
        -0.204808 -0.253538 0.758221,
        -0.186287 -0.152968 0.758221,
        -0.176988 -0.051131 0.758221,
        -0.176988 0.051131 0.758221,
        -0.186287 0.152968 0.758221,
        -0.204808 0.253538 0.758221,
        -0.232398 0.352007 0.758221,
        -0.268828 0.447559 0.758221,
        -0.313796 0.539403 0.758221,
        -0.366929 0.626777 0.758221,
        -0.427787 0.708957 0.758221,
        -0.495867 0.785263 0.758221,
        -0.570603 0.855061 0.758221,
        -0.651376 0.917775 0.758221,
        -0.737518 0.972883 0.758221,
        -0.828315 1.019930 0.758221,
        -0.923013 1.058525 0.758221,
        -1.020828 1.088349 0.758221,
        -1.120950 1.109155 0.758221,
        -1.222550 1.120770 0.758221,
        -1.324785 1.123098 0.758221,
        -1.426807 1.116119 0.758221,
        -1.527773 1.099892 0.758221,
        -1.626844 1.074551 0.758221,
        -1.723201 1.040306 0.758221,
        -1.816044 0.997440 0.758221,
        -1.904606 0.946310 0.758221,
        -1.988150 0.887338 0.758221,
        -2.065985 0.821013 0.758221,
        -2.137467 0.747885 0.758221,
        -2.202003 0.668560 0.758221,
        -2.259058 0.583695 0.758221,
        -2.308159 0.493993 0.758221,
        -2.348900 0.400198 0.758221,
        -2.380943 0.303087 0.758221,
        -2.404022 0.203464 0.758221,
        -2.417947 0.102155 0.758221,
        -2.422602 0.000000 0.758221,
        -2.421864 0.102513 0.767717,
        -2.407891 0.204176 0.767717,
        -2.384730 0.304148 0.767717,
        -2.352575 0.401599 0.767717,
        -2.311691 0.495722 0.767717,
        -2.262418 0.585738 0.767717,
        -2.205164 0.670900 0.767717,
        -2.140402 0.750503 0.767717,
        -2.068670 0.823887 0.767717,
        -1.990561 0.890444 0.767717,
        -1.906725 0.949623 0.767717,
        -1.817854 1.000932 0.767717,
        -1.724685 1.043948 0.767717,
        -1.627991 1.078313 0.767717,
        -1.528573 1.103743 0.767717,
        -1.427254 1.120027 0.767717,
        -1.324874 1.127030 0.767717,
        -1.222281 1.124694 0.767717,
        -1.120326 1.113038 0.767717,
        -1.019854 1.092160 0.767717,
        -0.921695 1.062231 0.767717,
        -0.826666 1.023501 0.767717,
        -0.735552 0.976289 0.767717,
        -0.649108 0.920988 0.767717,
        -0.568052 0.858055 0.767717,
        -0.493054 0.788012 0.767717,
        -0.424736 0.711439 0.767717,
        -0.363665 0.628971 0.767717,
        -0.310346 0.541291 0.767717,
        -0.265220 0.449126 0.767717,
        -0.228663 0.353239 0.767717,
        -0.200977 0.254426 0.767717,
        -0.182391 0.153504 0.767717,
        -0.173059 0.051309 0.767717,
        -0.173059 -0.051309 0.767717,
        -0.182391 -0.153504 0.767717,
        -0.200977 -0.254426 0.767717,
        -0.228663 -0.353239 0.767717,
        -0.265220 -0.449126 0.767717,
        -0.310346 -0.541291 0.767717,
        -0.363665 -0.628971 0.767717,
        -0.424736 -0.711439 0.767717,
        -0.493054 -0.788012 0.767717,
        -0.568052 -0.858055 0.767717,
        -0.649108 -0.920988 0.767717,
        -0.735552 -0.976289 0.767717,
        -0.826666 -1.023501 0.767717,
        -0.921695 -1.062231 0.767717,
        -1.019854 -1.092160 0.767717,
        -1.120326 -1.113038 0.767717,
        -1.222281 -1.124694 0.767717,
        -1.324874 -1.127030 0.767717,
        -1.427254 -1.120027 0.767717,
        -1.528573 -1.103743 0.767717,
        -1.627991 -1.078313 0.767717,
        -1.724685 -1.043948 0.767717,
        -1.817854 -1.000932 0.767717,
        -1.906725 -0.949623 0.767717,
        -1.990561 -0.890444 0.767717,
        -2.068670 -0.823887 0.767717,
        -2.140402 -0.750503 0.767717,
        -2.205164 -0.670900 0.767717,
        -2.262418 -0.585738 0.767717,
        -2.311691 -0.495722 0.767717,
        -2.352575 -0.401599 0.767717,
        -2.384730 -0.304148 0.767717,
        -2.407891 -0.204176 0.767717,
        -2.421864 -0.102513 0.767717,
        -2.426534 0.000000 0.767717,
        -2.428094 0.103082 0.775870,
        -2.414044 0.205309 0.775870,
        -2.390755 0.305836 0.775870,
        -2.358421 0.403828 0.775870,
        -2.317311 0.498474 0.775870,
        -2.267764 0.588989 0.775870,
        -2.210191 0.674624 0.775870,
        -2.145070 0.754669 0.775870,
        -2.072940 0.828460 0.775870,
        -1.994398 0.895386 0.775870,
        -1.910096 0.954893 0.775870,
        -1.820732 1.006487 0.775870,
        -1.727047 1.049742 0.775870,
        -1.629816 1.084298 0.775870,
        -1.529846 1.109869 0.775870,
        -1.427965 1.126243 0.775870,
        -1.325017 1.133285 0.775870,
        -1.221854 1.130936 0.775870,
        -1.119333 1.119216 0.775870,
        -1.018303 1.098221 0.775870,
        -0.919600 1.068127 0.775870,
        -0.824043 1.029181 0.775870,
        -0.732423 0.981708 0.775870,
        -0.645500 0.926100 0.775870,
        -0.563994 0.862817 0.775870,
        -0.488580 0.792385 0.775870,
        -0.419883 0.715388 0.775870,
        -0.358472 0.632462 0.775870,
        -0.304857 0.544296 0.775870,
        -0.259481 0.451619 0.775870,
        -0.222722 0.355200 0.775870,
        -0.194881 0.255838 0.775870,
        -0.176193 0.154356 0.775870,
        -0.166809 0.051594 0.775870,
        -0.166809 -0.051594 0.775870,
        -0.176193 -0.154356 0.775870,
        -0.194881 -0.255838 0.775870,
        -0.222722 -0.355200 0.775870,
        -0.259481 -0.451619 0.775870,
        -0.304857 -0.544296 0.775870,
        -0.358472 -0.632462 0.775870,
        -0.419883 -0.715388 0.775870,
        -0.488580 -0.792385 0.775870,
        -0.563994 -0.862817 0.775870,
        -0.645500 -0.926100 0.775870,
        -0.732423 -0.981708 0.775870,
        -0.824043 -1.029181 0.775870,
        -0.919600 -1.068127 0.775870,
        -1.018303 -1.098221 0.775870,
        -1.119333 -1.119216 0.775870,
        -1.221854 -1.130936 0.775870,
        -1.325017 -1.133285 0.775870,
        -1.427965 -1.126243 0.775870,
        -1.529846 -1.109869 0.775870,
        -1.629816 -1.084298 0.775870,
        -1.727047 -1.049742 0.775870,
        -1.820732 -1.006487 0.775870,
        -1.910096 -0.954893 0.775870,
        -1.994398 -0.895386 0.775870,
        -2.072940 -0.828460 0.775870,
        -2.145070 -0.754669 0.775870,
        -2.210191 -0.674624 0.775870,
        -2.267764 -0.588989 0.775870,
        -2.317311 -0.498474 0.775870,
        -2.358421 -0.403828 0.775870,
        -2.390755 -0.305836 0.775870,
        -2.414044 -0.205309 0.775870,
        -2.428094 -0.103082 0.775870,
        -2.432791 0.000000 0.775870,
        -2.436215 0.103823 0.782127,
        -2.422063 0.206786 0.782127,
        -2.398606 0.308036 0.782127,
        -2.366040 0.406733 0.782127,
        -2.324634 0.502059 0.782127,
        -2.274731 0.593226 0.782127,
        -2.216744 0.679476 0.782127,
        -2.151155 0.760097 0.782127,
        -2.078506 0.834419 0.782127,
        -1.999399 0.901827 0.782127,
        -1.914491 0.961762 0.782127,
        -1.824484 1.013727 0.782127,
        -1.730124 1.057293 0.782127,
        -1.632194 1.092097 0.782127,
        -1.531505 1.117852 0.782127,
        -1.428891 1.134344 0.782127,
        -1.325202 1.141437 0.782127,
        -1.221298 1.139070 0.782127,
        -1.118040 1.127266 0.782127,
        -1.016282 1.106121 0.782127,
        -0.916870 1.075810 0.782127,
        -0.820625 1.036584 0.782127,
        -0.728346 0.988769 0.782127,
        -0.640798 0.932761 0.782127,
        -0.558706 0.869024 0.782127,
        -0.482749 0.798085 0.782127,
        -0.413558 0.720533 0.782127,
        -0.351706 0.637011 0.782127,
        -0.297705 0.548211 0.782127,
        -0.252003 0.454867 0.782127,
        -0.214978 0.357755 0.782127,
        -0.186938 0.257678 0.782127,
        -0.168115 0.155466 0.782127,
        -0.158663 0.051965 0.782127,
        -0.158663 -0.051965 0.782127,
        -0.168115 -0.155466 0.782127,
        -0.186938 -0.257678 0.782127,
        -0.214978 -0.357755 0.782127,
        -0.252003 -0.454867 0.782127,
        -0.297705 -0.548211 0.782127,
        -0.351706 -0.637011 0.782127,
        -0.413558 -0.720533 0.782127,
        -0.482749 -0.798085 0.782127,
        -0.558706 -0.869024 0.782127,
        -0.640798 -0.932761 0.782127,
        -0.728346 -0.988769 0.782127,
        -0.820625 -1.036584 0.782127,
        -0.916870 -1.075810 0.782127,
        -1.016282 -1.106121 0.782127,
        -1.118040 -1.127266 0.782127,
        -1.221298 -1.139070 0.782127,
        -1.325202 -1.141437 0.782127,
        -1.428891 -1.134344 0.782127,
        -1.531505 -1.117852 0.782127,
        -1.632194 -1.092097 0.782127,
        -1.730124 -1.057293 0.782127,
        -1.824484 -1.013727 0.782127,
        -1.914491 -0.961762 0.782127,
        -1.999399 -0.901827 0.782127,
        -2.078506 -0.834419 0.782127,
        -2.151155 -0.760097 0.782127,
        -2.216744 -0.679476 0.782127,
        -2.274731 -0.593226 0.782127,
        -2.324634 -0.502059 0.782127,
        -2.366040 -0.406733 0.782127,
        -2.398606 -0.308036 0.782127,
        -2.422063 -0.206786 0.782127,
        -2.436215 -0.103823 0.782127,
        -2.440945 0.000000 0.782127,
        -2.445670 0.104687 0.786060,
        -2.431401 0.208506 0.786060,
        -2.407750 0.310598 0.786060,
        -2.374913 0.410115 0.786060,
        -2.333162 0.506235 0.786060,
        -2.282844 0.598159 0.786060,
        -2.224375 0.685128 0.786060,
        -2.158240 0.766419 0.786060,
        -2.084987 0.841359 0.786060,
        -2.005222 0.909327 0.786060,
        -1.919607 0.969760 0.786060,
        -1.828852 1.022158 0.786060,
        -1.733708 1.066086 0.786060,
        -1.634963 1.101180 0.786060,
        -1.533437 1.127148 0.786060,
        -1.429969 1.143778 0.786060,
        -1.325418 1.150929 0.786060,
        -1.220650 1.148544 0.786060,
        -1.116533 1.136641 0.786060,
        -1.013930 1.115320 0.786060,
        -0.913690 1.084757 0.786060,
        -0.816645 1.045205 0.786060,
        -0.723599 0.996993 0.786060,
        -0.635322 0.940518 0.786060,
        -0.552547 0.876251 0.786060,
        -0.475959 0.804722 0.786060,
        -0.406193 0.726526 0.786060,
        -0.343826 0.642309 0.786060,
        -0.289376 0.552770 0.786060,
        -0.243294 0.458650 0.786060,
        -0.205961 0.360730 0.786060,
        -0.177688 0.259821 0.786060,
        -0.158707 0.156759 0.786060,
        -0.149178 0.052398 0.786060,
        -0.149178 -0.052398 0.786060,
        -0.158707 -0.156759 0.786060,
        -0.177688 -0.259821 0.786060,
        -0.205961 -0.360730 0.786060,
        -0.243294 -0.458650 0.786060,
        -0.289376 -0.552770 0.786060,
        -0.343826 -0.642309 0.786060,
        -0.406193 -0.726526 0.786060,
        -0.475959 -0.804722 0.786060,
        -0.552547 -0.876251 0.786060,
        -0.635322 -0.940518 0.786060,
        -0.723599 -0.996993 0.786060,
        -0.816645 -1.045205 0.786060,
        -0.913690 -1.084757 0.786060,
        -1.013930 -1.115320 0.786060,
        -1.116533 -1.136641 0.786060,
        -1.220650 -1.148544 0.786060,
        -1.325418 -1.150929 0.786060,
        -1.429969 -1.143778 0.786060,
        -1.533437 -1.127148 0.786060,
        -1.634963 -1.101180 0.786060,
        -1.733708 -1.066086 0.786060,
        -1.828852 -1.022158 0.786060,
        -1.919607 -0.969760 0.786060,
        -2.005222 -0.909327 0.786060,
        -2.084987 -0.841359 0.786060,
        -2.158240 -0.766419 0.786060,
        -2.224375 -0.685128 0.786060,
        -2.282844 -0.598159 0.786060,
        -2.333162 -0.506235 0.786060,
        -2.374913 -0.410115 0.786060,
        -2.407750 -0.310598 0.786060,
        -2.431401 -0.208506 0.786060,
        -2.445670 -0.104687 0.786060,
        -2.450440 0.000000 0.786060,
        -0.180478 -0.102155 0.422881,
        -0.194403 -0.203464 0.422881,
        -0.217482 -0.303087 0.422881,
        -0.249525 -0.400198 0.422881,
        -0.290266 -0.493993 0.422881,
        -0.339367 -0.583695 0.422881,
        -0.396422 -0.668560 0.422881,
        -0.460958 -0.747885 0.422881,
        -0.532440 -0.821013 0.422881,
        -0.610276 -0.887338 0.422881,
        -0.693820 -0.946310 0.422881,
        -0.782381 -0.997440 0.422881,
        -0.875224 -1.040306 0.422881,
        -0.971581 -1.074551 0.422881,
        -1.070652 -1.099892 0.422881,
        -1.171618 -1.116119 0.422881,
        -1.273641 -1.123098 0.422881,
        -1.375876 -1.120770 0.422881,
        -1.477475 -1.109155 0.422881,
        -1.577597 -1.088349 0.422881,
        -1.675413 -1.058525 0.422881,
        -1.770111 -1.019930 0.422881,
        -1.860907 -0.972883 0.422881,
        -1.947049 -0.917775 0.422881,
        -2.027822 -0.855061 0.422881,
        -2.102559 -0.785263 0.422881,
        -2.170638 -0.708957 0.422881,
        -2.231496 -0.626777 0.422881,
        -2.284630 -0.539403 0.422881,
        -2.329598 -0.447559 0.422881,
        -2.366027 -0.352007 0.422881,
        -2.393617 -0.253538 0.422881,
        -2.412138 -0.152968 0.422881,
        -2.421437 -0.051131 0.422881,
        -2.421437 0.051131 0.422881,
        -2.412138 0.152968 0.422881,
        -2.393617 0.253538 0.422881,
        -2.366027 0.352007 0.422881,
        -2.329598 0.447559 0.422881,
        -2.284630 0.539403 0.422881,
        -2.231496 0.626777 0.422881,
        -2.170638 0.708957 0.422881,
        -2.102559 0.785263 0.422881,
        -2.027822 0.855061 0.422881,
        -1.947049 0.917775 0.422881,
        -1.860907 0.972883 0.422881,
        -1.770111 1.019930 0.422881,
        -1.675413 1.058525 0.422881,
        -1.577597 1.088349 0.422881,
        -1.477475 1.109155 0.422881,
        -1.375876 1.120770 0.422881,
        -1.273641 1.123098 0.422881,
        -1.171618 1.116119 0.422881,
        -1.070652 1.099892 0.422881,
        -0.971581 1.074551 0.422881,
        -0.875224 1.040306 0.422881,
        -0.782381 0.997440 0.422881,
        -0.693820 0.946310 0.422881,
        -0.610276 0.887338 0.422881,
        -0.532440 0.821013 0.422881,
        -0.460958 0.747885 0.422881,
        -0.396422 0.668560 0.422881,
        -0.339367 0.583695 0.422881,
        -0.290266 0.493993 0.422881,
        -0.249525 0.400198 0.422881,
        -0.217482 0.303087 0.422881,
        -0.194403 0.203464 0.422881,
        -0.180478 0.102155 0.422881,
        -0.175824 0.000000 0.422881,
        -0.176561 0.102513 0.413386,
        -0.190535 0.204176 0.413386,
        -0.213695 0.304148 0.413386,
        -0.245850 0.401599 0.413386,
        -0.286733 0.495722 0.413386,
        -0.336007 0.585738 0.413386,
        -0.393262 0.670900 0.413386,
        -0.458024 0.750503 0.413386,
        -0.529756 0.823887 0.413386,
        -0.607864 0.890444 0.413386,
        -0.691700 0.949623 0.413386,
        -0.780571 1.000932 0.413386,
        -0.873740 1.043948 0.413386,
        -0.970434 1.078313 0.413386,
        -1.069852 1.103743 0.413386,
        -1.171171 1.120027 0.413386,
        -1.273551 1.127030 0.413386,
        -1.376144 1.124694 0.413386,
        -1.478099 1.113038 0.413386,
        -1.578572 1.092160 0.413386,
        -1.676730 1.062231 0.413386,
        -1.771759 1.023501 0.413386,
        -1.862874 0.976289 0.413386,
        -1.949317 0.920988 0.413386,
        -2.030373 0.858055 0.413386,
        -2.105371 0.788012 0.413386,
        -2.173689 0.711439 0.413386,
        -2.234760 0.628971 0.413386,
        -2.288080 0.541291 0.413386,
        -2.333205 0.449126 0.413386,
        -2.369762 0.353239 0.413386,
        -2.397448 0.254426 0.413386,
        -2.416034 0.153504 0.413386,
        -2.425366 0.051309 0.413386,
        -2.425366 -0.051309 0.413386,
        -2.416034 -0.153504 0.413386,
        -2.397448 -0.254426 0.413386,
        -2.369762 -0.353239 0.413386,
        -2.333205 -0.449126 0.413386,
        -2.288080 -0.541291 0.413386,
        -2.234760 -0.628971 0.413386,
        -2.173689 -0.711439 0.413386,
        -2.105371 -0.788012 0.413386,
        -2.030373 -0.858055 0.413386,
        -1.949317 -0.920988 0.413386,
        -1.862874 -0.976289 0.413386,
        -1.771759 -1.023501 0.413386,
        -1.676730 -1.062231 0.413386,
        -1.578572 -1.092160 0.413386,
        -1.478099 -1.113038 0.413386,
        -1.376144 -1.124694 0.413386,
        -1.273551 -1.127030 0.413386,
        -1.171171 -1.120027 0.413386,
        -1.069852 -1.103743 0.413386,
        -0.970434 -1.078313 0.413386,
        -0.873740 -1.043948 0.413386,
        -0.780571 -1.000932 0.413386,
        -0.691700 -0.949623 0.413386,
        -0.607864 -0.890444 0.413386,
        -0.529756 -0.823887 0.413386,
        -0.458024 -0.750503 0.413386,
        -0.393262 -0.670900 0.413386,
        -0.336007 -0.585738 0.413386,
        -0.286733 -0.495722 0.413386,
        -0.245850 -0.401599 0.413386,
        -0.213695 -0.304148 0.413386,
        -0.190535 -0.204176 0.413386,
        -0.176561 -0.102513 0.413386,
        -0.171891 0.000000 0.413386,
        -0.170331 0.103082 0.405232,
        -0.184381 0.205309 0.405232,
        -0.207670 0.305836 0.405232,
        -0.240004 0.403828 0.405232,
        -0.281114 0.498474 0.405232,
        -0.330661 0.588989 0.405232,
        -0.388234 0.674624 0.405232,
        -0.453355 0.754669 0.405232,
        -0.525485 0.828460 0.405232,
        -0.604027 0.895386 0.405232,
        -0.688329 0.954893 0.405232,
        -0.777693 1.006487 0.405232,
        -0.871378 1.049742 0.405232,
        -0.968609 1.084298 0.405232,
        -1.068579 1.109869 0.405232,
        -1.170461 1.126243 0.405232,
        -1.273409 1.133285 0.405232,
        -1.376571 1.130936 0.405232,
        -1.479092 1.119216 0.405232,
        -1.580122 1.098221 0.405232,
        -1.678825 1.068127 0.405232,
        -1.774382 1.029181 0.405232,
        -1.866002 0.981708 0.405232,
        -1.952925 0.926100 0.405232,
        -2.034431 0.862817 0.405232,
        -2.109845 0.792385 0.405232,
        -2.178542 0.715388 0.405232,
        -2.239953 0.632462 0.405232,
        -2.293568 0.544296 0.405232,
        -2.338944 0.451619 0.405232,
        -2.375704 0.355200 0.405232,
        -2.403544 0.255838 0.405232,
        -2.422233 0.154356 0.405232,
        -2.431616 0.051594 0.405232,
        -2.431616 -0.051594 0.405232,
        -2.422233 -0.154356 0.405232,
        -2.403544 -0.255838 0.405232,
        -2.375704 -0.355200 0.405232,
        -2.338944 -0.451619 0.405232,
        -2.293568 -0.544296 0.405232,
        -2.239953 -0.632462 0.405232,
        -2.178542 -0.715388 0.405232,
        -2.109845 -0.792385 0.405232,
        -2.034431 -0.862817 0.405232,
        -1.952925 -0.926100 0.405232,
        -1.866002 -0.981708 0.405232,
        -1.774382 -1.029181 0.405232,
        -1.678825 -1.068127 0.405232,
        -1.580122 -1.098221 0.405232,
        -1.479092 -1.119216 0.405232,
        -1.376571 -1.130936 0.405232,
        -1.273409 -1.133285 0.405232,
        -1.170461 -1.126243 0.405232,
        -1.068579 -1.109869 0.405232,
        -0.968609 -1.084298 0.405232,
        -0.871378 -1.049742 0.405232,
        -0.777693 -1.006487 0.405232,
        -0.688329 -0.954893 0.405232,
        -0.604027 -0.895386 0.405232,
        -0.525485 -0.828460 0.405232,
        -0.453355 -0.754669 0.405232,
        -0.388234 -0.674624 0.405232,
        -0.330661 -0.588989 0.405232,
        -0.281114 -0.498474 0.405232,
        -0.240004 -0.403828 0.405232,
        -0.207670 -0.305836 0.405232,
        -0.184381 -0.205309 0.405232,
        -0.170331 -0.103082 0.405232,
        -0.165634 0.000000 0.405232,
        -0.162211 0.103823 0.398975,
        -0.176363 0.206786 0.398975,
        -0.199819 0.308036 0.398975,
        -0.232385 0.406733 0.398975,
        -0.273791 0.502059 0.398975,
        -0.323694 0.593226 0.398975,
        -0.381681 0.679476 0.398975,
        -0.447270 0.760097 0.398975,
        -0.519920 0.834419 0.398975,
        -0.599026 0.901827 0.398975,
        -0.683935 0.961762 0.398975,
        -0.773941 1.013727 0.398975,
        -0.868301 1.057293 0.398975,
        -0.966231 1.092097 0.398975,
        -1.066920 1.117852 0.398975,
        -1.169535 1.134344 0.398975,
        -1.273223 1.141437 0.398975,
        -1.377127 1.139070 0.398975,
        -1.480385 1.127266 0.398975,
        -1.582143 1.106121 0.398975,
        -1.681556 1.075810 0.398975,
        -1.777800 1.036584 0.398975,
        -1.870079 0.988769 0.398975,
        -1.957627 0.932761 0.398975,
        -2.039720 0.869024 0.398975,
        -2.115676 0.798085 0.398975,
        -2.184867 0.720533 0.398975,
        -2.246719 0.637011 0.398975,
        -2.300720 0.548211 0.398975,
        -2.346422 0.454867 0.398975,
        -2.383447 0.357755 0.398975,
        -2.411487 0.257678 0.398975,
        -2.430311 0.155466 0.398975,
        -2.439762 0.051965 0.398975,
        -2.439762 -0.051965 0.398975,
        -2.430311 -0.155466 0.398975,
        -2.411487 -0.257678 0.398975,
        -2.383447 -0.357755 0.398975,
        -2.346422 -0.454867 0.398975,
        -2.300720 -0.548211 0.398975,
        -2.246719 -0.637011 0.398975,
        -2.184867 -0.720533 0.398975,
        -2.115676 -0.798085 0.398975,
        -2.039720 -0.869024 0.398975,
        -1.957627 -0.932761 0.398975,
        -1.870079 -0.988769 0.398975,
        -1.777800 -1.036584 0.398975,
        -1.681556 -1.075810 0.398975,
        -1.582143 -1.106121 0.398975,
        -1.480385 -1.127266 0.398975,
        -1.377127 -1.139070 0.398975,
        -1.273223 -1.141437 0.398975,
        -1.169535 -1.134344 0.398975,
        -1.066920 -1.117852 0.398975,
        -0.966231 -1.092097 0.398975,
        -0.868301 -1.057293 0.398975,
        -0.773941 -1.013727 0.398975,
        -0.683935 -0.961762 0.398975,
        -0.599026 -0.901827 0.398975,
        -0.519920 -0.834419 0.398975,
        -0.447270 -0.760097 0.398975,
        -0.381681 -0.679476 0.398975,
        -0.323694 -0.593226 0.398975,
        -0.273791 -0.502059 0.398975,
        -0.232385 -0.406733 0.398975,
        -0.199819 -0.308036 0.398975,
        -0.176363 -0.206786 0.398975,
        -0.162211 -0.103823 0.398975,
        -0.157480 0.000000 0.398975,
        -0.152755 0.104687 0.395042,
        -0.167024 0.208506 0.395042,
        -0.190676 0.310598 0.395042,
        -0.223513 0.410115 0.395042,
        -0.265263 0.506235 0.395042,
        -0.315581 0.598159 0.395042,
        -0.374050 0.685128 0.395042,
        -0.440185 0.766419 0.395042,
        -0.513439 0.841359 0.395042,
        -0.593203 0.909327 0.395042,
        -0.678818 0.969760 0.395042,
        -0.769573 1.022158 0.395042,
        -0.864717 1.066086 0.395042,
        -0.963462 1.101180 0.395042,
        -1.064989 1.127148 0.395042,
        -1.168456 1.143778 0.395042,
        -1.273007 1.150929 0.395042,
        -1.377775 1.148544 0.395042,
        -1.481893 1.136641 0.395042,
        -1.584496 1.115320 0.395042,
        -1.684735 1.084757 0.395042,
        -1.781780 1.045205 0.395042,
        -1.874826 0.996993 0.395042,
        -1.963103 0.940518 0.395042,
        -2.045878 0.876251 0.395042,
        -2.122467 0.804722 0.395042,
        -2.192233 0.726526 0.395042,
        -2.254600 0.642309 0.395042,
        -2.309050 0.552770 0.395042,
        -2.355131 0.458650 0.395042,
        -2.392464 0.360730 0.395042,
        -2.420737 0.259821 0.395042,
        -2.439718 0.156759 0.395042,
        -2.449247 0.052398 0.395042,
        -2.449247 -0.052398 0.395042,
        -2.439718 -0.156759 0.395042,
        -2.420737 -0.259821 0.395042,
        -2.392464 -0.360730 0.395042,
        -2.355131 -0.458650 0.395042,
        -2.309050 -0.552770 0.395042,
        -2.254600 -0.642309 0.395042,
        -2.192233 -0.726526 0.395042,
        -2.122467 -0.804722 0.395042,
        -2.045878 -0.876251 0.395042,
        -1.963103 -0.940518 0.395042,
        -1.874826 -0.996993 0.395042,
        -1.781780 -1.045205 0.395042,
        -1.684735 -1.084757 0.395042,
        -1.584496 -1.115320 0.395042,
        -1.481893 -1.136641 0.395042,
        -1.377775 -1.148544 0.395042,
        -1.273007 -1.150929 0.395042,
        -1.168456 -1.143778 0.395042,
        -1.064989 -1.127148 0.395042,
        -0.963462 -1.101180 0.395042,
        -0.864717 -1.066086 0.395042,
        -0.769573 -1.022158 0.395042,
        -0.678818 -0.969760 0.395042,
        -0.593203 -0.909327 0.395042,
        -0.513439 -0.841359 0.395042,
        -0.440185 -0.766419 0.395042,
        -0.374050 -0.685128 0.395042,
        -0.315581 -0.598159 0.395042,
        -0.265263 -0.506235 0.395042,
        -0.223513 -0.410115 0.395042,
        -0.190676 -0.310598 0.395042,
        -0.167024 -0.208506 0.395042,
        -0.152755 -0.104687 0.395042,
        -0.147985 0.000000 0.395042,
        -0.079750 0.218117 0.364520,
        -0.179703 0.530436 0.364520,
        -0.230963 0.627303 0.364520,
        -0.358100 0.805588 0.364520,
        -0.432981 0.885611 0.364520,
        -0.695695 1.081865 0.364520,
        -1.000698 1.202312 0.364520,
        -1.108126 1.223990 0.364520,
        -1.326618 1.238513 0.364520,
        -1.435970 1.231244 0.364520,
        -1.754232 1.152225 0.364520,
        -2.040610 0.992469 0.364520,
        -2.125423 0.923061 0.364520,
        -2.203770 0.846428 0.364520,
        -2.338668 0.673941 0.364520,
        -2.479079 0.377598 0.364520,
        -2.507834 0.271844 0.364520,
        -2.536816 0.054797 0.364520,
        -2.536816 -0.054797 0.364520,
        -2.479079 -0.377598 0.364520,
        -2.338668 -0.673941 0.364520,
        -2.275038 -0.763171 0.364520,
        -2.125423 -0.923061 0.364520,
        -2.040610 -0.992469 0.364520,
        -1.754232 -1.152225 0.364520,
        -1.650617 -1.187931 0.364520,
        -1.435970 -1.231244 0.364520,
        -1.326618 -1.238513 0.364520,
        -1.217051 -1.236088 0.364520,
        -1.000698 -1.202312 0.364520,
        -0.695695 -1.081865 0.364520,
        -0.602441 -1.024293 0.364520,
        -0.432981 -0.885611 0.364520,
        -0.358100 -0.805588 0.364520,
        -0.179703 -0.530436 0.364520,
        -0.079750 -0.218117 0.364520,
        -0.065244 -0.109487 0.364520,
        -0.163317 -0.419768 0.392359,
        -0.204861 -0.518516 0.392359,
        -0.154410 -0.423059 0.388426,
        -0.196280 -0.522582 0.388426,
        -0.146761 -0.425886 0.382170,
        -0.188911 -0.526073 0.382170,
        -0.140893 -0.428055 0.374016,
        -0.183257 -0.528752 0.374016,
        -0.137204 -0.429418 0.364520,
        -0.313251 -0.703097 0.392359,
        -0.379249 -0.787485 0.392359,
        -0.305520 -0.708610 0.388426,
        -0.372035 -0.793659 0.388426,
        -0.298881 -0.713344 0.382170,
        -0.365841 -0.798962 0.382170,
        -0.293787 -0.716977 0.374016,
        -0.361088 -0.803030 0.374016,
        -0.290585 -0.719260 0.364520,
        -0.904676 -1.144904 0.392359,
        -1.007406 -1.175293 0.392359,
        -0.901582 -1.153881 0.388426,
        -1.005118 -1.184509 0.388426,
        -0.898926 -1.161591 0.382170,
        -1.003154 -1.192422 0.382170,
        -0.896887 -1.167506 0.374016,
        -1.001646 -1.198495 0.374016,
        -0.895606 -1.171224 0.364520,
        -1.935370 -1.030422 0.392359,
        -2.023949 -0.970167 0.392359,
        -1.940357 -1.038502 0.388426,
        -2.029631 -0.977774 0.388426,
        -1.944641 -1.045440 0.382170,
        -2.034511 -0.984306 0.382170,
        -1.947928 -1.050764 0.374016,
        -2.038256 -0.989319 0.374016,
        -1.949994 -1.054110 0.364520,
        -2.415429 -0.469602 0.392359,
        -2.452565 -0.369113 0.392359,
        -2.424182 -0.473284 0.388426,
        -2.461608 -0.372007 0.388426,
        -2.431697 -0.476446 0.382170,
        -2.469374 -0.374493 0.382170,
        -2.437465 -0.478872 0.374016,
        -2.475333 -0.376400 0.374016,
        -2.441090 -0.480397 0.364520,
        -2.499536 -0.160278 0.392359,
        -2.509004 -0.053566 0.392359,
        -2.508948 -0.161534 0.388426,
        -2.518491 -0.053985 0.388426,
        -2.517030 -0.162613 0.382170,
        -2.526636 -0.054346 0.382170,
        -2.523232 -0.163441 0.374016,
        -2.532887 -0.054623 0.374016,
        -2.527130 -0.163962 0.364520,
        -2.369558 0.566415 0.392359,
        -2.315309 0.658796 0.392359,
        -2.377950 0.570857 0.388426,
        -2.323277 0.663962 0.388426,
        -2.385157 0.574670 0.382170,
        -2.330119 0.668398 0.382170,
        -2.390687 0.577597 0.374016,
        -2.335368 0.671802 0.374016,
        -2.394164 0.579437 0.364520,
        -1.841811 1.082614 0.392359,
        -1.744006 1.126332 0.392359,
        -1.846066 1.091102 0.388426,
        -1.747494 1.135164 0.388426,
        -1.849719 1.098392 0.382170,
        -1.750489 1.142748 0.382170,
        -1.852522 1.103985 0.374016,
        -1.752787 1.148567 0.374016,
        -1.854285 1.107502 0.364520,
        -1.538746 1.187051 0.392359,
        -1.432897 1.203576 0.392359,
        -1.540624 1.196358 0.388426,
        -1.433945 1.213013 0.388426,
        -1.542237 1.204351 0.382170,
        -1.434846 1.221117 0.382170,
        -1.543475 1.210484 0.374016,
        -1.435536 1.227335 0.374016,
        -1.544253 1.214339 0.364520,
        -0.805033 1.105555 0.392359,
        -0.709257 1.057553 0.392359,
        -0.801158 1.114224 0.388426,
        -0.704631 1.065845 0.388426,
        -0.797830 1.121668 0.382170,
        -0.700659 1.072966 0.382170,
        -0.795277 1.127380 0.374016,
        -0.697611 1.078430 0.374016,
        -0.793672 1.130970 0.364520,
        -0.532272 0.937159 0.392359,
        -0.452447 0.865710 0.392359,
        -0.526258 0.944508 0.388426,
        -0.445807 0.872498 0.388426,
        -0.521094 0.950818 0.382170,
        -0.440106 0.878327 0.382170,
        -0.517132 0.955660 0.374016,
        -0.435731 0.882800 0.374016,
        -0.514641 0.958704 0.364520,
        -0.130662 0.317735 0.392359,
        -0.107154 0.213215 0.392359,
        -0.121500 0.320226 0.388426,
        -0.097806 0.214887 0.388426,
        -0.113631 0.322366 0.382170,
        -0.089780 0.216322 0.382170,
        -0.107594 0.324007 0.374016,
        -0.083621 0.217424 0.374016,
        -0.103799 0.325039 0.364520,
        -0.088235 -0.000000 0.392359,
        -0.092974 -0.107026 0.392359,
        -0.078740 -0.000000 0.388426,
        -0.083516 -0.107865 0.388426,
        -0.070586 -0.000000 0.382170,
        -0.075394 -0.108586 0.382170,
        -0.064330 -0.000000 0.374016,
        -0.069162 -0.109139 0.374016,
        -0.060396 -0.000000 0.364520,
        -0.107154 -0.213215 0.392359,
        -0.097806 -0.214887 0.388426,
        -0.089780 -0.216322 0.382170,
        -0.083621 -0.217424 0.374016,
        -0.103799 -0.325039 0.364520,
        -0.107594 -0.324007 0.374016,
        -0.113631 -0.322366 0.382170,
        -0.121500 -0.320226 0.388426,
        -0.130662 -0.317735 0.392359,
        -0.230963 -0.627303 0.364520,
        -0.234355 -0.625311 0.374016,
        -0.239750 -0.622143 0.382170,
        -0.246781 -0.618014 0.388426,
        -0.254969 -0.613206 0.392359,
        -0.435731 -0.882800 0.374016,
        -0.440106 -0.878327 0.382170,
        -0.445807 -0.872498 0.388426,
        -0.452447 -0.865710 0.392359,
        -0.514641 -0.958704 0.364520,
        -0.517132 -0.955660 0.374016,
        -0.521094 -0.950818 0.382170,
        -0.526258 -0.944508 0.388426,
        -0.532272 -0.937159 0.392359,
        -0.618099 -1.001274 0.392359,
        -0.612759 -1.009126 0.388426,
        -0.608172 -1.015867 0.382170,
        -0.604654 -1.021041 0.374016,
        -0.709257 -1.057553 0.392359,
        -0.704631 -1.065845 0.388426,
        -0.700659 -1.072966 0.382170,
        -0.697611 -1.078430 0.374016,
        -0.793672 -1.130970 0.364520,
        -0.795277 -1.127380 0.374016,
        -0.797830 -1.121668 0.382170,
        -0.801158 -1.114224 0.388426,
        -0.805033 -1.105555 0.392359,
        -1.108126 -1.223990 0.364520,
        -1.108733 -1.220104 0.374016,
        -1.109698 -1.213922 0.382170,
        -1.110956 -1.205866 0.388426,
        -1.112420 -1.196484 0.392359,
        -1.218897 -1.208311 0.392359,
        -1.218267 -1.217785 0.388426,
        -1.217726 -1.225921 0.382170,
        -1.217311 -1.232164 0.374016,
        -1.326531 -1.234581 0.374016,
        -1.326393 -1.228326 0.382170,
        -1.326212 -1.220174 0.388426,
        -1.326002 -1.210681 0.392359,
        -1.432897 -1.203576 0.392359,
        -1.433945 -1.213013 0.388426,
        -1.434846 -1.221117 0.382170,
        -1.435536 -1.227335 0.374016,
        -1.544253 -1.214339 0.364520,
        -1.543475 -1.210484 0.374016,
        -1.542237 -1.204351 0.382170,
        -1.540624 -1.196358 0.388426,
        -1.538746 -1.187051 0.392359,
        -1.642720 -1.161235 0.392359,
        -1.645414 -1.170341 0.388426,
        -1.647727 -1.178160 0.382170,
        -1.649502 -1.184159 0.374016,
        -1.744006 -1.126332 0.392359,
        -1.747494 -1.135164 0.388426,
        -1.750489 -1.142748 0.382170,
        -1.752787 -1.148567 0.374016,
        -1.854285 -1.107502 0.364520,
        -1.852522 -1.103985 0.374016,
        -1.849719 -1.098392 0.382170,
        -1.846066 -1.091102 0.388426,
        -1.841811 -1.082614 0.392359,
        -2.122800 -0.920130 0.374016,
        -2.118627 -0.915469 0.382170,
        -2.113189 -0.909393 0.388426,
        -2.106856 -0.902318 0.392359,
        -2.203770 -0.846428 0.364520,
        -2.200898 -0.843741 0.374016,
        -2.196330 -0.839466 0.382170,
        -2.190376 -0.833895 0.388426,
        -2.183443 -0.827407 0.392359,
        -2.253109 -0.746021 0.392359,
        -2.260589 -0.751870 0.388426,
        -2.267011 -0.756894 0.382170,
        -2.271940 -0.760748 0.374016,
        -2.315309 -0.658796 0.392359,
        -2.323277 -0.663962 0.388426,
        -2.330119 -0.668398 0.382170,
        -2.335368 -0.671802 0.374016,
        -2.394164 -0.579437 0.364520,
        -2.390687 -0.577597 0.374016,
        -2.385157 -0.574670 0.382170,
        -2.377950 -0.570857 0.388426,
        -2.369558 -0.566415 0.392359,
        -2.507834 -0.271844 0.364520,
        -2.503997 -0.270981 0.374016,
        -2.497893 -0.269608 0.382170,
        -2.489937 -0.267819 0.388426,
        -2.480674 -0.265735 0.392359,
        -2.532887 0.054623 0.374016,
        -2.526636 0.054346 0.382170,
        -2.518491 0.053985 0.388426,
        -2.509004 0.053566 0.392359,
        -2.527130 0.163962 0.364520,
        -2.523232 0.163441 0.374016,
        -2.517030 0.162613 0.382170,
        -2.508948 0.161534 0.388426,
        -2.499536 0.160278 0.392359,
        -2.480674 0.265735 0.392359,
        -2.489937 0.267819 0.388426,
        -2.497893 0.269608 0.382170,
        -2.503997 0.270981 0.374016,
        -2.452565 0.369113 0.392359,
        -2.461608 0.372007 0.388426,
        -2.469374 0.374493 0.382170,
        -2.475333 0.376400 0.374016,
        -2.441090 0.480397 0.364520,
        -2.437465 0.478872 0.374016,
        -2.431697 0.476446 0.382170,
        -2.424182 0.473284 0.388426,
        -2.415429 0.469602 0.392359,
        -2.275038 0.763171 0.364520,
        -2.271940 0.760748 0.374016,
        -2.267011 0.756894 0.382170,
        -2.260589 0.751870 0.388426,
        -2.253109 0.746021 0.392359,
        -2.183443 0.827407 0.392359,
        -2.190376 0.833895 0.388426,
        -2.196330 0.839466 0.382170,
        -2.200898 0.843741 0.374016,
        -2.122800 0.920130 0.374016,
        -2.118627 0.915469 0.382170,
        -2.113189 0.909393 0.388426,
        -2.106856 0.902318 0.392359,
        -2.023949 0.970167 0.392359,
        -2.029631 0.977774 0.388426,
        -2.034511 0.984306 0.382170,
        -2.038256 0.989319 0.374016,
        -1.949994 1.054110 0.364520,
        -1.947928 1.050764 0.374016,
        -1.944641 1.045440 0.382170,
        -1.940357 1.038502 0.388426,
        -1.935370 1.030422 0.392359,
        -1.650617 1.187931 0.364520,
        -1.649502 1.184159 0.374016,
        -1.647727 1.178160 0.382170,
        -1.645414 1.170341 0.388426,
        -1.642720 1.161235 0.392359,
        -1.326531 1.234581 0.374016,
        -1.326393 1.228326 0.382170,
        -1.326212 1.220174 0.388426,
        -1.326002 1.210681 0.392359,
        -1.217051 1.236088 0.364520,
        -1.217311 1.232164 0.374016,
        -1.217726 1.225921 0.382170,
        -1.218267 1.217785 0.388426,
        -1.218897 1.208311 0.392359,
        -1.112420 1.196484 0.392359,
        -1.110956 1.205866 0.388426,
        -1.109698 1.213922 0.382170,
        -1.108733 1.220104 0.374016,
        -1.007406 1.175293 0.392359,
        -1.005118 1.184509 0.388426,
        -1.003154 1.192422 0.382170,
        -1.001646 1.198495 0.374016,
        -0.895606 1.171224 0.364520,
        -0.896887 1.167506 0.374016,
        -0.898926 1.161591 0.382170,
        -0.901582 1.153881 0.388426,
        -0.904676 1.144904 0.392359,
        -0.602441 1.024293 0.364520,
        -0.604654 1.021041 0.374016,
        -0.608172 1.015867 0.382170,
        -0.612759 1.009126 0.388426,
        -0.618099 1.001274 0.392359,
        -0.379249 0.787485 0.392359,
        -0.372035 0.793659 0.388426,
        -0.365841 0.798962 0.382170,
        -0.361088 0.803030 0.374016,
        -0.290585 0.719260 0.364520,
        -0.293787 0.716977 0.374016,
        -0.298881 0.713344 0.382170,
        -0.305520 0.708610 0.388426,
        -0.313251 0.703097 0.392359,
        -0.254969 0.613206 0.392359,
        -0.246781 0.618014 0.388426,
        -0.239750 0.622143 0.382170,
        -0.234355 0.625311 0.374016,
        -0.204861 0.518516 0.392359,
        -0.196280 0.522582 0.388426,
        -0.188911 0.526073 0.382170,
        -0.183257 0.528752 0.374016,
        -0.137204 0.429418 0.364520,
        -0.140893 0.428055 0.374016,
        -0.146761 0.425886 0.382170,
        -0.154410 0.423059 0.388426,
        -0.163317 0.419768 0.392359,
        -0.065244 0.109487 0.364520,
        -0.069162 0.109139 0.374016,
        -0.075394 0.108586 0.382170,
        -0.083516 0.107865 0.388426,
        -0.092974 0.107026 0.392359,
        -2.518676 0.218117 0.816582,
        -2.418722 0.530436 0.816582,
        -2.367461 0.627303 0.816582,
        -2.240325 0.805588 0.816582,
        -2.165444 0.885611 0.816582,
        -1.902730 1.081865 0.816582,
        -1.597728 1.202312 0.816582,
        -1.490298 1.223990 0.816582,
        -1.271807 1.238513 0.816582,
        -1.162455 1.231244 0.816582,
        -0.844194 1.152225 0.816582,
        -0.557815 0.992469 0.816582,
        -0.473002 0.923061 0.816582,
        -0.394655 0.846428 0.816582,
        -0.259757 0.673941 0.816582,
        -0.119346 0.377598 0.816582,
        -0.090591 0.271844 0.816582,
        -0.061609 0.054797 0.816582,
        -0.061609 -0.054797 0.816582,
        -0.119346 -0.377598 0.816582,
        -0.259757 -0.673941 0.816582,
        -0.323387 -0.763171 0.816582,
        -0.473002 -0.923061 0.816582,
        -0.557815 -0.992469 0.816582,
        -0.844194 -1.152225 0.816582,
        -0.947808 -1.187931 0.816582,
        -1.162455 -1.231244 0.816582,
        -1.271807 -1.238513 0.816582,
        -1.381374 -1.236088 0.816582,
        -1.597728 -1.202312 0.816582,
        -1.902730 -1.081865 0.816582,
        -1.995984 -1.024293 0.816582,
        -2.165444 -0.885611 0.816582,
        -2.240325 -0.805588 0.816582,
        -2.418722 -0.530436 0.816582,
        -2.518676 -0.218117 0.816582,
        -2.533181 -0.109487 0.816582,
        -2.435109 -0.419768 0.788743,
        -2.393565 -0.518516 0.788743,
        -2.444015 -0.423059 0.792676,
        -2.402146 -0.522582 0.792676,
        -2.451664 -0.425886 0.798933,
        -2.409514 -0.526073 0.798933,
        -2.457532 -0.428055 0.807087,
        -2.415168 -0.528752 0.807087,
        -2.461222 -0.429418 0.816582,
        -2.285174 -0.703097 0.788743,
        -2.219176 -0.787485 0.788743,
        -2.292905 -0.708610 0.792676,
        -2.226390 -0.793659 0.792676,
        -2.299544 -0.713344 0.798933,
        -2.232584 -0.798962 0.798933,
        -2.304638 -0.716977 0.807087,
        -2.237337 -0.803030 0.807087,
        -2.307840 -0.719260 0.816582,
        -1.693750 -1.144904 0.788743,
        -1.591019 -1.175293 0.788743,
        -1.696843 -1.153881 0.792676,
        -1.593307 -1.184509 0.792676,
        -1.699500 -1.161591 0.798933,
        -1.595272 -1.192422 0.798933,
        -1.701538 -1.167506 0.807087,
        -1.596780 -1.198495 0.807087,
        -1.702819 -1.171224 0.816582,
        -0.663056 -1.030422 0.788743,
        -0.574476 -0.970167 0.788743,
        -0.658068 -1.038502 0.792676,
        -0.568794 -0.977774 0.792676,
        -0.653784 -1.045440 0.798933,
        -0.563914 -0.984306 0.798933,
        -0.650498 -1.050764 0.807087,
        -0.560169 -0.989319 0.807087,
        -0.648431 -1.054110 0.816582,
        -0.182996 -0.469602 0.788743,
        -0.145860 -0.369113 0.788743,
        -0.174244 -0.473284 0.792676,
        -0.136817 -0.372007 0.792676,
        -0.166728 -0.476446 0.798933,
        -0.129051 -0.374493 0.798933,
        -0.160961 -0.478872 0.807087,
        -0.123092 -0.376400 0.807087,
        -0.157335 -0.480397 0.816582,
        -0.098889 -0.160278 0.788743,
        -0.089421 -0.053566 0.788743,
        -0.089477 -0.161534 0.792676,
        -0.079935 -0.053985 0.792676,
        -0.081395 -0.162613 0.798933,
        -0.071789 -0.054346 0.798933,
        -0.075194 -0.163441 0.807087,
        -0.065538 -0.054623 0.807087,
        -0.071295 -0.163962 0.816582,
        -0.228867 0.566415 0.788743,
        -0.283116 0.658796 0.788743,
        -0.220475 0.570857 0.792676,
        -0.275148 0.663962 0.792676,
        -0.213268 0.574670 0.798933,
        -0.268307 0.668398 0.798933,
        -0.207738 0.577597 0.807087,
        -0.263057 0.671802 0.807087,
        -0.204261 0.579437 0.816582,
        -0.756614 1.082614 0.788743,
        -0.854419 1.126332 0.788743,
        -0.752359 1.091102 0.792676,
        -0.850931 1.135164 0.792676,
        -0.748706 1.098392 0.798933,
        -0.847936 1.142748 0.798933,
        -0.745903 1.103985 0.807087,
        -0.845638 1.148567 0.807087,
        -0.744140 1.107502 0.816582,
        -1.059679 1.187051 0.788743,
        -1.165528 1.203576 0.788743,
        -1.057801 1.196358 0.792676,
        -1.164480 1.213013 0.792676,
        -1.056188 1.204351 0.798933,
        -1.163580 1.221117 0.798933,
        -1.054950 1.210484 0.807087,
        -1.162889 1.227335 0.807087,
        -1.054172 1.214339 0.816582,
        -1.793393 1.105555 0.788743,
        -1.889168 1.057553 0.788743,
        -1.797267 1.114224 0.792676,
        -1.893794 1.065845 0.792676,
        -1.800595 1.121668 0.798933,
        -1.897766 1.072966 0.798933,
        -1.803148 1.127380 0.807087,
        -1.900814 1.078430 0.807087,
        -1.804753 1.130970 0.816582,
        -2.066153 0.937159 0.788743,
        -2.145978 0.865710 0.788743,
        -2.072167 0.944508 0.792676,
        -2.152618 0.872498 0.792676,
        -2.077331 0.950818 0.798933,
        -2.158319 0.878327 0.798933,
        -2.081293 0.955660 0.807087,
        -2.162694 0.882800 0.807087,
        -2.083784 0.958704 0.816582,
        -2.467763 0.317735 0.788743,
        -2.491272 0.213215 0.788743,
        -2.476926 0.320226 0.792676,
        -2.500619 0.214887 0.792676,
        -2.484794 0.322366 0.798933,
        -2.508645 0.216322 0.798933,
        -2.490831 0.324007 0.807087,
        -2.514804 0.217424 0.807087,
        -2.494626 0.325039 0.816582,
        -2.510190 -0.000000 0.788743,
        -2.505451 -0.107026 0.788743,
        -2.519685 -0.000000 0.792676,
        -2.514909 -0.107865 0.792676,
        -2.527839 -0.000000 0.798933,
        -2.523031 -0.108586 0.798933,
        -2.534096 -0.000000 0.807087,
        -2.529263 -0.109139 0.807087,
        -2.538028 -0.000000 0.816582,
        -2.491272 -0.213215 0.788743,
        -2.500619 -0.214887 0.792676,
        -2.508645 -0.216322 0.798933,
        -2.514804 -0.217424 0.807087,
        -2.494626 -0.325039 0.816582,
        -2.490831 -0.324007 0.807087,
        -2.484794 -0.322366 0.798933,
        -2.476926 -0.320226 0.792676,
        -2.467763 -0.317735 0.788743,
        -2.367461 -0.627303 0.816582,
        -2.364070 -0.625311 0.807087,
        -2.358675 -0.622143 0.798933,
        -2.351644 -0.618014 0.792676,
        -2.343456 -0.613206 0.788743,
        -2.162694 -0.882800 0.807087,
        -2.158319 -0.878327 0.798933,
        -2.152618 -0.872498 0.792676,
        -2.145978 -0.865710 0.788743,
        -2.083784 -0.958704 0.816582,
        -2.081293 -0.955660 0.807087,
        -2.077331 -0.950818 0.798933,
        -2.072167 -0.944508 0.792676,
        -2.066153 -0.937159 0.788743,
        -1.980326 -1.001274 0.788743,
        -1.985667 -1.009126 0.792676,
        -1.990252 -1.015867 0.798933,
        -1.993771 -1.021041 0.807087,
        -1.889168 -1.057553 0.788743,
        -1.893794 -1.065845 0.792676,
        -1.897766 -1.072966 0.798933,
        -1.900814 -1.078430 0.807087,
        -1.804753 -1.130970 0.816582,
        -1.803148 -1.127380 0.807087,
        -1.800595 -1.121668 0.798933,
        -1.797267 -1.114224 0.792676,
        -1.793393 -1.105555 0.788743,
        -1.490298 -1.223990 0.816582,
        -1.489692 -1.220104 0.807087,
        -1.488727 -1.213922 0.798933,
        -1.487469 -1.205866 0.792676,
        -1.486004 -1.196484 0.788743,
        -1.379528 -1.208311 0.788743,
        -1.380158 -1.217785 0.792676,
        -1.380699 -1.225921 0.798933,
        -1.381114 -1.232164 0.807087,
        -1.271894 -1.234581 0.807087,
        -1.272033 -1.228326 0.798933,
        -1.272213 -1.220174 0.792676,
        -1.272423 -1.210681 0.788743,
        -1.165528 -1.203576 0.788743,
        -1.164480 -1.213013 0.792676,
        -1.163580 -1.221117 0.798933,
        -1.162889 -1.227335 0.807087,
        -1.054172 -1.214339 0.816582,
        -1.054950 -1.210484 0.807087,
        -1.056188 -1.204351 0.798933,
        -1.057801 -1.196358 0.792676,
        -1.059679 -1.187051 0.788743,
        -0.955705 -1.161235 0.788743,
        -0.953011 -1.170341 0.792676,
        -0.950698 -1.178160 0.798933,
        -0.948924 -1.184159 0.807087,
        -0.854419 -1.126332 0.788743,
        -0.850931 -1.135164 0.792676,
        -0.847936 -1.142748 0.798933,
        -0.845638 -1.148567 0.807087,
        -0.744140 -1.107502 0.816582,
        -0.745903 -1.103985 0.807087,
        -0.748706 -1.098392 0.798933,
        -0.752359 -1.091102 0.792676,
        -0.756614 -1.082614 0.788743,
        -0.475625 -0.920130 0.807087,
        -0.479798 -0.915469 0.798933,
        -0.485236 -0.909393 0.792676,
        -0.491569 -0.902318 0.788743,
        -0.394655 -0.846428 0.816582,
        -0.397527 -0.843741 0.807087,
        -0.402095 -0.839466 0.798933,
        -0.408049 -0.833895 0.792676,
        -0.414982 -0.827407 0.788743,
        -0.345316 -0.746021 0.788743,
        -0.337837 -0.751870 0.792676,
        -0.331414 -0.756894 0.798933,
        -0.326485 -0.760748 0.807087,
        -0.283116 -0.658796 0.788743,
        -0.275148 -0.663962 0.792676,
        -0.268307 -0.668398 0.798933,
        -0.263057 -0.671802 0.807087,
        -0.204261 -0.579437 0.816582,
        -0.207738 -0.577597 0.807087,
        -0.213268 -0.574670 0.798933,
        -0.220475 -0.570857 0.792676,
        -0.228867 -0.566415 0.788743,
        -0.090591 -0.271844 0.816582,
        -0.094428 -0.270981 0.807087,
        -0.100532 -0.269608 0.798933,
        -0.108487 -0.267819 0.792676,
        -0.117752 -0.265735 0.788743,
        -0.065538 0.054623 0.807087,
        -0.071789 0.054346 0.798933,
        -0.079935 0.053985 0.792676,
        -0.089421 0.053566 0.788743,
        -0.071295 0.163962 0.816582,
        -0.075194 0.163441 0.807087,
        -0.081395 0.162613 0.798933,
        -0.089477 0.161534 0.792676,
        -0.098889 0.160278 0.788743,
        -0.117752 0.265735 0.788743,
        -0.108487 0.267819 0.792676,
        -0.100532 0.269608 0.798933,
        -0.094428 0.270981 0.807087,
        -0.145860 0.369113 0.788743,
        -0.136817 0.372007 0.792676,
        -0.129051 0.374493 0.798933,
        -0.123092 0.376400 0.807087,
        -0.157335 0.480397 0.816582,
        -0.160961 0.478872 0.807087,
        -0.166728 0.476446 0.798933,
        -0.174244 0.473284 0.792676,
        -0.182996 0.469602 0.788743,
        -0.323387 0.763171 0.816582,
        -0.326485 0.760748 0.807087,
        -0.331414 0.756894 0.798933,
        -0.337837 0.751870 0.792676,
        -0.345316 0.746021 0.788743,
        -0.414982 0.827407 0.788743,
        -0.408049 0.833895 0.792676,
        -0.402095 0.839466 0.798933,
        -0.397527 0.843741 0.807087,
        -0.475625 0.920130 0.807087,
        -0.479798 0.915469 0.798933,
        -0.485236 0.909393 0.792676,
        -0.491569 0.902318 0.788743,
        -0.574476 0.970167 0.788743,
        -0.568794 0.977774 0.792676,
        -0.563914 0.984306 0.798933,
        -0.560169 0.989319 0.807087,
        -0.648431 1.054110 0.816582,
        -0.650498 1.050764 0.807087,
        -0.653784 1.045440 0.798933,
        -0.658068 1.038502 0.792676,
        -0.663056 1.030422 0.788743,
        -0.947808 1.187931 0.816582,
        -0.948924 1.184159 0.807087,
        -0.950698 1.178160 0.798933,
        -0.953011 1.170341 0.792676,
        -0.955705 1.161235 0.788743,
        -1.271894 1.234581 0.807087,
        -1.272033 1.228326 0.798933,
        -1.272213 1.220174 0.792676,
        -1.272423 1.210681 0.788743,
        -1.381374 1.236088 0.816582,
        -1.381114 1.232164 0.807087,
        -1.380699 1.225921 0.798933,
        -1.380158 1.217785 0.792676,
        -1.379528 1.208311 0.788743,
        -1.486004 1.196484 0.788743,
        -1.487469 1.205866 0.792676,
        -1.488727 1.213922 0.798933,
        -1.489692 1.220104 0.807087,
        -1.591019 1.175293 0.788743,
        -1.593307 1.184509 0.792676,
        -1.595272 1.192422 0.798933,
        -1.596780 1.198495 0.807087,
        -1.702819 1.171224 0.816582,
        -1.701538 1.167506 0.807087,
        -1.699500 1.161591 0.798933,
        -1.696843 1.153881 0.792676,
        -1.693750 1.144904 0.788743,
        -1.995984 1.024293 0.816582,
        -1.993771 1.021041 0.807087,
        -1.990252 1.015867 0.798933,
        -1.985667 1.009126 0.792676,
        -1.980326 1.001274 0.788743,
        -2.219176 0.787485 0.788743,
        -2.226390 0.793659 0.792676,
        -2.232584 0.798962 0.798933,
        -2.237337 0.803030 0.807087,
        -2.307840 0.719260 0.816582,
        -2.304638 0.716977 0.807087,
        -2.299544 0.713344 0.798933,
        -2.292905 0.708610 0.792676,
        -2.285174 0.703097 0.788743,
        -2.343456 0.613206 0.788743,
        -2.351644 0.618014 0.792676,
        -2.358675 0.622143 0.798933,
        -2.364070 0.625311 0.807087,
        -2.393565 0.518516 0.788743,
        -2.402146 0.522582 0.792676,
        -2.409514 0.526073 0.798933,
        -2.415168 0.528752 0.807087,
        -2.461222 0.429418 0.816582,
        -2.457532 0.428055 0.807087,
        -2.451664 0.425886 0.798933,
        -2.444015 0.423059 0.792676,
        -2.435109 0.419768 0.788743,
        -2.533181 0.109487 0.816582,
        -2.529263 0.109139 0.807087,
        -2.523031 0.108586 0.798933,
        -2.514909 0.107865 0.792676,
        -2.505451 0.107026 0.788743,
        -0.106388 -0.324335 0.284391,
        -0.082391 -0.217644 0.284391,
        -0.139720 -0.428488 0.284391,
        -0.182127 -0.529287 0.284391,
        -0.233277 -0.625944 0.284391,
        -0.292769 -0.717702 0.284391,
        -0.360138 -0.803843 0.284391,
        -0.434857 -0.883693 0.284391,
        -0.516340 -0.956627 0.284391,
        -0.603950 -1.022074 0.284391,
        -0.697002 -1.079522 0.284391,
        -0.794767 -1.128521 0.284391,
        -0.896480 -1.168688 0.284391,
        -1.001344 -1.199708 0.284391,
        -1.108541 -1.221339 0.284391,
        -1.217229 -1.233411 0.284391,
        -1.326558 -1.235830 0.284391,
        -1.435674 -1.228578 0.284391,
        -1.543722 -1.211709 0.284391,
        -1.649856 -1.185358 0.284391,
        -1.753246 -1.149730 0.284391,
        -1.853083 -1.105103 0.284391,
        -1.948584 -1.051828 0.284391,
        -2.039004 -0.990320 0.284391,
        -2.123634 -0.921062 0.284391,
        -2.201811 -0.844595 0.284391,
        -2.272924 -0.761518 0.284391,
        -2.336417 -0.672481 0.284391,
        -2.391793 -0.578182 0.284391,
        -2.438617 -0.479357 0.284391,
        -2.476524 -0.376780 0.284391,
        -2.505217 -0.271255 0.284391,
        -2.524471 -0.163607 0.284391,
        -2.534136 -0.054678 0.284391,
        -2.534136 0.054678 0.284391,
        -2.524471 0.163607 0.284391,
        -2.505217 0.271255 0.284391,
        -2.476524 0.376780 0.284391,
        -2.438617 0.479357 0.284391,
        -2.391793 0.578182 0.284391,
        -2.336417 0.672481 0.284391,
        -2.272924 0.761518 0.284391,
        -2.201811 0.844595 0.284391,
        -2.123634 0.921062 0.284391,
        -2.039004 0.990320 0.284391,
        -1.948584 1.051828 0.284391,
        -1.853083 1.105103 0.284391,
        -1.753246 1.149730 0.284391,
        -1.649856 1.185358 0.284391,
        -1.543722 1.211709 0.284391,
        -1.435674 1.228578 0.284391,
        -1.326558 1.235830 0.284391,
        -1.217229 1.233411 0.284391,
        -1.108541 1.221339 0.284391,
        -1.001344 1.199708 0.284391,
        -0.896480 1.168688 0.284391,
        -0.794767 1.128521 0.284391,
        -0.697002 1.079522 0.284391,
        -0.603950 1.022074 0.284391,
        -0.516340 0.956627 0.284391,
        -0.434857 0.883693 0.284391,
        -0.360138 0.803843 0.284391,
        -0.292769 0.717702 0.284391,
        -0.233277 0.625944 0.284391,
        -0.182127 0.529287 0.284391,
        -0.139720 0.428488 0.284391,
        -0.106388 0.324335 0.284391,
        -0.082391 0.217644 0.284391,
        -0.067917 0.109250 0.284391,
        -0.063080 -0.000000 0.284391,
        -0.067917 -0.109250 0.284391,
        -0.079670 0.108207 0.255906,
        -0.094006 0.215567 0.255906,
        -0.117774 0.321239 0.255906,
        -0.150788 0.424398 0.255906,
        -0.192790 0.524235 0.255906,
        -0.243452 0.619969 0.255906,
        -0.302376 0.710852 0.255906,
        -0.369102 0.796170 0.255906,
        -0.443107 0.875258 0.255906,
        -0.523813 0.947496 0.255906,
        -0.610587 1.012318 0.255906,
        -0.702750 1.069217 0.255906,
        -0.799582 1.117749 0.255906,
        -0.900324 1.157532 0.255906,
        -1.004188 1.188256 0.255906,
        -1.110361 1.209681 0.255906,
        -1.218011 1.221638 0.255906,
        -1.326297 1.224034 0.255906,
        -1.434372 1.216850 0.255906,
        -1.541388 1.200143 0.255906,
        -1.646509 1.174043 0.255906,
        -1.748912 1.138755 0.255906,
        -1.847796 1.094554 0.255906,
        -1.942386 1.041787 0.255906,
        -2.031943 0.980867 0.255906,
        -2.115765 0.912270 0.255906,
        -2.193195 0.836533 0.255906,
        -2.263630 0.754249 0.255906,
        -2.326517 0.666063 0.255906,
        -2.381363 0.572663 0.255906,
        -2.427741 0.474781 0.255906,
        -2.465286 0.373184 0.255906,
        -2.493705 0.268666 0.255906,
        -2.512775 0.162045 0.255906,
        -2.522348 0.054156 0.255906,
        -2.522348 -0.054156 0.255906,
        -2.512775 -0.162045 0.255906,
        -2.493705 -0.268666 0.255906,
        -2.465286 -0.373184 0.255906,
        -2.427741 -0.474781 0.255906,
        -2.381363 -0.572663 0.255906,
        -2.326517 -0.666063 0.255906,
        -2.263630 -0.754249 0.255906,
        -2.193195 -0.836533 0.255906,
        -2.115765 -0.912270 0.255906,
        -2.031943 -0.980867 0.255906,
        -1.942386 -1.041787 0.255906,
        -1.847796 -1.094554 0.255906,
        -1.748912 -1.138755 0.255906,
        -1.646509 -1.174043 0.255906,
        -1.541388 -1.200143 0.255906,
        -1.434372 -1.216850 0.255906,
        -1.326297 -1.224034 0.255906,
        -1.218011 -1.221638 0.255906,
        -1.110361 -1.209681 0.255906,
        -1.004188 -1.188256 0.255906,
        -0.900324 -1.157532 0.255906,
        -0.799582 -1.117749 0.255906,
        -0.702750 -1.069217 0.255906,
        -0.610587 -1.012318 0.255906,
        -0.523813 -0.947496 0.255906,
        -0.443107 -0.875258 0.255906,
        -0.369102 -0.796170 0.255906,
        -0.302376 -0.710852 0.255906,
        -0.243452 -0.619969 0.255906,
        -0.192790 -0.524235 0.255906,
        -0.150788 -0.424398 0.255906,
        -0.117774 -0.321239 0.255906,
        -0.094006 -0.215567 0.255906,
        -0.079670 -0.108207 0.255906,
        -0.074879 -0.000000 0.255906,
        -0.098367 0.106548 0.231444,
        -0.112482 0.212262 0.231444,
        -0.135886 0.316315 0.231444,
        -0.168394 0.417892 0.231444,
        -0.209752 0.516198 0.231444,
        -0.259637 0.610465 0.231444,
        -0.317658 0.699954 0.231444,
        -0.383361 0.783965 0.231444,
        -0.456232 0.861840 0.231444,
        -0.535700 0.932970 0.231444,
        -0.621144 0.996798 0.231444,
        -0.711894 1.052826 0.231444,
        -0.807242 1.100613 0.231444,
        -0.906439 1.139787 0.231444,
        -1.008711 1.170040 0.231444,
        -1.113256 1.191136 0.231444,
        -1.219256 1.202909 0.231444,
        -1.325882 1.205269 0.231444,
        -1.432300 1.198195 0.231444,
        -1.537676 1.181744 0.231444,
        -1.641185 1.156044 0.231444,
        -1.742018 1.121297 0.231444,
        -1.839386 1.077774 0.231444,
        -1.932526 1.025816 0.231444,
        -2.020709 0.965830 0.231444,
        -2.103246 0.898284 0.231444,
        -2.179490 0.823709 0.231444,
        -2.248845 0.742686 0.231444,
        -2.310767 0.655851 0.231444,
        -2.364773 0.563883 0.231444,
        -2.410440 0.467502 0.231444,
        -2.447409 0.367463 0.231444,
        -2.475393 0.264547 0.231444,
        -2.494170 0.159561 0.231444,
        -2.503596 0.053326 0.231444,
        -2.503596 -0.053326 0.231444,
        -2.494170 -0.159561 0.231444,
        -2.475393 -0.264547 0.231444,
        -2.447409 -0.367463 0.231444,
        -2.410440 -0.467502 0.231444,
        -2.364773 -0.563883 0.231444,
        -2.310767 -0.655851 0.231444,
        -2.248845 -0.742686 0.231444,
        -2.179490 -0.823709 0.231444,
        -2.103246 -0.898284 0.231444,
        -2.020709 -0.965830 0.231444,
        -1.932526 -1.025816 0.231444,
        -1.839386 -1.077774 0.231444,
        -1.742018 -1.121297 0.231444,
        -1.641185 -1.156044 0.231444,
        -1.537676 -1.181744 0.231444,
        -1.432300 -1.198195 0.231444,
        -1.325882 -1.205269 0.231444,
        -1.219256 -1.202909 0.231444,
        -1.113256 -1.191136 0.231444,
        -1.008711 -1.170040 0.231444,
        -0.906439 -1.139787 0.231444,
        -0.807242 -1.100613 0.231444,
        -0.711894 -1.052826 0.231444,
        -0.621144 -0.996798 0.231444,
        -0.535700 -0.932970 0.231444,
        -0.456232 -0.861840 0.231444,
        -0.383361 -0.783965 0.231444,
        -0.317658 -0.699954 0.231444,
        -0.259637 -0.610465 0.231444,
        -0.209752 -0.516198 0.231444,
        -0.168394 -0.417892 0.231444,
        -0.135886 -0.316315 0.231444,
        -0.112482 -0.212262 0.231444,
        -0.098367 -0.106548 0.231444,
        -0.093649 -0.000000 0.231444,
        -0.122732 0.104386 0.212674,
        -0.136561 0.207955 0.212674,
        -0.159490 0.309896 0.212674,
        -0.191339 0.409413 0.212674,
        -0.231858 0.505724 0.212674,
        -0.280731 0.598078 0.212674,
        -0.337574 0.685752 0.212674,
        -0.401944 0.768057 0.212674,
        -0.473337 0.844353 0.212674,
        -0.551193 0.914040 0.212674,
        -0.634902 0.976573 0.212674,
        -0.723812 1.031463 0.212674,
        -0.817224 1.078281 0.212674,
        -0.914409 1.116660 0.212674,
        -1.014605 1.146299 0.212674,
        -1.117029 1.166967 0.212674,
        -1.220878 1.178502 0.212674,
        -1.325341 1.180813 0.212674,
        -1.429599 1.173883 0.212674,
        -1.532837 1.157766 0.212674,
        -1.634246 1.132588 0.212674,
        -1.733033 1.098546 0.212674,
        -1.828425 1.055906 0.212674,
        -1.919676 1.005002 0.212674,
        -2.006070 0.946232 0.212674,
        -2.086932 0.880057 0.212674,
        -2.161629 0.806995 0.212674,
        -2.229576 0.727617 0.212674,
        -2.290243 0.642544 0.212674,
        -2.343153 0.552442 0.212674,
        -2.387892 0.458017 0.212674,
        -2.424112 0.360007 0.212674,
        -2.451527 0.259180 0.212674,
        -2.469924 0.156324 0.212674,
        -2.479159 0.052244 0.212674,
        -2.479159 -0.052244 0.212674,
        -2.469924 -0.156324 0.212674,
        -2.451527 -0.259180 0.212674,
        -2.424112 -0.360007 0.212674,
        -2.387892 -0.458017 0.212674,
        -2.343153 -0.552442 0.212674,
        -2.290243 -0.642544 0.212674,
        -2.229576 -0.727617 0.212674,
        -2.161629 -0.806995 0.212674,
        -2.086932 -0.880057 0.212674,
        -2.006070 -0.946232 0.212674,
        -1.919676 -1.005002 0.212674,
        -1.828425 -1.055906 0.212674,
        -1.733033 -1.098546 0.212674,
        -1.634246 -1.132588 0.212674,
        -1.532837 -1.157766 0.212674,
        -1.429599 -1.173883 0.212674,
        -1.325341 -1.180813 0.212674,
        -1.220878 -1.178502 0.212674,
        -1.117029 -1.166967 0.212674,
        -1.014605 -1.146299 0.212674,
        -0.914409 -1.116660 0.212674,
        -0.817224 -1.078281 0.212674,
        -0.723812 -1.031463 0.212674,
        -0.634902 -0.976573 0.212674,
        -0.551193 -0.914040 0.212674,
        -0.473337 -0.844353 0.212674,
        -0.401944 -0.768057 0.212674,
        -0.337574 -0.685752 0.212674,
        -0.280731 -0.598078 0.212674,
        -0.231858 -0.505724 0.212674,
        -0.191339 -0.409413 0.212674,
        -0.159490 -0.309896 0.212674,
        -0.136561 -0.207955 0.212674,
        -0.122732 -0.104386 0.212674,
        -0.118110 -0.000000 0.212674,
        -0.151107 0.101869 0.200875,
        -0.164602 0.202939 0.200875,
        -0.186978 0.302422 0.200875,
        -0.218059 0.399538 0.200875,
        -0.257601 0.493527 0.200875,
        -0.305294 0.583654 0.200875,
        -0.360767 0.669213 0.200875,
        -0.423585 0.749533 0.200875,
        -0.493255 0.823989 0.200875,
        -0.569233 0.891995 0.200875,
        -0.650924 0.953020 0.200875,
        -0.737689 1.006586 0.200875,
        -0.828849 1.052275 0.200875,
        -0.923689 1.089728 0.200875,
        -1.021469 1.118652 0.200875,
        -1.121423 1.138822 0.200875,
        -1.222768 1.150079 0.200875,
        -1.324711 1.152334 0.200875,
        -1.426454 1.145572 0.200875,
        -1.527202 1.129843 0.200875,
        -1.626166 1.105272 0.200875,
        -1.722570 1.072051 0.200875,
        -1.815662 1.030439 0.200875,
        -1.904711 0.980763 0.200875,
        -1.989022 0.923411 0.200875,
        -2.067933 0.858832 0.200875,
        -2.140829 0.787532 0.200875,
        -2.207138 0.710068 0.200875,
        -2.266341 0.627047 0.200875,
        -2.317975 0.539118 0.200875,
        -2.361635 0.446970 0.200875,
        -2.396981 0.351324 0.200875,
        -2.423735 0.252928 0.200875,
        -2.441689 0.152553 0.200875,
        -2.450701 0.050984 0.200875,
        -2.450701 -0.050984 0.200875,
        -2.441689 -0.152553 0.200875,
        -2.423735 -0.252928 0.200875,
        -2.396981 -0.351324 0.200875,
        -2.361635 -0.446970 0.200875,
        -2.317975 -0.539118 0.200875,
        -2.266341 -0.627047 0.200875,
        -2.207138 -0.710068 0.200875,
        -2.140829 -0.787532 0.200875,
        -2.067933 -0.858832 0.200875,
        -1.989022 -0.923411 0.200875,
        -1.904711 -0.980763 0.200875,
        -1.815662 -1.030439 0.200875,
        -1.722570 -1.072051 0.200875,
        -1.626166 -1.105272 0.200875,
        -1.527202 -1.129843 0.200875,
        -1.426454 -1.145572 0.200875,
        -1.324711 -1.152334 0.200875,
        -1.222768 -1.150079 0.200875,
        -1.121423 -1.138822 0.200875,
        -1.021469 -1.118652 0.200875,
        -0.923689 -1.089728 0.200875,
        -0.828849 -1.052275 0.200875,
        -0.737689 -1.006586 0.200875,
        -0.650924 -0.953020 0.200875,
        -0.569233 -0.891995 0.200875,
        -0.493255 -0.823989 0.200875,
        -0.423585 -0.749533 0.200875,
        -0.360767 -0.669213 0.200875,
        -0.305294 -0.583654 0.200875,
        -0.257601 -0.493527 0.200875,
        -0.218059 -0.399538 0.200875,
        -0.186978 -0.302422 0.200875,
        -0.164602 -0.202939 0.200875,
        -0.151107 -0.101869 0.200875,
        -0.146596 -0.000000 0.200875,
      ]
    }
    coordIndex [
      92, 93, 94, -1,
      94, 93, 95, -1,
      94, 95, 96, -1,
      96, 95, 97, -1,
      96, 97, 98, -1,
      98, 97, 99, -1,
      98, 99, 100, -1,
      100, 99, 101, -1,
      100, 101, 102, -1,
      103, 104, 105, -1,
      105, 104, 106, -1,
      105, 106, 107, -1,
      107, 106, 108, -1,
      107, 108, 109, -1,
      109, 108, 110, -1,
      109, 110, 111, -1,
      111, 110, 92, -1,
      111, 92, 112, -1,
      112, 92, 94, -1,
      105, 113, 103, -1,
      103, 113, 114, -1,
      103, 114, 115, -1,
      115, 114, 116, -1,
      115, 116, 117, -1,
      117, 116, 118, -1,
      117, 118, 119, -1,
      119, 118, 120, -1,
      119, 120, 121, -1,
      121, 120, 122, -1,
      122, 120, 123, -1,
      122, 123, 124, -1,
      124, 123, 125, -1,
      124, 125, 126, -1,
      127, 128, 129, -1,
      129, 128, 130, -1,
      129, 130, 131, -1,
      131, 130, 132, -1,
      131, 132, 133, -1,
      133, 132, 134, -1,
      133, 134, 135, -1,
      135, 134, 126, -1,
      135, 126, 136, -1,
      136, 126, 125, -1,
      137, 138, 139, -1,
      139, 138, 140, -1,
      139, 140, 141, -1,
      141, 140, 142, -1,
      141, 142, 143, -1,
      143, 142, 144, -1,
      143, 144, 145, -1,
      145, 144, 127, -1,
      145, 127, 146, -1,
      146, 127, 129, -1,
      139, 147, 137, -1,
      137, 147, 148, -1,
      137, 148, 149, -1,
      149, 148, 150, -1,
      149, 150, 151, -1,
      151, 150, 152, -1,
      151, 152, 153, -1,
      153, 152, 154, -1,
      153, 154, 155, -1,
      155, 154, 156, -1,
      156, 154, 157, -1,
      156, 157, 158, -1,
      158, 157, 159, -1,
      158, 159, 160, -1,
      29, 161, 30, -1,
      30, 161, 162, -1,
      30, 162, 91, -1,
      91, 162, 163, -1,
      91, 163, 90, -1,
      159, 164, 160, -1,
      160, 164, 165, -1,
      160, 165, 166, -1,
      166, 165, 161, -1,
      166, 161, 167, -1,
      167, 161, 29, -1,
      163, 168, 90, -1,
      90, 168, 169, -1,
      90, 169, 0, -1,
      0, 169, 170, -1,
      0, 170, 1, -1,
      1, 170, 171, -1,
      72, 172, 173, -1,
      72, 173, 22, -1,
      72, 73, 172, -1,
      172, 73, 74, -1,
      172, 74, 174, -1,
      174, 74, 21, -1,
      174, 21, 175, -1,
      175, 21, 20, -1,
      175, 20, 176, -1,
      176, 20, 75, -1,
      176, 75, 177, -1,
      177, 75, 76, -1,
      177, 76, 178, -1,
      178, 76, 77, -1,
      178, 77, 179, -1,
      179, 77, 19, -1,
      179, 19, 180, -1,
      180, 19, 18, -1,
      180, 18, 181, -1,
      181, 18, 78, -1,
      181, 78, 182, -1,
      182, 78, 17, -1,
      182, 17, 183, -1,
      183, 17, 16, -1,
      183, 16, 184, -1,
      184, 16, 15, -1,
      184, 15, 185, -1,
      185, 15, 14, -1,
      185, 14, 186, -1,
      186, 14, 79, -1,
      186, 79, 187, -1,
      187, 79, 13, -1,
      187, 13, 188, -1,
      188, 13, 12, -1,
      188, 12, 189, -1,
      189, 12, 80, -1,
      189, 80, 190, -1,
      190, 80, 81, -1,
      190, 81, 191, -1,
      191, 81, 11, -1,
      191, 11, 192, -1,
      192, 11, 10, -1,
      192, 10, 193, -1,
      193, 10, 82, -1,
      193, 82, 194, -1,
      194, 82, 83, -1,
      194, 83, 195, -1,
      195, 83, 84, -1,
      195, 84, 196, -1,
      196, 84, 9, -1,
      196, 9, 197, -1,
      197, 9, 8, -1,
      197, 8, 198, -1,
      198, 8, 85, -1,
      198, 85, 199, -1,
      199, 85, 86, -1,
      199, 86, 200, -1,
      200, 86, 87, -1,
      200, 87, 201, -1,
      201, 87, 7, -1,
      201, 7, 202, -1,
      202, 7, 6, -1,
      202, 6, 203, -1,
      203, 6, 88, -1,
      203, 88, 204, -1,
      204, 88, 5, -1,
      204, 5, 205, -1,
      205, 5, 4, -1,
      205, 4, 206, -1,
      206, 4, 3, -1,
      206, 3, 207, -1,
      207, 3, 2, -1,
      207, 2, 171, -1,
      171, 2, 89, -1,
      171, 89, 1, -1,
      208, 24, 209, -1,
      209, 24, 23, -1,
      209, 23, 210, -1,
      210, 23, 22, -1,
      210, 22, 211, -1,
      211, 22, 173, -1,
      212, 213, 214, -1,
      214, 213, 215, -1,
      214, 215, 216, -1,
      216, 215, 217, -1,
      216, 217, 218, -1,
      218, 217, 219, -1,
      218, 219, 220, -1,
      220, 219, 221, -1,
      220, 221, 222, -1,
      222, 221, 223, -1,
      222, 223, 224, -1,
      224, 223, 225, -1,
      224, 225, 226, -1,
      226, 225, 227, -1,
      226, 227, 228, -1,
      228, 227, 229, -1,
      228, 229, 230, -1,
      230, 229, 50, -1,
      230, 50, 208, -1,
      208, 50, 25, -1,
      208, 25, 24, -1,
      101, 231, 102, -1,
      102, 231, 232, -1,
      102, 232, 233, -1,
      233, 232, 234, -1,
      233, 234, 235, -1,
      235, 234, 236, -1,
      235, 236, 237, -1,
      237, 236, 238, -1,
      237, 238, 239, -1,
      239, 238, 240, -1,
      239, 240, 241, -1,
      241, 240, 242, -1,
      241, 242, 243, -1,
      243, 242, 244, -1,
      243, 244, 245, -1,
      245, 244, 246, -1,
      245, 246, 247, -1,
      247, 246, 248, -1,
      247, 248, 249, -1,
      249, 248, 250, -1,
      249, 250, 251, -1,
      251, 250, 252, -1,
      251, 252, 253, -1,
      253, 252, 254, -1,
      253, 254, 255, -1,
      255, 254, 256, -1,
      255, 256, 257, -1,
      257, 256, 258, -1,
      257, 258, 259, -1,
      259, 258, 260, -1,
      259, 260, 261, -1,
      261, 260, 262, -1,
      261, 262, 263, -1,
      263, 262, 264, -1,
      263, 264, 265, -1,
      265, 264, 266, -1,
      265, 266, 267, -1,
      267, 266, 268, -1,
      267, 268, 269, -1,
      269, 268, 270, -1,
      269, 270, 271, -1,
      271, 270, 272, -1,
      271, 272, 273, -1,
      273, 272, 274, -1,
      273, 274, 275, -1,
      275, 274, 276, -1,
      275, 276, 277, -1,
      277, 276, 278, -1,
      277, 278, 279, -1,
      279, 278, 280, -1,
      279, 280, 281, -1,
      281, 280, 282, -1,
      281, 282, 283, -1,
      283, 282, 284, -1,
      283, 284, 285, -1,
      285, 284, 212, -1,
      285, 212, 286, -1,
      286, 212, 214, -1,
      71, 31, 287, -1,
      287, 31, 288, -1,
      289, 287, 290, -1,
      290, 287, 291, -1,
      288, 292, 287, -1,
      287, 292, 293, -1,
      287, 293, 294, -1,
      289, 295, 287, -1,
      287, 295, 296, -1,
      287, 296, 297, -1,
      297, 298, 287, -1,
      287, 298, 299, -1,
      287, 299, 300, -1,
      301, 302, 287, -1,
      287, 302, 303, -1,
      303, 304, 287, -1,
      287, 304, 305, -1,
      287, 305, 306, -1,
      306, 307, 287, -1,
      287, 307, 308, -1,
      287, 308, 309, -1,
      310, 311, 312, -1,
      294, 313, 287, -1,
      287, 313, 314, -1,
      287, 314, 315, -1,
      315, 316, 287, -1,
      287, 316, 317, -1,
      287, 317, 318, -1,
      300, 319, 287, -1,
      287, 319, 320, -1,
      287, 320, 301, -1,
      310, 321, 311, -1,
      311, 321, 322, -1,
      311, 322, 323, -1,
      309, 324, 287, -1,
      287, 324, 310, -1,
      287, 310, 325, -1,
      325, 310, 312, -1,
      318, 326, 287, -1,
      287, 326, 327, -1,
      287, 327, 328, -1,
      328, 329, 287, -1,
      287, 329, 330, -1,
      287, 330, 291, -1,
      227, 225, 331, -1,
      219, 217, 332, -1,
      213, 212, 333, -1,
      284, 282, 334, -1,
      278, 276, 335, -1,
      268, 266, 336, -1,
      260, 258, 337, -1,
      254, 252, 338, -1,
      244, 242, 339, -1,
      234, 232, 340, -1,
      99, 97, 341, -1,
      93, 92, 342, -1,
      104, 103, 343, -1,
      121, 122, 344, -1,
      124, 126, 345, -1,
      134, 132, 346, -1,
      128, 127, 347, -1,
      138, 137, 348, -1,
      155, 156, 349, -1,
      158, 160, 350, -1,
      166, 167, 351, -1,
      50, 229, 51, -1,
      51, 229, 352, -1,
      51, 352, 52, -1,
      47, 48, 353, -1,
      353, 48, 49, -1,
      353, 49, 352, -1,
      352, 49, 53, -1,
      352, 53, 52, -1,
      47, 353, 46, -1,
      46, 353, 354, -1,
      46, 354, 42, -1,
      41, 45, 355, -1,
      355, 45, 44, -1,
      355, 44, 354, -1,
      354, 44, 43, -1,
      354, 43, 42, -1,
      41, 355, 40, -1,
      40, 355, 356, -1,
      40, 356, 36, -1,
      357, 38, 356, -1,
      356, 38, 37, -1,
      356, 37, 36, -1,
      33, 34, 358, -1,
      358, 34, 35, -1,
      358, 35, 357, -1,
      357, 35, 39, -1,
      357, 39, 38, -1,
      33, 358, 32, -1,
      32, 358, 288, -1,
      32, 288, 31, -1,
      359, 68, 67, -1,
      359, 67, 360, -1,
      67, 66, 360, -1,
      360, 66, 69, -1,
      360, 69, 287, -1,
      287, 69, 70, -1,
      287, 70, 71, -1,
      361, 27, 26, -1,
      361, 26, 362, -1,
      26, 65, 362, -1,
      362, 65, 64, -1,
      362, 64, 359, -1,
      359, 64, 63, -1,
      359, 63, 68, -1,
      363, 59, 58, -1,
      363, 58, 361, -1,
      361, 58, 62, -1,
      361, 62, 27, -1,
      364, 61, 363, -1,
      363, 61, 60, -1,
      363, 60, 59, -1,
      351, 56, 364, -1,
      364, 56, 57, -1,
      364, 57, 61, -1,
      29, 28, 167, -1,
      167, 28, 54, -1,
      167, 54, 351, -1,
      351, 54, 55, -1,
      351, 55, 56, -1,
      323, 322, 365, -1,
      365, 322, 366, -1,
      365, 366, 367, -1,
      367, 366, 368, -1,
      367, 368, 369, -1,
      369, 368, 370, -1,
      369, 370, 371, -1,
      371, 370, 372, -1,
      371, 372, 373, -1,
      373, 372, 374, -1,
      373, 374, 375, -1,
      375, 374, 376, -1,
      375, 376, 377, -1,
      377, 376, 348, -1,
      310, 324, 378, -1,
      378, 324, 379, -1,
      378, 379, 380, -1,
      380, 379, 381, -1,
      380, 381, 382, -1,
      382, 381, 383, -1,
      382, 383, 384, -1,
      384, 383, 385, -1,
      384, 385, 386, -1,
      386, 385, 387, -1,
      386, 387, 388, -1,
      388, 387, 389, -1,
      388, 389, 390, -1,
      390, 389, 347, -1,
      304, 303, 391, -1,
      391, 303, 392, -1,
      391, 392, 393, -1,
      393, 392, 394, -1,
      393, 394, 395, -1,
      395, 394, 396, -1,
      395, 396, 397, -1,
      397, 396, 398, -1,
      397, 398, 399, -1,
      399, 398, 400, -1,
      399, 400, 401, -1,
      401, 400, 402, -1,
      401, 402, 403, -1,
      403, 402, 343, -1,
      301, 320, 404, -1,
      404, 320, 405, -1,
      404, 405, 406, -1,
      406, 405, 407, -1,
      406, 407, 408, -1,
      408, 407, 409, -1,
      408, 409, 410, -1,
      410, 409, 411, -1,
      410, 411, 412, -1,
      412, 411, 413, -1,
      412, 413, 414, -1,
      414, 413, 415, -1,
      414, 415, 416, -1,
      416, 415, 342, -1,
      299, 298, 417, -1,
      417, 298, 418, -1,
      417, 418, 419, -1,
      419, 418, 420, -1,
      419, 420, 421, -1,
      421, 420, 422, -1,
      421, 422, 423, -1,
      423, 422, 424, -1,
      423, 424, 425, -1,
      425, 424, 426, -1,
      425, 426, 427, -1,
      427, 426, 428, -1,
      427, 428, 429, -1,
      429, 428, 340, -1,
      296, 295, 430, -1,
      430, 295, 431, -1,
      430, 431, 432, -1,
      432, 431, 433, -1,
      432, 433, 434, -1,
      434, 433, 435, -1,
      434, 435, 436, -1,
      436, 435, 437, -1,
      436, 437, 438, -1,
      438, 437, 439, -1,
      438, 439, 440, -1,
      440, 439, 441, -1,
      440, 441, 442, -1,
      442, 441, 339, -1,
      290, 291, 443, -1,
      443, 291, 444, -1,
      443, 444, 445, -1,
      445, 444, 446, -1,
      445, 446, 447, -1,
      447, 446, 448, -1,
      447, 448, 449, -1,
      449, 448, 450, -1,
      449, 450, 451, -1,
      451, 450, 452, -1,
      451, 452, 453, -1,
      453, 452, 454, -1,
      453, 454, 455, -1,
      455, 454, 338, -1,
      328, 327, 456, -1,
      456, 327, 457, -1,
      456, 457, 458, -1,
      458, 457, 459, -1,
      458, 459, 460, -1,
      460, 459, 461, -1,
      460, 461, 462, -1,
      462, 461, 463, -1,
      462, 463, 464, -1,
      464, 463, 465, -1,
      464, 465, 466, -1,
      466, 465, 467, -1,
      466, 467, 468, -1,
      468, 467, 336, -1,
      318, 317, 469, -1,
      469, 317, 470, -1,
      469, 470, 471, -1,
      471, 470, 472, -1,
      471, 472, 473, -1,
      473, 472, 474, -1,
      473, 474, 475, -1,
      475, 474, 476, -1,
      475, 476, 477, -1,
      477, 476, 478, -1,
      477, 478, 479, -1,
      479, 478, 480, -1,
      479, 480, 481, -1,
      481, 480, 335, -1,
      293, 292, 482, -1,
      482, 292, 483, -1,
      482, 483, 484, -1,
      484, 483, 485, -1,
      484, 485, 486, -1,
      486, 485, 487, -1,
      486, 487, 488, -1,
      488, 487, 489, -1,
      488, 489, 490, -1,
      490, 489, 491, -1,
      490, 491, 492, -1,
      492, 491, 493, -1,
      492, 493, 494, -1,
      494, 493, 331, -1,
      160, 166, 350, -1,
      350, 166, 351, -1,
      350, 351, 495, -1,
      495, 351, 364, -1,
      495, 364, 496, -1,
      496, 364, 363, -1,
      496, 363, 497, -1,
      497, 363, 361, -1,
      497, 361, 498, -1,
      498, 361, 362, -1,
      498, 362, 499, -1,
      499, 362, 359, -1,
      499, 359, 500, -1,
      500, 359, 360, -1,
      500, 360, 325, -1,
      325, 360, 287, -1,
      156, 158, 349, -1,
      349, 158, 350, -1,
      349, 350, 501, -1,
      501, 350, 495, -1,
      501, 495, 502, -1,
      502, 495, 496, -1,
      502, 496, 503, -1,
      503, 496, 497, -1,
      503, 497, 504, -1,
      504, 497, 498, -1,
      504, 498, 505, -1,
      505, 498, 499, -1,
      505, 499, 506, -1,
      506, 499, 500, -1,
      506, 500, 312, -1,
      312, 500, 325, -1,
      153, 155, 507, -1,
      507, 155, 349, -1,
      507, 349, 508, -1,
      508, 349, 501, -1,
      508, 501, 509, -1,
      509, 501, 502, -1,
      509, 502, 510, -1,
      510, 502, 503, -1,
      510, 503, 511, -1,
      511, 503, 504, -1,
      511, 504, 512, -1,
      512, 504, 505, -1,
      512, 505, 513, -1,
      513, 505, 506, -1,
      513, 506, 311, -1,
      311, 506, 312, -1,
      311, 323, 513, -1,
      513, 323, 365, -1,
      513, 365, 512, -1,
      512, 365, 367, -1,
      512, 367, 511, -1,
      511, 367, 369, -1,
      511, 369, 510, -1,
      510, 369, 371, -1,
      510, 371, 509, -1,
      509, 371, 373, -1,
      509, 373, 508, -1,
      508, 373, 375, -1,
      508, 375, 507, -1,
      507, 375, 377, -1,
      507, 377, 153, -1,
      153, 377, 151, -1,
      348, 137, 377, -1,
      377, 137, 149, -1,
      377, 149, 151, -1,
      140, 138, 514, -1,
      514, 138, 348, -1,
      514, 348, 515, -1,
      515, 348, 376, -1,
      515, 376, 516, -1,
      516, 376, 374, -1,
      516, 374, 517, -1,
      517, 374, 372, -1,
      517, 372, 518, -1,
      518, 372, 370, -1,
      518, 370, 519, -1,
      519, 370, 368, -1,
      519, 368, 520, -1,
      520, 368, 366, -1,
      520, 366, 321, -1,
      321, 366, 322, -1,
      321, 310, 520, -1,
      520, 310, 378, -1,
      520, 378, 519, -1,
      519, 378, 380, -1,
      519, 380, 518, -1,
      518, 380, 382, -1,
      518, 382, 517, -1,
      517, 382, 384, -1,
      517, 384, 516, -1,
      516, 384, 386, -1,
      516, 386, 515, -1,
      515, 386, 388, -1,
      515, 388, 514, -1,
      514, 388, 390, -1,
      514, 390, 140, -1,
      140, 390, 142, -1,
      347, 127, 390, -1,
      390, 127, 144, -1,
      390, 144, 142, -1,
      130, 128, 521, -1,
      521, 128, 347, -1,
      521, 347, 522, -1,
      522, 347, 389, -1,
      522, 389, 523, -1,
      523, 389, 387, -1,
      523, 387, 524, -1,
      524, 387, 385, -1,
      524, 385, 525, -1,
      525, 385, 383, -1,
      525, 383, 526, -1,
      526, 383, 381, -1,
      526, 381, 527, -1,
      527, 381, 379, -1,
      527, 379, 309, -1,
      309, 379, 324, -1,
      309, 308, 527, -1,
      527, 308, 528, -1,
      527, 528, 526, -1,
      526, 528, 529, -1,
      526, 529, 525, -1,
      525, 529, 530, -1,
      525, 530, 524, -1,
      524, 530, 531, -1,
      524, 531, 523, -1,
      523, 531, 532, -1,
      523, 532, 522, -1,
      522, 532, 533, -1,
      522, 533, 521, -1,
      521, 533, 346, -1,
      521, 346, 130, -1,
      130, 346, 132, -1,
      126, 134, 345, -1,
      345, 134, 346, -1,
      345, 346, 534, -1,
      534, 346, 533, -1,
      534, 533, 535, -1,
      535, 533, 532, -1,
      535, 532, 536, -1,
      536, 532, 531, -1,
      536, 531, 537, -1,
      537, 531, 530, -1,
      537, 530, 538, -1,
      538, 530, 529, -1,
      538, 529, 539, -1,
      539, 529, 528, -1,
      539, 528, 307, -1,
      307, 528, 308, -1,
      122, 124, 344, -1,
      344, 124, 345, -1,
      344, 345, 540, -1,
      540, 345, 534, -1,
      540, 534, 541, -1,
      541, 534, 535, -1,
      541, 535, 542, -1,
      542, 535, 536, -1,
      542, 536, 543, -1,
      543, 536, 537, -1,
      543, 537, 544, -1,
      544, 537, 538, -1,
      544, 538, 545, -1,
      545, 538, 539, -1,
      545, 539, 306, -1,
      306, 539, 307, -1,
      119, 121, 546, -1,
      546, 121, 344, -1,
      546, 344, 547, -1,
      547, 344, 540, -1,
      547, 540, 548, -1,
      548, 540, 541, -1,
      548, 541, 549, -1,
      549, 541, 542, -1,
      549, 542, 550, -1,
      550, 542, 543, -1,
      550, 543, 551, -1,
      551, 543, 544, -1,
      551, 544, 552, -1,
      552, 544, 545, -1,
      552, 545, 305, -1,
      305, 545, 306, -1,
      305, 304, 552, -1,
      552, 304, 391, -1,
      552, 391, 551, -1,
      551, 391, 393, -1,
      551, 393, 550, -1,
      550, 393, 395, -1,
      550, 395, 549, -1,
      549, 395, 397, -1,
      549, 397, 548, -1,
      548, 397, 399, -1,
      548, 399, 547, -1,
      547, 399, 401, -1,
      547, 401, 546, -1,
      546, 401, 403, -1,
      546, 403, 119, -1,
      119, 403, 117, -1,
      343, 103, 403, -1,
      403, 103, 115, -1,
      403, 115, 117, -1,
      106, 104, 553, -1,
      553, 104, 343, -1,
      553, 343, 554, -1,
      554, 343, 402, -1,
      554, 402, 555, -1,
      555, 402, 400, -1,
      555, 400, 556, -1,
      556, 400, 398, -1,
      556, 398, 557, -1,
      557, 398, 396, -1,
      557, 396, 558, -1,
      558, 396, 394, -1,
      558, 394, 559, -1,
      559, 394, 392, -1,
      559, 392, 302, -1,
      302, 392, 303, -1,
      302, 301, 559, -1,
      559, 301, 404, -1,
      559, 404, 558, -1,
      558, 404, 406, -1,
      558, 406, 557, -1,
      557, 406, 408, -1,
      557, 408, 556, -1,
      556, 408, 410, -1,
      556, 410, 555, -1,
      555, 410, 412, -1,
      555, 412, 554, -1,
      554, 412, 414, -1,
      554, 414, 553, -1,
      553, 414, 416, -1,
      553, 416, 106, -1,
      106, 416, 108, -1,
      342, 92, 416, -1,
      416, 92, 110, -1,
      416, 110, 108, -1,
      95, 93, 560, -1,
      560, 93, 342, -1,
      560, 342, 561, -1,
      561, 342, 415, -1,
      561, 415, 562, -1,
      562, 415, 413, -1,
      562, 413, 563, -1,
      563, 413, 411, -1,
      563, 411, 564, -1,
      564, 411, 409, -1,
      564, 409, 565, -1,
      565, 409, 407, -1,
      565, 407, 566, -1,
      566, 407, 405, -1,
      566, 405, 319, -1,
      319, 405, 320, -1,
      319, 300, 566, -1,
      566, 300, 567, -1,
      566, 567, 565, -1,
      565, 567, 568, -1,
      565, 568, 564, -1,
      564, 568, 569, -1,
      564, 569, 563, -1,
      563, 569, 570, -1,
      563, 570, 562, -1,
      562, 570, 571, -1,
      562, 571, 561, -1,
      561, 571, 572, -1,
      561, 572, 560, -1,
      560, 572, 341, -1,
      560, 341, 95, -1,
      95, 341, 97, -1,
      101, 99, 429, -1,
      429, 99, 341, -1,
      429, 341, 427, -1,
      427, 341, 572, -1,
      427, 572, 425, -1,
      425, 572, 571, -1,
      425, 571, 423, -1,
      423, 571, 570, -1,
      423, 570, 421, -1,
      421, 570, 569, -1,
      421, 569, 419, -1,
      419, 569, 568, -1,
      419, 568, 417, -1,
      417, 568, 567, -1,
      417, 567, 299, -1,
      299, 567, 300, -1,
      340, 232, 429, -1,
      429, 232, 231, -1,
      429, 231, 101, -1,
      236, 234, 573, -1,
      573, 234, 340, -1,
      573, 340, 574, -1,
      574, 340, 428, -1,
      574, 428, 575, -1,
      575, 428, 426, -1,
      575, 426, 576, -1,
      576, 426, 424, -1,
      576, 424, 577, -1,
      577, 424, 422, -1,
      577, 422, 578, -1,
      578, 422, 420, -1,
      578, 420, 579, -1,
      579, 420, 418, -1,
      579, 418, 297, -1,
      297, 418, 298, -1,
      297, 296, 579, -1,
      579, 296, 430, -1,
      579, 430, 578, -1,
      578, 430, 432, -1,
      578, 432, 577, -1,
      577, 432, 434, -1,
      577, 434, 576, -1,
      576, 434, 436, -1,
      576, 436, 575, -1,
      575, 436, 438, -1,
      575, 438, 574, -1,
      574, 438, 440, -1,
      574, 440, 573, -1,
      573, 440, 442, -1,
      573, 442, 236, -1,
      236, 442, 238, -1,
      339, 242, 442, -1,
      442, 242, 240, -1,
      442, 240, 238, -1,
      246, 244, 580, -1,
      580, 244, 339, -1,
      580, 339, 581, -1,
      581, 339, 441, -1,
      581, 441, 582, -1,
      582, 441, 439, -1,
      582, 439, 583, -1,
      583, 439, 437, -1,
      583, 437, 584, -1,
      584, 437, 435, -1,
      584, 435, 585, -1,
      585, 435, 433, -1,
      585, 433, 586, -1,
      586, 433, 431, -1,
      586, 431, 289, -1,
      289, 431, 295, -1,
      289, 290, 586, -1,
      586, 290, 443, -1,
      586, 443, 585, -1,
      585, 443, 445, -1,
      585, 445, 584, -1,
      584, 445, 447, -1,
      584, 447, 583, -1,
      583, 447, 449, -1,
      583, 449, 582, -1,
      582, 449, 451, -1,
      582, 451, 581, -1,
      581, 451, 453, -1,
      581, 453, 580, -1,
      580, 453, 455, -1,
      580, 455, 246, -1,
      246, 455, 248, -1,
      338, 252, 455, -1,
      455, 252, 250, -1,
      455, 250, 248, -1,
      256, 254, 587, -1,
      587, 254, 338, -1,
      587, 338, 588, -1,
      588, 338, 454, -1,
      588, 454, 589, -1,
      589, 454, 452, -1,
      589, 452, 590, -1,
      590, 452, 450, -1,
      590, 450, 591, -1,
      591, 450, 448, -1,
      591, 448, 592, -1,
      592, 448, 446, -1,
      592, 446, 593, -1,
      593, 446, 444, -1,
      593, 444, 330, -1,
      330, 444, 291, -1,
      330, 329, 593, -1,
      593, 329, 594, -1,
      593, 594, 592, -1,
      592, 594, 595, -1,
      592, 595, 591, -1,
      591, 595, 596, -1,
      591, 596, 590, -1,
      590, 596, 597, -1,
      590, 597, 589, -1,
      589, 597, 598, -1,
      589, 598, 588, -1,
      588, 598, 599, -1,
      588, 599, 587, -1,
      587, 599, 337, -1,
      587, 337, 256, -1,
      256, 337, 258, -1,
      262, 260, 468, -1,
      468, 260, 337, -1,
      468, 337, 466, -1,
      466, 337, 599, -1,
      466, 599, 464, -1,
      464, 599, 598, -1,
      464, 598, 462, -1,
      462, 598, 597, -1,
      462, 597, 460, -1,
      460, 597, 596, -1,
      460, 596, 458, -1,
      458, 596, 595, -1,
      458, 595, 456, -1,
      456, 595, 594, -1,
      456, 594, 328, -1,
      328, 594, 329, -1,
      336, 266, 468, -1,
      468, 266, 264, -1,
      468, 264, 262, -1,
      270, 268, 600, -1,
      600, 268, 336, -1,
      600, 336, 601, -1,
      601, 336, 467, -1,
      601, 467, 602, -1,
      602, 467, 465, -1,
      602, 465, 603, -1,
      603, 465, 463, -1,
      603, 463, 604, -1,
      604, 463, 461, -1,
      604, 461, 605, -1,
      605, 461, 459, -1,
      605, 459, 606, -1,
      606, 459, 457, -1,
      606, 457, 326, -1,
      326, 457, 327, -1,
      326, 318, 606, -1,
      606, 318, 469, -1,
      606, 469, 605, -1,
      605, 469, 471, -1,
      605, 471, 604, -1,
      604, 471, 473, -1,
      604, 473, 603, -1,
      603, 473, 475, -1,
      603, 475, 602, -1,
      602, 475, 477, -1,
      602, 477, 601, -1,
      601, 477, 479, -1,
      601, 479, 600, -1,
      600, 479, 481, -1,
      600, 481, 270, -1,
      270, 481, 272, -1,
      335, 276, 481, -1,
      481, 276, 274, -1,
      481, 274, 272, -1,
      280, 278, 607, -1,
      607, 278, 335, -1,
      607, 335, 608, -1,
      608, 335, 480, -1,
      608, 480, 609, -1,
      609, 480, 478, -1,
      609, 478, 610, -1,
      610, 478, 476, -1,
      610, 476, 611, -1,
      611, 476, 474, -1,
      611, 474, 612, -1,
      612, 474, 472, -1,
      612, 472, 613, -1,
      613, 472, 470, -1,
      613, 470, 316, -1,
      316, 470, 317, -1,
      316, 315, 613, -1,
      613, 315, 614, -1,
      613, 614, 612, -1,
      612, 614, 615, -1,
      612, 615, 611, -1,
      611, 615, 616, -1,
      611, 616, 610, -1,
      610, 616, 617, -1,
      610, 617, 609, -1,
      609, 617, 618, -1,
      609, 618, 608, -1,
      608, 618, 619, -1,
      608, 619, 607, -1,
      607, 619, 334, -1,
      607, 334, 280, -1,
      280, 334, 282, -1,
      212, 284, 333, -1,
      333, 284, 334, -1,
      333, 334, 620, -1,
      620, 334, 619, -1,
      620, 619, 621, -1,
      621, 619, 618, -1,
      621, 618, 622, -1,
      622, 618, 617, -1,
      622, 617, 623, -1,
      623, 617, 616, -1,
      623, 616, 624, -1,
      624, 616, 615, -1,
      624, 615, 625, -1,
      625, 615, 614, -1,
      625, 614, 314, -1,
      314, 614, 315, -1,
      215, 213, 626, -1,
      626, 213, 333, -1,
      626, 333, 627, -1,
      627, 333, 620, -1,
      627, 620, 628, -1,
      628, 620, 621, -1,
      628, 621, 629, -1,
      629, 621, 622, -1,
      629, 622, 630, -1,
      630, 622, 623, -1,
      630, 623, 631, -1,
      631, 623, 624, -1,
      631, 624, 632, -1,
      632, 624, 625, -1,
      632, 625, 313, -1,
      313, 625, 314, -1,
      313, 294, 632, -1,
      632, 294, 633, -1,
      632, 633, 631, -1,
      631, 633, 634, -1,
      631, 634, 630, -1,
      630, 634, 635, -1,
      630, 635, 629, -1,
      629, 635, 636, -1,
      629, 636, 628, -1,
      628, 636, 637, -1,
      628, 637, 627, -1,
      627, 637, 638, -1,
      627, 638, 626, -1,
      626, 638, 332, -1,
      626, 332, 215, -1,
      215, 332, 217, -1,
      221, 219, 494, -1,
      494, 219, 332, -1,
      494, 332, 492, -1,
      492, 332, 638, -1,
      492, 638, 490, -1,
      490, 638, 637, -1,
      490, 637, 488, -1,
      488, 637, 636, -1,
      488, 636, 486, -1,
      486, 636, 635, -1,
      486, 635, 484, -1,
      484, 635, 634, -1,
      484, 634, 482, -1,
      482, 634, 633, -1,
      482, 633, 293, -1,
      293, 633, 294, -1,
      331, 225, 494, -1,
      494, 225, 223, -1,
      494, 223, 221, -1,
      229, 227, 352, -1,
      352, 227, 331, -1,
      352, 331, 353, -1,
      353, 331, 493, -1,
      353, 493, 354, -1,
      354, 493, 491, -1,
      354, 491, 355, -1,
      355, 491, 489, -1,
      355, 489, 356, -1,
      356, 489, 487, -1,
      356, 487, 357, -1,
      357, 487, 485, -1,
      357, 485, 358, -1,
      358, 485, 483, -1,
      358, 483, 288, -1,
      288, 483, 292, -1,
      639, 640, 641, -1,
      641, 640, 642, -1,
      641, 642, 643, -1,
      643, 642, 644, -1,
      643, 644, 645, -1,
      645, 644, 646, -1,
      645, 646, 647, -1,
      647, 646, 648, -1,
      647, 648, 649, -1,
      649, 648, 650, -1,
      649, 650, 651, -1,
      651, 650, 652, -1,
      651, 652, 653, -1,
      653, 652, 654, -1,
      653, 654, 655, -1,
      655, 654, 656, -1,
      655, 656, 657, -1,
      657, 656, 658, -1,
      657, 658, 659, -1,
      659, 658, 660, -1,
      659, 660, 661, -1,
      661, 660, 662, -1,
      661, 662, 663, -1,
      663, 662, 664, -1,
      663, 664, 665, -1,
      665, 664, 666, -1,
      665, 666, 667, -1,
      667, 666, 668, -1,
      667, 668, 669, -1,
      669, 668, 670, -1,
      669, 670, 671, -1,
      671, 670, 672, -1,
      671, 672, 673, -1,
      673, 672, 674, -1,
      673, 674, 675, -1,
      675, 674, 676, -1,
      675, 676, 677, -1,
      677, 676, 678, -1,
      677, 678, 679, -1,
      679, 678, 680, -1,
      679, 680, 681, -1,
      681, 680, 682, -1,
      681, 682, 683, -1,
      683, 682, 684, -1,
      683, 684, 685, -1,
      685, 684, 686, -1,
      685, 686, 687, -1,
      687, 686, 688, -1,
      687, 688, 689, -1,
      689, 688, 690, -1,
      689, 690, 691, -1,
      691, 690, 692, -1,
      691, 692, 693, -1,
      693, 692, 694, -1,
      693, 694, 695, -1,
      695, 694, 696, -1,
      695, 696, 697, -1,
      697, 696, 698, -1,
      697, 698, 699, -1,
      699, 698, 700, -1,
      699, 700, 701, -1,
      701, 700, 702, -1,
      701, 702, 703, -1,
      703, 702, 704, -1,
      703, 704, 705, -1,
      705, 704, 706, -1,
      705, 706, 707, -1,
      706, 708, 707, -1,
      707, 708, 709, -1,
      707, 709, 710, -1,
      710, 709, 711, -1,
      710, 711, 712, -1,
      712, 711, 713, -1,
      712, 713, 714, -1,
      714, 713, 715, -1,
      714, 715, 716, -1,
      716, 715, 717, -1,
      716, 717, 718, -1,
      718, 717, 719, -1,
      718, 719, 720, -1,
      720, 719, 721, -1,
      720, 721, 722, -1,
      722, 721, 723, -1,
      722, 723, 724, -1,
      724, 723, 725, -1,
      724, 725, 726, -1,
      726, 725, 727, -1,
      726, 727, 728, -1,
      728, 727, 729, -1,
      728, 729, 730, -1,
      730, 729, 731, -1,
      730, 731, 732, -1,
      732, 731, 733, -1,
      732, 733, 734, -1,
      734, 733, 735, -1,
      734, 735, 736, -1,
      736, 735, 737, -1,
      736, 737, 738, -1,
      738, 737, 739, -1,
      738, 739, 740, -1,
      740, 739, 741, -1,
      740, 741, 742, -1,
      742, 741, 743, -1,
      742, 743, 744, -1,
      744, 743, 745, -1,
      744, 745, 746, -1,
      746, 745, 747, -1,
      746, 747, 748, -1,
      748, 747, 749, -1,
      748, 749, 750, -1,
      750, 749, 751, -1,
      750, 751, 752, -1,
      752, 751, 753, -1,
      752, 753, 754, -1,
      754, 753, 755, -1,
      754, 755, 756, -1,
      756, 755, 757, -1,
      756, 757, 758, -1,
      758, 757, 759, -1,
      758, 759, 760, -1,
      760, 759, 761, -1,
      760, 761, 762, -1,
      762, 761, 763, -1,
      762, 763, 764, -1,
      764, 763, 765, -1,
      764, 765, 766, -1,
      766, 765, 767, -1,
      766, 767, 768, -1,
      768, 767, 769, -1,
      768, 769, 770, -1,
      770, 769, 771, -1,
      770, 771, 772, -1,
      772, 771, 773, -1,
      772, 773, 774, -1,
      774, 773, 775, -1,
      774, 775, 776, -1,
      776, 775, 777, -1,
      776, 777, 639, -1,
      639, 777, 778, -1,
      639, 778, 640, -1,
      779, 780, 781, -1,
      781, 780, 782, -1,
      781, 782, 783, -1,
      783, 782, 784, -1,
      785, 786, 787, -1,
      787, 786, 788, -1,
      787, 788, 789, -1,
      789, 788, 790, -1,
      789, 790, 791, -1,
      791, 790, 792, -1,
      791, 792, 793, -1,
      793, 792, 779, -1,
      793, 779, 794, -1,
      794, 779, 781, -1,
      795, 796, 797, -1,
      797, 796, 798, -1,
      797, 798, 799, -1,
      799, 798, 800, -1,
      799, 800, 801, -1,
      801, 800, 802, -1,
      801, 802, 803, -1,
      803, 802, 804, -1,
      803, 804, 805, -1,
      805, 804, 806, -1,
      805, 806, 807, -1,
      807, 806, 808, -1,
      807, 808, 809, -1,
      809, 808, 810, -1,
      809, 810, 811, -1,
      811, 810, 812, -1,
      811, 812, 813, -1,
      813, 812, 814, -1,
      813, 814, 815, -1,
      815, 814, 785, -1,
      815, 785, 816, -1,
      816, 785, 787, -1,
      817, 818, 819, -1,
      819, 818, 820, -1,
      819, 820, 821, -1,
      821, 820, 822, -1,
      821, 822, 823, -1,
      823, 822, 824, -1,
      823, 824, 825, -1,
      825, 824, 826, -1,
      825, 826, 795, -1,
      795, 826, 827, -1,
      795, 827, 796, -1,
      819, 828, 817, -1,
      817, 828, 829, -1,
      817, 829, 830, -1,
      830, 829, 831, -1,
      830, 831, 832, -1,
      832, 831, 833, -1,
      832, 833, 834, -1,
      834, 833, 835, -1,
      834, 835, 836, -1,
      836, 835, 837, -1,
      836, 837, 838, -1,
      838, 837, 839, -1,
      838, 839, 840, -1,
      840, 839, 841, -1,
      840, 841, 842, -1,
      842, 841, 843, -1,
      842, 843, 844, -1,
      844, 843, 845, -1,
      844, 845, 846, -1,
      846, 845, 847, -1,
      846, 847, 848, -1,
      848, 847, 849, -1,
      848, 849, 850, -1,
      850, 849, 851, -1,
      850, 851, 852, -1,
      852, 851, 853, -1,
      852, 853, 854, -1,
      855, 856, 857, -1,
      857, 856, 858, -1,
      857, 858, 859, -1,
      859, 858, 854, -1,
      859, 854, 860, -1,
      860, 854, 853, -1,
      861, 862, 863, -1,
      863, 862, 864, -1,
      863, 864, 865, -1,
      865, 864, 866, -1,
      865, 866, 867, -1,
      867, 866, 868, -1,
      867, 868, 869, -1,
      869, 868, 855, -1,
      869, 855, 870, -1,
      870, 855, 857, -1,
      871, 872, 873, -1,
      873, 872, 874, -1,
      873, 874, 875, -1,
      875, 874, 876, -1,
      875, 876, 877, -1,
      877, 876, 878, -1,
      877, 878, 879, -1,
      879, 878, 880, -1,
      879, 880, 881, -1,
      881, 880, 882, -1,
      881, 882, 883, -1,
      883, 882, 884, -1,
      883, 884, 885, -1,
      885, 884, 886, -1,
      885, 886, 887, -1,
      887, 886, 888, -1,
      887, 888, 889, -1,
      889, 888, 890, -1,
      889, 890, 891, -1,
      891, 890, 861, -1,
      891, 861, 892, -1,
      892, 861, 863, -1,
      893, 894, 895, -1,
      895, 894, 896, -1,
      895, 896, 897, -1,
      897, 896, 898, -1,
      897, 898, 899, -1,
      899, 898, 900, -1,
      899, 900, 901, -1,
      901, 900, 902, -1,
      901, 902, 871, -1,
      871, 902, 903, -1,
      871, 903, 872, -1,
      895, 904, 893, -1,
      893, 904, 905, -1,
      893, 905, 906, -1,
      906, 905, 907, -1,
      906, 907, 908, -1,
      908, 907, 909, -1,
      908, 909, 910, -1,
      910, 909, 911, -1,
      910, 911, 912, -1,
      912, 911, 913, -1,
      912, 913, 914, -1,
      914, 913, 915, -1,
      914, 915, 916, -1,
      916, 915, 917, -1,
      916, 917, 918, -1,
      918, 917, 919, -1,
      918, 919, 920, -1,
      920, 919, 921, -1,
      920, 921, 922, -1,
      922, 921, 923, -1,
      922, 923, 924, -1,
      924, 923, 925, -1,
      924, 925, 926, -1,
      926, 925, 927, -1,
      926, 927, 928, -1,
      928, 927, 929, -1,
      928, 929, 930, -1,
      931, 932, 933, -1,
      933, 932, 934, -1,
      933, 934, 935, -1,
      935, 934, 930, -1,
      935, 930, 936, -1,
      936, 930, 929, -1,
      937, 938, 939, -1,
      939, 938, 940, -1,
      939, 940, 941, -1,
      941, 940, 942, -1,
      941, 942, 943, -1,
      943, 942, 944, -1,
      943, 944, 945, -1,
      945, 944, 931, -1,
      945, 931, 946, -1,
      946, 931, 933, -1,
      947, 948, 949, -1,
      949, 948, 950, -1,
      949, 950, 951, -1,
      951, 950, 952, -1,
      951, 952, 953, -1,
      953, 952, 954, -1,
      953, 954, 955, -1,
      955, 954, 956, -1,
      955, 956, 957, -1,
      957, 956, 958, -1,
      957, 958, 959, -1,
      959, 958, 960, -1,
      959, 960, 961, -1,
      961, 960, 962, -1,
      961, 962, 963, -1,
      963, 962, 964, -1,
      963, 964, 965, -1,
      965, 964, 966, -1,
      965, 966, 967, -1,
      967, 966, 937, -1,
      967, 937, 968, -1,
      968, 937, 939, -1,
      969, 970, 971, -1,
      971, 970, 972, -1,
      971, 972, 973, -1,
      973, 972, 974, -1,
      973, 974, 975, -1,
      975, 974, 976, -1,
      975, 976, 977, -1,
      977, 976, 978, -1,
      977, 978, 947, -1,
      947, 978, 979, -1,
      947, 979, 948, -1,
      971, 980, 969, -1,
      969, 980, 981, -1,
      969, 981, 982, -1,
      982, 981, 983, -1,
      982, 983, 984, -1,
      984, 983, 985, -1,
      984, 985, 986, -1,
      986, 985, 987, -1,
      986, 987, 988, -1,
      988, 987, 989, -1,
      988, 989, 990, -1,
      990, 989, 991, -1,
      990, 991, 992, -1,
      992, 991, 993, -1,
      992, 993, 994, -1,
      994, 993, 995, -1,
      994, 995, 996, -1,
      996, 995, 997, -1,
      996, 997, 998, -1,
      998, 997, 999, -1,
      998, 999, 1000, -1,
      1000, 999, 1001, -1,
      1000, 1001, 1002, -1,
      1002, 1001, 1003, -1,
      1002, 1003, 1004, -1,
      1004, 1003, 1005, -1,
      1004, 1005, 784, -1,
      784, 1005, 1006, -1,
      784, 1006, 783, -1,
      1007, 1008, 1009, -1,
      1009, 1008, 1010, -1,
      1009, 1010, 1011, -1,
      1011, 1010, 1012, -1,
      1011, 1012, 1013, -1,
      1013, 1012, 1014, -1,
      1013, 1014, 1015, -1,
      1015, 1014, 1016, -1,
      1015, 1016, 1017, -1,
      1017, 1016, 1018, -1,
      1017, 1018, 1019, -1,
      1019, 1018, 1020, -1,
      1019, 1020, 1021, -1,
      1021, 1020, 1022, -1,
      1021, 1022, 1023, -1,
      1023, 1022, 1024, -1,
      1023, 1024, 1025, -1,
      1025, 1024, 1026, -1,
      1025, 1026, 1027, -1,
      1027, 1026, 1028, -1,
      1027, 1028, 1029, -1,
      1029, 1028, 1030, -1,
      1029, 1030, 1031, -1,
      1031, 1030, 1032, -1,
      1031, 1032, 1033, -1,
      1033, 1032, 1034, -1,
      1033, 1034, 1035, -1,
      1035, 1034, 1036, -1,
      1035, 1036, 1037, -1,
      1037, 1036, 1038, -1,
      1037, 1038, 1039, -1,
      1039, 1038, 1040, -1,
      1039, 1040, 1041, -1,
      1041, 1040, 1042, -1,
      1041, 1042, 1043, -1,
      1043, 1042, 1044, -1,
      1043, 1044, 1045, -1,
      1045, 1044, 1046, -1,
      1045, 1046, 1047, -1,
      1047, 1046, 1048, -1,
      1047, 1048, 1049, -1,
      1049, 1048, 1050, -1,
      1049, 1050, 1051, -1,
      1051, 1050, 1052, -1,
      1051, 1052, 1053, -1,
      1053, 1052, 1054, -1,
      1053, 1054, 1055, -1,
      1055, 1054, 1056, -1,
      1055, 1056, 1057, -1,
      1057, 1056, 1058, -1,
      1057, 1058, 1059, -1,
      1059, 1058, 1060, -1,
      1059, 1060, 1061, -1,
      1061, 1060, 1062, -1,
      1061, 1062, 1063, -1,
      1063, 1062, 1064, -1,
      1063, 1064, 1065, -1,
      1065, 1064, 1066, -1,
      1065, 1066, 1067, -1,
      1067, 1066, 1068, -1,
      1067, 1068, 1069, -1,
      1069, 1068, 1070, -1,
      1069, 1070, 1071, -1,
      1071, 1070, 1072, -1,
      1071, 1072, 1073, -1,
      1073, 1072, 1074, -1,
      1073, 1074, 1075, -1,
      1074, 1076, 1075, -1,
      1075, 1076, 1077, -1,
      1075, 1077, 1078, -1,
      1078, 1077, 1079, -1,
      1078, 1079, 1080, -1,
      1080, 1079, 1081, -1,
      1080, 1081, 1082, -1,
      1082, 1081, 1083, -1,
      1082, 1083, 1084, -1,
      1084, 1083, 1085, -1,
      1084, 1085, 1086, -1,
      1086, 1085, 1087, -1,
      1086, 1087, 1088, -1,
      1088, 1087, 1089, -1,
      1088, 1089, 1090, -1,
      1090, 1089, 1091, -1,
      1090, 1091, 1092, -1,
      1092, 1091, 1093, -1,
      1092, 1093, 1094, -1,
      1094, 1093, 1095, -1,
      1094, 1095, 1096, -1,
      1096, 1095, 1097, -1,
      1096, 1097, 1098, -1,
      1098, 1097, 1099, -1,
      1098, 1099, 1100, -1,
      1100, 1099, 1101, -1,
      1100, 1101, 1102, -1,
      1102, 1101, 1103, -1,
      1102, 1103, 1104, -1,
      1104, 1103, 1105, -1,
      1104, 1105, 1106, -1,
      1106, 1105, 1107, -1,
      1106, 1107, 1108, -1,
      1108, 1107, 1109, -1,
      1108, 1109, 1110, -1,
      1110, 1109, 1111, -1,
      1110, 1111, 1112, -1,
      1112, 1111, 1113, -1,
      1112, 1113, 1114, -1,
      1114, 1113, 1115, -1,
      1114, 1115, 1116, -1,
      1116, 1115, 1117, -1,
      1116, 1117, 1118, -1,
      1118, 1117, 1119, -1,
      1118, 1119, 1120, -1,
      1120, 1119, 1121, -1,
      1120, 1121, 1122, -1,
      1122, 1121, 1123, -1,
      1122, 1123, 1124, -1,
      1124, 1123, 1125, -1,
      1124, 1125, 1126, -1,
      1126, 1125, 1127, -1,
      1126, 1127, 1128, -1,
      1128, 1127, 1129, -1,
      1128, 1129, 1130, -1,
      1130, 1129, 1131, -1,
      1130, 1131, 1132, -1,
      1132, 1131, 1133, -1,
      1132, 1133, 1134, -1,
      1134, 1133, 1135, -1,
      1134, 1135, 1136, -1,
      1136, 1135, 1137, -1,
      1136, 1137, 1138, -1,
      1138, 1137, 1139, -1,
      1138, 1139, 1140, -1,
      1140, 1139, 1141, -1,
      1140, 1141, 1142, -1,
      1142, 1141, 1143, -1,
      1142, 1143, 1144, -1,
      1144, 1143, 1145, -1,
      1144, 1145, 1007, -1,
      1007, 1145, 1146, -1,
      1007, 1146, 1008, -1,
      1147, 1148, 1149, -1,
      1147, 1149, 1150, -1,
      1151, 1152, 1149, -1,
      1149, 1152, 1153, -1,
      1149, 1153, 1150, -1,
      1154, 1155, 1149, -1,
      1149, 1155, 1156, -1,
      1149, 1156, 1151, -1,
      1157, 1158, 1149, -1,
      1149, 1158, 1159, -1,
      1149, 1159, 1154, -1,
      1160, 1161, 1149, -1,
      1149, 1161, 1162, -1,
      1149, 1162, 1157, -1,
      1163, 1164, 1149, -1,
      1149, 1164, 1165, -1,
      1149, 1165, 1160, -1,
      1166, 1167, 1149, -1,
      1149, 1167, 1168, -1,
      1149, 1168, 1163, -1,
      1169, 1170, 1149, -1,
      1149, 1170, 1171, -1,
      1149, 1171, 1166, -1,
      1172, 1173, 1149, -1,
      1149, 1173, 1174, -1,
      1149, 1174, 1169, -1,
      1175, 1176, 1149, -1,
      1149, 1176, 1177, -1,
      1149, 1177, 1172, -1,
      1178, 1179, 1149, -1,
      1149, 1179, 1180, -1,
      1149, 1180, 1175, -1,
      1181, 1182, 1149, -1,
      1149, 1182, 1183, -1,
      1149, 1183, 1178, -1,
      1184, 1185, 1149, -1,
      1149, 1185, 1186, -1,
      1149, 1186, 1181, -1,
      1187, 1188, 1149, -1,
      1149, 1188, 1189, -1,
      1149, 1189, 1184, -1,
      1190, 1191, 1149, -1,
      1149, 1191, 1192, -1,
      1149, 1192, 1187, -1,
      1193, 1194, 1149, -1,
      1149, 1194, 1195, -1,
      1149, 1195, 1190, -1,
      1196, 1197, 1149, -1,
      1149, 1197, 1198, -1,
      1149, 1198, 1193, -1,
      1199, 1200, 1149, -1,
      1149, 1200, 1201, -1,
      1149, 1201, 1196, -1,
      1202, 1203, 1149, -1,
      1149, 1203, 1204, -1,
      1149, 1204, 1199, -1,
      1205, 1206, 1149, -1,
      1149, 1206, 1207, -1,
      1149, 1207, 1202, -1,
      1208, 1209, 1149, -1,
      1149, 1209, 1210, -1,
      1149, 1210, 1205, -1,
      1211, 1212, 1149, -1,
      1149, 1212, 1213, -1,
      1149, 1213, 1208, -1,
      1214, 1215, 1149, -1,
      1149, 1215, 1216, -1,
      1149, 1216, 1211, -1,
      1148, 1217, 1149, -1,
      1149, 1217, 1218, -1,
      1149, 1218, 1214, -1,
      1219, 1220, 1221, -1,
      1221, 1220, 1222, -1,
      1221, 1222, 1223, -1,
      1223, 1222, 1224, -1,
      1223, 1224, 1225, -1,
      1225, 1224, 1226, -1,
      1225, 1226, 1227, -1,
      1227, 1226, 1228, -1,
      1227, 1228, 1229, -1,
      1229, 1228, 1230, -1,
      1229, 1230, 1231, -1,
      1231, 1230, 1232, -1,
      1231, 1232, 1233, -1,
      1233, 1232, 1234, -1,
      1233, 1234, 1235, -1,
      1235, 1234, 1236, -1,
      1235, 1236, 1237, -1,
      1237, 1236, 1238, -1,
      1237, 1238, 1239, -1,
      1239, 1238, 1240, -1,
      1239, 1240, 1241, -1,
      1241, 1240, 1242, -1,
      1241, 1242, 1243, -1,
      1243, 1242, 1244, -1,
      1243, 1244, 1245, -1,
      1245, 1244, 1246, -1,
      1245, 1246, 1247, -1,
      1247, 1246, 1248, -1,
      1247, 1248, 1249, -1,
      1249, 1248, 1250, -1,
      1249, 1250, 1251, -1,
      1251, 1250, 1252, -1,
      1251, 1252, 1253, -1,
      1253, 1252, 1254, -1,
      1253, 1254, 1255, -1,
      1255, 1254, 1256, -1,
      1255, 1256, 1257, -1,
      1257, 1256, 1258, -1,
      1257, 1258, 1259, -1,
      1259, 1258, 1260, -1,
      1259, 1260, 1261, -1,
      1261, 1260, 1262, -1,
      1261, 1262, 1263, -1,
      1263, 1262, 1264, -1,
      1263, 1264, 1265, -1,
      1265, 1264, 1266, -1,
      1265, 1266, 1267, -1,
      1267, 1266, 1268, -1,
      1267, 1268, 1269, -1,
      1269, 1268, 1270, -1,
      1269, 1270, 1271, -1,
      1271, 1270, 1272, -1,
      1271, 1272, 1273, -1,
      1273, 1272, 1274, -1,
      1273, 1274, 1275, -1,
      1275, 1274, 1276, -1,
      1275, 1276, 1277, -1,
      1277, 1276, 1278, -1,
      1277, 1278, 1279, -1,
      1279, 1278, 1280, -1,
      1279, 1280, 1281, -1,
      1281, 1280, 1282, -1,
      1281, 1282, 1283, -1,
      1283, 1282, 1284, -1,
      1283, 1284, 1285, -1,
      1285, 1284, 1286, -1,
      1285, 1286, 1287, -1,
      1287, 1286, 1288, -1,
      1287, 1288, 1289, -1,
      1289, 1288, 1290, -1,
      1289, 1290, 1291, -1,
      1291, 1290, 1292, -1,
      1291, 1292, 1293, -1,
      1293, 1292, 1294, -1,
      1293, 1294, 1295, -1,
      1295, 1294, 1296, -1,
      1295, 1296, 1297, -1,
      1297, 1296, 1298, -1,
      1297, 1298, 1299, -1,
      1299, 1298, 1300, -1,
      1299, 1300, 1301, -1,
      1301, 1300, 1302, -1,
      1301, 1302, 1303, -1,
      1303, 1302, 1304, -1,
      1303, 1304, 1305, -1,
      1305, 1304, 1306, -1,
      1305, 1306, 1307, -1,
      1307, 1306, 1308, -1,
      1307, 1308, 1309, -1,
      1309, 1308, 1310, -1,
      1309, 1310, 1311, -1,
      1311, 1310, 1312, -1,
      1311, 1312, 1313, -1,
      1313, 1312, 1314, -1,
      1313, 1314, 1315, -1,
      1315, 1314, 1316, -1,
      1315, 1316, 1317, -1,
      1317, 1316, 1318, -1,
      1317, 1318, 1319, -1,
      1319, 1318, 1320, -1,
      1319, 1320, 1321, -1,
      1321, 1320, 1322, -1,
      1321, 1322, 1323, -1,
      1323, 1322, 1324, -1,
      1323, 1324, 1325, -1,
      1325, 1324, 1326, -1,
      1325, 1326, 1327, -1,
      1327, 1326, 1328, -1,
      1327, 1328, 1329, -1,
      1329, 1328, 1330, -1,
      1329, 1330, 1331, -1,
      1331, 1330, 1332, -1,
      1331, 1332, 1333, -1,
      1333, 1332, 1334, -1,
      1333, 1334, 1335, -1,
      1335, 1334, 1336, -1,
      1335, 1336, 1337, -1,
      1337, 1336, 1338, -1,
      1337, 1338, 1339, -1,
      1339, 1338, 1340, -1,
      1339, 1340, 1341, -1,
      1341, 1340, 1342, -1,
      1341, 1342, 1343, -1,
      1343, 1342, 1344, -1,
      1343, 1344, 1345, -1,
      1345, 1344, 1346, -1,
      1345, 1346, 1347, -1,
      1347, 1346, 1348, -1,
      1347, 1348, 1349, -1,
      1349, 1348, 1350, -1,
      1349, 1350, 1351, -1,
      1351, 1350, 1352, -1,
      1351, 1352, 1353, -1,
      1353, 1352, 1354, -1,
      1353, 1354, 1355, -1,
      1355, 1354, 1356, -1,
      1355, 1356, 1357, -1,
      1357, 1356, 1358, -1,
      1357, 1358, 1359, -1,
      1359, 1358, 1360, -1,
      1359, 1360, 1361, -1,
      1361, 1360, 1362, -1,
      1361, 1362, 1363, -1,
      1363, 1362, 1364, -1,
      1363, 1364, 1365, -1,
      1365, 1364, 1366, -1,
      1365, 1366, 1367, -1,
      1367, 1366, 1368, -1,
      1367, 1368, 1369, -1,
      1369, 1368, 1370, -1,
      1369, 1370, 1371, -1,
      1371, 1370, 1372, -1,
      1371, 1372, 1373, -1,
      1373, 1372, 1374, -1,
      1373, 1374, 1375, -1,
      1375, 1374, 1376, -1,
      1375, 1376, 1377, -1,
      1377, 1376, 1378, -1,
      1377, 1378, 1379, -1,
      1379, 1378, 1380, -1,
      1379, 1380, 1381, -1,
      1381, 1380, 1382, -1,
      1381, 1382, 1383, -1,
      1383, 1382, 1384, -1,
      1383, 1384, 1385, -1,
      1385, 1384, 1386, -1,
      1385, 1386, 1387, -1,
      1387, 1386, 1388, -1,
      1387, 1388, 1389, -1,
      1389, 1388, 1390, -1,
      1389, 1390, 1391, -1,
      1391, 1390, 1392, -1,
      1391, 1392, 1393, -1,
      1393, 1392, 1394, -1,
      1393, 1394, 1395, -1,
      1395, 1394, 1396, -1,
      1395, 1396, 1397, -1,
      1397, 1396, 1398, -1,
      1397, 1398, 1399, -1,
      1399, 1398, 1400, -1,
      1399, 1400, 1401, -1,
      1401, 1400, 1402, -1,
      1401, 1402, 1403, -1,
      1403, 1402, 1404, -1,
      1403, 1404, 1405, -1,
      1405, 1404, 1406, -1,
      1405, 1406, 1407, -1,
      1407, 1406, 1408, -1,
      1407, 1408, 1409, -1,
      1409, 1408, 1410, -1,
      1409, 1410, 1411, -1,
      1411, 1410, 1412, -1,
      1411, 1412, 1413, -1,
      1413, 1412, 1414, -1,
      1413, 1414, 1415, -1,
      1415, 1414, 1416, -1,
      1415, 1416, 1417, -1,
      1417, 1416, 1418, -1,
      1417, 1418, 1419, -1,
      1419, 1418, 1420, -1,
      1419, 1420, 1421, -1,
      1421, 1420, 1422, -1,
      1421, 1422, 1423, -1,
      1423, 1422, 1424, -1,
      1423, 1424, 1425, -1,
      1425, 1424, 1426, -1,
      1425, 1426, 1427, -1,
      1427, 1426, 1428, -1,
      1427, 1428, 1429, -1,
      1429, 1428, 1430, -1,
      1429, 1430, 1431, -1,
      1431, 1430, 1432, -1,
      1431, 1432, 1433, -1,
      1433, 1432, 1434, -1,
      1433, 1434, 1435, -1,
      1435, 1434, 1436, -1,
      1435, 1436, 1437, -1,
      1437, 1436, 1438, -1,
      1437, 1438, 1439, -1,
      1439, 1438, 1440, -1,
      1439, 1440, 1441, -1,
      1441, 1440, 1442, -1,
      1441, 1442, 1443, -1,
      1443, 1442, 1444, -1,
      1443, 1444, 1445, -1,
      1445, 1444, 1446, -1,
      1445, 1446, 1447, -1,
      1447, 1446, 1448, -1,
      1447, 1448, 1449, -1,
      1449, 1448, 1450, -1,
      1449, 1450, 1451, -1,
      1451, 1450, 1452, -1,
      1451, 1452, 1453, -1,
      1453, 1452, 1454, -1,
      1453, 1454, 1455, -1,
      1455, 1454, 1456, -1,
      1455, 1456, 1457, -1,
      1457, 1456, 1458, -1,
      1457, 1458, 1219, -1,
      1219, 1458, 1220, -1,
      1459, 875, 1460, -1,
      1460, 875, 877, -1,
      1460, 877, 1461, -1,
      877, 879, 1461, -1,
      1461, 879, 881, -1,
      1461, 881, 1462, -1,
      881, 883, 1462, -1,
      1462, 883, 885, -1,
      1462, 885, 1463, -1,
      1463, 885, 887, -1,
      1463, 887, 1464, -1,
      887, 889, 1464, -1,
      1464, 889, 891, -1,
      1464, 891, 1465, -1,
      891, 892, 1465, -1,
      1465, 892, 863, -1,
      1465, 863, 1466, -1,
      863, 865, 1466, -1,
      1466, 865, 867, -1,
      1466, 867, 1467, -1,
      1467, 867, 869, -1,
      1467, 869, 1468, -1,
      869, 870, 1468, -1,
      1468, 870, 857, -1,
      1468, 857, 1469, -1,
      857, 859, 1469, -1,
      1469, 859, 860, -1,
      1469, 860, 1470, -1,
      1470, 860, 853, -1,
      1470, 853, 1471, -1,
      853, 851, 1471, -1,
      1471, 851, 849, -1,
      1471, 849, 1472, -1,
      849, 847, 1472, -1,
      1472, 847, 845, -1,
      1472, 845, 1473, -1,
      1473, 845, 843, -1,
      1473, 843, 1474, -1,
      843, 841, 1474, -1,
      1474, 841, 839, -1,
      1474, 839, 1475, -1,
      839, 837, 1475, -1,
      1475, 837, 835, -1,
      1475, 835, 1476, -1,
      835, 833, 1476, -1,
      1476, 833, 831, -1,
      1476, 831, 1477, -1,
      1477, 831, 829, -1,
      1477, 829, 1478, -1,
      829, 828, 1478, -1,
      1478, 828, 819, -1,
      1478, 819, 1479, -1,
      819, 821, 1479, -1,
      1479, 821, 823, -1,
      1479, 823, 1480, -1,
      1480, 823, 825, -1,
      1480, 825, 1481, -1,
      1481, 825, 795, -1,
      1481, 795, 1482, -1,
      795, 797, 1482, -1,
      1482, 797, 799, -1,
      1482, 799, 1483, -1,
      1483, 799, 801, -1,
      1483, 801, 1484, -1,
      801, 803, 1484, -1,
      1484, 803, 805, -1,
      1484, 805, 1485, -1,
      805, 807, 1485, -1,
      1485, 807, 809, -1,
      1485, 809, 1486, -1,
      1486, 809, 811, -1,
      1486, 811, 1487, -1,
      811, 813, 1487, -1,
      1487, 813, 815, -1,
      1487, 815, 1488, -1,
      815, 816, 1488, -1,
      1488, 816, 787, -1,
      1488, 787, 1489, -1,
      787, 789, 1489, -1,
      1489, 789, 791, -1,
      1489, 791, 1490, -1,
      1490, 791, 793, -1,
      1490, 793, 1491, -1,
      793, 794, 1491, -1,
      1491, 794, 781, -1,
      1491, 781, 1492, -1,
      781, 783, 1492, -1,
      1492, 783, 1006, -1,
      1492, 1006, 1493, -1,
      1493, 1006, 1005, -1,
      1493, 1005, 1494, -1,
      1005, 1003, 1494, -1,
      1494, 1003, 1001, -1,
      1494, 1001, 1495, -1,
      1001, 999, 1495, -1,
      1495, 999, 997, -1,
      1495, 997, 1496, -1,
      1496, 997, 995, -1,
      1496, 995, 1497, -1,
      995, 993, 1497, -1,
      1497, 993, 991, -1,
      1497, 991, 1498, -1,
      991, 989, 1498, -1,
      1498, 989, 987, -1,
      1498, 987, 1499, -1,
      987, 985, 1499, -1,
      1499, 985, 983, -1,
      1499, 983, 1500, -1,
      1500, 983, 981, -1,
      1500, 981, 1501, -1,
      981, 980, 1501, -1,
      1501, 980, 971, -1,
      1501, 971, 1502, -1,
      971, 973, 1502, -1,
      1502, 973, 975, -1,
      1502, 975, 1503, -1,
      1503, 975, 977, -1,
      1503, 977, 1504, -1,
      1504, 977, 947, -1,
      1504, 947, 1505, -1,
      947, 949, 1505, -1,
      1505, 949, 951, -1,
      1505, 951, 1506, -1,
      1506, 951, 953, -1,
      1506, 953, 1507, -1,
      953, 955, 1507, -1,
      1507, 955, 957, -1,
      1507, 957, 1508, -1,
      957, 959, 1508, -1,
      1508, 959, 961, -1,
      1508, 961, 1509, -1,
      1509, 961, 963, -1,
      1509, 963, 1510, -1,
      963, 965, 1510, -1,
      1510, 965, 967, -1,
      1510, 967, 1511, -1,
      967, 968, 1511, -1,
      1511, 968, 939, -1,
      1511, 939, 1512, -1,
      939, 941, 1512, -1,
      1512, 941, 943, -1,
      1512, 943, 1513, -1,
      1513, 943, 945, -1,
      1513, 945, 1514, -1,
      945, 946, 1514, -1,
      1514, 946, 933, -1,
      1514, 933, 1515, -1,
      933, 935, 1515, -1,
      1515, 935, 936, -1,
      1515, 936, 1516, -1,
      1516, 936, 929, -1,
      1516, 929, 1517, -1,
      929, 927, 1517, -1,
      1517, 927, 925, -1,
      1517, 925, 1518, -1,
      925, 923, 1518, -1,
      1518, 923, 921, -1,
      1518, 921, 1519, -1,
      1519, 921, 919, -1,
      1519, 919, 1520, -1,
      919, 917, 1520, -1,
      1520, 917, 915, -1,
      1520, 915, 1521, -1,
      915, 913, 1521, -1,
      1521, 913, 911, -1,
      1521, 911, 1522, -1,
      911, 909, 1522, -1,
      1522, 909, 907, -1,
      1522, 907, 1523, -1,
      1523, 907, 905, -1,
      1523, 905, 1524, -1,
      905, 904, 1524, -1,
      1524, 904, 895, -1,
      1524, 895, 1525, -1,
      895, 897, 1525, -1,
      1525, 897, 899, -1,
      1525, 899, 1526, -1,
      1526, 899, 901, -1,
      1526, 901, 1527, -1,
      1527, 901, 871, -1,
      1527, 871, 1459, -1,
      1459, 871, 873, -1,
      1459, 873, 875, -1,
      1526, 1528, 1525, -1,
      1525, 1528, 1529, -1,
      1525, 1529, 1524, -1,
      1524, 1529, 1530, -1,
      1524, 1530, 1523, -1,
      1523, 1530, 1531, -1,
      1523, 1531, 1522, -1,
      1522, 1531, 1532, -1,
      1522, 1532, 1521, -1,
      1521, 1532, 1533, -1,
      1521, 1533, 1520, -1,
      1520, 1533, 1534, -1,
      1520, 1534, 1519, -1,
      1519, 1534, 1535, -1,
      1519, 1535, 1518, -1,
      1518, 1535, 1536, -1,
      1518, 1536, 1517, -1,
      1517, 1536, 1537, -1,
      1517, 1537, 1516, -1,
      1516, 1537, 1538, -1,
      1516, 1538, 1515, -1,
      1515, 1538, 1539, -1,
      1515, 1539, 1514, -1,
      1514, 1539, 1540, -1,
      1514, 1540, 1513, -1,
      1513, 1540, 1541, -1,
      1513, 1541, 1512, -1,
      1512, 1541, 1542, -1,
      1512, 1542, 1511, -1,
      1511, 1542, 1543, -1,
      1511, 1543, 1510, -1,
      1510, 1543, 1544, -1,
      1510, 1544, 1509, -1,
      1509, 1544, 1545, -1,
      1509, 1545, 1508, -1,
      1508, 1545, 1546, -1,
      1508, 1546, 1507, -1,
      1507, 1546, 1547, -1,
      1507, 1547, 1506, -1,
      1506, 1547, 1548, -1,
      1506, 1548, 1505, -1,
      1505, 1548, 1549, -1,
      1505, 1549, 1504, -1,
      1504, 1549, 1550, -1,
      1504, 1550, 1503, -1,
      1503, 1550, 1551, -1,
      1503, 1551, 1502, -1,
      1502, 1551, 1552, -1,
      1502, 1552, 1501, -1,
      1501, 1552, 1553, -1,
      1501, 1553, 1500, -1,
      1500, 1553, 1554, -1,
      1500, 1554, 1499, -1,
      1499, 1554, 1555, -1,
      1499, 1555, 1498, -1,
      1498, 1555, 1556, -1,
      1498, 1556, 1497, -1,
      1497, 1556, 1557, -1,
      1497, 1557, 1496, -1,
      1496, 1557, 1558, -1,
      1496, 1558, 1495, -1,
      1495, 1558, 1559, -1,
      1495, 1559, 1494, -1,
      1494, 1559, 1560, -1,
      1494, 1560, 1493, -1,
      1493, 1560, 1561, -1,
      1493, 1561, 1492, -1,
      1492, 1561, 1562, -1,
      1492, 1562, 1491, -1,
      1491, 1562, 1563, -1,
      1491, 1563, 1490, -1,
      1490, 1563, 1564, -1,
      1490, 1564, 1489, -1,
      1489, 1564, 1565, -1,
      1489, 1565, 1488, -1,
      1488, 1565, 1566, -1,
      1488, 1566, 1487, -1,
      1487, 1566, 1567, -1,
      1487, 1567, 1486, -1,
      1486, 1567, 1568, -1,
      1486, 1568, 1485, -1,
      1485, 1568, 1569, -1,
      1485, 1569, 1484, -1,
      1484, 1569, 1570, -1,
      1484, 1570, 1483, -1,
      1483, 1570, 1571, -1,
      1483, 1571, 1482, -1,
      1482, 1571, 1572, -1,
      1482, 1572, 1481, -1,
      1481, 1572, 1573, -1,
      1481, 1573, 1480, -1,
      1480, 1573, 1574, -1,
      1480, 1574, 1479, -1,
      1479, 1574, 1575, -1,
      1479, 1575, 1478, -1,
      1478, 1575, 1576, -1,
      1478, 1576, 1477, -1,
      1477, 1576, 1577, -1,
      1477, 1577, 1476, -1,
      1476, 1577, 1578, -1,
      1476, 1578, 1475, -1,
      1475, 1578, 1579, -1,
      1475, 1579, 1474, -1,
      1474, 1579, 1580, -1,
      1474, 1580, 1473, -1,
      1473, 1580, 1581, -1,
      1473, 1581, 1472, -1,
      1472, 1581, 1582, -1,
      1472, 1582, 1471, -1,
      1471, 1582, 1583, -1,
      1471, 1583, 1470, -1,
      1470, 1583, 1584, -1,
      1470, 1584, 1469, -1,
      1469, 1584, 1585, -1,
      1469, 1585, 1468, -1,
      1468, 1585, 1586, -1,
      1468, 1586, 1467, -1,
      1467, 1586, 1587, -1,
      1467, 1587, 1466, -1,
      1466, 1587, 1588, -1,
      1466, 1588, 1465, -1,
      1465, 1588, 1589, -1,
      1465, 1589, 1464, -1,
      1464, 1589, 1590, -1,
      1464, 1590, 1463, -1,
      1463, 1590, 1591, -1,
      1463, 1591, 1462, -1,
      1462, 1591, 1592, -1,
      1462, 1592, 1461, -1,
      1461, 1592, 1593, -1,
      1461, 1593, 1460, -1,
      1460, 1593, 1594, -1,
      1460, 1594, 1459, -1,
      1459, 1594, 1595, -1,
      1459, 1595, 1527, -1,
      1527, 1595, 1596, -1,
      1527, 1596, 1526, -1,
      1526, 1596, 1528, -1,
      1528, 1597, 1529, -1,
      1529, 1597, 1598, -1,
      1529, 1598, 1530, -1,
      1530, 1598, 1599, -1,
      1530, 1599, 1531, -1,
      1531, 1599, 1600, -1,
      1531, 1600, 1532, -1,
      1532, 1600, 1601, -1,
      1532, 1601, 1533, -1,
      1533, 1601, 1602, -1,
      1533, 1602, 1534, -1,
      1534, 1602, 1603, -1,
      1534, 1603, 1535, -1,
      1535, 1603, 1604, -1,
      1535, 1604, 1536, -1,
      1536, 1604, 1605, -1,
      1536, 1605, 1537, -1,
      1537, 1605, 1606, -1,
      1537, 1606, 1538, -1,
      1538, 1606, 1607, -1,
      1538, 1607, 1539, -1,
      1539, 1607, 1608, -1,
      1539, 1608, 1540, -1,
      1540, 1608, 1609, -1,
      1540, 1609, 1541, -1,
      1541, 1609, 1610, -1,
      1541, 1610, 1542, -1,
      1542, 1610, 1611, -1,
      1542, 1611, 1543, -1,
      1543, 1611, 1612, -1,
      1543, 1612, 1544, -1,
      1544, 1612, 1613, -1,
      1544, 1613, 1545, -1,
      1545, 1613, 1614, -1,
      1545, 1614, 1546, -1,
      1546, 1614, 1615, -1,
      1546, 1615, 1547, -1,
      1547, 1615, 1616, -1,
      1547, 1616, 1548, -1,
      1548, 1616, 1617, -1,
      1548, 1617, 1549, -1,
      1549, 1617, 1618, -1,
      1549, 1618, 1550, -1,
      1550, 1618, 1619, -1,
      1550, 1619, 1551, -1,
      1551, 1619, 1620, -1,
      1551, 1620, 1552, -1,
      1552, 1620, 1621, -1,
      1552, 1621, 1553, -1,
      1553, 1621, 1622, -1,
      1553, 1622, 1554, -1,
      1554, 1622, 1623, -1,
      1554, 1623, 1555, -1,
      1555, 1623, 1624, -1,
      1555, 1624, 1556, -1,
      1556, 1624, 1625, -1,
      1556, 1625, 1557, -1,
      1557, 1625, 1626, -1,
      1557, 1626, 1558, -1,
      1558, 1626, 1627, -1,
      1558, 1627, 1559, -1,
      1559, 1627, 1628, -1,
      1559, 1628, 1560, -1,
      1560, 1628, 1629, -1,
      1560, 1629, 1561, -1,
      1561, 1629, 1630, -1,
      1561, 1630, 1562, -1,
      1562, 1630, 1631, -1,
      1562, 1631, 1563, -1,
      1563, 1631, 1632, -1,
      1563, 1632, 1564, -1,
      1564, 1632, 1633, -1,
      1564, 1633, 1565, -1,
      1565, 1633, 1634, -1,
      1565, 1634, 1566, -1,
      1566, 1634, 1635, -1,
      1566, 1635, 1567, -1,
      1567, 1635, 1636, -1,
      1567, 1636, 1568, -1,
      1568, 1636, 1637, -1,
      1568, 1637, 1569, -1,
      1569, 1637, 1638, -1,
      1569, 1638, 1570, -1,
      1570, 1638, 1639, -1,
      1570, 1639, 1571, -1,
      1571, 1639, 1640, -1,
      1571, 1640, 1572, -1,
      1572, 1640, 1641, -1,
      1572, 1641, 1573, -1,
      1573, 1641, 1642, -1,
      1573, 1642, 1574, -1,
      1574, 1642, 1643, -1,
      1574, 1643, 1575, -1,
      1575, 1643, 1644, -1,
      1575, 1644, 1576, -1,
      1576, 1644, 1645, -1,
      1576, 1645, 1577, -1,
      1577, 1645, 1646, -1,
      1577, 1646, 1578, -1,
      1578, 1646, 1647, -1,
      1578, 1647, 1579, -1,
      1579, 1647, 1648, -1,
      1579, 1648, 1580, -1,
      1580, 1648, 1649, -1,
      1580, 1649, 1581, -1,
      1581, 1649, 1650, -1,
      1581, 1650, 1582, -1,
      1582, 1650, 1651, -1,
      1582, 1651, 1583, -1,
      1583, 1651, 1652, -1,
      1583, 1652, 1584, -1,
      1584, 1652, 1653, -1,
      1584, 1653, 1585, -1,
      1585, 1653, 1654, -1,
      1585, 1654, 1586, -1,
      1586, 1654, 1655, -1,
      1586, 1655, 1587, -1,
      1587, 1655, 1656, -1,
      1587, 1656, 1588, -1,
      1588, 1656, 1657, -1,
      1588, 1657, 1589, -1,
      1589, 1657, 1658, -1,
      1589, 1658, 1590, -1,
      1590, 1658, 1659, -1,
      1590, 1659, 1591, -1,
      1591, 1659, 1660, -1,
      1591, 1660, 1592, -1,
      1592, 1660, 1661, -1,
      1592, 1661, 1593, -1,
      1593, 1661, 1662, -1,
      1593, 1662, 1594, -1,
      1594, 1662, 1663, -1,
      1594, 1663, 1595, -1,
      1595, 1663, 1664, -1,
      1595, 1664, 1596, -1,
      1596, 1664, 1665, -1,
      1596, 1665, 1528, -1,
      1528, 1665, 1597, -1,
      1597, 1666, 1598, -1,
      1598, 1666, 1667, -1,
      1598, 1667, 1599, -1,
      1599, 1667, 1668, -1,
      1599, 1668, 1600, -1,
      1600, 1668, 1669, -1,
      1600, 1669, 1601, -1,
      1601, 1669, 1670, -1,
      1601, 1670, 1602, -1,
      1602, 1670, 1671, -1,
      1602, 1671, 1603, -1,
      1603, 1671, 1672, -1,
      1603, 1672, 1604, -1,
      1604, 1672, 1673, -1,
      1604, 1673, 1605, -1,
      1605, 1673, 1674, -1,
      1605, 1674, 1606, -1,
      1606, 1674, 1675, -1,
      1606, 1675, 1607, -1,
      1607, 1675, 1676, -1,
      1607, 1676, 1608, -1,
      1608, 1676, 1677, -1,
      1608, 1677, 1609, -1,
      1609, 1677, 1678, -1,
      1609, 1678, 1610, -1,
      1610, 1678, 1679, -1,
      1610, 1679, 1611, -1,
      1611, 1679, 1680, -1,
      1611, 1680, 1612, -1,
      1612, 1680, 1681, -1,
      1612, 1681, 1613, -1,
      1613, 1681, 1682, -1,
      1613, 1682, 1614, -1,
      1614, 1682, 1683, -1,
      1614, 1683, 1615, -1,
      1615, 1683, 1684, -1,
      1615, 1684, 1616, -1,
      1616, 1684, 1685, -1,
      1616, 1685, 1617, -1,
      1617, 1685, 1686, -1,
      1617, 1686, 1618, -1,
      1618, 1686, 1687, -1,
      1618, 1687, 1619, -1,
      1619, 1687, 1688, -1,
      1619, 1688, 1620, -1,
      1620, 1688, 1689, -1,
      1620, 1689, 1621, -1,
      1621, 1689, 1690, -1,
      1621, 1690, 1622, -1,
      1622, 1690, 1691, -1,
      1622, 1691, 1623, -1,
      1623, 1691, 1692, -1,
      1623, 1692, 1624, -1,
      1624, 1692, 1693, -1,
      1624, 1693, 1625, -1,
      1625, 1693, 1694, -1,
      1625, 1694, 1626, -1,
      1626, 1694, 1695, -1,
      1626, 1695, 1627, -1,
      1627, 1695, 1696, -1,
      1627, 1696, 1628, -1,
      1628, 1696, 1697, -1,
      1628, 1697, 1629, -1,
      1629, 1697, 1698, -1,
      1629, 1698, 1630, -1,
      1630, 1698, 1699, -1,
      1630, 1699, 1631, -1,
      1631, 1699, 1700, -1,
      1631, 1700, 1632, -1,
      1632, 1700, 1701, -1,
      1632, 1701, 1633, -1,
      1633, 1701, 1702, -1,
      1633, 1702, 1634, -1,
      1634, 1702, 1703, -1,
      1634, 1703, 1635, -1,
      1635, 1703, 1704, -1,
      1635, 1704, 1636, -1,
      1636, 1704, 1705, -1,
      1636, 1705, 1637, -1,
      1637, 1705, 1706, -1,
      1637, 1706, 1638, -1,
      1638, 1706, 1707, -1,
      1638, 1707, 1639, -1,
      1639, 1707, 1708, -1,
      1639, 1708, 1640, -1,
      1640, 1708, 1709, -1,
      1640, 1709, 1641, -1,
      1641, 1709, 1710, -1,
      1641, 1710, 1642, -1,
      1642, 1710, 1711, -1,
      1642, 1711, 1643, -1,
      1643, 1711, 1712, -1,
      1643, 1712, 1644, -1,
      1644, 1712, 1713, -1,
      1644, 1713, 1645, -1,
      1645, 1713, 1714, -1,
      1645, 1714, 1646, -1,
      1646, 1714, 1715, -1,
      1646, 1715, 1647, -1,
      1647, 1715, 1716, -1,
      1647, 1716, 1648, -1,
      1648, 1716, 1717, -1,
      1648, 1717, 1649, -1,
      1649, 1717, 1718, -1,
      1649, 1718, 1650, -1,
      1650, 1718, 1719, -1,
      1650, 1719, 1651, -1,
      1651, 1719, 1720, -1,
      1651, 1720, 1652, -1,
      1652, 1720, 1721, -1,
      1652, 1721, 1653, -1,
      1653, 1721, 1722, -1,
      1653, 1722, 1654, -1,
      1654, 1722, 1723, -1,
      1654, 1723, 1655, -1,
      1655, 1723, 1724, -1,
      1655, 1724, 1656, -1,
      1656, 1724, 1725, -1,
      1656, 1725, 1657, -1,
      1657, 1725, 1726, -1,
      1657, 1726, 1658, -1,
      1658, 1726, 1727, -1,
      1658, 1727, 1659, -1,
      1659, 1727, 1728, -1,
      1659, 1728, 1660, -1,
      1660, 1728, 1729, -1,
      1660, 1729, 1661, -1,
      1661, 1729, 1730, -1,
      1661, 1730, 1662, -1,
      1662, 1730, 1731, -1,
      1662, 1731, 1663, -1,
      1663, 1731, 1732, -1,
      1663, 1732, 1664, -1,
      1664, 1732, 1733, -1,
      1664, 1733, 1665, -1,
      1665, 1733, 1734, -1,
      1665, 1734, 1597, -1,
      1597, 1734, 1666, -1,
      1666, 1735, 1667, -1,
      1667, 1735, 1736, -1,
      1667, 1736, 1668, -1,
      1668, 1736, 1737, -1,
      1668, 1737, 1669, -1,
      1669, 1737, 1738, -1,
      1669, 1738, 1670, -1,
      1670, 1738, 1739, -1,
      1670, 1739, 1671, -1,
      1671, 1739, 1740, -1,
      1671, 1740, 1672, -1,
      1672, 1740, 1741, -1,
      1672, 1741, 1673, -1,
      1673, 1741, 1742, -1,
      1673, 1742, 1674, -1,
      1674, 1742, 1743, -1,
      1674, 1743, 1675, -1,
      1675, 1743, 1744, -1,
      1675, 1744, 1676, -1,
      1676, 1744, 1745, -1,
      1676, 1745, 1677, -1,
      1677, 1745, 1746, -1,
      1677, 1746, 1678, -1,
      1678, 1746, 1747, -1,
      1678, 1747, 1679, -1,
      1679, 1747, 1748, -1,
      1679, 1748, 1680, -1,
      1680, 1748, 1749, -1,
      1680, 1749, 1681, -1,
      1681, 1749, 1750, -1,
      1681, 1750, 1682, -1,
      1682, 1750, 1751, -1,
      1682, 1751, 1683, -1,
      1683, 1751, 1752, -1,
      1683, 1752, 1684, -1,
      1684, 1752, 1753, -1,
      1684, 1753, 1685, -1,
      1685, 1753, 1754, -1,
      1685, 1754, 1686, -1,
      1686, 1754, 1755, -1,
      1686, 1755, 1687, -1,
      1687, 1755, 1756, -1,
      1687, 1756, 1688, -1,
      1688, 1756, 1757, -1,
      1688, 1757, 1689, -1,
      1689, 1757, 1758, -1,
      1689, 1758, 1690, -1,
      1690, 1758, 1759, -1,
      1690, 1759, 1691, -1,
      1691, 1759, 1760, -1,
      1691, 1760, 1692, -1,
      1692, 1760, 1761, -1,
      1692, 1761, 1693, -1,
      1693, 1761, 1762, -1,
      1693, 1762, 1694, -1,
      1694, 1762, 1763, -1,
      1694, 1763, 1695, -1,
      1695, 1763, 1764, -1,
      1695, 1764, 1696, -1,
      1696, 1764, 1765, -1,
      1696, 1765, 1697, -1,
      1697, 1765, 1766, -1,
      1697, 1766, 1698, -1,
      1698, 1766, 1767, -1,
      1698, 1767, 1699, -1,
      1699, 1767, 1768, -1,
      1699, 1768, 1700, -1,
      1700, 1768, 1769, -1,
      1700, 1769, 1701, -1,
      1701, 1769, 1770, -1,
      1701, 1770, 1702, -1,
      1702, 1770, 1771, -1,
      1702, 1771, 1703, -1,
      1703, 1771, 1772, -1,
      1703, 1772, 1704, -1,
      1704, 1772, 1773, -1,
      1704, 1773, 1705, -1,
      1705, 1773, 1774, -1,
      1705, 1774, 1706, -1,
      1706, 1774, 1775, -1,
      1706, 1775, 1707, -1,
      1707, 1775, 1776, -1,
      1707, 1776, 1708, -1,
      1708, 1776, 1777, -1,
      1708, 1777, 1709, -1,
      1709, 1777, 1778, -1,
      1709, 1778, 1710, -1,
      1710, 1778, 1779, -1,
      1710, 1779, 1711, -1,
      1711, 1779, 1780, -1,
      1711, 1780, 1712, -1,
      1712, 1780, 1781, -1,
      1712, 1781, 1713, -1,
      1713, 1781, 1782, -1,
      1713, 1782, 1714, -1,
      1714, 1782, 1783, -1,
      1714, 1783, 1715, -1,
      1715, 1783, 1784, -1,
      1715, 1784, 1716, -1,
      1716, 1784, 1785, -1,
      1716, 1785, 1717, -1,
      1717, 1785, 1786, -1,
      1717, 1786, 1718, -1,
      1718, 1786, 1787, -1,
      1718, 1787, 1719, -1,
      1719, 1787, 1788, -1,
      1719, 1788, 1720, -1,
      1720, 1788, 1789, -1,
      1720, 1789, 1721, -1,
      1721, 1789, 1790, -1,
      1721, 1790, 1722, -1,
      1722, 1790, 1791, -1,
      1722, 1791, 1723, -1,
      1723, 1791, 1792, -1,
      1723, 1792, 1724, -1,
      1724, 1792, 1793, -1,
      1724, 1793, 1725, -1,
      1725, 1793, 1794, -1,
      1725, 1794, 1726, -1,
      1726, 1794, 1795, -1,
      1726, 1795, 1727, -1,
      1727, 1795, 1796, -1,
      1727, 1796, 1728, -1,
      1728, 1796, 1797, -1,
      1728, 1797, 1729, -1,
      1729, 1797, 1798, -1,
      1729, 1798, 1730, -1,
      1730, 1798, 1799, -1,
      1730, 1799, 1731, -1,
      1731, 1799, 1800, -1,
      1731, 1800, 1732, -1,
      1732, 1800, 1801, -1,
      1732, 1801, 1733, -1,
      1733, 1801, 1802, -1,
      1733, 1802, 1734, -1,
      1734, 1802, 1803, -1,
      1734, 1803, 1666, -1,
      1666, 1803, 1735, -1,
      1735, 1043, 1736, -1,
      1736, 1043, 1045, -1,
      1736, 1045, 1737, -1,
      1737, 1045, 1047, -1,
      1737, 1047, 1738, -1,
      1738, 1047, 1049, -1,
      1738, 1049, 1739, -1,
      1739, 1049, 1051, -1,
      1739, 1051, 1740, -1,
      1740, 1051, 1053, -1,
      1740, 1053, 1741, -1,
      1741, 1053, 1055, -1,
      1741, 1055, 1742, -1,
      1742, 1055, 1057, -1,
      1742, 1057, 1743, -1,
      1743, 1057, 1059, -1,
      1743, 1059, 1744, -1,
      1744, 1059, 1061, -1,
      1744, 1061, 1745, -1,
      1745, 1061, 1063, -1,
      1745, 1063, 1746, -1,
      1746, 1063, 1065, -1,
      1746, 1065, 1747, -1,
      1747, 1065, 1067, -1,
      1747, 1067, 1748, -1,
      1748, 1067, 1069, -1,
      1748, 1069, 1749, -1,
      1749, 1069, 1071, -1,
      1749, 1071, 1750, -1,
      1750, 1071, 1073, -1,
      1750, 1073, 1751, -1,
      1751, 1073, 1075, -1,
      1751, 1075, 1752, -1,
      1752, 1075, 1078, -1,
      1752, 1078, 1753, -1,
      1753, 1078, 1080, -1,
      1753, 1080, 1754, -1,
      1754, 1080, 1082, -1,
      1754, 1082, 1755, -1,
      1755, 1082, 1084, -1,
      1755, 1084, 1756, -1,
      1756, 1084, 1086, -1,
      1756, 1086, 1757, -1,
      1757, 1086, 1088, -1,
      1757, 1088, 1758, -1,
      1758, 1088, 1090, -1,
      1758, 1090, 1759, -1,
      1759, 1090, 1092, -1,
      1759, 1092, 1760, -1,
      1760, 1092, 1094, -1,
      1760, 1094, 1761, -1,
      1761, 1094, 1096, -1,
      1761, 1096, 1762, -1,
      1762, 1096, 1098, -1,
      1762, 1098, 1763, -1,
      1763, 1098, 1100, -1,
      1763, 1100, 1764, -1,
      1764, 1100, 1102, -1,
      1764, 1102, 1765, -1,
      1765, 1102, 1104, -1,
      1765, 1104, 1766, -1,
      1766, 1104, 1106, -1,
      1766, 1106, 1767, -1,
      1767, 1106, 1108, -1,
      1767, 1108, 1768, -1,
      1768, 1108, 1110, -1,
      1768, 1110, 1769, -1,
      1769, 1110, 1112, -1,
      1769, 1112, 1770, -1,
      1770, 1112, 1114, -1,
      1770, 1114, 1771, -1,
      1771, 1114, 1116, -1,
      1771, 1116, 1772, -1,
      1772, 1116, 1118, -1,
      1772, 1118, 1773, -1,
      1773, 1118, 1120, -1,
      1773, 1120, 1774, -1,
      1774, 1120, 1122, -1,
      1774, 1122, 1775, -1,
      1775, 1122, 1124, -1,
      1775, 1124, 1776, -1,
      1776, 1124, 1126, -1,
      1776, 1126, 1777, -1,
      1777, 1126, 1128, -1,
      1777, 1128, 1778, -1,
      1778, 1128, 1130, -1,
      1778, 1130, 1779, -1,
      1779, 1130, 1132, -1,
      1779, 1132, 1780, -1,
      1780, 1132, 1134, -1,
      1780, 1134, 1781, -1,
      1781, 1134, 1136, -1,
      1781, 1136, 1782, -1,
      1782, 1136, 1138, -1,
      1782, 1138, 1783, -1,
      1783, 1138, 1140, -1,
      1783, 1140, 1784, -1,
      1784, 1140, 1142, -1,
      1784, 1142, 1785, -1,
      1785, 1142, 1144, -1,
      1785, 1144, 1786, -1,
      1786, 1144, 1007, -1,
      1786, 1007, 1787, -1,
      1787, 1007, 1009, -1,
      1787, 1009, 1788, -1,
      1788, 1009, 1011, -1,
      1788, 1011, 1789, -1,
      1789, 1011, 1013, -1,
      1789, 1013, 1790, -1,
      1790, 1013, 1015, -1,
      1790, 1015, 1791, -1,
      1791, 1015, 1017, -1,
      1791, 1017, 1792, -1,
      1792, 1017, 1019, -1,
      1792, 1019, 1793, -1,
      1793, 1019, 1021, -1,
      1793, 1021, 1794, -1,
      1794, 1021, 1023, -1,
      1794, 1023, 1795, -1,
      1795, 1023, 1025, -1,
      1795, 1025, 1796, -1,
      1796, 1025, 1027, -1,
      1796, 1027, 1797, -1,
      1797, 1027, 1029, -1,
      1797, 1029, 1798, -1,
      1798, 1029, 1031, -1,
      1798, 1031, 1799, -1,
      1799, 1031, 1033, -1,
      1799, 1033, 1800, -1,
      1800, 1033, 1035, -1,
      1800, 1035, 1801, -1,
      1801, 1035, 1037, -1,
      1801, 1037, 1802, -1,
      1802, 1037, 1039, -1,
      1802, 1039, 1803, -1,
      1803, 1039, 1041, -1,
      1803, 1041, 1735, -1,
      1735, 1041, 1043, -1,
      1804, 780, 1805, -1,
      1805, 780, 779, -1,
      1805, 779, 1806, -1,
      779, 792, 1806, -1,
      1806, 792, 790, -1,
      1806, 790, 1807, -1,
      790, 788, 1807, -1,
      1807, 788, 786, -1,
      1807, 786, 1808, -1,
      1808, 786, 785, -1,
      1808, 785, 1809, -1,
      785, 814, 1809, -1,
      1809, 814, 812, -1,
      1809, 812, 1810, -1,
      812, 810, 1810, -1,
      1810, 810, 808, -1,
      1810, 808, 1811, -1,
      808, 806, 1811, -1,
      1811, 806, 804, -1,
      1811, 804, 1812, -1,
      1812, 804, 802, -1,
      1812, 802, 1813, -1,
      802, 800, 1813, -1,
      1813, 800, 798, -1,
      1813, 798, 1814, -1,
      798, 796, 1814, -1,
      1814, 796, 827, -1,
      1814, 827, 1815, -1,
      1815, 827, 826, -1,
      1815, 826, 1816, -1,
      826, 824, 1816, -1,
      1816, 824, 822, -1,
      1816, 822, 1817, -1,
      822, 820, 1817, -1,
      1817, 820, 818, -1,
      1817, 818, 1818, -1,
      1818, 818, 817, -1,
      1818, 817, 1819, -1,
      817, 830, 1819, -1,
      1819, 830, 832, -1,
      1819, 832, 1820, -1,
      832, 834, 1820, -1,
      1820, 834, 836, -1,
      1820, 836, 1821, -1,
      836, 838, 1821, -1,
      1821, 838, 840, -1,
      1821, 840, 1822, -1,
      1822, 840, 842, -1,
      1822, 842, 1823, -1,
      842, 844, 1823, -1,
      1823, 844, 846, -1,
      1823, 846, 1824, -1,
      846, 848, 1824, -1,
      1824, 848, 850, -1,
      1824, 850, 1825, -1,
      1825, 850, 852, -1,
      1825, 852, 1826, -1,
      1826, 852, 854, -1,
      1826, 854, 1827, -1,
      854, 858, 1827, -1,
      1827, 858, 856, -1,
      1827, 856, 1828, -1,
      1828, 856, 855, -1,
      1828, 855, 1829, -1,
      855, 868, 1829, -1,
      1829, 868, 866, -1,
      1829, 866, 1830, -1,
      866, 864, 1830, -1,
      1830, 864, 862, -1,
      1830, 862, 1831, -1,
      1831, 862, 861, -1,
      1831, 861, 1832, -1,
      861, 890, 1832, -1,
      1832, 890, 888, -1,
      1832, 888, 1833, -1,
      888, 886, 1833, -1,
      1833, 886, 884, -1,
      1833, 884, 1834, -1,
      884, 882, 1834, -1,
      1834, 882, 880, -1,
      1834, 880, 1835, -1,
      1835, 880, 878, -1,
      1835, 878, 1836, -1,
      878, 876, 1836, -1,
      1836, 876, 874, -1,
      1836, 874, 1837, -1,
      874, 872, 1837, -1,
      1837, 872, 903, -1,
      1837, 903, 1838, -1,
      1838, 903, 902, -1,
      1838, 902, 1839, -1,
      902, 900, 1839, -1,
      1839, 900, 898, -1,
      1839, 898, 1840, -1,
      898, 896, 1840, -1,
      1840, 896, 894, -1,
      1840, 894, 1841, -1,
      1841, 894, 893, -1,
      1841, 893, 1842, -1,
      893, 906, 1842, -1,
      1842, 906, 908, -1,
      1842, 908, 1843, -1,
      908, 910, 1843, -1,
      1843, 910, 912, -1,
      1843, 912, 1844, -1,
      912, 914, 1844, -1,
      1844, 914, 916, -1,
      1844, 916, 1845, -1,
      1845, 916, 918, -1,
      1845, 918, 1846, -1,
      918, 920, 1846, -1,
      1846, 920, 922, -1,
      1846, 922, 1847, -1,
      922, 924, 1847, -1,
      1847, 924, 926, -1,
      1847, 926, 1848, -1,
      1848, 926, 928, -1,
      1848, 928, 1849, -1,
      1849, 928, 930, -1,
      1849, 930, 1850, -1,
      930, 934, 1850, -1,
      1850, 934, 932, -1,
      1850, 932, 1851, -1,
      1851, 932, 931, -1,
      1851, 931, 1852, -1,
      931, 944, 1852, -1,
      1852, 944, 942, -1,
      1852, 942, 1853, -1,
      942, 940, 1853, -1,
      1853, 940, 938, -1,
      1853, 938, 1854, -1,
      1854, 938, 937, -1,
      1854, 937, 1855, -1,
      937, 966, 1855, -1,
      1855, 966, 964, -1,
      1855, 964, 1856, -1,
      964, 962, 1856, -1,
      1856, 962, 960, -1,
      1856, 960, 1857, -1,
      960, 958, 1857, -1,
      1857, 958, 956, -1,
      1857, 956, 1858, -1,
      1858, 956, 954, -1,
      1858, 954, 1859, -1,
      954, 952, 1859, -1,
      1859, 952, 950, -1,
      1859, 950, 1860, -1,
      950, 948, 1860, -1,
      1860, 948, 979, -1,
      1860, 979, 1861, -1,
      1861, 979, 978, -1,
      1861, 978, 1862, -1,
      978, 976, 1862, -1,
      1862, 976, 974, -1,
      1862, 974, 1863, -1,
      974, 972, 1863, -1,
      1863, 972, 970, -1,
      1863, 970, 1864, -1,
      1864, 970, 969, -1,
      1864, 969, 1865, -1,
      969, 982, 1865, -1,
      1865, 982, 984, -1,
      1865, 984, 1866, -1,
      984, 986, 1866, -1,
      1866, 986, 988, -1,
      1866, 988, 1867, -1,
      988, 990, 1867, -1,
      1867, 990, 992, -1,
      1867, 992, 1868, -1,
      1868, 992, 994, -1,
      1868, 994, 1869, -1,
      994, 996, 1869, -1,
      1869, 996, 998, -1,
      1869, 998, 1870, -1,
      998, 1000, 1870, -1,
      1870, 1000, 1002, -1,
      1870, 1002, 1871, -1,
      1871, 1002, 1004, -1,
      1871, 1004, 1872, -1,
      1872, 1004, 784, -1,
      1872, 784, 1804, -1,
      1804, 784, 782, -1,
      1804, 782, 780, -1,
      1871, 1873, 1870, -1,
      1870, 1873, 1874, -1,
      1870, 1874, 1869, -1,
      1869, 1874, 1875, -1,
      1869, 1875, 1868, -1,
      1868, 1875, 1876, -1,
      1868, 1876, 1867, -1,
      1867, 1876, 1877, -1,
      1867, 1877, 1866, -1,
      1866, 1877, 1878, -1,
      1866, 1878, 1865, -1,
      1865, 1878, 1879, -1,
      1865, 1879, 1864, -1,
      1864, 1879, 1880, -1,
      1864, 1880, 1863, -1,
      1863, 1880, 1881, -1,
      1863, 1881, 1862, -1,
      1862, 1881, 1882, -1,
      1862, 1882, 1861, -1,
      1861, 1882, 1883, -1,
      1861, 1883, 1860, -1,
      1860, 1883, 1884, -1,
      1860, 1884, 1859, -1,
      1859, 1884, 1885, -1,
      1859, 1885, 1858, -1,
      1858, 1885, 1886, -1,
      1858, 1886, 1857, -1,
      1857, 1886, 1887, -1,
      1857, 1887, 1856, -1,
      1856, 1887, 1888, -1,
      1856, 1888, 1855, -1,
      1855, 1888, 1889, -1,
      1855, 1889, 1854, -1,
      1854, 1889, 1890, -1,
      1854, 1890, 1853, -1,
      1853, 1890, 1891, -1,
      1853, 1891, 1852, -1,
      1852, 1891, 1892, -1,
      1852, 1892, 1851, -1,
      1851, 1892, 1893, -1,
      1851, 1893, 1850, -1,
      1850, 1893, 1894, -1,
      1850, 1894, 1849, -1,
      1849, 1894, 1895, -1,
      1849, 1895, 1848, -1,
      1848, 1895, 1896, -1,
      1848, 1896, 1847, -1,
      1847, 1896, 1897, -1,
      1847, 1897, 1846, -1,
      1846, 1897, 1898, -1,
      1846, 1898, 1845, -1,
      1845, 1898, 1899, -1,
      1845, 1899, 1844, -1,
      1844, 1899, 1900, -1,
      1844, 1900, 1843, -1,
      1843, 1900, 1901, -1,
      1843, 1901, 1842, -1,
      1842, 1901, 1902, -1,
      1842, 1902, 1841, -1,
      1841, 1902, 1903, -1,
      1841, 1903, 1840, -1,
      1840, 1903, 1904, -1,
      1840, 1904, 1839, -1,
      1839, 1904, 1905, -1,
      1839, 1905, 1838, -1,
      1838, 1905, 1906, -1,
      1838, 1906, 1837, -1,
      1837, 1906, 1907, -1,
      1837, 1907, 1836, -1,
      1836, 1907, 1908, -1,
      1836, 1908, 1835, -1,
      1835, 1908, 1909, -1,
      1835, 1909, 1834, -1,
      1834, 1909, 1910, -1,
      1834, 1910, 1833, -1,
      1833, 1910, 1911, -1,
      1833, 1911, 1832, -1,
      1832, 1911, 1912, -1,
      1832, 1912, 1831, -1,
      1831, 1912, 1913, -1,
      1831, 1913, 1830, -1,
      1830, 1913, 1914, -1,
      1830, 1914, 1829, -1,
      1829, 1914, 1915, -1,
      1829, 1915, 1828, -1,
      1828, 1915, 1916, -1,
      1828, 1916, 1827, -1,
      1827, 1916, 1917, -1,
      1827, 1917, 1826, -1,
      1826, 1917, 1918, -1,
      1826, 1918, 1825, -1,
      1825, 1918, 1919, -1,
      1825, 1919, 1824, -1,
      1824, 1919, 1920, -1,
      1824, 1920, 1823, -1,
      1823, 1920, 1921, -1,
      1823, 1921, 1822, -1,
      1822, 1921, 1922, -1,
      1822, 1922, 1821, -1,
      1821, 1922, 1923, -1,
      1821, 1923, 1820, -1,
      1820, 1923, 1924, -1,
      1820, 1924, 1819, -1,
      1819, 1924, 1925, -1,
      1819, 1925, 1818, -1,
      1818, 1925, 1926, -1,
      1818, 1926, 1817, -1,
      1817, 1926, 1927, -1,
      1817, 1927, 1816, -1,
      1816, 1927, 1928, -1,
      1816, 1928, 1815, -1,
      1815, 1928, 1929, -1,
      1815, 1929, 1814, -1,
      1814, 1929, 1930, -1,
      1814, 1930, 1813, -1,
      1813, 1930, 1931, -1,
      1813, 1931, 1812, -1,
      1812, 1931, 1932, -1,
      1812, 1932, 1811, -1,
      1811, 1932, 1933, -1,
      1811, 1933, 1810, -1,
      1810, 1933, 1934, -1,
      1810, 1934, 1809, -1,
      1809, 1934, 1935, -1,
      1809, 1935, 1808, -1,
      1808, 1935, 1936, -1,
      1808, 1936, 1807, -1,
      1807, 1936, 1937, -1,
      1807, 1937, 1806, -1,
      1806, 1937, 1938, -1,
      1806, 1938, 1805, -1,
      1805, 1938, 1939, -1,
      1805, 1939, 1804, -1,
      1804, 1939, 1940, -1,
      1804, 1940, 1872, -1,
      1872, 1940, 1941, -1,
      1872, 1941, 1871, -1,
      1871, 1941, 1873, -1,
      1873, 1942, 1874, -1,
      1874, 1942, 1943, -1,
      1874, 1943, 1875, -1,
      1875, 1943, 1944, -1,
      1875, 1944, 1876, -1,
      1876, 1944, 1945, -1,
      1876, 1945, 1877, -1,
      1877, 1945, 1946, -1,
      1877, 1946, 1878, -1,
      1878, 1946, 1947, -1,
      1878, 1947, 1879, -1,
      1879, 1947, 1948, -1,
      1879, 1948, 1880, -1,
      1880, 1948, 1949, -1,
      1880, 1949, 1881, -1,
      1881, 1949, 1950, -1,
      1881, 1950, 1882, -1,
      1882, 1950, 1951, -1,
      1882, 1951, 1883, -1,
      1883, 1951, 1952, -1,
      1883, 1952, 1884, -1,
      1884, 1952, 1953, -1,
      1884, 1953, 1885, -1,
      1885, 1953, 1954, -1,
      1885, 1954, 1886, -1,
      1886, 1954, 1955, -1,
      1886, 1955, 1887, -1,
      1887, 1955, 1956, -1,
      1887, 1956, 1888, -1,
      1888, 1956, 1957, -1,
      1888, 1957, 1889, -1,
      1889, 1957, 1958, -1,
      1889, 1958, 1890, -1,
      1890, 1958, 1959, -1,
      1890, 1959, 1891, -1,
      1891, 1959, 1960, -1,
      1891, 1960, 1892, -1,
      1892, 1960, 1961, -1,
      1892, 1961, 1893, -1,
      1893, 1961, 1962, -1,
      1893, 1962, 1894, -1,
      1894, 1962, 1963, -1,
      1894, 1963, 1895, -1,
      1895, 1963, 1964, -1,
      1895, 1964, 1896, -1,
      1896, 1964, 1965, -1,
      1896, 1965, 1897, -1,
      1897, 1965, 1966, -1,
      1897, 1966, 1898, -1,
      1898, 1966, 1967, -1,
      1898, 1967, 1899, -1,
      1899, 1967, 1968, -1,
      1899, 1968, 1900, -1,
      1900, 1968, 1969, -1,
      1900, 1969, 1901, -1,
      1901, 1969, 1970, -1,
      1901, 1970, 1902, -1,
      1902, 1970, 1971, -1,
      1902, 1971, 1903, -1,
      1903, 1971, 1972, -1,
      1903, 1972, 1904, -1,
      1904, 1972, 1973, -1,
      1904, 1973, 1905, -1,
      1905, 1973, 1974, -1,
      1905, 1974, 1906, -1,
      1906, 1974, 1975, -1,
      1906, 1975, 1907, -1,
      1907, 1975, 1976, -1,
      1907, 1976, 1908, -1,
      1908, 1976, 1977, -1,
      1908, 1977, 1909, -1,
      1909, 1977, 1978, -1,
      1909, 1978, 1910, -1,
      1910, 1978, 1979, -1,
      1910, 1979, 1911, -1,
      1911, 1979, 1980, -1,
      1911, 1980, 1912, -1,
      1912, 1980, 1981, -1,
      1912, 1981, 1913, -1,
      1913, 1981, 1982, -1,
      1913, 1982, 1914, -1,
      1914, 1982, 1983, -1,
      1914, 1983, 1915, -1,
      1915, 1983, 1984, -1,
      1915, 1984, 1916, -1,
      1916, 1984, 1985, -1,
      1916, 1985, 1917, -1,
      1917, 1985, 1986, -1,
      1917, 1986, 1918, -1,
      1918, 1986, 1987, -1,
      1918, 1987, 1919, -1,
      1919, 1987, 1988, -1,
      1919, 1988, 1920, -1,
      1920, 1988, 1989, -1,
      1920, 1989, 1921, -1,
      1921, 1989, 1990, -1,
      1921, 1990, 1922, -1,
      1922, 1990, 1991, -1,
      1922, 1991, 1923, -1,
      1923, 1991, 1992, -1,
      1923, 1992, 1924, -1,
      1924, 1992, 1993, -1,
      1924, 1993, 1925, -1,
      1925, 1993, 1994, -1,
      1925, 1994, 1926, -1,
      1926, 1994, 1995, -1,
      1926, 1995, 1927, -1,
      1927, 1995, 1996, -1,
      1927, 1996, 1928, -1,
      1928, 1996, 1997, -1,
      1928, 1997, 1929, -1,
      1929, 1997, 1998, -1,
      1929, 1998, 1930, -1,
      1930, 1998, 1999, -1,
      1930, 1999, 1931, -1,
      1931, 1999, 2000, -1,
      1931, 2000, 1932, -1,
      1932, 2000, 2001, -1,
      1932, 2001, 1933, -1,
      1933, 2001, 2002, -1,
      1933, 2002, 1934, -1,
      1934, 2002, 2003, -1,
      1934, 2003, 1935, -1,
      1935, 2003, 2004, -1,
      1935, 2004, 1936, -1,
      1936, 2004, 2005, -1,
      1936, 2005, 1937, -1,
      1937, 2005, 2006, -1,
      1937, 2006, 1938, -1,
      1938, 2006, 2007, -1,
      1938, 2007, 1939, -1,
      1939, 2007, 2008, -1,
      1939, 2008, 1940, -1,
      1940, 2008, 2009, -1,
      1940, 2009, 1941, -1,
      1941, 2009, 2010, -1,
      1941, 2010, 1873, -1,
      1873, 2010, 1942, -1,
      1942, 2011, 1943, -1,
      1943, 2011, 2012, -1,
      1943, 2012, 1944, -1,
      1944, 2012, 2013, -1,
      1944, 2013, 1945, -1,
      1945, 2013, 2014, -1,
      1945, 2014, 1946, -1,
      1946, 2014, 2015, -1,
      1946, 2015, 1947, -1,
      1947, 2015, 2016, -1,
      1947, 2016, 1948, -1,
      1948, 2016, 2017, -1,
      1948, 2017, 1949, -1,
      1949, 2017, 2018, -1,
      1949, 2018, 1950, -1,
      1950, 2018, 2019, -1,
      1950, 2019, 1951, -1,
      1951, 2019, 2020, -1,
      1951, 2020, 1952, -1,
      1952, 2020, 2021, -1,
      1952, 2021, 1953, -1,
      1953, 2021, 2022, -1,
      1953, 2022, 1954, -1,
      1954, 2022, 2023, -1,
      1954, 2023, 1955, -1,
      1955, 2023, 2024, -1,
      1955, 2024, 1956, -1,
      1956, 2024, 2025, -1,
      1956, 2025, 1957, -1,
      1957, 2025, 2026, -1,
      1957, 2026, 1958, -1,
      1958, 2026, 2027, -1,
      1958, 2027, 1959, -1,
      1959, 2027, 2028, -1,
      1959, 2028, 1960, -1,
      1960, 2028, 2029, -1,
      1960, 2029, 1961, -1,
      1961, 2029, 2030, -1,
      1961, 2030, 1962, -1,
      1962, 2030, 2031, -1,
      1962, 2031, 1963, -1,
      1963, 2031, 2032, -1,
      1963, 2032, 1964, -1,
      1964, 2032, 2033, -1,
      1964, 2033, 1965, -1,
      1965, 2033, 2034, -1,
      1965, 2034, 1966, -1,
      1966, 2034, 2035, -1,
      1966, 2035, 1967, -1,
      1967, 2035, 2036, -1,
      1967, 2036, 1968, -1,
      1968, 2036, 2037, -1,
      1968, 2037, 1969, -1,
      1969, 2037, 2038, -1,
      1969, 2038, 1970, -1,
      1970, 2038, 2039, -1,
      1970, 2039, 1971, -1,
      1971, 2039, 2040, -1,
      1971, 2040, 1972, -1,
      1972, 2040, 2041, -1,
      1972, 2041, 1973, -1,
      1973, 2041, 2042, -1,
      1973, 2042, 1974, -1,
      1974, 2042, 2043, -1,
      1974, 2043, 1975, -1,
      1975, 2043, 2044, -1,
      1975, 2044, 1976, -1,
      1976, 2044, 2045, -1,
      1976, 2045, 1977, -1,
      1977, 2045, 2046, -1,
      1977, 2046, 1978, -1,
      1978, 2046, 2047, -1,
      1978, 2047, 1979, -1,
      1979, 2047, 2048, -1,
      1979, 2048, 1980, -1,
      1980, 2048, 2049, -1,
      1980, 2049, 1981, -1,
      1981, 2049, 2050, -1,
      1981, 2050, 1982, -1,
      1982, 2050, 2051, -1,
      1982, 2051, 1983, -1,
      1983, 2051, 2052, -1,
      1983, 2052, 1984, -1,
      1984, 2052, 2053, -1,
      1984, 2053, 1985, -1,
      1985, 2053, 2054, -1,
      1985, 2054, 1986, -1,
      1986, 2054, 2055, -1,
      1986, 2055, 1987, -1,
      1987, 2055, 2056, -1,
      1987, 2056, 1988, -1,
      1988, 2056, 2057, -1,
      1988, 2057, 1989, -1,
      1989, 2057, 2058, -1,
      1989, 2058, 1990, -1,
      1990, 2058, 2059, -1,
      1990, 2059, 1991, -1,
      1991, 2059, 2060, -1,
      1991, 2060, 1992, -1,
      1992, 2060, 2061, -1,
      1992, 2061, 1993, -1,
      1993, 2061, 2062, -1,
      1993, 2062, 1994, -1,
      1994, 2062, 2063, -1,
      1994, 2063, 1995, -1,
      1995, 2063, 2064, -1,
      1995, 2064, 1996, -1,
      1996, 2064, 2065, -1,
      1996, 2065, 1997, -1,
      1997, 2065, 2066, -1,
      1997, 2066, 1998, -1,
      1998, 2066, 2067, -1,
      1998, 2067, 1999, -1,
      1999, 2067, 2068, -1,
      1999, 2068, 2000, -1,
      2000, 2068, 2069, -1,
      2000, 2069, 2001, -1,
      2001, 2069, 2070, -1,
      2001, 2070, 2002, -1,
      2002, 2070, 2071, -1,
      2002, 2071, 2003, -1,
      2003, 2071, 2072, -1,
      2003, 2072, 2004, -1,
      2004, 2072, 2073, -1,
      2004, 2073, 2005, -1,
      2005, 2073, 2074, -1,
      2005, 2074, 2006, -1,
      2006, 2074, 2075, -1,
      2006, 2075, 2007, -1,
      2007, 2075, 2076, -1,
      2007, 2076, 2008, -1,
      2008, 2076, 2077, -1,
      2008, 2077, 2009, -1,
      2009, 2077, 2078, -1,
      2009, 2078, 2010, -1,
      2010, 2078, 2079, -1,
      2010, 2079, 1942, -1,
      1942, 2079, 2011, -1,
      2011, 2080, 2012, -1,
      2012, 2080, 2081, -1,
      2012, 2081, 2013, -1,
      2013, 2081, 2082, -1,
      2013, 2082, 2014, -1,
      2014, 2082, 2083, -1,
      2014, 2083, 2015, -1,
      2015, 2083, 2084, -1,
      2015, 2084, 2016, -1,
      2016, 2084, 2085, -1,
      2016, 2085, 2017, -1,
      2017, 2085, 2086, -1,
      2017, 2086, 2018, -1,
      2018, 2086, 2087, -1,
      2018, 2087, 2019, -1,
      2019, 2087, 2088, -1,
      2019, 2088, 2020, -1,
      2020, 2088, 2089, -1,
      2020, 2089, 2021, -1,
      2021, 2089, 2090, -1,
      2021, 2090, 2022, -1,
      2022, 2090, 2091, -1,
      2022, 2091, 2023, -1,
      2023, 2091, 2092, -1,
      2023, 2092, 2024, -1,
      2024, 2092, 2093, -1,
      2024, 2093, 2025, -1,
      2025, 2093, 2094, -1,
      2025, 2094, 2026, -1,
      2026, 2094, 2095, -1,
      2026, 2095, 2027, -1,
      2027, 2095, 2096, -1,
      2027, 2096, 2028, -1,
      2028, 2096, 2097, -1,
      2028, 2097, 2029, -1,
      2029, 2097, 2098, -1,
      2029, 2098, 2030, -1,
      2030, 2098, 2099, -1,
      2030, 2099, 2031, -1,
      2031, 2099, 2100, -1,
      2031, 2100, 2032, -1,
      2032, 2100, 2101, -1,
      2032, 2101, 2033, -1,
      2033, 2101, 2102, -1,
      2033, 2102, 2034, -1,
      2034, 2102, 2103, -1,
      2034, 2103, 2035, -1,
      2035, 2103, 2104, -1,
      2035, 2104, 2036, -1,
      2036, 2104, 2105, -1,
      2036, 2105, 2037, -1,
      2037, 2105, 2106, -1,
      2037, 2106, 2038, -1,
      2038, 2106, 2107, -1,
      2038, 2107, 2039, -1,
      2039, 2107, 2108, -1,
      2039, 2108, 2040, -1,
      2040, 2108, 2109, -1,
      2040, 2109, 2041, -1,
      2041, 2109, 2110, -1,
      2041, 2110, 2042, -1,
      2042, 2110, 2111, -1,
      2042, 2111, 2043, -1,
      2043, 2111, 2112, -1,
      2043, 2112, 2044, -1,
      2044, 2112, 2113, -1,
      2044, 2113, 2045, -1,
      2045, 2113, 2114, -1,
      2045, 2114, 2046, -1,
      2046, 2114, 2115, -1,
      2046, 2115, 2047, -1,
      2047, 2115, 2116, -1,
      2047, 2116, 2048, -1,
      2048, 2116, 2117, -1,
      2048, 2117, 2049, -1,
      2049, 2117, 2118, -1,
      2049, 2118, 2050, -1,
      2050, 2118, 2119, -1,
      2050, 2119, 2051, -1,
      2051, 2119, 2120, -1,
      2051, 2120, 2052, -1,
      2052, 2120, 2121, -1,
      2052, 2121, 2053, -1,
      2053, 2121, 2122, -1,
      2053, 2122, 2054, -1,
      2054, 2122, 2123, -1,
      2054, 2123, 2055, -1,
      2055, 2123, 2124, -1,
      2055, 2124, 2056, -1,
      2056, 2124, 2125, -1,
      2056, 2125, 2057, -1,
      2057, 2125, 2126, -1,
      2057, 2126, 2058, -1,
      2058, 2126, 2127, -1,
      2058, 2127, 2059, -1,
      2059, 2127, 2128, -1,
      2059, 2128, 2060, -1,
      2060, 2128, 2129, -1,
      2060, 2129, 2061, -1,
      2061, 2129, 2130, -1,
      2061, 2130, 2062, -1,
      2062, 2130, 2131, -1,
      2062, 2131, 2063, -1,
      2063, 2131, 2132, -1,
      2063, 2132, 2064, -1,
      2064, 2132, 2133, -1,
      2064, 2133, 2065, -1,
      2065, 2133, 2134, -1,
      2065, 2134, 2066, -1,
      2066, 2134, 2135, -1,
      2066, 2135, 2067, -1,
      2067, 2135, 2136, -1,
      2067, 2136, 2068, -1,
      2068, 2136, 2137, -1,
      2068, 2137, 2069, -1,
      2069, 2137, 2138, -1,
      2069, 2138, 2070, -1,
      2070, 2138, 2139, -1,
      2070, 2139, 2071, -1,
      2071, 2139, 2140, -1,
      2071, 2140, 2072, -1,
      2072, 2140, 2141, -1,
      2072, 2141, 2073, -1,
      2073, 2141, 2142, -1,
      2073, 2142, 2074, -1,
      2074, 2142, 2143, -1,
      2074, 2143, 2075, -1,
      2075, 2143, 2144, -1,
      2075, 2144, 2076, -1,
      2076, 2144, 2145, -1,
      2076, 2145, 2077, -1,
      2077, 2145, 2146, -1,
      2077, 2146, 2078, -1,
      2078, 2146, 2147, -1,
      2078, 2147, 2079, -1,
      2079, 2147, 2148, -1,
      2079, 2148, 2011, -1,
      2011, 2148, 2080, -1,
      2080, 675, 2081, -1,
      2081, 675, 677, -1,
      2081, 677, 2082, -1,
      2082, 677, 679, -1,
      2082, 679, 2083, -1,
      2083, 679, 681, -1,
      2083, 681, 2084, -1,
      2084, 681, 683, -1,
      2084, 683, 2085, -1,
      2085, 683, 685, -1,
      2085, 685, 2086, -1,
      2086, 685, 687, -1,
      2086, 687, 2087, -1,
      2087, 687, 689, -1,
      2087, 689, 2088, -1,
      2088, 689, 691, -1,
      2088, 691, 2089, -1,
      2089, 691, 693, -1,
      2089, 693, 2090, -1,
      2090, 693, 695, -1,
      2090, 695, 2091, -1,
      2091, 695, 697, -1,
      2091, 697, 2092, -1,
      2092, 697, 699, -1,
      2092, 699, 2093, -1,
      2093, 699, 701, -1,
      2093, 701, 2094, -1,
      2094, 701, 703, -1,
      2094, 703, 2095, -1,
      2095, 703, 705, -1,
      2095, 705, 2096, -1,
      2096, 705, 707, -1,
      2096, 707, 2097, -1,
      2097, 707, 710, -1,
      2097, 710, 2098, -1,
      2098, 710, 712, -1,
      2098, 712, 2099, -1,
      2099, 712, 714, -1,
      2099, 714, 2100, -1,
      2100, 714, 716, -1,
      2100, 716, 2101, -1,
      2101, 716, 718, -1,
      2101, 718, 2102, -1,
      2102, 718, 720, -1,
      2102, 720, 2103, -1,
      2103, 720, 722, -1,
      2103, 722, 2104, -1,
      2104, 722, 724, -1,
      2104, 724, 2105, -1,
      2105, 724, 726, -1,
      2105, 726, 2106, -1,
      2106, 726, 728, -1,
      2106, 728, 2107, -1,
      2107, 728, 730, -1,
      2107, 730, 2108, -1,
      2108, 730, 732, -1,
      2108, 732, 2109, -1,
      2109, 732, 734, -1,
      2109, 734, 2110, -1,
      2110, 734, 736, -1,
      2110, 736, 2111, -1,
      2111, 736, 738, -1,
      2111, 738, 2112, -1,
      2112, 738, 740, -1,
      2112, 740, 2113, -1,
      2113, 740, 742, -1,
      2113, 742, 2114, -1,
      2114, 742, 744, -1,
      2114, 744, 2115, -1,
      2115, 744, 746, -1,
      2115, 746, 2116, -1,
      2116, 746, 748, -1,
      2116, 748, 2117, -1,
      2117, 748, 750, -1,
      2117, 750, 2118, -1,
      2118, 750, 752, -1,
      2118, 752, 2119, -1,
      2119, 752, 754, -1,
      2119, 754, 2120, -1,
      2120, 754, 756, -1,
      2120, 756, 2121, -1,
      2121, 756, 758, -1,
      2121, 758, 2122, -1,
      2122, 758, 760, -1,
      2122, 760, 2123, -1,
      2123, 760, 762, -1,
      2123, 762, 2124, -1,
      2124, 762, 764, -1,
      2124, 764, 2125, -1,
      2125, 764, 766, -1,
      2125, 766, 2126, -1,
      2126, 766, 768, -1,
      2126, 768, 2127, -1,
      2127, 768, 770, -1,
      2127, 770, 2128, -1,
      2128, 770, 772, -1,
      2128, 772, 2129, -1,
      2129, 772, 774, -1,
      2129, 774, 2130, -1,
      2130, 774, 776, -1,
      2130, 776, 2131, -1,
      2131, 776, 639, -1,
      2131, 639, 2132, -1,
      2132, 639, 641, -1,
      2132, 641, 2133, -1,
      2133, 641, 643, -1,
      2133, 643, 2134, -1,
      2134, 643, 645, -1,
      2134, 645, 2135, -1,
      2135, 645, 647, -1,
      2135, 647, 2136, -1,
      2136, 647, 649, -1,
      2136, 649, 2137, -1,
      2137, 649, 651, -1,
      2137, 651, 2138, -1,
      2138, 651, 653, -1,
      2138, 653, 2139, -1,
      2139, 653, 655, -1,
      2139, 655, 2140, -1,
      2140, 655, 657, -1,
      2140, 657, 2141, -1,
      2141, 657, 659, -1,
      2141, 659, 2142, -1,
      2142, 659, 661, -1,
      2142, 661, 2143, -1,
      2143, 661, 663, -1,
      2143, 663, 2144, -1,
      2144, 663, 665, -1,
      2144, 665, 2145, -1,
      2145, 665, 667, -1,
      2145, 667, 2146, -1,
      2146, 667, 669, -1,
      2146, 669, 2147, -1,
      2147, 669, 671, -1,
      2147, 671, 2148, -1,
      2148, 671, 673, -1,
      2148, 673, 2080, -1,
      2080, 673, 675, -1,
      1345, 1347, 2149, -1,
      1355, 1357, 2150, -1,
      1359, 1361, 2151, -1,
      1365, 1367, 2152, -1,
      1369, 1371, 2153, -1,
      1379, 1381, 2154, -1,
      1389, 1391, 2155, -1,
      1393, 1395, 2156, -1,
      1399, 1401, 2157, -1,
      1403, 1405, 2158, -1,
      1413, 1415, 2159, -1,
      1423, 1425, 2160, -1,
      1427, 1429, 2161, -1,
      1431, 1433, 2162, -1,
      1437, 1439, 2163, -1,
      1447, 1449, 2164, -1,
      1451, 1453, 2165, -1,
      1457, 1219, 2166, -1,
      1221, 1223, 2167, -1,
      1231, 1233, 2168, -1,
      1241, 1243, 2169, -1,
      1245, 1247, 2170, -1,
      1251, 1253, 2171, -1,
      1255, 1257, 2172, -1,
      1265, 1267, 2173, -1,
      1269, 1271, 2174, -1,
      1275, 1277, 2175, -1,
      1279, 1281, 2176, -1,
      1283, 1285, 2177, -1,
      1289, 1291, 2178, -1,
      1299, 1301, 2179, -1,
      1303, 1305, 2180, -1,
      1309, 1311, 2181, -1,
      1313, 1315, 2182, -1,
      1323, 1325, 2183, -1,
      1333, 1335, 2184, -1,
      1337, 1339, 2185, -1,
      666, 664, 2186, -1,
      2186, 664, 2187, -1,
      2186, 2187, 2188, -1,
      2188, 2187, 2189, -1,
      2188, 2189, 2190, -1,
      2190, 2189, 2191, -1,
      2190, 2191, 2192, -1,
      2192, 2191, 2193, -1,
      2192, 2193, 2194, -1,
      2194, 2193, 2183, -1,
      660, 658, 2195, -1,
      2195, 658, 2196, -1,
      2195, 2196, 2197, -1,
      2197, 2196, 2198, -1,
      2197, 2198, 2199, -1,
      2199, 2198, 2200, -1,
      2199, 2200, 2201, -1,
      2201, 2200, 2202, -1,
      2201, 2202, 2203, -1,
      2203, 2202, 2182, -1,
      646, 644, 2204, -1,
      2204, 644, 2205, -1,
      2204, 2205, 2206, -1,
      2206, 2205, 2207, -1,
      2206, 2207, 2208, -1,
      2208, 2207, 2209, -1,
      2208, 2209, 2210, -1,
      2210, 2209, 2211, -1,
      2210, 2211, 2212, -1,
      2212, 2211, 2178, -1,
      767, 765, 2213, -1,
      2213, 765, 2214, -1,
      2213, 2214, 2215, -1,
      2215, 2214, 2216, -1,
      2215, 2216, 2217, -1,
      2217, 2216, 2218, -1,
      2217, 2218, 2219, -1,
      2219, 2218, 2220, -1,
      2219, 2220, 2221, -1,
      2221, 2220, 2172, -1,
      753, 751, 2222, -1,
      2222, 751, 2223, -1,
      2222, 2223, 2224, -1,
      2224, 2223, 2225, -1,
      2224, 2225, 2226, -1,
      2226, 2225, 2227, -1,
      2226, 2227, 2228, -1,
      2228, 2227, 2229, -1,
      2228, 2229, 2230, -1,
      2230, 2229, 2168, -1,
      747, 745, 2231, -1,
      2231, 745, 2232, -1,
      2231, 2232, 2233, -1,
      2233, 2232, 2234, -1,
      2233, 2234, 2235, -1,
      2235, 2234, 2236, -1,
      2235, 2236, 2237, -1,
      2237, 2236, 2238, -1,
      2237, 2238, 2239, -1,
      2239, 2238, 2167, -1,
      733, 731, 2240, -1,
      2240, 731, 2241, -1,
      2240, 2241, 2242, -1,
      2242, 2241, 2243, -1,
      2242, 2243, 2244, -1,
      2244, 2243, 2245, -1,
      2244, 2245, 2246, -1,
      2246, 2245, 2247, -1,
      2246, 2247, 2248, -1,
      2248, 2247, 2163, -1,
      719, 717, 2249, -1,
      2249, 717, 2250, -1,
      2249, 2250, 2251, -1,
      2251, 2250, 2252, -1,
      2251, 2252, 2253, -1,
      2253, 2252, 2254, -1,
      2253, 2254, 2255, -1,
      2255, 2254, 2256, -1,
      2255, 2256, 2257, -1,
      2257, 2256, 2159, -1,
      713, 711, 2258, -1,
      2258, 711, 2259, -1,
      2258, 2259, 2260, -1,
      2260, 2259, 2261, -1,
      2260, 2261, 2262, -1,
      2262, 2261, 2263, -1,
      2262, 2263, 2264, -1,
      2264, 2263, 2265, -1,
      2264, 2265, 2266, -1,
      2266, 2265, 2158, -1,
      700, 698, 2267, -1,
      2267, 698, 2268, -1,
      2267, 2268, 2269, -1,
      2269, 2268, 2270, -1,
      2269, 2270, 2271, -1,
      2271, 2270, 2272, -1,
      2271, 2272, 2273, -1,
      2273, 2272, 2274, -1,
      2273, 2274, 2275, -1,
      2275, 2274, 2154, -1,
      694, 692, 2276, -1,
      2276, 692, 2277, -1,
      2276, 2277, 2278, -1,
      2278, 2277, 2279, -1,
      2278, 2279, 2280, -1,
      2280, 2279, 2281, -1,
      2280, 2281, 2282, -1,
      2282, 2281, 2283, -1,
      2282, 2283, 2284, -1,
      2284, 2283, 2153, -1,
      680, 678, 2285, -1,
      2285, 678, 2286, -1,
      2285, 2286, 2287, -1,
      2287, 2286, 2288, -1,
      2287, 2288, 2289, -1,
      2289, 2288, 2290, -1,
      2289, 2290, 2291, -1,
      2291, 2290, 2292, -1,
      2291, 2292, 2293, -1,
      2293, 2292, 2149, -1,
      674, 672, 2294, -1,
      2294, 672, 2295, -1,
      2294, 2295, 2296, -1,
      2296, 2295, 2297, -1,
      2296, 2297, 2298, -1,
      2298, 2297, 2299, -1,
      2298, 2299, 2300, -1,
      2300, 2299, 2301, -1,
      2300, 2301, 2302, -1,
      2302, 2301, 2185, -1,
      2302, 2185, 1341, -1,
      1341, 2185, 1339, -1,
      672, 670, 2295, -1,
      2295, 670, 2303, -1,
      2295, 2303, 2297, -1,
      2297, 2303, 2304, -1,
      2297, 2304, 2299, -1,
      2299, 2304, 2305, -1,
      2299, 2305, 2301, -1,
      2301, 2305, 2306, -1,
      2301, 2306, 2185, -1,
      2185, 2306, 2184, -1,
      2185, 2184, 1337, -1,
      1337, 2184, 1335, -1,
      1331, 1333, 2307, -1,
      2307, 1333, 2184, -1,
      2307, 2184, 2308, -1,
      2308, 2184, 2306, -1,
      2308, 2306, 2309, -1,
      2309, 2306, 2305, -1,
      2309, 2305, 2310, -1,
      2310, 2305, 2304, -1,
      2310, 2304, 2311, -1,
      2311, 2304, 2303, -1,
      2311, 2303, 668, -1,
      668, 2303, 670, -1,
      668, 666, 2311, -1,
      2311, 666, 2186, -1,
      2311, 2186, 2310, -1,
      2310, 2186, 2188, -1,
      2310, 2188, 2309, -1,
      2309, 2188, 2190, -1,
      2309, 2190, 2308, -1,
      2308, 2190, 2192, -1,
      2308, 2192, 2307, -1,
      2307, 2192, 2194, -1,
      2307, 2194, 1331, -1,
      1331, 2194, 1329, -1,
      2183, 1325, 2194, -1,
      2194, 1325, 1327, -1,
      2194, 1327, 1329, -1,
      1321, 1323, 2312, -1,
      2312, 1323, 2183, -1,
      2312, 2183, 2313, -1,
      2313, 2183, 2193, -1,
      2313, 2193, 2314, -1,
      2314, 2193, 2191, -1,
      2314, 2191, 2315, -1,
      2315, 2191, 2189, -1,
      2315, 2189, 2316, -1,
      2316, 2189, 2187, -1,
      2316, 2187, 662, -1,
      662, 2187, 664, -1,
      662, 660, 2316, -1,
      2316, 660, 2195, -1,
      2316, 2195, 2315, -1,
      2315, 2195, 2197, -1,
      2315, 2197, 2314, -1,
      2314, 2197, 2199, -1,
      2314, 2199, 2313, -1,
      2313, 2199, 2201, -1,
      2313, 2201, 2312, -1,
      2312, 2201, 2203, -1,
      2312, 2203, 1321, -1,
      1321, 2203, 1319, -1,
      2182, 1315, 2203, -1,
      2203, 1315, 1317, -1,
      2203, 1317, 1319, -1,
      1311, 1313, 2181, -1,
      2181, 1313, 2182, -1,
      2181, 2182, 2317, -1,
      2317, 2182, 2202, -1,
      2317, 2202, 2318, -1,
      2318, 2202, 2200, -1,
      2318, 2200, 2319, -1,
      2319, 2200, 2198, -1,
      2319, 2198, 2320, -1,
      2320, 2198, 2196, -1,
      2320, 2196, 656, -1,
      656, 2196, 658, -1,
      1307, 1309, 2321, -1,
      2321, 1309, 2181, -1,
      2321, 2181, 2322, -1,
      2322, 2181, 2317, -1,
      2322, 2317, 2323, -1,
      2323, 2317, 2318, -1,
      2323, 2318, 2324, -1,
      2324, 2318, 2319, -1,
      2324, 2319, 2325, -1,
      2325, 2319, 2320, -1,
      2325, 2320, 654, -1,
      654, 2320, 656, -1,
      654, 652, 2325, -1,
      2325, 652, 2326, -1,
      2325, 2326, 2324, -1,
      2324, 2326, 2327, -1,
      2324, 2327, 2323, -1,
      2323, 2327, 2328, -1,
      2323, 2328, 2322, -1,
      2322, 2328, 2329, -1,
      2322, 2329, 2321, -1,
      2321, 2329, 2180, -1,
      2321, 2180, 1307, -1,
      1307, 2180, 1305, -1,
      652, 650, 2326, -1,
      2326, 650, 2330, -1,
      2326, 2330, 2327, -1,
      2327, 2330, 2331, -1,
      2327, 2331, 2328, -1,
      2328, 2331, 2332, -1,
      2328, 2332, 2329, -1,
      2329, 2332, 2333, -1,
      2329, 2333, 2180, -1,
      2180, 2333, 2179, -1,
      2180, 2179, 1303, -1,
      1303, 2179, 1301, -1,
      1297, 1299, 2334, -1,
      2334, 1299, 2179, -1,
      2334, 2179, 2335, -1,
      2335, 2179, 2333, -1,
      2335, 2333, 2336, -1,
      2336, 2333, 2332, -1,
      2336, 2332, 2337, -1,
      2337, 2332, 2331, -1,
      2337, 2331, 2338, -1,
      2338, 2331, 2330, -1,
      2338, 2330, 648, -1,
      648, 2330, 650, -1,
      648, 646, 2338, -1,
      2338, 646, 2204, -1,
      2338, 2204, 2337, -1,
      2337, 2204, 2206, -1,
      2337, 2206, 2336, -1,
      2336, 2206, 2208, -1,
      2336, 2208, 2335, -1,
      2335, 2208, 2210, -1,
      2335, 2210, 2334, -1,
      2334, 2210, 2212, -1,
      2334, 2212, 1297, -1,
      1297, 2212, 1295, -1,
      2178, 1291, 2212, -1,
      2212, 1291, 1293, -1,
      2212, 1293, 1295, -1,
      1287, 1289, 2339, -1,
      2339, 1289, 2178, -1,
      2339, 2178, 2340, -1,
      2340, 2178, 2211, -1,
      2340, 2211, 2341, -1,
      2341, 2211, 2209, -1,
      2341, 2209, 2342, -1,
      2342, 2209, 2207, -1,
      2342, 2207, 2343, -1,
      2343, 2207, 2205, -1,
      2343, 2205, 642, -1,
      642, 2205, 644, -1,
      642, 640, 2343, -1,
      2343, 640, 2344, -1,
      2343, 2344, 2342, -1,
      2342, 2344, 2345, -1,
      2342, 2345, 2341, -1,
      2341, 2345, 2346, -1,
      2341, 2346, 2340, -1,
      2340, 2346, 2347, -1,
      2340, 2347, 2339, -1,
      2339, 2347, 2177, -1,
      2339, 2177, 1287, -1,
      1287, 2177, 1285, -1,
      1281, 1283, 2176, -1,
      2176, 1283, 2177, -1,
      2176, 2177, 2348, -1,
      2348, 2177, 2347, -1,
      2348, 2347, 2349, -1,
      2349, 2347, 2346, -1,
      2349, 2346, 2350, -1,
      2350, 2346, 2345, -1,
      2350, 2345, 2351, -1,
      2351, 2345, 2344, -1,
      2351, 2344, 778, -1,
      778, 2344, 640, -1,
      778, 777, 2351, -1,
      2351, 777, 2352, -1,
      2351, 2352, 2350, -1,
      2350, 2352, 2353, -1,
      2350, 2353, 2349, -1,
      2349, 2353, 2354, -1,
      2349, 2354, 2348, -1,
      2348, 2354, 2355, -1,
      2348, 2355, 2176, -1,
      2176, 2355, 2175, -1,
      2176, 2175, 1279, -1,
      1279, 2175, 1277, -1,
      1273, 1275, 2356, -1,
      2356, 1275, 2175, -1,
      2356, 2175, 2357, -1,
      2357, 2175, 2355, -1,
      2357, 2355, 2358, -1,
      2358, 2355, 2354, -1,
      2358, 2354, 2359, -1,
      2359, 2354, 2353, -1,
      2359, 2353, 2360, -1,
      2360, 2353, 2352, -1,
      2360, 2352, 775, -1,
      775, 2352, 777, -1,
      775, 773, 2360, -1,
      2360, 773, 2361, -1,
      2360, 2361, 2359, -1,
      2359, 2361, 2362, -1,
      2359, 2362, 2358, -1,
      2358, 2362, 2363, -1,
      2358, 2363, 2357, -1,
      2357, 2363, 2364, -1,
      2357, 2364, 2356, -1,
      2356, 2364, 2174, -1,
      2356, 2174, 1273, -1,
      1273, 2174, 1271, -1,
      773, 771, 2361, -1,
      2361, 771, 2365, -1,
      2361, 2365, 2362, -1,
      2362, 2365, 2366, -1,
      2362, 2366, 2363, -1,
      2363, 2366, 2367, -1,
      2363, 2367, 2364, -1,
      2364, 2367, 2368, -1,
      2364, 2368, 2174, -1,
      2174, 2368, 2173, -1,
      2174, 2173, 1269, -1,
      1269, 2173, 1267, -1,
      1263, 1265, 2369, -1,
      2369, 1265, 2173, -1,
      2369, 2173, 2370, -1,
      2370, 2173, 2368, -1,
      2370, 2368, 2371, -1,
      2371, 2368, 2367, -1,
      2371, 2367, 2372, -1,
      2372, 2367, 2366, -1,
      2372, 2366, 2373, -1,
      2373, 2366, 2365, -1,
      2373, 2365, 769, -1,
      769, 2365, 771, -1,
      769, 767, 2373, -1,
      2373, 767, 2213, -1,
      2373, 2213, 2372, -1,
      2372, 2213, 2215, -1,
      2372, 2215, 2371, -1,
      2371, 2215, 2217, -1,
      2371, 2217, 2370, -1,
      2370, 2217, 2219, -1,
      2370, 2219, 2369, -1,
      2369, 2219, 2221, -1,
      2369, 2221, 1263, -1,
      1263, 2221, 1261, -1,
      2172, 1257, 2221, -1,
      2221, 1257, 1259, -1,
      2221, 1259, 1261, -1,
      1253, 1255, 2171, -1,
      2171, 1255, 2172, -1,
      2171, 2172, 2374, -1,
      2374, 2172, 2220, -1,
      2374, 2220, 2375, -1,
      2375, 2220, 2218, -1,
      2375, 2218, 2376, -1,
      2376, 2218, 2216, -1,
      2376, 2216, 2377, -1,
      2377, 2216, 2214, -1,
      2377, 2214, 763, -1,
      763, 2214, 765, -1,
      1249, 1251, 2378, -1,
      2378, 1251, 2171, -1,
      2378, 2171, 2379, -1,
      2379, 2171, 2374, -1,
      2379, 2374, 2380, -1,
      2380, 2374, 2375, -1,
      2380, 2375, 2381, -1,
      2381, 2375, 2376, -1,
      2381, 2376, 2382, -1,
      2382, 2376, 2377, -1,
      2382, 2377, 761, -1,
      761, 2377, 763, -1,
      761, 759, 2382, -1,
      2382, 759, 2383, -1,
      2382, 2383, 2381, -1,
      2381, 2383, 2384, -1,
      2381, 2384, 2380, -1,
      2380, 2384, 2385, -1,
      2380, 2385, 2379, -1,
      2379, 2385, 2386, -1,
      2379, 2386, 2378, -1,
      2378, 2386, 2170, -1,
      2378, 2170, 1249, -1,
      1249, 2170, 1247, -1,
      759, 757, 2383, -1,
      2383, 757, 2387, -1,
      2383, 2387, 2384, -1,
      2384, 2387, 2388, -1,
      2384, 2388, 2385, -1,
      2385, 2388, 2389, -1,
      2385, 2389, 2386, -1,
      2386, 2389, 2390, -1,
      2386, 2390, 2170, -1,
      2170, 2390, 2169, -1,
      2170, 2169, 1245, -1,
      1245, 2169, 1243, -1,
      1239, 1241, 2391, -1,
      2391, 1241, 2169, -1,
      2391, 2169, 2392, -1,
      2392, 2169, 2390, -1,
      2392, 2390, 2393, -1,
      2393, 2390, 2389, -1,
      2393, 2389, 2394, -1,
      2394, 2389, 2388, -1,
      2394, 2388, 2395, -1,
      2395, 2388, 2387, -1,
      2395, 2387, 755, -1,
      755, 2387, 757, -1,
      755, 753, 2395, -1,
      2395, 753, 2222, -1,
      2395, 2222, 2394, -1,
      2394, 2222, 2224, -1,
      2394, 2224, 2393, -1,
      2393, 2224, 2226, -1,
      2393, 2226, 2392, -1,
      2392, 2226, 2228, -1,
      2392, 2228, 2391, -1,
      2391, 2228, 2230, -1,
      2391, 2230, 1239, -1,
      1239, 2230, 1237, -1,
      2168, 1233, 2230, -1,
      2230, 1233, 1235, -1,
      2230, 1235, 1237, -1,
      1229, 1231, 2396, -1,
      2396, 1231, 2168, -1,
      2396, 2168, 2397, -1,
      2397, 2168, 2229, -1,
      2397, 2229, 2398, -1,
      2398, 2229, 2227, -1,
      2398, 2227, 2399, -1,
      2399, 2227, 2225, -1,
      2399, 2225, 2400, -1,
      2400, 2225, 2223, -1,
      2400, 2223, 749, -1,
      749, 2223, 751, -1,
      749, 747, 2400, -1,
      2400, 747, 2231, -1,
      2400, 2231, 2399, -1,
      2399, 2231, 2233, -1,
      2399, 2233, 2398, -1,
      2398, 2233, 2235, -1,
      2398, 2235, 2397, -1,
      2397, 2235, 2237, -1,
      2397, 2237, 2396, -1,
      2396, 2237, 2239, -1,
      2396, 2239, 1229, -1,
      1229, 2239, 1227, -1,
      2167, 1223, 2239, -1,
      2239, 1223, 1225, -1,
      2239, 1225, 1227, -1,
      1219, 1221, 2166, -1,
      2166, 1221, 2167, -1,
      2166, 2167, 2401, -1,
      2401, 2167, 2238, -1,
      2401, 2238, 2402, -1,
      2402, 2238, 2236, -1,
      2402, 2236, 2403, -1,
      2403, 2236, 2234, -1,
      2403, 2234, 2404, -1,
      2404, 2234, 2232, -1,
      2404, 2232, 743, -1,
      743, 2232, 745, -1,
      1455, 1457, 2405, -1,
      2405, 1457, 2166, -1,
      2405, 2166, 2406, -1,
      2406, 2166, 2401, -1,
      2406, 2401, 2407, -1,
      2407, 2401, 2402, -1,
      2407, 2402, 2408, -1,
      2408, 2402, 2403, -1,
      2408, 2403, 2409, -1,
      2409, 2403, 2404, -1,
      2409, 2404, 741, -1,
      741, 2404, 743, -1,
      741, 739, 2409, -1,
      2409, 739, 2410, -1,
      2409, 2410, 2408, -1,
      2408, 2410, 2411, -1,
      2408, 2411, 2407, -1,
      2407, 2411, 2412, -1,
      2407, 2412, 2406, -1,
      2406, 2412, 2413, -1,
      2406, 2413, 2405, -1,
      2405, 2413, 2165, -1,
      2405, 2165, 1455, -1,
      1455, 2165, 1453, -1,
      739, 737, 2410, -1,
      2410, 737, 2414, -1,
      2410, 2414, 2411, -1,
      2411, 2414, 2415, -1,
      2411, 2415, 2412, -1,
      2412, 2415, 2416, -1,
      2412, 2416, 2413, -1,
      2413, 2416, 2417, -1,
      2413, 2417, 2165, -1,
      2165, 2417, 2164, -1,
      2165, 2164, 1451, -1,
      1451, 2164, 1449, -1,
      1445, 1447, 2418, -1,
      2418, 1447, 2164, -1,
      2418, 2164, 2419, -1,
      2419, 2164, 2417, -1,
      2419, 2417, 2420, -1,
      2420, 2417, 2416, -1,
      2420, 2416, 2421, -1,
      2421, 2416, 2415, -1,
      2421, 2415, 2422, -1,
      2422, 2415, 2414, -1,
      2422, 2414, 735, -1,
      735, 2414, 737, -1,
      735, 733, 2422, -1,
      2422, 733, 2240, -1,
      2422, 2240, 2421, -1,
      2421, 2240, 2242, -1,
      2421, 2242, 2420, -1,
      2420, 2242, 2244, -1,
      2420, 2244, 2419, -1,
      2419, 2244, 2246, -1,
      2419, 2246, 2418, -1,
      2418, 2246, 2248, -1,
      2418, 2248, 1445, -1,
      1445, 2248, 1443, -1,
      2163, 1439, 2248, -1,
      2248, 1439, 1441, -1,
      2248, 1441, 1443, -1,
      1435, 1437, 2423, -1,
      2423, 1437, 2163, -1,
      2423, 2163, 2424, -1,
      2424, 2163, 2247, -1,
      2424, 2247, 2425, -1,
      2425, 2247, 2245, -1,
      2425, 2245, 2426, -1,
      2426, 2245, 2243, -1,
      2426, 2243, 2427, -1,
      2427, 2243, 2241, -1,
      2427, 2241, 729, -1,
      729, 2241, 731, -1,
      729, 727, 2427, -1,
      2427, 727, 2428, -1,
      2427, 2428, 2426, -1,
      2426, 2428, 2429, -1,
      2426, 2429, 2425, -1,
      2425, 2429, 2430, -1,
      2425, 2430, 2424, -1,
      2424, 2430, 2431, -1,
      2424, 2431, 2423, -1,
      2423, 2431, 2162, -1,
      2423, 2162, 1435, -1,
      1435, 2162, 1433, -1,
      1429, 1431, 2161, -1,
      2161, 1431, 2162, -1,
      2161, 2162, 2432, -1,
      2432, 2162, 2431, -1,
      2432, 2431, 2433, -1,
      2433, 2431, 2430, -1,
      2433, 2430, 2434, -1,
      2434, 2430, 2429, -1,
      2434, 2429, 2435, -1,
      2435, 2429, 2428, -1,
      2435, 2428, 725, -1,
      725, 2428, 727, -1,
      725, 723, 2435, -1,
      2435, 723, 2436, -1,
      2435, 2436, 2434, -1,
      2434, 2436, 2437, -1,
      2434, 2437, 2433, -1,
      2433, 2437, 2438, -1,
      2433, 2438, 2432, -1,
      2432, 2438, 2439, -1,
      2432, 2439, 2161, -1,
      2161, 2439, 2160, -1,
      2161, 2160, 1427, -1,
      1427, 2160, 1425, -1,
      1421, 1423, 2440, -1,
      2440, 1423, 2160, -1,
      2440, 2160, 2441, -1,
      2441, 2160, 2439, -1,
      2441, 2439, 2442, -1,
      2442, 2439, 2438, -1,
      2442, 2438, 2443, -1,
      2443, 2438, 2437, -1,
      2443, 2437, 2444, -1,
      2444, 2437, 2436, -1,
      2444, 2436, 721, -1,
      721, 2436, 723, -1,
      721, 719, 2444, -1,
      2444, 719, 2249, -1,
      2444, 2249, 2443, -1,
      2443, 2249, 2251, -1,
      2443, 2251, 2442, -1,
      2442, 2251, 2253, -1,
      2442, 2253, 2441, -1,
      2441, 2253, 2255, -1,
      2441, 2255, 2440, -1,
      2440, 2255, 2257, -1,
      2440, 2257, 1421, -1,
      1421, 2257, 1419, -1,
      2159, 1415, 2257, -1,
      2257, 1415, 1417, -1,
      2257, 1417, 1419, -1,
      1411, 1413, 2445, -1,
      2445, 1413, 2159, -1,
      2445, 2159, 2446, -1,
      2446, 2159, 2256, -1,
      2446, 2256, 2447, -1,
      2447, 2256, 2254, -1,
      2447, 2254, 2448, -1,
      2448, 2254, 2252, -1,
      2448, 2252, 2449, -1,
      2449, 2252, 2250, -1,
      2449, 2250, 715, -1,
      715, 2250, 717, -1,
      715, 713, 2449, -1,
      2449, 713, 2258, -1,
      2449, 2258, 2448, -1,
      2448, 2258, 2260, -1,
      2448, 2260, 2447, -1,
      2447, 2260, 2262, -1,
      2447, 2262, 2446, -1,
      2446, 2262, 2264, -1,
      2446, 2264, 2445, -1,
      2445, 2264, 2266, -1,
      2445, 2266, 1411, -1,
      1411, 2266, 1409, -1,
      2158, 1405, 2266, -1,
      2266, 1405, 1407, -1,
      2266, 1407, 1409, -1,
      1401, 1403, 2157, -1,
      2157, 1403, 2158, -1,
      2157, 2158, 2450, -1,
      2450, 2158, 2265, -1,
      2450, 2265, 2451, -1,
      2451, 2265, 2263, -1,
      2451, 2263, 2452, -1,
      2452, 2263, 2261, -1,
      2452, 2261, 2453, -1,
      2453, 2261, 2259, -1,
      2453, 2259, 709, -1,
      709, 2259, 711, -1,
      1397, 1399, 2454, -1,
      2454, 1399, 2157, -1,
      2454, 2157, 2455, -1,
      2455, 2157, 2450, -1,
      2455, 2450, 2456, -1,
      2456, 2450, 2451, -1,
      2456, 2451, 2457, -1,
      2457, 2451, 2452, -1,
      2457, 2452, 2458, -1,
      2458, 2452, 2453, -1,
      2458, 2453, 708, -1,
      708, 2453, 709, -1,
      708, 706, 2458, -1,
      2458, 706, 2459, -1,
      2458, 2459, 2457, -1,
      2457, 2459, 2460, -1,
      2457, 2460, 2456, -1,
      2456, 2460, 2461, -1,
      2456, 2461, 2455, -1,
      2455, 2461, 2462, -1,
      2455, 2462, 2454, -1,
      2454, 2462, 2156, -1,
      2454, 2156, 1397, -1,
      1397, 2156, 1395, -1,
      706, 704, 2459, -1,
      2459, 704, 2463, -1,
      2459, 2463, 2460, -1,
      2460, 2463, 2464, -1,
      2460, 2464, 2461, -1,
      2461, 2464, 2465, -1,
      2461, 2465, 2462, -1,
      2462, 2465, 2466, -1,
      2462, 2466, 2156, -1,
      2156, 2466, 2155, -1,
      2156, 2155, 1393, -1,
      1393, 2155, 1391, -1,
      1387, 1389, 2467, -1,
      2467, 1389, 2155, -1,
      2467, 2155, 2468, -1,
      2468, 2155, 2466, -1,
      2468, 2466, 2469, -1,
      2469, 2466, 2465, -1,
      2469, 2465, 2470, -1,
      2470, 2465, 2464, -1,
      2470, 2464, 2471, -1,
      2471, 2464, 2463, -1,
      2471, 2463, 702, -1,
      702, 2463, 704, -1,
      702, 700, 2471, -1,
      2471, 700, 2267, -1,
      2471, 2267, 2470, -1,
      2470, 2267, 2269, -1,
      2470, 2269, 2469, -1,
      2469, 2269, 2271, -1,
      2469, 2271, 2468, -1,
      2468, 2271, 2273, -1,
      2468, 2273, 2467, -1,
      2467, 2273, 2275, -1,
      2467, 2275, 1387, -1,
      1387, 2275, 1385, -1,
      2154, 1381, 2275, -1,
      2275, 1381, 1383, -1,
      2275, 1383, 1385, -1,
      1377, 1379, 2472, -1,
      2472, 1379, 2154, -1,
      2472, 2154, 2473, -1,
      2473, 2154, 2274, -1,
      2473, 2274, 2474, -1,
      2474, 2274, 2272, -1,
      2474, 2272, 2475, -1,
      2475, 2272, 2270, -1,
      2475, 2270, 2476, -1,
      2476, 2270, 2268, -1,
      2476, 2268, 696, -1,
      696, 2268, 698, -1,
      696, 694, 2476, -1,
      2476, 694, 2276, -1,
      2476, 2276, 2475, -1,
      2475, 2276, 2278, -1,
      2475, 2278, 2474, -1,
      2474, 2278, 2280, -1,
      2474, 2280, 2473, -1,
      2473, 2280, 2282, -1,
      2473, 2282, 2472, -1,
      2472, 2282, 2284, -1,
      2472, 2284, 1377, -1,
      1377, 2284, 1375, -1,
      2153, 1371, 2284, -1,
      2284, 1371, 1373, -1,
      2284, 1373, 1375, -1,
      692, 690, 2277, -1,
      2277, 690, 2477, -1,
      2277, 2477, 2279, -1,
      2279, 2477, 2478, -1,
      2279, 2478, 2281, -1,
      2281, 2478, 2479, -1,
      2281, 2479, 2283, -1,
      2283, 2479, 2480, -1,
      2283, 2480, 2153, -1,
      2153, 2480, 2152, -1,
      2153, 2152, 1369, -1,
      1369, 2152, 1367, -1,
      1363, 1365, 2481, -1,
      2481, 1365, 2152, -1,
      2481, 2152, 2482, -1,
      2482, 2152, 2480, -1,
      2482, 2480, 2483, -1,
      2483, 2480, 2479, -1,
      2483, 2479, 2484, -1,
      2484, 2479, 2478, -1,
      2484, 2478, 2485, -1,
      2485, 2478, 2477, -1,
      2485, 2477, 688, -1,
      688, 2477, 690, -1,
      688, 686, 2485, -1,
      2485, 686, 2486, -1,
      2485, 2486, 2484, -1,
      2484, 2486, 2487, -1,
      2484, 2487, 2483, -1,
      2483, 2487, 2488, -1,
      2483, 2488, 2482, -1,
      2482, 2488, 2489, -1,
      2482, 2489, 2481, -1,
      2481, 2489, 2151, -1,
      2481, 2151, 1363, -1,
      1363, 2151, 1361, -1,
      686, 684, 2486, -1,
      2486, 684, 2490, -1,
      2486, 2490, 2487, -1,
      2487, 2490, 2491, -1,
      2487, 2491, 2488, -1,
      2488, 2491, 2492, -1,
      2488, 2492, 2489, -1,
      2489, 2492, 2493, -1,
      2489, 2493, 2151, -1,
      2151, 2493, 2150, -1,
      2151, 2150, 1359, -1,
      1359, 2150, 1357, -1,
      1353, 1355, 2494, -1,
      2494, 1355, 2150, -1,
      2494, 2150, 2495, -1,
      2495, 2150, 2493, -1,
      2495, 2493, 2496, -1,
      2496, 2493, 2492, -1,
      2496, 2492, 2497, -1,
      2497, 2492, 2491, -1,
      2497, 2491, 2498, -1,
      2498, 2491, 2490, -1,
      2498, 2490, 682, -1,
      682, 2490, 684, -1,
      682, 680, 2498, -1,
      2498, 680, 2285, -1,
      2498, 2285, 2497, -1,
      2497, 2285, 2287, -1,
      2497, 2287, 2496, -1,
      2496, 2287, 2289, -1,
      2496, 2289, 2495, -1,
      2495, 2289, 2291, -1,
      2495, 2291, 2494, -1,
      2494, 2291, 2293, -1,
      2494, 2293, 1353, -1,
      1353, 2293, 1351, -1,
      2149, 1347, 2293, -1,
      2293, 1347, 1349, -1,
      2293, 1349, 1351, -1,
      1343, 1345, 2499, -1,
      2499, 1345, 2149, -1,
      2499, 2149, 2500, -1,
      2500, 2149, 2292, -1,
      2500, 2292, 2501, -1,
      2501, 2292, 2290, -1,
      2501, 2290, 2502, -1,
      2502, 2290, 2288, -1,
      2502, 2288, 2503, -1,
      2503, 2288, 2286, -1,
      2503, 2286, 676, -1,
      676, 2286, 678, -1,
      676, 674, 2503, -1,
      2503, 674, 2294, -1,
      2503, 2294, 2502, -1,
      2502, 2294, 2296, -1,
      2502, 2296, 2501, -1,
      2501, 2296, 2298, -1,
      2501, 2298, 2500, -1,
      2500, 2298, 2300, -1,
      2500, 2300, 2499, -1,
      2499, 2300, 2302, -1,
      2499, 2302, 1343, -1,
      1343, 2302, 1341, -1,
      235, 237, 2504, -1,
      245, 247, 2505, -1,
      249, 251, 2506, -1,
      255, 257, 2507, -1,
      259, 261, 2508, -1,
      269, 271, 2509, -1,
      279, 281, 2510, -1,
      283, 285, 2511, -1,
      214, 216, 2512, -1,
      218, 220, 2513, -1,
      228, 230, 2514, -1,
      211, 173, 2515, -1,
      172, 174, 2516, -1,
      175, 176, 2517, -1,
      178, 179, 2518, -1,
      183, 184, 2519, -1,
      185, 186, 2520, -1,
      188, 189, 2521, -1,
      190, 191, 2522, -1,
      195, 196, 2523, -1,
      200, 201, 2524, -1,
      202, 203, 2525, -1,
      205, 206, 2526, -1,
      207, 171, 2527, -1,
      163, 162, 2528, -1,
      161, 165, 2529, -1,
      159, 157, 2530, -1,
      154, 152, 2531, -1,
      150, 148, 2532, -1,
      139, 141, 2533, -1,
      129, 131, 2534, -1,
      133, 135, 2535, -1,
      125, 123, 2536, -1,
      120, 118, 2537, -1,
      105, 107, 2538, -1,
      94, 96, 2539, -1,
      98, 100, 2540, -1,
      1034, 1032, 2541, -1,
      2541, 1032, 2542, -1,
      2541, 2542, 2543, -1,
      2543, 2542, 2544, -1,
      2543, 2544, 2545, -1,
      2545, 2544, 2546, -1,
      2545, 2546, 2547, -1,
      2547, 2546, 2548, -1,
      2547, 2548, 2549, -1,
      2549, 2548, 2538, -1,
      1028, 1026, 2550, -1,
      2550, 1026, 2551, -1,
      2550, 2551, 2552, -1,
      2552, 2551, 2553, -1,
      2552, 2553, 2554, -1,
      2554, 2553, 2555, -1,
      2554, 2555, 2556, -1,
      2556, 2555, 2557, -1,
      2556, 2557, 2558, -1,
      2558, 2557, 2537, -1,
      1014, 1012, 2559, -1,
      2559, 1012, 2560, -1,
      2559, 2560, 2561, -1,
      2561, 2560, 2562, -1,
      2561, 2562, 2563, -1,
      2563, 2562, 2564, -1,
      2563, 2564, 2565, -1,
      2565, 2564, 2566, -1,
      2565, 2566, 2567, -1,
      2567, 2566, 2533, -1,
      1135, 1133, 2568, -1,
      2568, 1133, 2569, -1,
      2568, 2569, 2570, -1,
      2570, 2569, 2571, -1,
      2570, 2571, 2572, -1,
      2572, 2571, 2573, -1,
      2572, 2573, 2574, -1,
      2574, 2573, 2575, -1,
      2574, 2575, 2576, -1,
      2576, 2575, 2527, -1,
      1121, 1119, 2577, -1,
      2577, 1119, 2578, -1,
      2577, 2578, 2579, -1,
      2579, 2578, 2580, -1,
      2579, 2580, 2581, -1,
      2581, 2580, 2582, -1,
      2581, 2582, 2583, -1,
      2583, 2582, 2584, -1,
      2583, 2584, 2585, -1,
      2585, 2584, 2523, -1,
      1115, 1113, 2586, -1,
      2586, 1113, 2587, -1,
      2586, 2587, 2588, -1,
      2588, 2587, 2589, -1,
      2588, 2589, 2590, -1,
      2590, 2589, 2591, -1,
      2590, 2591, 2592, -1,
      2592, 2591, 2593, -1,
      2592, 2593, 2594, -1,
      2594, 2593, 2522, -1,
      1101, 1099, 2595, -1,
      2595, 1099, 2596, -1,
      2595, 2596, 2597, -1,
      2597, 2596, 2598, -1,
      2597, 2598, 2599, -1,
      2599, 2598, 2600, -1,
      2599, 2600, 2601, -1,
      2601, 2600, 2602, -1,
      2601, 2602, 2603, -1,
      2603, 2602, 2518, -1,
      1087, 1085, 2604, -1,
      2604, 1085, 2605, -1,
      2604, 2605, 2606, -1,
      2606, 2605, 2607, -1,
      2606, 2607, 2608, -1,
      2608, 2607, 2609, -1,
      2608, 2609, 2610, -1,
      2610, 2609, 2611, -1,
      2610, 2611, 2612, -1,
      2612, 2611, 2514, -1,
      1081, 1079, 2613, -1,
      2613, 1079, 2614, -1,
      2613, 2614, 2615, -1,
      2615, 2614, 2616, -1,
      2615, 2616, 2617, -1,
      2617, 2616, 2618, -1,
      2617, 2618, 2619, -1,
      2619, 2618, 2620, -1,
      2619, 2620, 2621, -1,
      2621, 2620, 2513, -1,
      1068, 1066, 2622, -1,
      2622, 1066, 2623, -1,
      2622, 2623, 2624, -1,
      2624, 2623, 2625, -1,
      2624, 2625, 2626, -1,
      2626, 2625, 2627, -1,
      2626, 2627, 2628, -1,
      2628, 2627, 2629, -1,
      2628, 2629, 2630, -1,
      2630, 2629, 2509, -1,
      1062, 1060, 2631, -1,
      2631, 1060, 2632, -1,
      2631, 2632, 2633, -1,
      2633, 2632, 2634, -1,
      2633, 2634, 2635, -1,
      2635, 2634, 2636, -1,
      2635, 2636, 2637, -1,
      2637, 2636, 2638, -1,
      2637, 2638, 2639, -1,
      2639, 2638, 2508, -1,
      1048, 1046, 2640, -1,
      2640, 1046, 2641, -1,
      2640, 2641, 2642, -1,
      2642, 2641, 2643, -1,
      2642, 2643, 2644, -1,
      2644, 2643, 2645, -1,
      2644, 2645, 2646, -1,
      2646, 2645, 2647, -1,
      2646, 2647, 2648, -1,
      2648, 2647, 2504, -1,
      1042, 1040, 2649, -1,
      2649, 1040, 2650, -1,
      2649, 2650, 2651, -1,
      2651, 2650, 2652, -1,
      2651, 2652, 2653, -1,
      2653, 2652, 2654, -1,
      2653, 2654, 2655, -1,
      2655, 2654, 2656, -1,
      2655, 2656, 2657, -1,
      2657, 2656, 2540, -1,
      2657, 2540, 102, -1,
      102, 2540, 100, -1,
      1040, 1038, 2650, -1,
      2650, 1038, 2658, -1,
      2650, 2658, 2652, -1,
      2652, 2658, 2659, -1,
      2652, 2659, 2654, -1,
      2654, 2659, 2660, -1,
      2654, 2660, 2656, -1,
      2656, 2660, 2661, -1,
      2656, 2661, 2540, -1,
      2540, 2661, 2539, -1,
      2540, 2539, 98, -1,
      98, 2539, 96, -1,
      112, 94, 2662, -1,
      2662, 94, 2539, -1,
      2662, 2539, 2663, -1,
      2663, 2539, 2661, -1,
      2663, 2661, 2664, -1,
      2664, 2661, 2660, -1,
      2664, 2660, 2665, -1,
      2665, 2660, 2659, -1,
      2665, 2659, 2666, -1,
      2666, 2659, 2658, -1,
      2666, 2658, 1036, -1,
      1036, 2658, 1038, -1,
      1036, 1034, 2666, -1,
      2666, 1034, 2541, -1,
      2666, 2541, 2665, -1,
      2665, 2541, 2543, -1,
      2665, 2543, 2664, -1,
      2664, 2543, 2545, -1,
      2664, 2545, 2663, -1,
      2663, 2545, 2547, -1,
      2663, 2547, 2662, -1,
      2662, 2547, 2549, -1,
      2662, 2549, 112, -1,
      112, 2549, 111, -1,
      2538, 107, 2549, -1,
      2549, 107, 109, -1,
      2549, 109, 111, -1,
      113, 105, 2667, -1,
      2667, 105, 2538, -1,
      2667, 2538, 2668, -1,
      2668, 2538, 2548, -1,
      2668, 2548, 2669, -1,
      2669, 2548, 2546, -1,
      2669, 2546, 2670, -1,
      2670, 2546, 2544, -1,
      2670, 2544, 2671, -1,
      2671, 2544, 2542, -1,
      2671, 2542, 1030, -1,
      1030, 2542, 1032, -1,
      1030, 1028, 2671, -1,
      2671, 1028, 2550, -1,
      2671, 2550, 2670, -1,
      2670, 2550, 2552, -1,
      2670, 2552, 2669, -1,
      2669, 2552, 2554, -1,
      2669, 2554, 2668, -1,
      2668, 2554, 2556, -1,
      2668, 2556, 2667, -1,
      2667, 2556, 2558, -1,
      2667, 2558, 113, -1,
      113, 2558, 114, -1,
      2537, 118, 2558, -1,
      2558, 118, 116, -1,
      2558, 116, 114, -1,
      123, 120, 2536, -1,
      2536, 120, 2537, -1,
      2536, 2537, 2672, -1,
      2672, 2537, 2557, -1,
      2672, 2557, 2673, -1,
      2673, 2557, 2555, -1,
      2673, 2555, 2674, -1,
      2674, 2555, 2553, -1,
      2674, 2553, 2675, -1,
      2675, 2553, 2551, -1,
      2675, 2551, 1024, -1,
      1024, 2551, 1026, -1,
      136, 125, 2676, -1,
      2676, 125, 2536, -1,
      2676, 2536, 2677, -1,
      2677, 2536, 2672, -1,
      2677, 2672, 2678, -1,
      2678, 2672, 2673, -1,
      2678, 2673, 2679, -1,
      2679, 2673, 2674, -1,
      2679, 2674, 2680, -1,
      2680, 2674, 2675, -1,
      2680, 2675, 1022, -1,
      1022, 2675, 1024, -1,
      1022, 1020, 2680, -1,
      2680, 1020, 2681, -1,
      2680, 2681, 2679, -1,
      2679, 2681, 2682, -1,
      2679, 2682, 2678, -1,
      2678, 2682, 2683, -1,
      2678, 2683, 2677, -1,
      2677, 2683, 2684, -1,
      2677, 2684, 2676, -1,
      2676, 2684, 2535, -1,
      2676, 2535, 136, -1,
      136, 2535, 135, -1,
      1020, 1018, 2681, -1,
      2681, 1018, 2685, -1,
      2681, 2685, 2682, -1,
      2682, 2685, 2686, -1,
      2682, 2686, 2683, -1,
      2683, 2686, 2687, -1,
      2683, 2687, 2684, -1,
      2684, 2687, 2688, -1,
      2684, 2688, 2535, -1,
      2535, 2688, 2534, -1,
      2535, 2534, 133, -1,
      133, 2534, 131, -1,
      146, 129, 2689, -1,
      2689, 129, 2534, -1,
      2689, 2534, 2690, -1,
      2690, 2534, 2688, -1,
      2690, 2688, 2691, -1,
      2691, 2688, 2687, -1,
      2691, 2687, 2692, -1,
      2692, 2687, 2686, -1,
      2692, 2686, 2693, -1,
      2693, 2686, 2685, -1,
      2693, 2685, 1016, -1,
      1016, 2685, 1018, -1,
      1016, 1014, 2693, -1,
      2693, 1014, 2559, -1,
      2693, 2559, 2692, -1,
      2692, 2559, 2561, -1,
      2692, 2561, 2691, -1,
      2691, 2561, 2563, -1,
      2691, 2563, 2690, -1,
      2690, 2563, 2565, -1,
      2690, 2565, 2689, -1,
      2689, 2565, 2567, -1,
      2689, 2567, 146, -1,
      146, 2567, 145, -1,
      2533, 141, 2567, -1,
      2567, 141, 143, -1,
      2567, 143, 145, -1,
      147, 139, 2694, -1,
      2694, 139, 2533, -1,
      2694, 2533, 2695, -1,
      2695, 2533, 2566, -1,
      2695, 2566, 2696, -1,
      2696, 2566, 2564, -1,
      2696, 2564, 2697, -1,
      2697, 2564, 2562, -1,
      2697, 2562, 2698, -1,
      2698, 2562, 2560, -1,
      2698, 2560, 1010, -1,
      1010, 2560, 1012, -1,
      1010, 1008, 2698, -1,
      2698, 1008, 2699, -1,
      2698, 2699, 2697, -1,
      2697, 2699, 2700, -1,
      2697, 2700, 2696, -1,
      2696, 2700, 2701, -1,
      2696, 2701, 2695, -1,
      2695, 2701, 2702, -1,
      2695, 2702, 2694, -1,
      2694, 2702, 2532, -1,
      2694, 2532, 147, -1,
      147, 2532, 148, -1,
      152, 150, 2531, -1,
      2531, 150, 2532, -1,
      2531, 2532, 2703, -1,
      2703, 2532, 2702, -1,
      2703, 2702, 2704, -1,
      2704, 2702, 2701, -1,
      2704, 2701, 2705, -1,
      2705, 2701, 2700, -1,
      2705, 2700, 2706, -1,
      2706, 2700, 2699, -1,
      2706, 2699, 1146, -1,
      1146, 2699, 1008, -1,
      1146, 1145, 2706, -1,
      2706, 1145, 2707, -1,
      2706, 2707, 2705, -1,
      2705, 2707, 2708, -1,
      2705, 2708, 2704, -1,
      2704, 2708, 2709, -1,
      2704, 2709, 2703, -1,
      2703, 2709, 2710, -1,
      2703, 2710, 2531, -1,
      2531, 2710, 2530, -1,
      2531, 2530, 154, -1,
      154, 2530, 157, -1,
      164, 159, 2711, -1,
      2711, 159, 2530, -1,
      2711, 2530, 2712, -1,
      2712, 2530, 2710, -1,
      2712, 2710, 2713, -1,
      2713, 2710, 2709, -1,
      2713, 2709, 2714, -1,
      2714, 2709, 2708, -1,
      2714, 2708, 2715, -1,
      2715, 2708, 2707, -1,
      2715, 2707, 1143, -1,
      1143, 2707, 1145, -1,
      1143, 1141, 2715, -1,
      2715, 1141, 2716, -1,
      2715, 2716, 2714, -1,
      2714, 2716, 2717, -1,
      2714, 2717, 2713, -1,
      2713, 2717, 2718, -1,
      2713, 2718, 2712, -1,
      2712, 2718, 2719, -1,
      2712, 2719, 2711, -1,
      2711, 2719, 2529, -1,
      2711, 2529, 164, -1,
      164, 2529, 165, -1,
      1141, 1139, 2716, -1,
      2716, 1139, 2720, -1,
      2716, 2720, 2717, -1,
      2717, 2720, 2721, -1,
      2717, 2721, 2718, -1,
      2718, 2721, 2722, -1,
      2718, 2722, 2719, -1,
      2719, 2722, 2723, -1,
      2719, 2723, 2529, -1,
      2529, 2723, 2528, -1,
      2529, 2528, 161, -1,
      161, 2528, 162, -1,
      168, 163, 2724, -1,
      2724, 163, 2528, -1,
      2724, 2528, 2725, -1,
      2725, 2528, 2723, -1,
      2725, 2723, 2726, -1,
      2726, 2723, 2722, -1,
      2726, 2722, 2727, -1,
      2727, 2722, 2721, -1,
      2727, 2721, 2728, -1,
      2728, 2721, 2720, -1,
      2728, 2720, 1137, -1,
      1137, 2720, 1139, -1,
      1137, 1135, 2728, -1,
      2728, 1135, 2568, -1,
      2728, 2568, 2727, -1,
      2727, 2568, 2570, -1,
      2727, 2570, 2726, -1,
      2726, 2570, 2572, -1,
      2726, 2572, 2725, -1,
      2725, 2572, 2574, -1,
      2725, 2574, 2724, -1,
      2724, 2574, 2576, -1,
      2724, 2576, 168, -1,
      168, 2576, 169, -1,
      2527, 171, 2576, -1,
      2576, 171, 170, -1,
      2576, 170, 169, -1,
      206, 207, 2526, -1,
      2526, 207, 2527, -1,
      2526, 2527, 2729, -1,
      2729, 2527, 2575, -1,
      2729, 2575, 2730, -1,
      2730, 2575, 2573, -1,
      2730, 2573, 2731, -1,
      2731, 2573, 2571, -1,
      2731, 2571, 2732, -1,
      2732, 2571, 2569, -1,
      2732, 2569, 1131, -1,
      1131, 2569, 1133, -1,
      204, 205, 2733, -1,
      2733, 205, 2526, -1,
      2733, 2526, 2734, -1,
      2734, 2526, 2729, -1,
      2734, 2729, 2735, -1,
      2735, 2729, 2730, -1,
      2735, 2730, 2736, -1,
      2736, 2730, 2731, -1,
      2736, 2731, 2737, -1,
      2737, 2731, 2732, -1,
      2737, 2732, 1129, -1,
      1129, 2732, 1131, -1,
      1129, 1127, 2737, -1,
      2737, 1127, 2738, -1,
      2737, 2738, 2736, -1,
      2736, 2738, 2739, -1,
      2736, 2739, 2735, -1,
      2735, 2739, 2740, -1,
      2735, 2740, 2734, -1,
      2734, 2740, 2741, -1,
      2734, 2741, 2733, -1,
      2733, 2741, 2525, -1,
      2733, 2525, 204, -1,
      204, 2525, 203, -1,
      1127, 1125, 2738, -1,
      2738, 1125, 2742, -1,
      2738, 2742, 2739, -1,
      2739, 2742, 2743, -1,
      2739, 2743, 2740, -1,
      2740, 2743, 2744, -1,
      2740, 2744, 2741, -1,
      2741, 2744, 2745, -1,
      2741, 2745, 2525, -1,
      2525, 2745, 2524, -1,
      2525, 2524, 202, -1,
      202, 2524, 201, -1,
      199, 200, 2746, -1,
      2746, 200, 2524, -1,
      2746, 2524, 2747, -1,
      2747, 2524, 2745, -1,
      2747, 2745, 2748, -1,
      2748, 2745, 2744, -1,
      2748, 2744, 2749, -1,
      2749, 2744, 2743, -1,
      2749, 2743, 2750, -1,
      2750, 2743, 2742, -1,
      2750, 2742, 1123, -1,
      1123, 2742, 1125, -1,
      1123, 1121, 2750, -1,
      2750, 1121, 2577, -1,
      2750, 2577, 2749, -1,
      2749, 2577, 2579, -1,
      2749, 2579, 2748, -1,
      2748, 2579, 2581, -1,
      2748, 2581, 2747, -1,
      2747, 2581, 2583, -1,
      2747, 2583, 2746, -1,
      2746, 2583, 2585, -1,
      2746, 2585, 199, -1,
      199, 2585, 198, -1,
      2523, 196, 2585, -1,
      2585, 196, 197, -1,
      2585, 197, 198, -1,
      194, 195, 2751, -1,
      2751, 195, 2523, -1,
      2751, 2523, 2752, -1,
      2752, 2523, 2584, -1,
      2752, 2584, 2753, -1,
      2753, 2584, 2582, -1,
      2753, 2582, 2754, -1,
      2754, 2582, 2580, -1,
      2754, 2580, 2755, -1,
      2755, 2580, 2578, -1,
      2755, 2578, 1117, -1,
      1117, 2578, 1119, -1,
      1117, 1115, 2755, -1,
      2755, 1115, 2586, -1,
      2755, 2586, 2754, -1,
      2754, 2586, 2588, -1,
      2754, 2588, 2753, -1,
      2753, 2588, 2590, -1,
      2753, 2590, 2752, -1,
      2752, 2590, 2592, -1,
      2752, 2592, 2751, -1,
      2751, 2592, 2594, -1,
      2751, 2594, 194, -1,
      194, 2594, 193, -1,
      2522, 191, 2594, -1,
      2594, 191, 192, -1,
      2594, 192, 193, -1,
      189, 190, 2521, -1,
      2521, 190, 2522, -1,
      2521, 2522, 2756, -1,
      2756, 2522, 2593, -1,
      2756, 2593, 2757, -1,
      2757, 2593, 2591, -1,
      2757, 2591, 2758, -1,
      2758, 2591, 2589, -1,
      2758, 2589, 2759, -1,
      2759, 2589, 2587, -1,
      2759, 2587, 1111, -1,
      1111, 2587, 1113, -1,
      187, 188, 2760, -1,
      2760, 188, 2521, -1,
      2760, 2521, 2761, -1,
      2761, 2521, 2756, -1,
      2761, 2756, 2762, -1,
      2762, 2756, 2757, -1,
      2762, 2757, 2763, -1,
      2763, 2757, 2758, -1,
      2763, 2758, 2764, -1,
      2764, 2758, 2759, -1,
      2764, 2759, 1109, -1,
      1109, 2759, 1111, -1,
      1109, 1107, 2764, -1,
      2764, 1107, 2765, -1,
      2764, 2765, 2763, -1,
      2763, 2765, 2766, -1,
      2763, 2766, 2762, -1,
      2762, 2766, 2767, -1,
      2762, 2767, 2761, -1,
      2761, 2767, 2768, -1,
      2761, 2768, 2760, -1,
      2760, 2768, 2520, -1,
      2760, 2520, 187, -1,
      187, 2520, 186, -1,
      1107, 1105, 2765, -1,
      2765, 1105, 2769, -1,
      2765, 2769, 2766, -1,
      2766, 2769, 2770, -1,
      2766, 2770, 2767, -1,
      2767, 2770, 2771, -1,
      2767, 2771, 2768, -1,
      2768, 2771, 2772, -1,
      2768, 2772, 2520, -1,
      2520, 2772, 2519, -1,
      2520, 2519, 185, -1,
      185, 2519, 184, -1,
      182, 183, 2773, -1,
      2773, 183, 2519, -1,
      2773, 2519, 2774, -1,
      2774, 2519, 2772, -1,
      2774, 2772, 2775, -1,
      2775, 2772, 2771, -1,
      2775, 2771, 2776, -1,
      2776, 2771, 2770, -1,
      2776, 2770, 2777, -1,
      2777, 2770, 2769, -1,
      2777, 2769, 1103, -1,
      1103, 2769, 1105, -1,
      1103, 1101, 2777, -1,
      2777, 1101, 2595, -1,
      2777, 2595, 2776, -1,
      2776, 2595, 2597, -1,
      2776, 2597, 2775, -1,
      2775, 2597, 2599, -1,
      2775, 2599, 2774, -1,
      2774, 2599, 2601, -1,
      2774, 2601, 2773, -1,
      2773, 2601, 2603, -1,
      2773, 2603, 182, -1,
      182, 2603, 181, -1,
      2518, 179, 2603, -1,
      2603, 179, 180, -1,
      2603, 180, 181, -1,
      177, 178, 2778, -1,
      2778, 178, 2518, -1,
      2778, 2518, 2779, -1,
      2779, 2518, 2602, -1,
      2779, 2602, 2780, -1,
      2780, 2602, 2600, -1,
      2780, 2600, 2781, -1,
      2781, 2600, 2598, -1,
      2781, 2598, 2782, -1,
      2782, 2598, 2596, -1,
      2782, 2596, 1097, -1,
      1097, 2596, 1099, -1,
      1097, 1095, 2782, -1,
      2782, 1095, 2783, -1,
      2782, 2783, 2781, -1,
      2781, 2783, 2784, -1,
      2781, 2784, 2780, -1,
      2780, 2784, 2785, -1,
      2780, 2785, 2779, -1,
      2779, 2785, 2786, -1,
      2779, 2786, 2778, -1,
      2778, 2786, 2517, -1,
      2778, 2517, 177, -1,
      177, 2517, 176, -1,
      174, 175, 2516, -1,
      2516, 175, 2517, -1,
      2516, 2517, 2787, -1,
      2787, 2517, 2786, -1,
      2787, 2786, 2788, -1,
      2788, 2786, 2785, -1,
      2788, 2785, 2789, -1,
      2789, 2785, 2784, -1,
      2789, 2784, 2790, -1,
      2790, 2784, 2783, -1,
      2790, 2783, 1093, -1,
      1093, 2783, 1095, -1,
      1093, 1091, 2790, -1,
      2790, 1091, 2791, -1,
      2790, 2791, 2789, -1,
      2789, 2791, 2792, -1,
      2789, 2792, 2788, -1,
      2788, 2792, 2793, -1,
      2788, 2793, 2787, -1,
      2787, 2793, 2794, -1,
      2787, 2794, 2516, -1,
      2516, 2794, 2515, -1,
      2516, 2515, 172, -1,
      172, 2515, 173, -1,
      210, 211, 2795, -1,
      2795, 211, 2515, -1,
      2795, 2515, 2796, -1,
      2796, 2515, 2794, -1,
      2796, 2794, 2797, -1,
      2797, 2794, 2793, -1,
      2797, 2793, 2798, -1,
      2798, 2793, 2792, -1,
      2798, 2792, 2799, -1,
      2799, 2792, 2791, -1,
      2799, 2791, 1089, -1,
      1089, 2791, 1091, -1,
      1089, 1087, 2799, -1,
      2799, 1087, 2604, -1,
      2799, 2604, 2798, -1,
      2798, 2604, 2606, -1,
      2798, 2606, 2797, -1,
      2797, 2606, 2608, -1,
      2797, 2608, 2796, -1,
      2796, 2608, 2610, -1,
      2796, 2610, 2795, -1,
      2795, 2610, 2612, -1,
      2795, 2612, 210, -1,
      210, 2612, 209, -1,
      2514, 230, 2612, -1,
      2612, 230, 208, -1,
      2612, 208, 209, -1,
      226, 228, 2800, -1,
      2800, 228, 2514, -1,
      2800, 2514, 2801, -1,
      2801, 2514, 2611, -1,
      2801, 2611, 2802, -1,
      2802, 2611, 2609, -1,
      2802, 2609, 2803, -1,
      2803, 2609, 2607, -1,
      2803, 2607, 2804, -1,
      2804, 2607, 2605, -1,
      2804, 2605, 1083, -1,
      1083, 2605, 1085, -1,
      1083, 1081, 2804, -1,
      2804, 1081, 2613, -1,
      2804, 2613, 2803, -1,
      2803, 2613, 2615, -1,
      2803, 2615, 2802, -1,
      2802, 2615, 2617, -1,
      2802, 2617, 2801, -1,
      2801, 2617, 2619, -1,
      2801, 2619, 2800, -1,
      2800, 2619, 2621, -1,
      2800, 2621, 226, -1,
      226, 2621, 224, -1,
      2513, 220, 2621, -1,
      2621, 220, 222, -1,
      2621, 222, 224, -1,
      216, 218, 2512, -1,
      2512, 218, 2513, -1,
      2512, 2513, 2805, -1,
      2805, 2513, 2620, -1,
      2805, 2620, 2806, -1,
      2806, 2620, 2618, -1,
      2806, 2618, 2807, -1,
      2807, 2618, 2616, -1,
      2807, 2616, 2808, -1,
      2808, 2616, 2614, -1,
      2808, 2614, 1077, -1,
      1077, 2614, 1079, -1,
      286, 214, 2809, -1,
      2809, 214, 2512, -1,
      2809, 2512, 2810, -1,
      2810, 2512, 2805, -1,
      2810, 2805, 2811, -1,
      2811, 2805, 2806, -1,
      2811, 2806, 2812, -1,
      2812, 2806, 2807, -1,
      2812, 2807, 2813, -1,
      2813, 2807, 2808, -1,
      2813, 2808, 1076, -1,
      1076, 2808, 1077, -1,
      1076, 1074, 2813, -1,
      2813, 1074, 2814, -1,
      2813, 2814, 2812, -1,
      2812, 2814, 2815, -1,
      2812, 2815, 2811, -1,
      2811, 2815, 2816, -1,
      2811, 2816, 2810, -1,
      2810, 2816, 2817, -1,
      2810, 2817, 2809, -1,
      2809, 2817, 2511, -1,
      2809, 2511, 286, -1,
      286, 2511, 285, -1,
      1074, 1072, 2814, -1,
      2814, 1072, 2818, -1,
      2814, 2818, 2815, -1,
      2815, 2818, 2819, -1,
      2815, 2819, 2816, -1,
      2816, 2819, 2820, -1,
      2816, 2820, 2817, -1,
      2817, 2820, 2821, -1,
      2817, 2821, 2511, -1,
      2511, 2821, 2510, -1,
      2511, 2510, 283, -1,
      283, 2510, 281, -1,
      277, 279, 2822, -1,
      2822, 279, 2510, -1,
      2822, 2510, 2823, -1,
      2823, 2510, 2821, -1,
      2823, 2821, 2824, -1,
      2824, 2821, 2820, -1,
      2824, 2820, 2825, -1,
      2825, 2820, 2819, -1,
      2825, 2819, 2826, -1,
      2826, 2819, 2818, -1,
      2826, 2818, 1070, -1,
      1070, 2818, 1072, -1,
      1070, 1068, 2826, -1,
      2826, 1068, 2622, -1,
      2826, 2622, 2825, -1,
      2825, 2622, 2624, -1,
      2825, 2624, 2824, -1,
      2824, 2624, 2626, -1,
      2824, 2626, 2823, -1,
      2823, 2626, 2628, -1,
      2823, 2628, 2822, -1,
      2822, 2628, 2630, -1,
      2822, 2630, 277, -1,
      277, 2630, 275, -1,
      2509, 271, 2630, -1,
      2630, 271, 273, -1,
      2630, 273, 275, -1,
      267, 269, 2827, -1,
      2827, 269, 2509, -1,
      2827, 2509, 2828, -1,
      2828, 2509, 2629, -1,
      2828, 2629, 2829, -1,
      2829, 2629, 2627, -1,
      2829, 2627, 2830, -1,
      2830, 2627, 2625, -1,
      2830, 2625, 2831, -1,
      2831, 2625, 2623, -1,
      2831, 2623, 1064, -1,
      1064, 2623, 1066, -1,
      1064, 1062, 2831, -1,
      2831, 1062, 2631, -1,
      2831, 2631, 2830, -1,
      2830, 2631, 2633, -1,
      2830, 2633, 2829, -1,
      2829, 2633, 2635, -1,
      2829, 2635, 2828, -1,
      2828, 2635, 2637, -1,
      2828, 2637, 2827, -1,
      2827, 2637, 2639, -1,
      2827, 2639, 267, -1,
      267, 2639, 265, -1,
      2508, 261, 2639, -1,
      2639, 261, 263, -1,
      2639, 263, 265, -1,
      1060, 1058, 2632, -1,
      2632, 1058, 2832, -1,
      2632, 2832, 2634, -1,
      2634, 2832, 2833, -1,
      2634, 2833, 2636, -1,
      2636, 2833, 2834, -1,
      2636, 2834, 2638, -1,
      2638, 2834, 2835, -1,
      2638, 2835, 2508, -1,
      2508, 2835, 2507, -1,
      2508, 2507, 259, -1,
      259, 2507, 257, -1,
      253, 255, 2836, -1,
      2836, 255, 2507, -1,
      2836, 2507, 2837, -1,
      2837, 2507, 2835, -1,
      2837, 2835, 2838, -1,
      2838, 2835, 2834, -1,
      2838, 2834, 2839, -1,
      2839, 2834, 2833, -1,
      2839, 2833, 2840, -1,
      2840, 2833, 2832, -1,
      2840, 2832, 1056, -1,
      1056, 2832, 1058, -1,
      1056, 1054, 2840, -1,
      2840, 1054, 2841, -1,
      2840, 2841, 2839, -1,
      2839, 2841, 2842, -1,
      2839, 2842, 2838, -1,
      2838, 2842, 2843, -1,
      2838, 2843, 2837, -1,
      2837, 2843, 2844, -1,
      2837, 2844, 2836, -1,
      2836, 2844, 2506, -1,
      2836, 2506, 253, -1,
      253, 2506, 251, -1,
      1054, 1052, 2841, -1,
      2841, 1052, 2845, -1,
      2841, 2845, 2842, -1,
      2842, 2845, 2846, -1,
      2842, 2846, 2843, -1,
      2843, 2846, 2847, -1,
      2843, 2847, 2844, -1,
      2844, 2847, 2848, -1,
      2844, 2848, 2506, -1,
      2506, 2848, 2505, -1,
      2506, 2505, 249, -1,
      249, 2505, 247, -1,
      243, 245, 2849, -1,
      2849, 245, 2505, -1,
      2849, 2505, 2850, -1,
      2850, 2505, 2848, -1,
      2850, 2848, 2851, -1,
      2851, 2848, 2847, -1,
      2851, 2847, 2852, -1,
      2852, 2847, 2846, -1,
      2852, 2846, 2853, -1,
      2853, 2846, 2845, -1,
      2853, 2845, 1050, -1,
      1050, 2845, 1052, -1,
      1050, 1048, 2853, -1,
      2853, 1048, 2640, -1,
      2853, 2640, 2852, -1,
      2852, 2640, 2642, -1,
      2852, 2642, 2851, -1,
      2851, 2642, 2644, -1,
      2851, 2644, 2850, -1,
      2850, 2644, 2646, -1,
      2850, 2646, 2849, -1,
      2849, 2646, 2648, -1,
      2849, 2648, 243, -1,
      243, 2648, 241, -1,
      2504, 237, 2648, -1,
      2648, 237, 239, -1,
      2648, 239, 241, -1,
      233, 235, 2854, -1,
      2854, 235, 2504, -1,
      2854, 2504, 2855, -1,
      2855, 2504, 2647, -1,
      2855, 2647, 2856, -1,
      2856, 2647, 2645, -1,
      2856, 2645, 2857, -1,
      2857, 2645, 2643, -1,
      2857, 2643, 2858, -1,
      2858, 2643, 2641, -1,
      2858, 2641, 1044, -1,
      1044, 2641, 1046, -1,
      1044, 1042, 2858, -1,
      2858, 1042, 2649, -1,
      2858, 2649, 2857, -1,
      2857, 2649, 2651, -1,
      2857, 2651, 2856, -1,
      2856, 2651, 2653, -1,
      2856, 2653, 2855, -1,
      2855, 2653, 2655, -1,
      2855, 2655, 2854, -1,
      2854, 2655, 2657, -1,
      2854, 2657, 233, -1,
      233, 2657, 102, -1,
      1334, 2859, 2860, -1,
      1334, 1332, 2859, -1,
      2859, 1332, 1330, -1,
      2859, 1330, 2861, -1,
      2861, 1330, 1328, -1,
      2861, 1328, 2862, -1,
      2862, 1328, 1326, -1,
      2862, 1326, 2863, -1,
      2863, 1326, 1324, -1,
      1324, 1322, 2863, -1,
      2863, 1322, 1320, -1,
      2863, 1320, 2864, -1,
      2864, 1320, 1318, -1,
      2864, 1318, 2865, -1,
      2865, 1318, 1316, -1,
      2865, 1316, 2866, -1,
      2866, 1316, 1314, -1,
      1314, 1312, 2866, -1,
      2866, 1312, 1310, -1,
      2866, 1310, 2867, -1,
      1310, 1308, 2867, -1,
      2867, 1308, 1306, -1,
      2867, 1306, 2868, -1,
      2868, 1306, 1304, -1,
      2868, 1304, 2869, -1,
      2869, 1304, 1302, -1,
      2869, 1302, 2870, -1,
      2870, 1302, 1300, -1,
      1300, 1298, 2870, -1,
      2870, 1298, 1296, -1,
      2870, 1296, 2871, -1,
      2871, 1296, 1294, -1,
      2871, 1294, 2872, -1,
      2872, 1294, 1292, -1,
      2872, 1292, 2873, -1,
      2873, 1292, 1290, -1,
      1290, 1288, 2873, -1,
      2873, 1288, 1286, -1,
      2873, 1286, 2874, -1,
      2874, 1286, 1284, -1,
      2874, 1284, 2875, -1,
      1284, 1282, 2875, -1,
      2875, 1282, 1280, -1,
      2875, 1280, 2876, -1,
      1280, 1278, 2876, -1,
      2876, 1278, 1276, -1,
      2876, 1276, 2877, -1,
      1276, 1274, 2877, -1,
      2877, 1274, 1272, -1,
      2877, 1272, 2878, -1,
      2878, 1272, 1270, -1,
      2878, 1270, 2879, -1,
      2879, 1270, 1268, -1,
      2879, 1268, 2880, -1,
      2880, 1268, 1266, -1,
      1266, 1264, 2880, -1,
      2880, 1264, 1262, -1,
      2880, 1262, 2881, -1,
      2881, 1262, 1260, -1,
      2881, 1260, 2882, -1,
      2882, 1260, 1258, -1,
      2882, 1258, 2883, -1,
      2883, 1258, 1256, -1,
      1256, 1254, 2883, -1,
      2883, 1254, 1252, -1,
      2883, 1252, 2884, -1,
      1252, 1250, 2884, -1,
      2884, 1250, 1248, -1,
      2884, 1248, 2885, -1,
      2885, 1248, 1246, -1,
      2885, 1246, 2886, -1,
      2886, 1246, 1244, -1,
      2886, 1244, 2887, -1,
      2887, 1244, 1242, -1,
      1242, 1240, 2887, -1,
      2887, 1240, 1238, -1,
      2887, 1238, 2888, -1,
      2888, 1238, 1236, -1,
      2888, 1236, 2889, -1,
      2889, 1236, 1234, -1,
      2889, 1234, 2890, -1,
      2890, 1234, 1232, -1,
      1232, 1230, 2890, -1,
      2890, 1230, 1228, -1,
      2890, 1228, 2891, -1,
      2891, 1228, 1226, -1,
      2891, 1226, 2892, -1,
      2892, 1226, 1224, -1,
      2892, 1224, 2893, -1,
      2893, 1224, 1222, -1,
      1222, 1220, 2893, -1,
      2893, 1220, 1458, -1,
      2893, 1458, 2894, -1,
      1458, 1456, 2894, -1,
      2894, 1456, 1454, -1,
      2894, 1454, 2895, -1,
      2895, 1454, 1452, -1,
      2895, 1452, 2896, -1,
      2896, 1452, 1450, -1,
      2896, 1450, 2897, -1,
      2897, 1450, 1448, -1,
      1448, 1446, 2897, -1,
      2897, 1446, 1444, -1,
      2897, 1444, 2898, -1,
      2898, 1444, 1442, -1,
      2898, 1442, 2899, -1,
      2899, 1442, 1440, -1,
      2899, 1440, 2900, -1,
      2900, 1440, 1438, -1,
      1438, 1436, 2900, -1,
      2900, 1436, 1434, -1,
      2900, 1434, 2901, -1,
      2901, 1434, 1432, -1,
      2901, 1432, 2902, -1,
      1432, 1430, 2902, -1,
      2902, 1430, 1428, -1,
      2902, 1428, 2903, -1,
      1428, 1426, 2903, -1,
      2903, 1426, 1424, -1,
      2903, 1424, 2904, -1,
      1424, 1422, 2904, -1,
      2904, 1422, 1420, -1,
      2904, 1420, 2905, -1,
      2905, 1420, 1418, -1,
      2905, 1418, 2906, -1,
      2906, 1418, 1416, -1,
      2906, 1416, 2907, -1,
      2907, 1416, 1414, -1,
      1414, 1412, 2907, -1,
      2907, 1412, 1410, -1,
      2907, 1410, 2908, -1,
      2908, 1410, 1408, -1,
      2908, 1408, 2909, -1,
      2909, 1408, 1406, -1,
      2909, 1406, 2910, -1,
      2910, 1406, 1404, -1,
      1404, 1402, 2910, -1,
      2910, 1402, 1400, -1,
      2910, 1400, 2911, -1,
      1400, 1398, 2911, -1,
      2911, 1398, 1396, -1,
      2911, 1396, 2912, -1,
      2912, 1396, 1394, -1,
      2912, 1394, 2913, -1,
      2913, 1394, 1392, -1,
      2913, 1392, 2914, -1,
      2914, 1392, 1390, -1,
      1390, 1388, 2914, -1,
      2914, 1388, 1386, -1,
      2914, 1386, 2915, -1,
      2915, 1386, 1384, -1,
      2915, 1384, 2916, -1,
      2916, 1384, 1382, -1,
      2916, 1382, 2917, -1,
      2917, 1382, 1380, -1,
      1380, 1378, 2917, -1,
      2917, 1378, 1376, -1,
      2917, 1376, 2918, -1,
      2918, 1376, 1374, -1,
      2918, 1374, 2919, -1,
      1374, 1372, 2919, -1,
      2919, 1372, 1370, -1,
      2919, 1370, 2920, -1,
      1370, 1368, 2920, -1,
      2920, 1368, 1366, -1,
      2920, 1366, 2921, -1,
      1366, 1364, 2921, -1,
      2921, 1364, 1362, -1,
      2921, 1362, 2922, -1,
      2922, 1362, 1360, -1,
      2922, 1360, 2923, -1,
      2923, 1360, 1358, -1,
      2923, 1358, 2924, -1,
      2924, 1358, 1356, -1,
      1356, 1354, 2924, -1,
      2924, 1354, 1352, -1,
      2924, 1352, 2925, -1,
      2925, 1352, 1350, -1,
      2925, 1350, 2926, -1,
      2926, 1350, 1348, -1,
      2926, 1348, 2927, -1,
      2927, 1348, 1346, -1,
      1346, 1344, 2927, -1,
      2927, 1344, 1342, -1,
      2927, 1342, 2928, -1,
      2928, 1342, 1340, -1,
      2928, 1340, 2929, -1,
      2929, 1340, 1338, -1,
      2929, 1338, 2860, -1,
      2860, 1338, 1336, -1,
      2860, 1336, 1334, -1,
      2928, 2930, 2927, -1,
      2927, 2930, 2931, -1,
      2927, 2931, 2926, -1,
      2926, 2931, 2932, -1,
      2926, 2932, 2925, -1,
      2925, 2932, 2933, -1,
      2925, 2933, 2924, -1,
      2924, 2933, 2934, -1,
      2924, 2934, 2923, -1,
      2923, 2934, 2935, -1,
      2923, 2935, 2922, -1,
      2922, 2935, 2936, -1,
      2922, 2936, 2921, -1,
      2921, 2936, 2937, -1,
      2921, 2937, 2920, -1,
      2920, 2937, 2938, -1,
      2920, 2938, 2919, -1,
      2919, 2938, 2939, -1,
      2919, 2939, 2918, -1,
      2918, 2939, 2940, -1,
      2918, 2940, 2917, -1,
      2917, 2940, 2941, -1,
      2917, 2941, 2916, -1,
      2916, 2941, 2942, -1,
      2916, 2942, 2915, -1,
      2915, 2942, 2943, -1,
      2915, 2943, 2914, -1,
      2914, 2943, 2944, -1,
      2914, 2944, 2913, -1,
      2913, 2944, 2945, -1,
      2913, 2945, 2912, -1,
      2912, 2945, 2946, -1,
      2912, 2946, 2911, -1,
      2911, 2946, 2947, -1,
      2911, 2947, 2910, -1,
      2910, 2947, 2948, -1,
      2910, 2948, 2909, -1,
      2909, 2948, 2949, -1,
      2909, 2949, 2908, -1,
      2908, 2949, 2950, -1,
      2908, 2950, 2907, -1,
      2907, 2950, 2951, -1,
      2907, 2951, 2906, -1,
      2906, 2951, 2952, -1,
      2906, 2952, 2905, -1,
      2905, 2952, 2953, -1,
      2905, 2953, 2904, -1,
      2904, 2953, 2954, -1,
      2904, 2954, 2903, -1,
      2903, 2954, 2955, -1,
      2903, 2955, 2902, -1,
      2902, 2955, 2956, -1,
      2902, 2956, 2901, -1,
      2901, 2956, 2957, -1,
      2901, 2957, 2900, -1,
      2900, 2957, 2958, -1,
      2900, 2958, 2899, -1,
      2899, 2958, 2959, -1,
      2899, 2959, 2898, -1,
      2898, 2959, 2960, -1,
      2898, 2960, 2897, -1,
      2897, 2960, 2961, -1,
      2897, 2961, 2896, -1,
      2896, 2961, 2962, -1,
      2896, 2962, 2895, -1,
      2895, 2962, 2963, -1,
      2895, 2963, 2894, -1,
      2894, 2963, 2964, -1,
      2894, 2964, 2893, -1,
      2893, 2964, 2965, -1,
      2893, 2965, 2892, -1,
      2892, 2965, 2966, -1,
      2892, 2966, 2891, -1,
      2891, 2966, 2967, -1,
      2891, 2967, 2890, -1,
      2890, 2967, 2968, -1,
      2890, 2968, 2889, -1,
      2889, 2968, 2969, -1,
      2889, 2969, 2888, -1,
      2888, 2969, 2970, -1,
      2888, 2970, 2887, -1,
      2887, 2970, 2971, -1,
      2887, 2971, 2886, -1,
      2886, 2971, 2972, -1,
      2886, 2972, 2885, -1,
      2885, 2972, 2973, -1,
      2885, 2973, 2884, -1,
      2884, 2973, 2974, -1,
      2884, 2974, 2883, -1,
      2883, 2974, 2975, -1,
      2883, 2975, 2882, -1,
      2882, 2975, 2976, -1,
      2882, 2976, 2881, -1,
      2881, 2976, 2977, -1,
      2881, 2977, 2880, -1,
      2880, 2977, 2978, -1,
      2880, 2978, 2879, -1,
      2879, 2978, 2979, -1,
      2879, 2979, 2878, -1,
      2878, 2979, 2980, -1,
      2878, 2980, 2877, -1,
      2877, 2980, 2981, -1,
      2877, 2981, 2876, -1,
      2876, 2981, 2982, -1,
      2876, 2982, 2875, -1,
      2875, 2982, 2983, -1,
      2875, 2983, 2874, -1,
      2874, 2983, 2984, -1,
      2874, 2984, 2873, -1,
      2873, 2984, 2985, -1,
      2873, 2985, 2872, -1,
      2872, 2985, 2986, -1,
      2872, 2986, 2871, -1,
      2871, 2986, 2987, -1,
      2871, 2987, 2870, -1,
      2870, 2987, 2988, -1,
      2870, 2988, 2869, -1,
      2869, 2988, 2989, -1,
      2869, 2989, 2868, -1,
      2868, 2989, 2990, -1,
      2868, 2990, 2867, -1,
      2867, 2990, 2991, -1,
      2867, 2991, 2866, -1,
      2866, 2991, 2992, -1,
      2866, 2992, 2865, -1,
      2865, 2992, 2993, -1,
      2865, 2993, 2864, -1,
      2864, 2993, 2994, -1,
      2864, 2994, 2863, -1,
      2863, 2994, 2995, -1,
      2863, 2995, 2862, -1,
      2862, 2995, 2996, -1,
      2862, 2996, 2861, -1,
      2861, 2996, 2997, -1,
      2861, 2997, 2859, -1,
      2859, 2997, 2998, -1,
      2859, 2998, 2860, -1,
      2860, 2998, 2999, -1,
      2860, 2999, 2929, -1,
      2929, 2999, 3000, -1,
      2929, 3000, 2928, -1,
      2928, 3000, 2930, -1,
      3000, 3001, 2930, -1,
      2930, 3001, 3002, -1,
      2930, 3002, 2931, -1,
      2931, 3002, 3003, -1,
      2931, 3003, 2932, -1,
      2932, 3003, 3004, -1,
      2932, 3004, 2933, -1,
      2933, 3004, 3005, -1,
      2933, 3005, 2934, -1,
      2934, 3005, 3006, -1,
      2934, 3006, 2935, -1,
      2935, 3006, 3007, -1,
      2935, 3007, 2936, -1,
      2936, 3007, 3008, -1,
      2936, 3008, 2937, -1,
      2937, 3008, 3009, -1,
      2937, 3009, 2938, -1,
      2938, 3009, 3010, -1,
      2938, 3010, 2939, -1,
      2939, 3010, 3011, -1,
      2939, 3011, 2940, -1,
      2940, 3011, 3012, -1,
      2940, 3012, 2941, -1,
      2941, 3012, 3013, -1,
      2941, 3013, 2942, -1,
      2942, 3013, 3014, -1,
      2942, 3014, 2943, -1,
      2943, 3014, 3015, -1,
      2943, 3015, 2944, -1,
      2944, 3015, 3016, -1,
      2944, 3016, 2945, -1,
      2945, 3016, 3017, -1,
      2945, 3017, 2946, -1,
      2946, 3017, 3018, -1,
      2946, 3018, 2947, -1,
      2947, 3018, 3019, -1,
      2947, 3019, 2948, -1,
      2948, 3019, 3020, -1,
      2948, 3020, 2949, -1,
      2949, 3020, 3021, -1,
      2949, 3021, 2950, -1,
      2950, 3021, 3022, -1,
      2950, 3022, 2951, -1,
      2951, 3022, 3023, -1,
      2951, 3023, 2952, -1,
      2952, 3023, 3024, -1,
      2952, 3024, 2953, -1,
      2953, 3024, 3025, -1,
      2953, 3025, 2954, -1,
      2954, 3025, 3026, -1,
      2954, 3026, 2955, -1,
      2955, 3026, 3027, -1,
      2955, 3027, 2956, -1,
      2956, 3027, 3028, -1,
      2956, 3028, 2957, -1,
      2957, 3028, 3029, -1,
      2957, 3029, 2958, -1,
      2958, 3029, 3030, -1,
      2958, 3030, 2959, -1,
      2959, 3030, 3031, -1,
      2959, 3031, 2960, -1,
      2960, 3031, 3032, -1,
      2960, 3032, 2961, -1,
      2961, 3032, 3033, -1,
      2961, 3033, 2962, -1,
      2962, 3033, 3034, -1,
      2962, 3034, 2963, -1,
      2963, 3034, 3035, -1,
      2963, 3035, 2964, -1,
      2964, 3035, 3036, -1,
      2964, 3036, 2965, -1,
      2965, 3036, 3037, -1,
      2965, 3037, 2966, -1,
      2966, 3037, 3038, -1,
      2966, 3038, 2967, -1,
      2967, 3038, 3039, -1,
      2967, 3039, 2968, -1,
      2968, 3039, 3040, -1,
      2968, 3040, 2969, -1,
      2969, 3040, 3041, -1,
      2969, 3041, 2970, -1,
      2970, 3041, 3042, -1,
      2970, 3042, 2971, -1,
      2971, 3042, 3043, -1,
      2971, 3043, 2972, -1,
      2972, 3043, 3044, -1,
      2972, 3044, 2973, -1,
      2973, 3044, 3045, -1,
      2973, 3045, 2974, -1,
      2974, 3045, 3046, -1,
      2974, 3046, 2975, -1,
      2975, 3046, 3047, -1,
      2975, 3047, 2976, -1,
      2976, 3047, 3048, -1,
      2976, 3048, 2977, -1,
      2977, 3048, 3049, -1,
      2977, 3049, 2978, -1,
      2978, 3049, 3050, -1,
      2978, 3050, 2979, -1,
      2979, 3050, 3051, -1,
      2979, 3051, 2980, -1,
      2980, 3051, 3052, -1,
      2980, 3052, 2981, -1,
      2981, 3052, 3053, -1,
      2981, 3053, 2982, -1,
      2982, 3053, 3054, -1,
      2982, 3054, 2983, -1,
      2983, 3054, 3055, -1,
      2983, 3055, 2984, -1,
      2984, 3055, 3056, -1,
      2984, 3056, 2985, -1,
      2985, 3056, 3057, -1,
      2985, 3057, 2986, -1,
      2986, 3057, 3058, -1,
      2986, 3058, 2987, -1,
      2987, 3058, 3059, -1,
      2987, 3059, 2988, -1,
      2988, 3059, 3060, -1,
      2988, 3060, 2989, -1,
      2989, 3060, 3061, -1,
      2989, 3061, 2990, -1,
      2990, 3061, 3062, -1,
      2990, 3062, 2991, -1,
      2991, 3062, 3063, -1,
      2991, 3063, 2992, -1,
      2992, 3063, 3064, -1,
      2992, 3064, 2993, -1,
      2993, 3064, 3065, -1,
      2993, 3065, 2994, -1,
      2994, 3065, 3066, -1,
      2994, 3066, 2995, -1,
      2995, 3066, 3067, -1,
      2995, 3067, 2996, -1,
      2996, 3067, 3068, -1,
      2996, 3068, 2997, -1,
      2997, 3068, 3069, -1,
      2997, 3069, 2998, -1,
      2998, 3069, 3070, -1,
      2998, 3070, 2999, -1,
      2999, 3070, 3071, -1,
      2999, 3071, 3000, -1,
      3000, 3071, 3001, -1,
      3071, 3072, 3001, -1,
      3001, 3072, 3073, -1,
      3001, 3073, 3002, -1,
      3002, 3073, 3074, -1,
      3002, 3074, 3003, -1,
      3003, 3074, 3075, -1,
      3003, 3075, 3004, -1,
      3004, 3075, 3076, -1,
      3004, 3076, 3005, -1,
      3005, 3076, 3077, -1,
      3005, 3077, 3006, -1,
      3006, 3077, 3078, -1,
      3006, 3078, 3007, -1,
      3007, 3078, 3079, -1,
      3007, 3079, 3008, -1,
      3008, 3079, 3080, -1,
      3008, 3080, 3009, -1,
      3009, 3080, 3081, -1,
      3009, 3081, 3010, -1,
      3010, 3081, 3082, -1,
      3010, 3082, 3011, -1,
      3011, 3082, 3083, -1,
      3011, 3083, 3012, -1,
      3012, 3083, 3084, -1,
      3012, 3084, 3013, -1,
      3013, 3084, 3085, -1,
      3013, 3085, 3014, -1,
      3014, 3085, 3086, -1,
      3014, 3086, 3015, -1,
      3015, 3086, 3087, -1,
      3015, 3087, 3016, -1,
      3016, 3087, 3088, -1,
      3016, 3088, 3017, -1,
      3017, 3088, 3089, -1,
      3017, 3089, 3018, -1,
      3018, 3089, 3090, -1,
      3018, 3090, 3019, -1,
      3019, 3090, 3091, -1,
      3019, 3091, 3020, -1,
      3020, 3091, 3092, -1,
      3020, 3092, 3021, -1,
      3021, 3092, 3093, -1,
      3021, 3093, 3022, -1,
      3022, 3093, 3094, -1,
      3022, 3094, 3023, -1,
      3023, 3094, 3095, -1,
      3023, 3095, 3024, -1,
      3024, 3095, 3096, -1,
      3024, 3096, 3025, -1,
      3025, 3096, 3097, -1,
      3025, 3097, 3026, -1,
      3026, 3097, 3098, -1,
      3026, 3098, 3027, -1,
      3027, 3098, 3099, -1,
      3027, 3099, 3028, -1,
      3028, 3099, 3100, -1,
      3028, 3100, 3029, -1,
      3029, 3100, 3101, -1,
      3029, 3101, 3030, -1,
      3030, 3101, 3102, -1,
      3030, 3102, 3031, -1,
      3031, 3102, 3103, -1,
      3031, 3103, 3032, -1,
      3032, 3103, 3104, -1,
      3032, 3104, 3033, -1,
      3033, 3104, 3105, -1,
      3033, 3105, 3034, -1,
      3034, 3105, 3106, -1,
      3034, 3106, 3035, -1,
      3035, 3106, 3107, -1,
      3035, 3107, 3036, -1,
      3036, 3107, 3108, -1,
      3036, 3108, 3037, -1,
      3037, 3108, 3109, -1,
      3037, 3109, 3038, -1,
      3038, 3109, 3110, -1,
      3038, 3110, 3039, -1,
      3039, 3110, 3111, -1,
      3039, 3111, 3040, -1,
      3040, 3111, 3112, -1,
      3040, 3112, 3041, -1,
      3041, 3112, 3113, -1,
      3041, 3113, 3042, -1,
      3042, 3113, 3114, -1,
      3042, 3114, 3043, -1,
      3043, 3114, 3115, -1,
      3043, 3115, 3044, -1,
      3044, 3115, 3116, -1,
      3044, 3116, 3045, -1,
      3045, 3116, 3117, -1,
      3045, 3117, 3046, -1,
      3046, 3117, 3118, -1,
      3046, 3118, 3047, -1,
      3047, 3118, 3119, -1,
      3047, 3119, 3048, -1,
      3048, 3119, 3120, -1,
      3048, 3120, 3049, -1,
      3049, 3120, 3121, -1,
      3049, 3121, 3050, -1,
      3050, 3121, 3122, -1,
      3050, 3122, 3051, -1,
      3051, 3122, 3123, -1,
      3051, 3123, 3052, -1,
      3052, 3123, 3124, -1,
      3052, 3124, 3053, -1,
      3053, 3124, 3125, -1,
      3053, 3125, 3054, -1,
      3054, 3125, 3126, -1,
      3054, 3126, 3055, -1,
      3055, 3126, 3127, -1,
      3055, 3127, 3056, -1,
      3056, 3127, 3128, -1,
      3056, 3128, 3057, -1,
      3057, 3128, 3129, -1,
      3057, 3129, 3058, -1,
      3058, 3129, 3130, -1,
      3058, 3130, 3059, -1,
      3059, 3130, 3131, -1,
      3059, 3131, 3060, -1,
      3060, 3131, 3132, -1,
      3060, 3132, 3061, -1,
      3061, 3132, 3133, -1,
      3061, 3133, 3062, -1,
      3062, 3133, 3134, -1,
      3062, 3134, 3063, -1,
      3063, 3134, 3135, -1,
      3063, 3135, 3064, -1,
      3064, 3135, 3136, -1,
      3064, 3136, 3065, -1,
      3065, 3136, 3137, -1,
      3065, 3137, 3066, -1,
      3066, 3137, 3138, -1,
      3066, 3138, 3067, -1,
      3067, 3138, 3139, -1,
      3067, 3139, 3068, -1,
      3068, 3139, 3140, -1,
      3068, 3140, 3069, -1,
      3069, 3140, 3141, -1,
      3069, 3141, 3070, -1,
      3070, 3141, 3142, -1,
      3070, 3142, 3071, -1,
      3071, 3142, 3072, -1,
      3142, 3143, 3072, -1,
      3072, 3143, 3144, -1,
      3072, 3144, 3073, -1,
      3073, 3144, 3145, -1,
      3073, 3145, 3074, -1,
      3074, 3145, 3146, -1,
      3074, 3146, 3075, -1,
      3075, 3146, 3147, -1,
      3075, 3147, 3076, -1,
      3076, 3147, 3148, -1,
      3076, 3148, 3077, -1,
      3077, 3148, 3149, -1,
      3077, 3149, 3078, -1,
      3078, 3149, 3150, -1,
      3078, 3150, 3079, -1,
      3079, 3150, 3151, -1,
      3079, 3151, 3080, -1,
      3080, 3151, 3152, -1,
      3080, 3152, 3081, -1,
      3081, 3152, 3153, -1,
      3081, 3153, 3082, -1,
      3082, 3153, 3154, -1,
      3082, 3154, 3083, -1,
      3083, 3154, 3155, -1,
      3083, 3155, 3084, -1,
      3084, 3155, 3156, -1,
      3084, 3156, 3085, -1,
      3085, 3156, 3157, -1,
      3085, 3157, 3086, -1,
      3086, 3157, 3158, -1,
      3086, 3158, 3087, -1,
      3087, 3158, 3159, -1,
      3087, 3159, 3088, -1,
      3088, 3159, 3160, -1,
      3088, 3160, 3089, -1,
      3089, 3160, 3161, -1,
      3089, 3161, 3090, -1,
      3090, 3161, 3162, -1,
      3090, 3162, 3091, -1,
      3091, 3162, 3163, -1,
      3091, 3163, 3092, -1,
      3092, 3163, 3164, -1,
      3092, 3164, 3093, -1,
      3093, 3164, 3165, -1,
      3093, 3165, 3094, -1,
      3094, 3165, 3166, -1,
      3094, 3166, 3095, -1,
      3095, 3166, 3167, -1,
      3095, 3167, 3096, -1,
      3096, 3167, 3168, -1,
      3096, 3168, 3097, -1,
      3097, 3168, 3169, -1,
      3097, 3169, 3098, -1,
      3098, 3169, 3170, -1,
      3098, 3170, 3099, -1,
      3099, 3170, 3171, -1,
      3099, 3171, 3100, -1,
      3100, 3171, 3172, -1,
      3100, 3172, 3101, -1,
      3101, 3172, 3173, -1,
      3101, 3173, 3102, -1,
      3102, 3173, 3174, -1,
      3102, 3174, 3103, -1,
      3103, 3174, 3175, -1,
      3103, 3175, 3104, -1,
      3104, 3175, 3176, -1,
      3104, 3176, 3105, -1,
      3105, 3176, 3177, -1,
      3105, 3177, 3106, -1,
      3106, 3177, 3178, -1,
      3106, 3178, 3107, -1,
      3107, 3178, 3179, -1,
      3107, 3179, 3108, -1,
      3108, 3179, 3180, -1,
      3108, 3180, 3109, -1,
      3109, 3180, 3181, -1,
      3109, 3181, 3110, -1,
      3110, 3181, 3182, -1,
      3110, 3182, 3111, -1,
      3111, 3182, 3183, -1,
      3111, 3183, 3112, -1,
      3112, 3183, 3184, -1,
      3112, 3184, 3113, -1,
      3113, 3184, 3185, -1,
      3113, 3185, 3114, -1,
      3114, 3185, 3186, -1,
      3114, 3186, 3115, -1,
      3115, 3186, 3187, -1,
      3115, 3187, 3116, -1,
      3116, 3187, 3188, -1,
      3116, 3188, 3117, -1,
      3117, 3188, 3189, -1,
      3117, 3189, 3118, -1,
      3118, 3189, 3190, -1,
      3118, 3190, 3119, -1,
      3119, 3190, 3191, -1,
      3119, 3191, 3120, -1,
      3120, 3191, 3192, -1,
      3120, 3192, 3121, -1,
      3121, 3192, 3193, -1,
      3121, 3193, 3122, -1,
      3122, 3193, 3194, -1,
      3122, 3194, 3123, -1,
      3123, 3194, 3195, -1,
      3123, 3195, 3124, -1,
      3124, 3195, 3196, -1,
      3124, 3196, 3125, -1,
      3125, 3196, 3197, -1,
      3125, 3197, 3126, -1,
      3126, 3197, 3198, -1,
      3126, 3198, 3127, -1,
      3127, 3198, 3199, -1,
      3127, 3199, 3128, -1,
      3128, 3199, 3200, -1,
      3128, 3200, 3129, -1,
      3129, 3200, 3201, -1,
      3129, 3201, 3130, -1,
      3130, 3201, 3202, -1,
      3130, 3202, 3131, -1,
      3131, 3202, 3203, -1,
      3131, 3203, 3132, -1,
      3132, 3203, 3204, -1,
      3132, 3204, 3133, -1,
      3133, 3204, 3205, -1,
      3133, 3205, 3134, -1,
      3134, 3205, 3206, -1,
      3134, 3206, 3135, -1,
      3135, 3206, 3207, -1,
      3135, 3207, 3136, -1,
      3136, 3207, 3208, -1,
      3136, 3208, 3137, -1,
      3137, 3208, 3209, -1,
      3137, 3209, 3138, -1,
      3138, 3209, 3210, -1,
      3138, 3210, 3139, -1,
      3139, 3210, 3211, -1,
      3139, 3211, 3140, -1,
      3140, 3211, 3212, -1,
      3140, 3212, 3141, -1,
      3141, 3212, 3213, -1,
      3141, 3213, 3142, -1,
      3142, 3213, 3143, -1,
      3213, 1150, 3143, -1,
      3143, 1150, 1153, -1,
      3143, 1153, 3144, -1,
      3144, 1153, 1152, -1,
      3144, 1152, 3145, -1,
      3145, 1152, 1151, -1,
      3145, 1151, 3146, -1,
      3146, 1151, 1156, -1,
      3146, 1156, 3147, -1,
      3147, 1156, 1155, -1,
      3147, 1155, 3148, -1,
      3148, 1155, 1154, -1,
      3148, 1154, 3149, -1,
      3149, 1154, 1159, -1,
      3149, 1159, 3150, -1,
      3150, 1159, 1158, -1,
      3150, 1158, 3151, -1,
      3151, 1158, 1157, -1,
      3151, 1157, 3152, -1,
      3152, 1157, 1162, -1,
      3152, 1162, 3153, -1,
      3153, 1162, 1161, -1,
      3153, 1161, 3154, -1,
      3154, 1161, 1160, -1,
      3154, 1160, 3155, -1,
      3155, 1160, 1165, -1,
      3155, 1165, 3156, -1,
      3156, 1165, 1164, -1,
      3156, 1164, 3157, -1,
      3157, 1164, 1163, -1,
      3157, 1163, 3158, -1,
      3158, 1163, 1168, -1,
      3158, 1168, 3159, -1,
      3159, 1168, 1167, -1,
      3159, 1167, 3160, -1,
      3160, 1167, 1166, -1,
      3160, 1166, 3161, -1,
      3161, 1166, 1171, -1,
      3161, 1171, 3162, -1,
      3162, 1171, 1170, -1,
      3162, 1170, 3163, -1,
      3163, 1170, 1169, -1,
      3163, 1169, 3164, -1,
      3164, 1169, 1174, -1,
      3164, 1174, 3165, -1,
      3165, 1174, 1173, -1,
      3165, 1173, 3166, -1,
      3166, 1173, 1172, -1,
      3166, 1172, 3167, -1,
      3167, 1172, 1177, -1,
      3167, 1177, 3168, -1,
      3168, 1177, 1176, -1,
      3168, 1176, 3169, -1,
      3169, 1176, 1175, -1,
      3169, 1175, 3170, -1,
      3170, 1175, 1180, -1,
      3170, 1180, 3171, -1,
      3171, 1180, 1179, -1,
      3171, 1179, 3172, -1,
      3172, 1179, 1178, -1,
      3172, 1178, 3173, -1,
      3173, 1178, 1183, -1,
      3173, 1183, 3174, -1,
      3174, 1183, 1182, -1,
      3174, 1182, 3175, -1,
      3175, 1182, 1181, -1,
      3175, 1181, 3176, -1,
      3176, 1181, 1186, -1,
      3176, 1186, 3177, -1,
      3177, 1186, 1185, -1,
      3177, 1185, 3178, -1,
      3178, 1185, 1184, -1,
      3178, 1184, 3179, -1,
      3179, 1184, 1189, -1,
      3179, 1189, 3180, -1,
      3180, 1189, 1188, -1,
      3180, 1188, 3181, -1,
      3181, 1188, 1187, -1,
      3181, 1187, 3182, -1,
      3182, 1187, 1192, -1,
      3182, 1192, 3183, -1,
      3183, 1192, 1191, -1,
      3183, 1191, 3184, -1,
      3184, 1191, 1190, -1,
      3184, 1190, 3185, -1,
      3185, 1190, 1195, -1,
      3185, 1195, 3186, -1,
      3186, 1195, 1194, -1,
      3186, 1194, 3187, -1,
      3187, 1194, 1193, -1,
      3187, 1193, 3188, -1,
      3188, 1193, 1198, -1,
      3188, 1198, 3189, -1,
      3189, 1198, 1197, -1,
      3189, 1197, 3190, -1,
      3190, 1197, 1196, -1,
      3190, 1196, 3191, -1,
      3191, 1196, 1201, -1,
      3191, 1201, 3192, -1,
      3192, 1201, 1200, -1,
      3192, 1200, 3193, -1,
      3193, 1200, 1199, -1,
      3193, 1199, 3194, -1,
      3194, 1199, 1204, -1,
      3194, 1204, 3195, -1,
      3195, 1204, 1203, -1,
      3195, 1203, 3196, -1,
      3196, 1203, 1202, -1,
      3196, 1202, 3197, -1,
      3197, 1202, 1207, -1,
      3197, 1207, 3198, -1,
      3198, 1207, 1206, -1,
      3198, 1206, 3199, -1,
      3199, 1206, 1205, -1,
      3199, 1205, 3200, -1,
      3200, 1205, 1210, -1,
      3200, 1210, 3201, -1,
      3201, 1210, 1209, -1,
      3201, 1209, 3202, -1,
      3202, 1209, 1208, -1,
      3202, 1208, 3203, -1,
      3203, 1208, 1213, -1,
      3203, 1213, 3204, -1,
      3204, 1213, 1212, -1,
      3204, 1212, 3205, -1,
      3205, 1212, 1211, -1,
      3205, 1211, 3206, -1,
      3206, 1211, 1216, -1,
      3206, 1216, 3207, -1,
      3207, 1216, 1215, -1,
      3207, 1215, 3208, -1,
      3208, 1215, 1214, -1,
      3208, 1214, 3209, -1,
      3209, 1214, 1218, -1,
      3209, 1218, 3210, -1,
      3210, 1218, 1217, -1,
      3210, 1217, 3211, -1,
      3211, 1217, 1148, -1,
      3211, 1148, 3212, -1,
      3212, 1148, 1147, -1,
      3212, 1147, 3213, -1,
      3213, 1147, 1150, -1,
    ]
  }
}

Shape {
  appearance Appearance {
    material Material {
      diffuseColor 0.2078 0.2078 0.2078
      specularColor 0.0157 0.0157 0.0157
      ambientIntensity 0.2
      transparency 0.0000
      shininess 0.5
    }
  }
  geometry IndexedFaceSet {
    ccw TRUE
    solid FALSE
    coord DEF co Coordinate {
      point [
        -1.771654 0.157480 0.000000,
        -2.598425 0.157480 0.000000,
        -2.598425 0.407730 0.000000,
        -1.327356 0.430536 0.000000,
        -1.327356 0.408930 0.000000,
        -1.346561 0.407730 0.000000,
        -1.221730 0.408930 0.000000,
        -1.117580 0.407730 0.000000,
        -1.020078 0.408930 0.000000,
        -0.919252 0.408930 0.000000,
        -1.183320 0.419133 0.000000,
        -1.183320 0.440739 0.000000,
        -1.221730 0.605781 0.000000,
        -1.317754 0.497753 0.000000,
        -1.248136 0.497753 0.000000,
        -1.248136 0.430536 0.000000,
        -1.322556 0.584175 0.000000,
        -1.322556 0.605781 0.000000,
        -1.346561 1.299213 0.000000,
        -1.069983 0.425724 0.000000,
        -1.055197 0.441291 0.000000,
        -1.317754 0.519359 0.000000,
        -1.248136 0.519359 0.000000,
        -1.248136 0.584175 0.000000,
        -1.047271 0.553933 0.000000,
        -1.058809 0.572337 0.000000,
        -0.945659 0.605781 0.000000,
        -1.020078 0.430536 0.000000,
        -1.117837 0.584399 0.000000,
        -1.103103 0.579082 0.000000,
        -1.179792 0.438784 0.000000,
        -1.089478 0.569967 0.000000,
        -1.077591 0.556843 0.000000,
        -1.063289 0.505255 0.000000,
        -1.065282 0.483945 0.000000,
        -1.070630 0.467013 0.000000,
        -1.114433 0.430195 0.000000,
        -1.132794 0.428135 0.000000,
        -1.100090 0.435475 0.000000,
        -1.088009 0.443618 0.000000,
        -1.078772 0.453363 0.000000,
        -1.158924 0.431036 0.000000,
        -1.069475 0.541644 0.000000,
        -1.064228 0.520571 0.000000,
        -0.098425 1.272840 0.000000,
        -0.057656 1.241556 0.000000,
        -0.026373 1.200787 0.000000,
        -0.006707 1.153311 0.000000,
        -1.076581 0.589430 0.000000,
        -0.919252 0.605781 0.000000,
        -0.196850 1.299213 0.000000,
        -0.145902 1.292505 0.000000,
        -1.104897 0.409045 0.000000,
        -1.085817 0.415613 0.000000,
        -1.044710 0.460008 0.000000,
        -1.038785 0.480844 0.000000,
        -0.945659 0.430536 0.000000,
        -1.036882 0.503642 0.000000,
        -1.039714 0.531628 0.000000,
        -1.095279 0.600192 0.000000,
        -1.117224 0.606567 0.000000,
        -1.136995 0.608181 0.000000,
        -1.160561 0.606556 0.000000,
        -1.183320 0.600380 0.000000,
        -1.183320 0.573973 0.000000,
        -1.161146 0.583467 0.000000,
        -1.137220 0.586576 0.000000,
        -1.716256 0.408930 0.000000,
        -1.687449 0.408930 0.000000,
        -1.538611 0.408930 0.000000,
        -1.514377 0.462883 0.000000,
        -1.503089 0.445276 0.000000,
        -1.486886 0.429762 0.000000,
        -1.466332 0.417817 0.000000,
        -1.443649 0.411056 0.000000,
        -1.419293 0.408930 0.000000,
        -1.365766 0.408930 0.000000,
        -1.365766 0.605781 0.000000,
        -1.421318 0.605781 0.000000,
        -1.494420 0.580114 0.000000,
        -1.508341 0.564678 0.000000,
        -1.613030 0.605781 0.000000,
        -1.517489 0.547749 0.000000,
        -2.074056 1.299213 0.000000,
        -1.639437 0.605781 0.000000,
        -1.449757 0.602741 0.000000,
        -1.472789 0.594653 0.000000,
        -1.494215 0.580294 0.000000,
        -2.193407 1.258904 0.000000,
        -2.156880 1.280941 0.000000,
        -2.116463 1.294590 0.000000,
        -1.567418 0.408930 0.000000,
        -1.586210 0.464144 0.000000,
        -1.667531 0.464144 0.000000,
        -1.522776 0.528354 0.000000,
        -1.524207 0.509831 0.000000,
        -1.521444 0.483487 0.000000,
        -2.593056 0.760954 0.000000,
        -2.577243 0.804124 0.000000,
        -2.551848 0.842448 0.000000,
        -2.224328 1.229516 0.000000,
        -1.619539 0.040759 0.000000,
        -1.635272 0.078740 0.000000,
        -1.660298 0.111356 0.000000,
        -1.692913 0.136382 0.000000,
        -1.730894 0.152114 0.000000,
        -1.346561 -1.299213 0.000000,
        -1.692913 -0.136382 0.000000,
        -1.660298 -0.111356 0.000000,
        -1.635272 -0.078740 0.000000,
        -1.619539 -0.040759 0.000000,
        -1.614173 0.000000 0.000000,
        -2.598425 0.715294 0.000000,
        -2.074056 -1.299213 0.000000,
        -1.771654 -0.157480 0.000000,
        -1.730894 -0.152114 0.000000,
        -2.116463 -1.294590 0.000000,
        -2.156880 -1.280941 0.000000,
        -2.193407 -1.258904 0.000000,
        -2.224328 -1.229516 0.000000,
        -2.551848 -0.842448 0.000000,
        -2.577243 -0.804124 0.000000,
        -2.593056 -0.760954 0.000000,
        -2.598425 -0.715294 0.000000,
        -2.598425 -0.157480 0.000000,
        0.000000 1.102362 0.000000,
        0.000000 0.407730 0.000000,
        0.000000 0.157480 0.000000,
        -0.826772 0.157480 0.000000,
        -1.162337 0.410517 0.000000,
        -1.142445 0.407730 0.000000,
        -0.938127 0.111356 0.000000,
        -0.963154 0.078740 0.000000,
        -0.978886 -0.040759 0.000000,
        -0.984252 0.000000 0.000000,
        -0.978886 0.040759 0.000000,
        -0.963154 -0.078740 0.000000,
        -0.938127 -0.111356 0.000000,
        -0.905512 -0.136382 0.000000,
        -0.867531 0.152114 0.000000,
        -0.905512 0.136382 0.000000,
        -1.129156 0.406530 0.000000,
        -1.134538 0.406622 0.000000,
        -0.867531 -0.152114 0.000000,
        -0.826772 -0.157480 0.000000,
        -0.196850 -1.299213 0.000000,
        0.000000 -0.157480 0.000000,
        0.000000 -1.102362 0.000000,
        -0.006707 -1.153311 0.000000,
        -0.026373 -1.200787 0.000000,
        -0.057656 -1.241556 0.000000,
        -0.098425 -1.272840 0.000000,
        -0.145902 -1.292505 0.000000,
        -1.619539 -0.040759 0.059055,
        -1.635272 -0.078740 0.059055,
        -1.653543 -0.059055 0.059055,
        -1.732283 0.137795 0.059055,
        -2.598425 0.137795 0.059055,
        -2.598425 0.157480 0.059055,
        -2.598425 -0.157480 0.059055,
        -2.598425 -0.137795 0.059055,
        -1.771654 -0.157480 0.059055,
        -1.732283 -0.137795 0.059055,
        -1.660298 -0.111356 0.059055,
        -1.692913 -0.136382 0.059055,
        -1.730894 -0.152114 0.059055,
        -1.771654 0.157480 0.059055,
        -1.730894 0.152114 0.059055,
        -1.653543 0.059055 0.059055,
        -1.692913 0.136382 0.059055,
        -1.660298 0.111356 0.059055,
        -1.635272 0.078740 0.059055,
        -1.619539 0.040759 0.059055,
        -1.614173 0.000000 0.059055,
        -0.978886 0.040759 0.059055,
        -0.963154 0.078740 0.059055,
        -0.944882 0.059055 0.059055,
        0.000000 0.157480 0.059055,
        0.000000 0.137795 0.059055,
        -0.826772 0.157480 0.059055,
        -0.866142 0.137795 0.059055,
        -0.938127 0.111356 0.059055,
        -0.905512 0.136382 0.059055,
        -0.867531 0.152114 0.059055,
        -0.866142 -0.137795 0.059055,
        0.000000 -0.137795 0.059055,
        0.000000 -0.157480 0.059055,
        -0.826772 -0.157480 0.059055,
        -0.867531 -0.152114 0.059055,
        -0.944882 -0.059055 0.059055,
        -0.905512 -0.136382 0.059055,
        -0.938127 -0.111356 0.059055,
        -0.963154 -0.078740 0.059055,
        -0.978886 -0.040759 0.059055,
        -0.984252 0.000000 0.059055,
        -2.551848 -0.842448 0.393701,
        -2.224328 -1.229516 0.393701,
        -1.692913 -1.299213 0.196850,
        -1.692913 -1.299213 0.393701,
        -2.074056 -1.299213 0.393701,
        -0.905512 -1.299213 0.196850,
        -0.905512 -1.299213 0.590551,
        -0.196850 -1.299213 0.590551,
        -0.905512 1.299213 0.196850,
        -0.905512 1.299213 0.590551,
        -0.196850 1.299213 0.590551,
        -2.074056 1.299213 0.393701,
        -1.692913 1.299213 0.393701,
        -1.692913 1.299213 0.196850,
        -2.551848 0.842448 0.393701,
        -2.224328 1.229516 0.393701,
        -2.598425 0.393701 0.393701,
        -2.598425 0.715294 0.393701,
        -2.598425 0.393701 0.196850,
        -2.598425 -0.393701 0.196850,
        -2.598425 -0.393701 0.393701,
        -2.598425 -0.715294 0.393701,
        -2.475219 0.393701 0.196850,
        -2.475219 0.393701 0.393701,
        -1.692913 1.176006 0.196850,
        -1.692913 1.176006 0.393701,
        -1.825915 1.122754 0.196850,
        -1.825915 1.122754 0.393701,
        -1.951887 1.054517 0.196850,
        -1.951887 1.054517 0.393701,
        -2.069150 0.972208 0.196850,
        -2.069150 0.972208 0.393701,
        -2.176137 0.876924 0.196850,
        -2.176137 0.876924 0.393701,
        -2.271420 0.769937 0.196850,
        -2.271420 0.769937 0.393701,
        -2.353730 0.652675 0.196850,
        -2.353730 0.652675 0.393701,
        -2.421966 0.526702 0.196850,
        -2.421966 0.526702 0.393701,
        -1.692913 -1.176006 0.196850,
        -1.692913 -1.176006 0.393701,
        -2.475219 -0.393701 0.196850,
        -2.475219 -0.393701 0.393701,
        -2.421966 -0.526702 0.196850,
        -2.421966 -0.526702 0.393701,
        -2.353730 -0.652675 0.196850,
        -2.353730 -0.652675 0.393701,
        -2.271420 -0.769937 0.196850,
        -2.271420 -0.769937 0.393701,
        -2.176137 -0.876924 0.196850,
        -2.176137 -0.876924 0.393701,
        -2.069150 -0.972208 0.196850,
        -2.069150 -0.972208 0.393701,
        -1.951887 -1.054517 0.196850,
        -1.951887 -1.054517 0.393701,
        -1.825915 -1.122754 0.196850,
        -1.825915 -1.122754 0.393701,
        -0.905512 1.176006 0.590551,
        -0.772510 1.122754 0.590551,
        -0.026373 1.200787 0.590551,
        -0.057656 1.241556 0.590551,
        -0.422289 0.876924 0.590551,
        -0.123207 0.393701 0.590551,
        0.000000 0.393701 0.590551,
        -0.176459 0.526702 0.590551,
        0.000000 1.102362 0.590551,
        -0.244696 0.652675 0.590551,
        -0.327005 0.769937 0.590551,
        -0.646538 1.054517 0.590551,
        -0.529276 0.972208 0.590551,
        -0.145902 1.292505 0.590551,
        -0.098425 1.272840 0.590551,
        -0.006707 1.153311 0.590551,
        -0.098425 -1.272840 0.590551,
        -0.057656 -1.241556 0.590551,
        -0.422289 -0.876924 0.590551,
        -0.905512 -1.176006 0.590551,
        -0.772510 -1.122754 0.590551,
        -0.646538 -1.054517 0.590551,
        -0.529276 -0.972208 0.590551,
        0.000000 -0.393701 0.590551,
        -0.123207 -0.393701 0.590551,
        0.000000 -1.102362 0.590551,
        -0.176459 -0.526702 0.590551,
        -0.145902 -1.292505 0.590551,
        -0.244696 -0.652675 0.590551,
        -0.327005 -0.769937 0.590551,
        -0.006707 -1.153311 0.590551,
        -0.026373 -1.200787 0.590551,
        0.000000 -0.393701 0.196850,
        0.000000 0.393701 0.196850,
        -0.905512 1.176006 0.196850,
        -0.123207 0.393701 0.196850,
        -0.176459 0.526702 0.196850,
        -0.244696 0.652675 0.196850,
        -0.327005 0.769937 0.196850,
        -0.422289 0.876924 0.196850,
        -0.529276 0.972208 0.196850,
        -0.646538 1.054517 0.196850,
        -0.772510 1.122754 0.196850,
        -0.123207 -0.393701 0.196850,
        -0.905512 -1.176006 0.196850,
        -0.772510 -1.122754 0.196850,
        -0.646538 -1.054517 0.196850,
        -0.529276 -0.972208 0.196850,
        -0.422289 -0.876924 0.196850,
        -0.327005 -0.769937 0.196850,
        -0.244696 -0.652675 0.196850,
        -0.176459 -0.526702 0.196850,
        -2.116463 -1.294590 0.393701,
        -2.156880 -1.280941 0.393701,
        -2.593056 -0.760954 0.393701,
        -2.577243 -0.804124 0.393701,
        -2.193407 -1.258904 0.393701,
        -2.116463 1.294590 0.393701,
        -2.193407 1.258904 0.393701,
        -2.156880 1.280941 0.393701,
        -2.593056 0.760954 0.393701,
        -2.577243 0.804124 0.393701,
      ]
    }
    coordIndex [
      0, 1, 2, -1,
      3, 4, 5, -1,
      5, 4, 6, -1,
      7, 8, 9, -1,
      10, 6, 11, -1,
      11, 6, 12, -1,
      13, 14, 15, -1,
      16, 5, 17, -1,
      17, 5, 18, -1,
      17, 18, 12, -1,
      19, 20, 8, -1,
      15, 3, 13, -1,
      13, 3, 5, -1,
      13, 5, 21, -1,
      21, 5, 16, -1,
      21, 16, 22, -1,
      22, 16, 23, -1,
      24, 25, 26, -1,
      8, 20, 27, -1,
      28, 29, 30, -1,
      30, 29, 31, -1,
      30, 31, 32, -1,
      33, 34, 30, -1,
      30, 34, 35, -1,
      36, 37, 38, -1,
      38, 37, 39, -1,
      35, 40, 30, -1,
      30, 40, 39, -1,
      30, 39, 41, -1,
      41, 39, 37, -1,
      32, 42, 30, -1,
      30, 42, 43, -1,
      30, 43, 33, -1,
      44, 45, 9, -1,
      9, 45, 46, -1,
      9, 46, 47, -1,
      25, 48, 26, -1,
      26, 48, 18, -1,
      26, 18, 49, -1,
      49, 18, 50, -1,
      49, 50, 9, -1,
      9, 50, 51, -1,
      9, 51, 44, -1,
      7, 52, 8, -1,
      8, 52, 53, -1,
      8, 53, 19, -1,
      20, 54, 27, -1,
      27, 54, 55, -1,
      27, 55, 56, -1,
      56, 55, 57, -1,
      56, 57, 26, -1,
      26, 57, 58, -1,
      26, 58, 24, -1,
      48, 59, 18, -1,
      18, 59, 60, -1,
      18, 60, 61, -1,
      61, 62, 18, -1,
      18, 62, 63, -1,
      18, 63, 12, -1,
      12, 63, 64, -1,
      12, 64, 11, -1,
      11, 64, 65, -1,
      11, 65, 30, -1,
      30, 65, 66, -1,
      30, 66, 28, -1,
      67, 68, 5, -1,
      69, 70, 71, -1,
      71, 72, 69, -1,
      69, 72, 73, -1,
      69, 73, 74, -1,
      75, 76, 5, -1,
      5, 76, 77, -1,
      5, 77, 18, -1,
      18, 77, 78, -1,
      79, 80, 81, -1,
      81, 80, 82, -1,
      18, 81, 83, -1,
      83, 81, 84, -1,
      78, 85, 18, -1,
      18, 85, 86, -1,
      18, 86, 81, -1,
      81, 86, 87, -1,
      81, 87, 79, -1,
      88, 89, 84, -1,
      84, 89, 90, -1,
      84, 90, 83, -1,
      74, 75, 69, -1,
      69, 75, 5, -1,
      69, 5, 91, -1,
      91, 5, 68, -1,
      91, 68, 92, -1,
      92, 68, 93, -1,
      82, 94, 81, -1,
      81, 94, 95, -1,
      81, 95, 69, -1,
      69, 95, 96, -1,
      69, 96, 70, -1,
      97, 98, 67, -1,
      67, 98, 99, -1,
      67, 99, 84, -1,
      84, 99, 100, -1,
      84, 100, 88, -1,
      101, 102, 5, -1,
      102, 103, 5, -1,
      5, 103, 104, -1,
      5, 104, 105, -1,
      106, 107, 108, -1,
      108, 109, 106, -1,
      106, 109, 110, -1,
      106, 110, 5, -1,
      5, 110, 111, -1,
      5, 111, 101, -1,
      105, 0, 5, -1,
      5, 0, 2, -1,
      5, 2, 67, -1,
      67, 2, 112, -1,
      67, 112, 97, -1,
      113, 114, 106, -1,
      106, 114, 115, -1,
      106, 115, 107, -1,
      113, 116, 114, -1,
      114, 116, 117, -1,
      114, 117, 118, -1,
      118, 119, 114, -1,
      114, 119, 120, -1,
      114, 120, 121, -1,
      121, 122, 114, -1,
      114, 122, 123, -1,
      114, 123, 124, -1,
      47, 125, 9, -1,
      9, 125, 126, -1,
      9, 126, 7, -1,
      7, 126, 127, -1,
      7, 127, 128, -1,
      10, 129, 6, -1,
      6, 129, 130, -1,
      6, 130, 5, -1,
      5, 130, 131, -1,
      5, 131, 132, -1,
      133, 106, 134, -1,
      134, 106, 5, -1,
      134, 5, 135, -1,
      135, 5, 132, -1,
      133, 136, 106, -1,
      106, 136, 137, -1,
      106, 137, 138, -1,
      128, 139, 7, -1,
      7, 139, 140, -1,
      7, 140, 141, -1,
      141, 140, 131, -1,
      141, 131, 142, -1,
      142, 131, 130, -1,
      138, 143, 106, -1,
      106, 143, 144, -1,
      106, 144, 145, -1,
      145, 144, 146, -1,
      146, 147, 145, -1,
      145, 147, 148, -1,
      145, 148, 149, -1,
      149, 150, 145, -1,
      145, 150, 151, -1,
      145, 151, 152, -1,
      153, 154, 155, -1,
      156, 157, 158, -1,
      159, 160, 161, -1,
      161, 160, 162, -1,
      154, 163, 155, -1,
      155, 163, 164, -1,
      155, 164, 162, -1,
      162, 164, 165, -1,
      162, 165, 161, -1,
      158, 166, 156, -1,
      156, 166, 167, -1,
      156, 167, 168, -1,
      168, 167, 169, -1,
      168, 169, 170, -1,
      170, 171, 168, -1,
      168, 171, 172, -1,
      168, 172, 155, -1,
      155, 172, 173, -1,
      155, 173, 153, -1,
      174, 175, 176, -1,
      177, 178, 179, -1,
      179, 178, 180, -1,
      175, 181, 176, -1,
      176, 181, 182, -1,
      176, 182, 180, -1,
      180, 182, 183, -1,
      180, 183, 179, -1,
      184, 185, 186, -1,
      186, 187, 184, -1,
      184, 187, 188, -1,
      184, 188, 189, -1,
      189, 188, 190, -1,
      189, 190, 191, -1,
      191, 192, 189, -1,
      189, 192, 193, -1,
      189, 193, 176, -1,
      176, 193, 194, -1,
      176, 194, 174, -1,
      120, 119, 195, -1,
      195, 119, 196, -1,
      197, 198, 199, -1,
      199, 113, 197, -1,
      197, 113, 106, -1,
      197, 106, 200, -1,
      200, 106, 145, -1,
      200, 145, 201, -1,
      201, 145, 202, -1,
      203, 204, 205, -1,
      206, 207, 83, -1,
      83, 207, 208, -1,
      83, 208, 18, -1,
      18, 208, 203, -1,
      18, 203, 50, -1,
      50, 203, 205, -1,
      209, 210, 99, -1,
      99, 210, 100, -1,
      2, 1, 158, -1,
      211, 212, 213, -1,
      213, 212, 112, -1,
      213, 112, 2, -1,
      159, 124, 214, -1,
      214, 124, 123, -1,
      214, 123, 215, -1,
      215, 123, 216, -1,
      2, 158, 213, -1,
      213, 158, 157, -1,
      213, 157, 214, -1,
      214, 157, 160, -1,
      214, 160, 159, -1,
      213, 217, 211, -1,
      211, 217, 218, -1,
      219, 220, 221, -1,
      221, 220, 222, -1,
      221, 222, 223, -1,
      223, 222, 224, -1,
      223, 224, 225, -1,
      225, 224, 226, -1,
      225, 226, 227, -1,
      227, 226, 228, -1,
      227, 228, 229, -1,
      229, 228, 230, -1,
      229, 230, 231, -1,
      231, 230, 232, -1,
      231, 232, 233, -1,
      233, 232, 234, -1,
      233, 234, 217, -1,
      217, 234, 218, -1,
      219, 208, 220, -1,
      220, 208, 207, -1,
      197, 235, 198, -1,
      198, 235, 236, -1,
      237, 238, 239, -1,
      239, 238, 240, -1,
      239, 240, 241, -1,
      241, 240, 242, -1,
      241, 242, 243, -1,
      243, 242, 244, -1,
      243, 244, 245, -1,
      245, 244, 246, -1,
      245, 246, 247, -1,
      247, 246, 248, -1,
      247, 248, 249, -1,
      249, 248, 250, -1,
      249, 250, 251, -1,
      251, 250, 252, -1,
      251, 252, 235, -1,
      235, 252, 236, -1,
      237, 214, 238, -1,
      238, 214, 215, -1,
      204, 253, 205, -1,
      205, 253, 254, -1,
      255, 256, 257, -1,
      258, 259, 260, -1,
      260, 259, 261, -1,
      260, 261, 262, -1,
      262, 261, 263, -1,
      254, 264, 205, -1,
      205, 264, 265, -1,
      205, 265, 266, -1,
      266, 265, 257, -1,
      266, 257, 267, -1,
      267, 257, 256, -1,
      263, 261, 257, -1,
      257, 261, 268, -1,
      257, 268, 255, -1,
      269, 270, 271, -1,
      272, 201, 273, -1,
      273, 201, 202, -1,
      273, 202, 274, -1,
      274, 202, 275, -1,
      276, 277, 278, -1,
      278, 277, 279, -1,
      275, 202, 271, -1,
      271, 202, 280, -1,
      271, 280, 269, -1,
      279, 281, 278, -1,
      278, 281, 282, -1,
      278, 282, 283, -1,
      283, 282, 271, -1,
      283, 271, 284, -1,
      284, 271, 270, -1,
      276, 278, 285, -1,
      285, 278, 147, -1,
      285, 147, 146, -1,
      286, 177, 127, -1,
      261, 259, 125, -1,
      125, 259, 286, -1,
      125, 286, 126, -1,
      126, 286, 127, -1,
      146, 186, 285, -1,
      285, 186, 185, -1,
      285, 185, 286, -1,
      286, 185, 178, -1,
      286, 178, 177, -1,
      203, 287, 204, -1,
      204, 287, 253, -1,
      288, 258, 289, -1,
      289, 258, 260, -1,
      289, 260, 290, -1,
      290, 260, 262, -1,
      290, 262, 291, -1,
      291, 262, 263, -1,
      291, 263, 292, -1,
      292, 263, 257, -1,
      292, 257, 293, -1,
      293, 257, 265, -1,
      293, 265, 294, -1,
      294, 265, 264, -1,
      294, 264, 295, -1,
      295, 264, 254, -1,
      295, 254, 287, -1,
      287, 254, 253, -1,
      288, 286, 258, -1,
      258, 286, 259, -1,
      285, 296, 276, -1,
      276, 296, 277, -1,
      297, 272, 298, -1,
      298, 272, 273, -1,
      298, 273, 299, -1,
      299, 273, 274, -1,
      299, 274, 300, -1,
      300, 274, 275, -1,
      300, 275, 301, -1,
      301, 275, 271, -1,
      301, 271, 302, -1,
      302, 271, 282, -1,
      302, 282, 303, -1,
      303, 282, 281, -1,
      303, 281, 304, -1,
      304, 281, 279, -1,
      304, 279, 296, -1,
      296, 279, 277, -1,
      297, 200, 272, -1,
      272, 200, 201, -1,
      197, 200, 235, -1,
      235, 200, 297, -1,
      241, 297, 239, -1,
      239, 297, 237, -1,
      287, 203, 208, -1,
      219, 221, 237, -1,
      237, 221, 223, -1,
      237, 223, 225, -1,
      225, 227, 237, -1,
      237, 227, 229, -1,
      237, 229, 231, -1,
      213, 214, 217, -1,
      217, 214, 237, -1,
      217, 237, 233, -1,
      233, 237, 231, -1,
      241, 243, 297, -1,
      297, 243, 245, -1,
      297, 245, 247, -1,
      299, 300, 288, -1,
      288, 289, 237, -1,
      237, 289, 290, -1,
      237, 290, 291, -1,
      208, 219, 287, -1,
      287, 219, 237, -1,
      287, 237, 295, -1,
      295, 237, 294, -1,
      247, 249, 297, -1,
      297, 249, 251, -1,
      297, 251, 235, -1,
      237, 297, 288, -1,
      288, 297, 298, -1,
      288, 298, 299, -1,
      300, 301, 288, -1,
      288, 301, 302, -1,
      288, 302, 303, -1,
      285, 286, 296, -1,
      296, 286, 288, -1,
      296, 288, 304, -1,
      304, 288, 303, -1,
      291, 292, 237, -1,
      237, 292, 293, -1,
      237, 293, 294, -1,
      238, 215, 240, -1,
      240, 215, 216, -1,
      240, 216, 242, -1,
      198, 236, 199, -1,
      199, 236, 252, -1,
      199, 252, 305, -1,
      305, 252, 250, -1,
      305, 250, 306, -1,
      306, 250, 248, -1,
      216, 307, 242, -1,
      242, 307, 308, -1,
      242, 308, 244, -1,
      244, 308, 195, -1,
      244, 195, 246, -1,
      246, 195, 196, -1,
      246, 196, 248, -1,
      248, 196, 309, -1,
      248, 309, 306, -1,
      232, 230, 209, -1,
      220, 207, 222, -1,
      222, 207, 206, -1,
      222, 206, 224, -1,
      224, 206, 310, -1,
      209, 230, 210, -1,
      230, 228, 210, -1,
      210, 228, 226, -1,
      210, 226, 311, -1,
      311, 226, 224, -1,
      311, 224, 312, -1,
      312, 224, 310, -1,
      211, 218, 212, -1,
      212, 218, 234, -1,
      212, 234, 313, -1,
      313, 234, 232, -1,
      313, 232, 314, -1,
      314, 232, 209, -1,
      209, 99, 98, -1,
      209, 98, 314, -1,
      314, 98, 97, -1,
      314, 97, 313, -1,
      313, 97, 112, -1,
      313, 112, 212, -1,
      206, 83, 90, -1,
      206, 90, 310, -1,
      310, 90, 89, -1,
      310, 89, 312, -1,
      312, 89, 88, -1,
      312, 88, 311, -1,
      311, 88, 100, -1,
      311, 100, 210, -1,
      261, 125, 47, -1,
      261, 47, 268, -1,
      268, 47, 46, -1,
      268, 46, 255, -1,
      255, 46, 45, -1,
      255, 45, 256, -1,
      256, 45, 44, -1,
      256, 44, 267, -1,
      267, 44, 51, -1,
      267, 51, 266, -1,
      266, 51, 50, -1,
      266, 50, 205, -1,
      202, 145, 152, -1,
      202, 152, 280, -1,
      280, 152, 151, -1,
      280, 151, 269, -1,
      269, 151, 150, -1,
      269, 150, 270, -1,
      270, 150, 149, -1,
      270, 149, 284, -1,
      284, 149, 148, -1,
      284, 148, 283, -1,
      283, 148, 147, -1,
      283, 147, 278, -1,
      216, 123, 122, -1,
      216, 122, 307, -1,
      307, 122, 121, -1,
      307, 121, 308, -1,
      308, 121, 120, -1,
      308, 120, 195, -1,
      196, 119, 118, -1,
      196, 118, 309, -1,
      309, 118, 117, -1,
      309, 117, 306, -1,
      306, 117, 116, -1,
      306, 116, 305, -1,
      305, 116, 113, -1,
      305, 113, 199, -1,
      166, 0, 167, -1,
      167, 0, 105, -1,
      167, 105, 169, -1,
      169, 105, 104, -1,
      169, 104, 170, -1,
      170, 104, 103, -1,
      170, 103, 171, -1,
      171, 103, 102, -1,
      171, 102, 172, -1,
      172, 102, 101, -1,
      172, 101, 173, -1,
      173, 101, 111, -1,
      173, 111, 153, -1,
      153, 111, 110, -1,
      153, 110, 154, -1,
      154, 110, 109, -1,
      154, 109, 163, -1,
      163, 109, 108, -1,
      163, 108, 164, -1,
      164, 108, 107, -1,
      164, 107, 165, -1,
      165, 107, 115, -1,
      165, 115, 161, -1,
      161, 115, 114, -1,
      166, 158, 0, -1,
      0, 158, 1, -1,
      159, 161, 124, -1,
      124, 161, 114, -1,
      177, 179, 127, -1,
      127, 179, 128, -1,
      187, 144, 188, -1,
      188, 144, 143, -1,
      188, 143, 190, -1,
      190, 143, 138, -1,
      190, 138, 191, -1,
      191, 138, 137, -1,
      191, 137, 192, -1,
      192, 137, 136, -1,
      192, 136, 193, -1,
      193, 136, 133, -1,
      193, 133, 194, -1,
      194, 133, 134, -1,
      194, 134, 174, -1,
      174, 134, 135, -1,
      174, 135, 175, -1,
      175, 135, 132, -1,
      175, 132, 181, -1,
      181, 132, 131, -1,
      181, 131, 182, -1,
      182, 131, 140, -1,
      182, 140, 183, -1,
      183, 140, 139, -1,
      183, 139, 179, -1,
      179, 139, 128, -1,
      187, 186, 144, -1,
      144, 186, 146, -1,
    ]
  }
}

Shape {
  appearance Appearance {
    material Material {
      diffuseColor 0.8314 0.8314 0.8196
      specularColor 0.6667 0.6667 0.6549
      ambientIntensity 0.2
      transparency 0.0000
      shininess 0.5
    }
  }
  geometry IndexedFaceSet {
    ccw TRUE
    solid FALSE
    coord DEF co Coordinate {
      point [
        -1.653543 -0.059055 0.059055,
        -1.732283 0.137795 0.059055,
        -2.598425 0.137795 0.059055,
        -2.598425 -0.137795 0.059055,
        -1.732283 -0.137795 0.059055,
        -1.653543 0.059055 0.059055,
        -0.944882 0.059055 0.059055,
        0.000000 0.137795 0.059055,
        -0.866142 0.137795 0.059055,
        -0.866142 -0.137795 0.059055,
        0.000000 -0.137795 0.059055,
        -0.944882 -0.059055 0.059055,
        0.196850 -0.137795 0.059055,
        0.196850 0.137795 0.059055,
        0.196850 0.137795 0.000000,
        -0.866142 0.137795 0.000000,
        -0.944882 0.059055 -0.000000,
        -0.944882 -0.059055 0.000000,
        -0.866142 -0.137795 -0.000000,
        0.196850 -0.137795 0.000000,
        -2.795276 0.137795 0.059055,
        -2.795276 -0.137795 0.059055,
        -2.795276 -0.137795 0.000000,
        -1.732283 -0.137795 0.000000,
        -1.653543 -0.059055 0.000000,
        -1.653543 0.059055 0.000000,
        -1.732283 0.137795 0.000000,
        -2.795276 0.137795 0.000000,
      ]
    }
    coordIndex [
      10, 12, 7, -1,
      7, 12, 13, -1,
      13, 14, 7, -1,
      7, 14, 15, -1,
      7, 15, 8, -1,
      16, 6, 15, -1,
      15, 6, 8, -1,
      17, 11, 16, -1,
      16, 11, 6, -1,
      18, 9, 17, -1,
      17, 9, 11, -1,
      9, 18, 10, -1,
      10, 18, 19, -1,
      10, 19, 12, -1,
      14, 13, 19, -1,
      19, 13, 12, -1,
      15, 14, 16, -1,
      16, 14, 19, -1,
      16, 19, 17, -1,
      17, 19, 18, -1,
      20, 21, 2, -1,
      2, 21, 3, -1,
      21, 22, 3, -1,
      3, 22, 23, -1,
      3, 23, 4, -1,
      24, 0, 23, -1,
      23, 0, 4, -1,
      25, 5, 24, -1,
      24, 5, 0, -1,
      26, 1, 25, -1,
      25, 1, 5, -1,
      1, 26, 2, -1,
      2, 26, 27, -1,
      2, 27, 20, -1,
      22, 21, 27, -1,
      27, 21, 20, -1,
      24, 23, 25, -1,
      25, 23, 22, -1,
      25, 22, 26, -1,
      26, 22, 27, -1,
    ]
  }
}

Shape {
  appearance Appearance {
    material Material {
      diffuseColor 1.0000 1.0000 1.0000
      specularColor 0.5020 0.5020 0.5020
      ambientIntensity 0.2
      transparency 0.0000
      shininess 0.5
    }
  }
  geometry IndexedFaceSet {
    ccw TRUE
    solid FALSE
    coord DEF co Coordinate {
      point [
        -1.327356 0.430536 0.000000,
        -1.327356 0.408930 0.000000,
        -1.221730 0.408930 0.000000,
        -1.117580 0.407730 0.000000,
        -1.020078 0.408930 0.000000,
        -0.919252 0.408930 0.000000,
        -1.183320 0.419133 0.000000,
        -1.183320 0.440739 0.000000,
        -1.221730 0.605781 0.000000,
        -1.317754 0.497753 0.000000,
        -1.248136 0.497753 0.000000,
        -1.248136 0.430536 0.000000,
        -1.322556 0.584175 0.000000,
        -1.322556 0.605781 0.000000,
        -1.069983 0.425724 0.000000,
        -1.055197 0.441291 0.000000,
        -1.317754 0.519359 0.000000,
        -1.248136 0.519359 0.000000,
        -1.248136 0.584175 0.000000,
        -1.047271 0.553933 0.000000,
        -1.058809 0.572337 0.000000,
        -0.945659 0.605781 0.000000,
        -1.020078 0.430536 0.000000,
        -1.117837 0.584399 0.000000,
        -1.103103 0.579082 0.000000,
        -1.179792 0.438784 0.000000,
        -1.089478 0.569967 0.000000,
        -1.077591 0.556843 0.000000,
        -1.063289 0.505255 0.000000,
        -1.065282 0.483945 0.000000,
        -1.070630 0.467013 0.000000,
        -1.114433 0.430195 0.000000,
        -1.132794 0.428135 0.000000,
        -1.100090 0.435475 0.000000,
        -1.088009 0.443618 0.000000,
        -1.078772 0.453363 0.000000,
        -1.158924 0.431036 0.000000,
        -1.069475 0.541644 0.000000,
        -1.064228 0.520571 0.000000,
        -1.076581 0.589430 0.000000,
        -0.919252 0.605781 0.000000,
        -1.104897 0.409045 0.000000,
        -1.085817 0.415613 0.000000,
        -1.044710 0.460008 0.000000,
        -1.038785 0.480844 0.000000,
        -0.945659 0.430536 0.000000,
        -1.036882 0.503642 0.000000,
        -1.039714 0.531628 0.000000,
        -1.095279 0.600192 0.000000,
        -1.117224 0.606567 0.000000,
        -1.136995 0.608181 0.000000,
        -1.160561 0.606556 0.000000,
        -1.183320 0.600380 0.000000,
        -1.183320 0.573973 0.000000,
        -1.161146 0.583467 0.000000,
        -1.137220 0.586576 0.000000,
        -1.716256 0.408930 0.000000,
        -1.687449 0.408930 0.000000,
        -1.538611 0.408930 0.000000,
        -1.514377 0.462883 0.000000,
        -1.503089 0.445276 0.000000,
        -1.486886 0.429762 0.000000,
        -1.466332 0.417817 0.000000,
        -1.443649 0.411056 0.000000,
        -1.419293 0.408930 0.000000,
        -1.365766 0.408930 0.000000,
        -1.365766 0.605781 0.000000,
        -1.421318 0.605781 0.000000,
        -1.494420 0.580114 0.000000,
        -1.508341 0.564678 0.000000,
        -1.613030 0.605781 0.000000,
        -1.517489 0.547749 0.000000,
        -1.639437 0.605781 0.000000,
        -1.449757 0.602741 0.000000,
        -1.472789 0.594653 0.000000,
        -1.494215 0.580294 0.000000,
        -1.567418 0.408930 0.000000,
        -1.586210 0.464144 0.000000,
        -1.667531 0.464144 0.000000,
        -1.522776 0.528354 0.000000,
        -1.524207 0.509831 0.000000,
        -1.521444 0.483487 0.000000,
        -1.162337 0.410517 0.000000,
        -1.142445 0.407730 0.000000,
        -1.129156 0.406530 0.000000,
        -1.134538 0.406622 0.000000,
        -1.592849 0.485750 0.003937,
        -1.586210 0.464144 0.003937,
        -1.658679 0.485750 0.003937,
        -1.667531 0.464144 0.003937,
        -1.622220 0.567971 0.003937,
        -1.613030 0.605781 0.003937,
        -1.538611 0.408930 0.003937,
        -1.567418 0.408930 0.003937,
        -1.624114 0.574798 0.003937,
        -1.625370 0.581775 0.003937,
        -1.639437 0.605781 0.003937,
        -1.626008 0.581775 0.003937,
        -1.627293 0.574819 0.003937,
        -1.629046 0.567971 0.003937,
        -1.716256 0.408930 0.003937,
        -1.687449 0.408930 0.003937,
        -1.629046 0.567971 0.000000,
        -1.627293 0.574819 0.000000,
        -1.626008 0.581775 0.000000,
        -1.625370 0.581775 0.000000,
        -1.624114 0.574798 0.000000,
        -1.622220 0.567971 0.000000,
        -1.592849 0.485750 0.000000,
        -1.658679 0.485750 0.000000,
        -1.421318 0.605781 0.003937,
        -1.365766 0.605781 0.003937,
        -1.449757 0.602741 0.003937,
        -1.472789 0.594653 0.003937,
        -1.494215 0.580294 0.003937,
        -1.494420 0.580114 0.003937,
        -1.508341 0.564678 0.003937,
        -1.517489 0.547749 0.003937,
        -1.522776 0.528354 0.003937,
        -1.524207 0.509831 0.003937,
        -1.521444 0.483487 0.003937,
        -1.514377 0.462883 0.003937,
        -1.503089 0.445276 0.003937,
        -1.486886 0.429762 0.003937,
        -1.466332 0.417817 0.003937,
        -1.443649 0.411056 0.003937,
        -1.419293 0.408930 0.003937,
        -1.365766 0.408930 0.003937,
        -1.484694 0.556571 0.003937,
        -1.475132 0.566723 0.003937,
        -1.460754 0.576013 0.003937,
        -1.444505 0.581698 0.003937,
        -1.421206 0.584175 0.003937,
        -1.392173 0.584175 0.003937,
        -1.392173 0.430536 0.003937,
        -1.420118 0.430536 0.003937,
        -1.440885 0.432469 0.003937,
        -1.457451 0.437640 0.003937,
        -1.470876 0.445611 0.003937,
        -1.481917 0.456517 0.003937,
        -1.490219 0.470089 0.003937,
        -1.495993 0.488593 0.003937,
        -1.497800 0.509269 0.003937,
        -1.496128 0.528860 0.003937,
        -1.491532 0.544430 0.003937,
        -1.420118 0.430536 0.000000,
        -1.392173 0.430536 0.000000,
        -1.440885 0.432469 0.000000,
        -1.457451 0.437640 0.000000,
        -1.470876 0.445611 0.000000,
        -1.481917 0.456517 0.000000,
        -1.490219 0.470089 0.000000,
        -1.495993 0.488593 0.000000,
        -1.497800 0.509269 0.000000,
        -1.496128 0.528860 0.000000,
        -1.491532 0.544430 0.000000,
        -1.484694 0.556571 0.000000,
        -1.475132 0.566723 0.000000,
        -1.460754 0.576013 0.000000,
        -1.444505 0.581698 0.000000,
        -1.421206 0.584175 0.000000,
        -1.392173 0.584175 0.000000,
        -1.221730 0.605781 0.003937,
        -1.221730 0.408930 0.003937,
        -1.322556 0.605781 0.003937,
        -1.322556 0.584175 0.003937,
        -1.248136 0.584175 0.003937,
        -1.248136 0.519359 0.003937,
        -1.317754 0.519359 0.003937,
        -1.317754 0.497753 0.003937,
        -1.248136 0.497753 0.003937,
        -1.248136 0.430536 0.003937,
        -1.327356 0.430536 0.003937,
        -1.327356 0.408930 0.003937,
        -1.129156 0.406530 0.003937,
        -1.104897 0.409045 0.003937,
        -1.085817 0.415613 0.003937,
        -1.069983 0.425724 0.003937,
        -1.055197 0.441291 0.003937,
        -1.044710 0.460008 0.003937,
        -1.038785 0.480844 0.003937,
        -1.036882 0.503642 0.003937,
        -1.039714 0.531628 0.003937,
        -1.047271 0.553933 0.003937,
        -1.058809 0.572337 0.003937,
        -1.076581 0.589430 0.003937,
        -1.095279 0.600192 0.003937,
        -1.117224 0.606567 0.003937,
        -1.136995 0.608181 0.003937,
        -1.160561 0.606556 0.003937,
        -1.183320 0.600380 0.003937,
        -1.183320 0.573973 0.003937,
        -1.161146 0.583467 0.003937,
        -1.137220 0.586576 0.003937,
        -1.117837 0.584399 0.003937,
        -1.103103 0.579082 0.003937,
        -1.089478 0.569967 0.003937,
        -1.077591 0.556843 0.003937,
        -1.069475 0.541644 0.003937,
        -1.064228 0.520571 0.003937,
        -1.063289 0.505255 0.003937,
        -1.065282 0.483945 0.003937,
        -1.070630 0.467013 0.003937,
        -1.078772 0.453363 0.003937,
        -1.088009 0.443618 0.003937,
        -1.100090 0.435475 0.003937,
        -1.114433 0.430195 0.003937,
        -1.132794 0.428135 0.003937,
        -1.158924 0.431036 0.003937,
        -1.179792 0.438784 0.003937,
        -1.183320 0.440739 0.003937,
        -1.183320 0.419133 0.003937,
        -1.162337 0.410517 0.003937,
        -1.134538 0.406622 0.003937,
        -0.919252 0.605781 0.003937,
        -0.919252 0.408930 0.003937,
        -0.945659 0.605781 0.003937,
        -0.945659 0.430536 0.003937,
        -1.020078 0.430536 0.003937,
        -1.020078 0.408930 0.003937,
      ]
    }
    coordIndex [
      86, 87, 88, -1,
      88, 87, 89, -1,
      90, 91, 86, -1,
      86, 91, 92, -1,
      86, 92, 87, -1,
      87, 92, 93, -1,
      90, 94, 91, -1,
      91, 94, 95, -1,
      91, 95, 96, -1,
      96, 95, 97, -1,
      96, 97, 98, -1,
      98, 99, 96, -1,
      96, 99, 88, -1,
      96, 88, 100, -1,
      100, 88, 89, -1,
      100, 89, 101, -1,
      89, 78, 101, -1,
      101, 78, 57, -1,
      87, 77, 89, -1,
      89, 77, 78, -1,
      93, 76, 87, -1,
      87, 76, 77, -1,
      92, 58, 93, -1,
      93, 58, 76, -1,
      91, 70, 92, -1,
      92, 70, 58, -1,
      96, 72, 91, -1,
      91, 72, 70, -1,
      100, 56, 96, -1,
      96, 56, 72, -1,
      100, 101, 56, -1,
      56, 101, 57, -1,
      102, 99, 98, -1,
      102, 98, 103, -1,
      103, 98, 97, -1,
      103, 97, 104, -1,
      95, 105, 97, -1,
      97, 105, 104, -1,
      105, 95, 94, -1,
      105, 94, 106, -1,
      106, 94, 90, -1,
      106, 90, 107, -1,
      86, 108, 90, -1,
      90, 108, 107, -1,
      88, 109, 86, -1,
      86, 109, 108, -1,
      102, 109, 99, -1,
      99, 109, 88, -1,
      110, 67, 111, -1,
      111, 67, 66, -1,
      67, 110, 112, -1,
      67, 112, 73, -1,
      73, 112, 113, -1,
      73, 113, 74, -1,
      74, 113, 114, -1,
      74, 114, 75, -1,
      75, 114, 115, -1,
      75, 115, 68, -1,
      68, 115, 116, -1,
      68, 116, 69, -1,
      69, 116, 117, -1,
      69, 117, 71, -1,
      71, 117, 118, -1,
      71, 118, 79, -1,
      79, 118, 119, -1,
      79, 119, 80, -1,
      80, 119, 120, -1,
      80, 120, 81, -1,
      81, 120, 121, -1,
      81, 121, 59, -1,
      59, 121, 122, -1,
      59, 122, 60, -1,
      60, 122, 123, -1,
      60, 123, 61, -1,
      61, 123, 124, -1,
      61, 124, 62, -1,
      62, 124, 125, -1,
      62, 125, 63, -1,
      63, 125, 126, -1,
      63, 126, 64, -1,
      127, 65, 126, -1,
      126, 65, 64, -1,
      127, 111, 65, -1,
      65, 111, 66, -1,
      117, 116, 128, -1,
      128, 116, 115, -1,
      128, 115, 129, -1,
      129, 115, 114, -1,
      129, 114, 130, -1,
      130, 114, 113, -1,
      130, 113, 131, -1,
      131, 113, 112, -1,
      131, 112, 132, -1,
      132, 112, 110, -1,
      132, 110, 133, -1,
      133, 110, 111, -1,
      133, 111, 134, -1,
      134, 111, 127, -1,
      134, 127, 135, -1,
      135, 127, 126, -1,
      135, 126, 136, -1,
      136, 126, 125, -1,
      136, 125, 137, -1,
      137, 125, 124, -1,
      137, 124, 138, -1,
      138, 124, 123, -1,
      138, 123, 139, -1,
      139, 123, 122, -1,
      139, 122, 140, -1,
      140, 122, 121, -1,
      140, 121, 141, -1,
      141, 121, 120, -1,
      141, 120, 142, -1,
      142, 120, 119, -1,
      142, 119, 143, -1,
      143, 119, 118, -1,
      143, 118, 144, -1,
      144, 118, 117, -1,
      144, 117, 128, -1,
      135, 145, 134, -1,
      134, 145, 146, -1,
      145, 135, 136, -1,
      145, 136, 147, -1,
      147, 136, 137, -1,
      147, 137, 148, -1,
      148, 137, 138, -1,
      148, 138, 149, -1,
      149, 138, 139, -1,
      149, 139, 150, -1,
      150, 139, 140, -1,
      150, 140, 151, -1,
      151, 140, 141, -1,
      151, 141, 152, -1,
      152, 141, 142, -1,
      152, 142, 153, -1,
      153, 142, 143, -1,
      153, 143, 154, -1,
      154, 143, 144, -1,
      154, 144, 155, -1,
      155, 144, 128, -1,
      155, 128, 156, -1,
      156, 128, 129, -1,
      156, 129, 157, -1,
      157, 129, 130, -1,
      157, 130, 158, -1,
      158, 130, 131, -1,
      158, 131, 159, -1,
      159, 131, 132, -1,
      159, 132, 160, -1,
      133, 161, 132, -1,
      132, 161, 160, -1,
      146, 161, 134, -1,
      134, 161, 133, -1,
      162, 8, 163, -1,
      163, 8, 2, -1,
      164, 13, 162, -1,
      162, 13, 8, -1,
      165, 12, 164, -1,
      164, 12, 13, -1,
      166, 18, 165, -1,
      165, 18, 12, -1,
      167, 17, 166, -1,
      166, 17, 18, -1,
      168, 16, 167, -1,
      167, 16, 17, -1,
      169, 9, 168, -1,
      168, 9, 16, -1,
      170, 10, 169, -1,
      169, 10, 9, -1,
      171, 11, 170, -1,
      170, 11, 10, -1,
      172, 0, 171, -1,
      171, 0, 11, -1,
      173, 1, 172, -1,
      172, 1, 0, -1,
      173, 163, 1, -1,
      1, 163, 2, -1,
      163, 173, 172, -1,
      172, 171, 163, -1,
      163, 171, 170, -1,
      163, 170, 162, -1,
      165, 164, 166, -1,
      166, 164, 162, -1,
      166, 162, 167, -1,
      167, 162, 170, -1,
      167, 170, 168, -1,
      168, 170, 169, -1,
      3, 84, 174, -1,
      3, 174, 41, -1,
      174, 175, 41, -1,
      41, 175, 176, -1,
      41, 176, 42, -1,
      42, 176, 177, -1,
      42, 177, 14, -1,
      14, 177, 178, -1,
      14, 178, 15, -1,
      15, 178, 179, -1,
      15, 179, 43, -1,
      43, 179, 180, -1,
      43, 180, 44, -1,
      44, 180, 181, -1,
      44, 181, 46, -1,
      46, 181, 182, -1,
      46, 182, 47, -1,
      47, 182, 183, -1,
      47, 183, 19, -1,
      19, 183, 184, -1,
      19, 184, 20, -1,
      20, 184, 185, -1,
      20, 185, 39, -1,
      39, 185, 186, -1,
      39, 186, 48, -1,
      48, 186, 187, -1,
      48, 187, 49, -1,
      49, 187, 188, -1,
      49, 188, 50, -1,
      50, 188, 189, -1,
      50, 189, 51, -1,
      51, 189, 190, -1,
      51, 190, 52, -1,
      191, 53, 190, -1,
      190, 53, 52, -1,
      53, 191, 192, -1,
      53, 192, 54, -1,
      54, 192, 193, -1,
      54, 193, 55, -1,
      55, 193, 194, -1,
      55, 194, 23, -1,
      23, 194, 195, -1,
      23, 195, 24, -1,
      24, 195, 196, -1,
      24, 196, 26, -1,
      26, 196, 197, -1,
      26, 197, 27, -1,
      27, 197, 198, -1,
      27, 198, 37, -1,
      37, 198, 199, -1,
      37, 199, 38, -1,
      38, 199, 200, -1,
      38, 200, 28, -1,
      28, 200, 201, -1,
      28, 201, 29, -1,
      29, 201, 202, -1,
      29, 202, 30, -1,
      30, 202, 203, -1,
      30, 203, 35, -1,
      35, 203, 204, -1,
      35, 204, 34, -1,
      34, 204, 205, -1,
      34, 205, 33, -1,
      33, 205, 206, -1,
      33, 206, 31, -1,
      31, 206, 207, -1,
      31, 207, 32, -1,
      32, 207, 208, -1,
      32, 208, 36, -1,
      36, 208, 209, -1,
      36, 209, 25, -1,
      25, 209, 210, -1,
      25, 210, 7, -1,
      211, 6, 210, -1,
      210, 6, 7, -1,
      82, 6, 212, -1,
      212, 6, 211, -1,
      82, 212, 83, -1,
      83, 212, 213, -1,
      83, 213, 85, -1,
      85, 213, 174, -1,
      85, 174, 84, -1,
      206, 174, 207, -1,
      207, 174, 213, -1,
      207, 213, 208, -1,
      208, 213, 212, -1,
      208, 212, 209, -1,
      209, 212, 211, -1,
      209, 211, 210, -1,
      191, 190, 192, -1,
      192, 190, 189, -1,
      192, 189, 193, -1,
      193, 189, 188, -1,
      193, 188, 194, -1,
      194, 188, 187, -1,
      194, 187, 195, -1,
      195, 187, 186, -1,
      195, 186, 196, -1,
      196, 186, 185, -1,
      196, 185, 197, -1,
      197, 185, 184, -1,
      197, 184, 198, -1,
      198, 184, 183, -1,
      198, 183, 199, -1,
      199, 183, 182, -1,
      199, 182, 200, -1,
      200, 182, 181, -1,
      200, 181, 201, -1,
      201, 181, 180, -1,
      201, 180, 202, -1,
      202, 180, 179, -1,
      202, 179, 203, -1,
      203, 179, 178, -1,
      203, 178, 204, -1,
      204, 178, 177, -1,
      204, 177, 205, -1,
      205, 177, 176, -1,
      205, 176, 206, -1,
      206, 176, 175, -1,
      206, 175, 174, -1,
      214, 40, 215, -1,
      215, 40, 5, -1,
      216, 21, 214, -1,
      214, 21, 40, -1,
      217, 45, 216, -1,
      216, 45, 21, -1,
      218, 22, 217, -1,
      217, 22, 45, -1,
      219, 4, 218, -1,
      218, 4, 22, -1,
      219, 215, 4, -1,
      4, 215, 5, -1,
      216, 214, 217, -1,
      217, 214, 215, -1,
      217, 215, 218, -1,
      218, 215, 219, -1,
    ]
  }
}

Shape {
  appearance Appearance {
    material Material {
      diffuseColor 0.2078 0.2078 0.2078
      specularColor 0.0157 0.0157 0.0157
      ambientIntensity 0.2
      transparency 0.0000
      shininess 0.5
    }
  }
  geometry IndexedFaceSet {
    ccw TRUE
    solid FALSE
    coord DEF co Coordinate {
      point [
        -1.629046 0.567971 0.000000,
        -1.627293 0.574819 0.000000,
        -1.626008 0.581775 0.000000,
        -1.625370 0.581775 0.000000,
        -1.624114 0.574798 0.000000,
        -1.622220 0.567971 0.000000,
        -1.592849 0.485750 0.000000,
        -1.658679 0.485750 0.000000,
      ]
    }
    coordIndex [
      6, 7, 5, -1,
      5, 7, 0, -1,
      5, 0, 4, -1,
      4, 0, 1, -1,
      4, 1, 3, -1,
      3, 1, 2, -1,
    ]
  }
}

Shape {
  appearance Appearance {
    material Material {
      diffuseColor 0.8314 0.6941 0.3843
      specularColor 0.2510 0.2078 0.1137
      ambientIntensity 0.2
      transparency 0.0000
      shininess 0.5
    }
  }
  geometry IndexedFaceSet {
    ccw TRUE
    solid FALSE
    coord DEF co Coordinate {
      point [
        -1.420118 0.430536 0.000000,
        -1.392173 0.430536 0.000000,
        -1.440885 0.432469 0.000000,
        -1.457451 0.437640 0.000000,
        -1.470876 0.445611 0.000000,
        -1.481917 0.456517 0.000000,
        -1.490219 0.470089 0.000000,
        -1.495993 0.488593 0.000000,
        -1.497800 0.509269 0.000000,
        -1.496128 0.528860 0.000000,
        -1.491532 0.544430 0.000000,
        -1.484694 0.556571 0.000000,
        -1.475132 0.566723 0.000000,
        -1.460754 0.576013 0.000000,
        -1.444505 0.581698 0.000000,
        -1.421206 0.584175 0.000000,
        -1.392173 0.584175 0.000000,
      ]
    }
    coordIndex [
      16, 1, 15, -1,
      15, 1, 0, -1,
      15, 0, 2, -1,
      8, 9, 15, -1,
      15, 9, 10, -1,
      15, 10, 14, -1,
      2, 3, 15, -1,
      15, 3, 4, -1,
      15, 4, 5, -1,
      5, 6, 15, -1,
      15, 6, 7, -1,
      15, 7, 8, -1,
      11, 12, 10, -1,
      10, 12, 13, -1,
      10, 13, 14, -1,
    ]
  }
}
