ISO-10303-21;
HEADER;
/* Generated by software containing ST-Developer
 * from STEP Tools, Inc. (www.steptools.com) 
 */

FILE_DESCRIPTION(
/* description */ (''),
/* implementation_level */ '2;1');

FILE_NAME(
/* name */ 'SkyAlarm-enclosureAssembled.step.step',
/* time_stamp */ '2026-07-31T16:03:05-07:00',
/* author */ (''),
/* organization */ (''),
/* preprocessor_version */ 'ST-DEVELOPER v20.1',
/* originating_system */ 'Autodesk Translation Framework v15.8.0.0',
/* authorisation */ '');

FILE_SCHEMA (('AUTOMOTIVE_DESIGN { 1 0 10303 214 3 1 1 }'));
ENDSEC;

DATA;
#10=MECHANICAL_DESIGN_GEOMETRIC_PRESENTATION_REPRESENTATION('',(#38,#39,
#40),#6744);
#11=SHAPE_REPRESENTATION_RELATIONSHIP('SRR','None',#6751,#12);
#12=ADVANCED_BREP_SHAPE_REPRESENTATION('',(#41,#42,#43),#6743);
#13=B_SPLINE_CURVE_WITH_KNOTS('',3,(#5703,#5704,#5705,#5706,#5707,#5708,
#5709,#5710,#5711,#5712,#5713,#5714,#5715,#5716,#5717,#5718,#5719,#5720,
#5721,#5722,#5723,#5724,#5725,#5726,#5727,#5728,#5729,#5730),
 .UNSPECIFIED.,.F.,.F.,(4,2,2,2,2,2,2,2,2,2,2,2,2,4),(0.,1.2253622576679,
2.2883455981484,3.5689898231286,5.75589729585417,7.44688392187197,8.79371698147827,
10.1704701244093,11.7623968971885,13.8876177611083,15.4130628773842,16.6245828869838,
17.5666321563801,18.1296505267625),.UNSPECIFIED.);
#14=B_SPLINE_CURVE_WITH_KNOTS('',3,(#5736,#5737,#5738,#5739,#5740,#5741,
#5742,#5743,#5744,#5745,#5746,#5747,#5748,#5749,#5750,#5751,#5752,#5753,
#5754,#5755,#5756,#5757,#5758,#5759,#5760,#5761,#5762,#5763,#5764,#5765),
 .UNSPECIFIED.,.F.,.F.,(4,2,2,2,2,2,2,2,2,2,2,2,2,2,4),(0.,0.621490648760459,
1.41889770583006,2.23707990198918,3.90807708238113,6.10970226866936,7.75886842379391,
9.0993442570526,10.5142656852103,12.1984275517044,14.4966340955507,16.0596780596793,
16.9585711359835,17.5707331001006,18.436047831723),.UNSPECIFIED.);
#15=B_SPLINE_CURVE_WITH_KNOTS('',3,(#5828,#5829,#5830,#5831,#5832,#5833,
#5834,#5835,#5836,#5837,#5838,#5839,#5840,#5841,#5842,#5843,#5844,#5845,
#5846,#5847,#5848,#5849,#5850,#5851,#5852,#5853,#5854,#5855),
 .UNSPECIFIED.,.F.,.F.,(4,2,2,2,2,2,2,2,2,2,2,2,2,4),(0.,1.22536225764893,
2.28834559814658,3.56898982310674,5.75589729586108,7.44688392188683,8.79371698149822,
10.1704701244316,11.7623968972105,13.8876177611265,15.4130628774069,16.6245828870218,
17.5666321564303,18.129650526832),.UNSPECIFIED.);
#16=B_SPLINE_CURVE_WITH_KNOTS('',3,(#5857,#5858,#5859,#5860,#5861,#5862,
#5863,#5864,#5865,#5866,#5867,#5868,#5869,#5870,#5871,#5872,#5873,#5874,
#5875,#5876,#5877,#5878,#5879,#5880,#5881,#5882,#5883,#5884,#5885,#5886),
 .UNSPECIFIED.,.F.,.F.,(4,2,2,2,2,2,2,2,2,2,2,2,2,2,4),(0.,0.621490648823227,
1.41889770585032,2.23707990203579,3.90807708258921,6.10970226878452,7.75886842385723,
9.09934425709616,10.5142656852606,12.1984275517952,14.4966340957063,16.0596780596689,
16.9585711359608,17.5707331000778,18.4360478315649),.UNSPECIFIED.);
#17=CIRCLE('',#4205,4.0085);
#18=CIRCLE('',#4206,4.0085);
#19=CYLINDRICAL_SURFACE('',#4204,4.0085);
#20=(
BOUNDED_SURFACE()
B_SPLINE_SURFACE(1,2,((#5406,#5407,#5408),(#5409,#5410,#5411)),
 .UNSPECIFIED.,.F.,.F.,.F.)
B_SPLINE_SURFACE_WITH_KNOTS((2,2),(3,3),(-2.,0.),(-3.14159265358979,-3.04074294311969),
 .UNSPECIFIED.)
GEOMETRIC_REPRESENTATION_ITEM()
RATIONAL_B_SPLINE_SURFACE(((1.,0.998728936345703,1.),(1.,0.998728936345703,
1.)))
REPRESENTATION_ITEM('')
SURFACE()
);
#21=(
BOUNDED_SURFACE()
B_SPLINE_SURFACE(1,2,((#5417,#5418,#5419),(#5420,#5421,#5422)),
 .UNSPECIFIED.,.F.,.F.,.F.)
B_SPLINE_SURFACE_WITH_KNOTS((2,2),(3,3),(-2.,0.),(-0.100849710470098,5.47380097238334E-16),
 .UNSPECIFIED.)
GEOMETRIC_REPRESENTATION_ITEM()
RATIONAL_B_SPLINE_SURFACE(((1.,0.998728936345703,1.),(1.,0.998728936345703,
1.)))
REPRESENTATION_ITEM('')
SURFACE()
);
#22=(
BOUNDED_SURFACE()
B_SPLINE_SURFACE(2,2,((#5656,#5657,#5658,#5659,#5660,#5661,#5662,#5663,
#5664),(#5665,#5666,#5667,#5668,#5669,#5670,#5671,#5672,#5673),(#5674,#5675,
#5676,#5677,#5678,#5679,#5680,#5681,#5682),(#5683,#5684,#5685,#5686,#5687,
#5688,#5689,#5690,#5691),(#5692,#5693,#5694,#5695,#5696,#5697,#5698,#5699,
#5700)),.UNSPECIFIED.,.F.,.T.,.F.)
B_SPLINE_SURFACE_WITH_KNOTS((3,2,3),(3,2,2,2,3),(-1.5707963267949,0.,1.5707963267949),
(0.,1.5707963267949,3.14159265358979,4.71238898038469,6.28318530717959),
 .UNSPECIFIED.)
GEOMETRIC_REPRESENTATION_ITEM()
RATIONAL_B_SPLINE_SURFACE(((1.,0.707106781186548,1.,0.707106781186548,1.,
0.707106781186548,1.,0.707106781186548,1.),(0.707106781186547,0.5,0.707106781186547,
0.5,0.707106781186547,0.5,0.707106781186547,0.5,0.707106781186547),(1.,
0.707106781186548,1.,0.707106781186548,1.,0.707106781186548,1.,0.707106781186548,
1.),(0.707106781186547,0.5,0.707106781186547,0.5,0.707106781186547,0.5,
0.707106781186547,0.5,0.707106781186547),(1.,0.707106781186548,1.,0.707106781186548,
1.,0.707106781186548,1.,0.707106781186548,1.)))
REPRESENTATION_ITEM('')
SURFACE()
);
#23=(
BOUNDED_SURFACE()
B_SPLINE_SURFACE(1,2,((#5769,#5770,#5771),(#5772,#5773,#5774)),
 .UNSPECIFIED.,.F.,.F.,.F.)
B_SPLINE_SURFACE_WITH_KNOTS((2,2),(3,3),(-1.2497876804716,0.),(-1.77198089248252,
-1.47071426092931),.UNSPECIFIED.)
GEOMETRIC_REPRESENTATION_ITEM()
RATIONAL_B_SPLINE_SURFACE(((1.,0.988676238122915,1.),(1.,0.988676238122915,
1.)))
REPRESENTATION_ITEM('')
SURFACE()
);
#24=(
BOUNDED_SURFACE()
B_SPLINE_SURFACE(2,2,((#5782,#5783,#5784,#5785,#5786,#5787,#5788,#5789,
#5790),(#5791,#5792,#5793,#5794,#5795,#5796,#5797,#5798,#5799),(#5800,#5801,
#5802,#5803,#5804,#5805,#5806,#5807,#5808),(#5809,#5810,#5811,#5812,#5813,
#5814,#5815,#5816,#5817),(#5818,#5819,#5820,#5821,#5822,#5823,#5824,#5825,
#5826)),.UNSPECIFIED.,.F.,.T.,.F.)
B_SPLINE_SURFACE_WITH_KNOTS((3,2,3),(3,2,2,2,3),(-1.5707963267949,0.,1.5707963267949),
(0.,1.5707963267949,3.14159265358979,4.71238898038469,6.28318530717959),
 .UNSPECIFIED.)
GEOMETRIC_REPRESENTATION_ITEM()
RATIONAL_B_SPLINE_SURFACE(((1.,0.707106781186548,1.,0.707106781186548,1.,
0.707106781186548,1.,0.707106781186548,1.),(0.707106781186547,0.5,0.707106781186547,
0.5,0.707106781186547,0.5,0.707106781186547,0.5,0.707106781186547),(1.,
0.707106781186548,1.,0.707106781186548,1.,0.707106781186548,1.,0.707106781186548,
1.),(0.707106781186547,0.5,0.707106781186547,0.5,0.707106781186547,0.5,
0.707106781186547,0.5,0.707106781186547),(1.,0.707106781186548,1.,0.707106781186548,
1.,0.707106781186548,1.,0.707106781186548,1.)))
REPRESENTATION_ITEM('')
SURFACE()
);
#25=(
BOUNDED_SURFACE()
B_SPLINE_SURFACE(1,2,((#5890,#5891,#5892),(#5893,#5894,#5895)),
 .UNSPECIFIED.,.F.,.F.,.F.)
B_SPLINE_SURFACE_WITH_KNOTS((2,2),(3,3),(-1.2497876804716,0.),(1.47071426092931,
1.77198089248252),.UNSPECIFIED.)
GEOMETRIC_REPRESENTATION_ITEM()
RATIONAL_B_SPLINE_SURFACE(((1.,0.988676238122915,1.),(1.,0.988676238122915,
1.)))
REPRESENTATION_ITEM('')
SURFACE()
);
#26=ELLIPSE('',#4160,15.0085,10.017);
#27=ELLIPSE('',#4161,15.0085,10.017);
#28=ELLIPSE('',#4162,15.0085,10.017);
#29=ELLIPSE('',#4163,15.0085,10.017);
#30=ELLIPSE('',#4207,10.0085,4.2585);
#31=ELLIPSE('',#4208,10.0085,4.2585);
#32=ELLIPSE('',#4209,10.0085,4.2585);
#33=ELLIPSE('',#4210,10.0085,4.2585);
#34=ELLIPSE('',#4211,10.0085,4.2585);
#35=ELLIPSE('',#4212,10.0085,4.2585);
#36=ELLIPSE('',#4213,10.0085,4.2585);
#37=ELLIPSE('',#4214,10.0085,4.2585);
#38=STYLED_ITEM('',(#6761),#41);
#39=STYLED_ITEM('',(#6762),#42);
#40=STYLED_ITEM('',(#6762),#43);
#41=MANIFOLD_SOLID_BREP('Body1',#4132);
#42=MANIFOLD_SOLID_BREP('Body2',#4133);
#43=MANIFOLD_SOLID_BREP('Body3',#4134);
#44=FACE_BOUND('',#265,.T.);
#45=FACE_BOUND('',#296,.T.);
#46=FACE_BOUND('',#318,.T.);
#47=FACE_BOUND('',#320,.T.);
#48=FACE_BOUND('',#416,.T.);
#49=FACE_BOUND('',#423,.T.);
#50=FACE_BOUND('',#428,.T.);
#51=FACE_BOUND('',#461,.T.);
#52=FACE_BOUND('',#464,.T.);
#53=FACE_OUTER_BOUND('',#255,.T.);
#54=FACE_OUTER_BOUND('',#256,.T.);
#55=FACE_OUTER_BOUND('',#257,.T.);
#56=FACE_OUTER_BOUND('',#258,.T.);
#57=FACE_OUTER_BOUND('',#259,.T.);
#58=FACE_OUTER_BOUND('',#260,.T.);
#59=FACE_OUTER_BOUND('',#261,.T.);
#60=FACE_OUTER_BOUND('',#262,.T.);
#61=FACE_OUTER_BOUND('',#263,.T.);
#62=FACE_OUTER_BOUND('',#264,.T.);
#63=FACE_OUTER_BOUND('',#266,.T.);
#64=FACE_OUTER_BOUND('',#267,.T.);
#65=FACE_OUTER_BOUND('',#268,.T.);
#66=FACE_OUTER_BOUND('',#269,.T.);
#67=FACE_OUTER_BOUND('',#270,.T.);
#68=FACE_OUTER_BOUND('',#271,.T.);
#69=FACE_OUTER_BOUND('',#272,.T.);
#70=FACE_OUTER_BOUND('',#273,.T.);
#71=FACE_OUTER_BOUND('',#274,.T.);
#72=FACE_OUTER_BOUND('',#275,.T.);
#73=FACE_OUTER_BOUND('',#276,.T.);
#74=FACE_OUTER_BOUND('',#277,.T.);
#75=FACE_OUTER_BOUND('',#278,.T.);
#76=FACE_OUTER_BOUND('',#279,.T.);
#77=FACE_OUTER_BOUND('',#280,.T.);
#78=FACE_OUTER_BOUND('',#281,.T.);
#79=FACE_OUTER_BOUND('',#282,.T.);
#80=FACE_OUTER_BOUND('',#283,.T.);
#81=FACE_OUTER_BOUND('',#284,.T.);
#82=FACE_OUTER_BOUND('',#285,.T.);
#83=FACE_OUTER_BOUND('',#286,.T.);
#84=FACE_OUTER_BOUND('',#287,.T.);
#85=FACE_OUTER_BOUND('',#288,.T.);
#86=FACE_OUTER_BOUND('',#289,.T.);
#87=FACE_OUTER_BOUND('',#290,.T.);
#88=FACE_OUTER_BOUND('',#291,.T.);
#89=FACE_OUTER_BOUND('',#292,.T.);
#90=FACE_OUTER_BOUND('',#293,.T.);
#91=FACE_OUTER_BOUND('',#294,.T.);
#92=FACE_OUTER_BOUND('',#295,.T.);
#93=FACE_OUTER_BOUND('',#297,.T.);
#94=FACE_OUTER_BOUND('',#298,.T.);
#95=FACE_OUTER_BOUND('',#299,.T.);
#96=FACE_OUTER_BOUND('',#300,.T.);
#97=FACE_OUTER_BOUND('',#301,.T.);
#98=FACE_OUTER_BOUND('',#302,.T.);
#99=FACE_OUTER_BOUND('',#303,.T.);
#100=FACE_OUTER_BOUND('',#304,.T.);
#101=FACE_OUTER_BOUND('',#305,.T.);
#102=FACE_OUTER_BOUND('',#306,.T.);
#103=FACE_OUTER_BOUND('',#307,.T.);
#104=FACE_OUTER_BOUND('',#308,.T.);
#105=FACE_OUTER_BOUND('',#309,.T.);
#106=FACE_OUTER_BOUND('',#310,.T.);
#107=FACE_OUTER_BOUND('',#311,.T.);
#108=FACE_OUTER_BOUND('',#312,.T.);
#109=FACE_OUTER_BOUND('',#313,.T.);
#110=FACE_OUTER_BOUND('',#314,.T.);
#111=FACE_OUTER_BOUND('',#315,.T.);
#112=FACE_OUTER_BOUND('',#316,.T.);
#113=FACE_OUTER_BOUND('',#317,.T.);
#114=FACE_OUTER_BOUND('',#319,.T.);
#115=FACE_OUTER_BOUND('',#321,.T.);
#116=FACE_OUTER_BOUND('',#322,.T.);
#117=FACE_OUTER_BOUND('',#323,.T.);
#118=FACE_OUTER_BOUND('',#324,.T.);
#119=FACE_OUTER_BOUND('',#325,.T.);
#120=FACE_OUTER_BOUND('',#326,.T.);
#121=FACE_OUTER_BOUND('',#327,.T.);
#122=FACE_OUTER_BOUND('',#328,.T.);
#123=FACE_OUTER_BOUND('',#329,.T.);
#124=FACE_OUTER_BOUND('',#330,.T.);
#125=FACE_OUTER_BOUND('',#331,.T.);
#126=FACE_OUTER_BOUND('',#332,.T.);
#127=FACE_OUTER_BOUND('',#333,.T.);
#128=FACE_OUTER_BOUND('',#334,.T.);
#129=FACE_OUTER_BOUND('',#335,.T.);
#130=FACE_OUTER_BOUND('',#336,.T.);
#131=FACE_OUTER_BOUND('',#337,.T.);
#132=FACE_OUTER_BOUND('',#338,.T.);
#133=FACE_OUTER_BOUND('',#339,.T.);
#134=FACE_OUTER_BOUND('',#340,.T.);
#135=FACE_OUTER_BOUND('',#341,.T.);
#136=FACE_OUTER_BOUND('',#342,.T.);
#137=FACE_OUTER_BOUND('',#343,.T.);
#138=FACE_OUTER_BOUND('',#344,.T.);
#139=FACE_OUTER_BOUND('',#345,.T.);
#140=FACE_OUTER_BOUND('',#346,.T.);
#141=FACE_OUTER_BOUND('',#347,.T.);
#142=FACE_OUTER_BOUND('',#348,.T.);
#143=FACE_OUTER_BOUND('',#349,.T.);
#144=FACE_OUTER_BOUND('',#350,.T.);
#145=FACE_OUTER_BOUND('',#351,.T.);
#146=FACE_OUTER_BOUND('',#352,.T.);
#147=FACE_OUTER_BOUND('',#353,.T.);
#148=FACE_OUTER_BOUND('',#354,.T.);
#149=FACE_OUTER_BOUND('',#355,.T.);
#150=FACE_OUTER_BOUND('',#356,.T.);
#151=FACE_OUTER_BOUND('',#357,.T.);
#152=FACE_OUTER_BOUND('',#358,.T.);
#153=FACE_OUTER_BOUND('',#359,.T.);
#154=FACE_OUTER_BOUND('',#360,.T.);
#155=FACE_OUTER_BOUND('',#361,.T.);
#156=FACE_OUTER_BOUND('',#362,.T.);
#157=FACE_OUTER_BOUND('',#363,.T.);
#158=FACE_OUTER_BOUND('',#364,.T.);
#159=FACE_OUTER_BOUND('',#365,.T.);
#160=FACE_OUTER_BOUND('',#366,.T.);
#161=FACE_OUTER_BOUND('',#367,.T.);
#162=FACE_OUTER_BOUND('',#368,.T.);
#163=FACE_OUTER_BOUND('',#369,.T.);
#164=FACE_OUTER_BOUND('',#370,.T.);
#165=FACE_OUTER_BOUND('',#371,.T.);
#166=FACE_OUTER_BOUND('',#372,.T.);
#167=FACE_OUTER_BOUND('',#373,.T.);
#168=FACE_OUTER_BOUND('',#374,.T.);
#169=FACE_OUTER_BOUND('',#375,.T.);
#170=FACE_OUTER_BOUND('',#376,.T.);
#171=FACE_OUTER_BOUND('',#377,.T.);
#172=FACE_OUTER_BOUND('',#378,.T.);
#173=FACE_OUTER_BOUND('',#379,.T.);
#174=FACE_OUTER_BOUND('',#380,.T.);
#175=FACE_OUTER_BOUND('',#381,.T.);
#176=FACE_OUTER_BOUND('',#382,.T.);
#177=FACE_OUTER_BOUND('',#383,.T.);
#178=FACE_OUTER_BOUND('',#384,.T.);
#179=FACE_OUTER_BOUND('',#385,.T.);
#180=FACE_OUTER_BOUND('',#386,.T.);
#181=FACE_OUTER_BOUND('',#387,.T.);
#182=FACE_OUTER_BOUND('',#388,.T.);
#183=FACE_OUTER_BOUND('',#389,.T.);
#184=FACE_OUTER_BOUND('',#390,.T.);
#185=FACE_OUTER_BOUND('',#391,.T.);
#186=FACE_OUTER_BOUND('',#392,.T.);
#187=FACE_OUTER_BOUND('',#393,.T.);
#188=FACE_OUTER_BOUND('',#394,.T.);
#189=FACE_OUTER_BOUND('',#395,.T.);
#190=FACE_OUTER_BOUND('',#396,.T.);
#191=FACE_OUTER_BOUND('',#397,.T.);
#192=FACE_OUTER_BOUND('',#398,.T.);
#193=FACE_OUTER_BOUND('',#399,.T.);
#194=FACE_OUTER_BOUND('',#400,.T.);
#195=FACE_OUTER_BOUND('',#401,.T.);
#196=FACE_OUTER_BOUND('',#402,.T.);
#197=FACE_OUTER_BOUND('',#403,.T.);
#198=FACE_OUTER_BOUND('',#404,.T.);
#199=FACE_OUTER_BOUND('',#405,.T.);
#200=FACE_OUTER_BOUND('',#406,.T.);
#201=FACE_OUTER_BOUND('',#407,.T.);
#202=FACE_OUTER_BOUND('',#408,.T.);
#203=FACE_OUTER_BOUND('',#409,.T.);
#204=FACE_OUTER_BOUND('',#410,.T.);
#205=FACE_OUTER_BOUND('',#411,.T.);
#206=FACE_OUTER_BOUND('',#412,.T.);
#207=FACE_OUTER_BOUND('',#413,.T.);
#208=FACE_OUTER_BOUND('',#414,.T.);
#209=FACE_OUTER_BOUND('',#415,.T.);
#210=FACE_OUTER_BOUND('',#417,.T.);
#211=FACE_OUTER_BOUND('',#418,.T.);
#212=FACE_OUTER_BOUND('',#419,.T.);
#213=FACE_OUTER_BOUND('',#420,.T.);
#214=FACE_OUTER_BOUND('',#421,.T.);
#215=FACE_OUTER_BOUND('',#422,.T.);
#216=FACE_OUTER_BOUND('',#424,.T.);
#217=FACE_OUTER_BOUND('',#425,.T.);
#218=FACE_OUTER_BOUND('',#426,.T.);
#219=FACE_OUTER_BOUND('',#427,.T.);
#220=FACE_OUTER_BOUND('',#429,.T.);
#221=FACE_OUTER_BOUND('',#430,.T.);
#222=FACE_OUTER_BOUND('',#431,.T.);
#223=FACE_OUTER_BOUND('',#432,.T.);
#224=FACE_OUTER_BOUND('',#433,.T.);
#225=FACE_OUTER_BOUND('',#434,.T.);
#226=FACE_OUTER_BOUND('',#435,.T.);
#227=FACE_OUTER_BOUND('',#436,.T.);
#228=FACE_OUTER_BOUND('',#437,.T.);
#229=FACE_OUTER_BOUND('',#438,.T.);
#230=FACE_OUTER_BOUND('',#439,.T.);
#231=FACE_OUTER_BOUND('',#440,.T.);
#232=FACE_OUTER_BOUND('',#441,.T.);
#233=FACE_OUTER_BOUND('',#442,.T.);
#234=FACE_OUTER_BOUND('',#443,.T.);
#235=FACE_OUTER_BOUND('',#444,.T.);
#236=FACE_OUTER_BOUND('',#445,.T.);
#237=FACE_OUTER_BOUND('',#446,.T.);
#238=FACE_OUTER_BOUND('',#447,.T.);
#239=FACE_OUTER_BOUND('',#448,.T.);
#240=FACE_OUTER_BOUND('',#449,.T.);
#241=FACE_OUTER_BOUND('',#450,.T.);
#242=FACE_OUTER_BOUND('',#451,.T.);
#243=FACE_OUTER_BOUND('',#452,.T.);
#244=FACE_OUTER_BOUND('',#453,.T.);
#245=FACE_OUTER_BOUND('',#454,.T.);
#246=FACE_OUTER_BOUND('',#455,.T.);
#247=FACE_OUTER_BOUND('',#456,.T.);
#248=FACE_OUTER_BOUND('',#457,.T.);
#249=FACE_OUTER_BOUND('',#458,.T.);
#250=FACE_OUTER_BOUND('',#459,.T.);
#251=FACE_OUTER_BOUND('',#460,.T.);
#252=FACE_OUTER_BOUND('',#462,.T.);
#253=FACE_OUTER_BOUND('',#463,.T.);
#254=FACE_OUTER_BOUND('',#465,.T.);
#255=EDGE_LOOP('',(#2569,#2570,#2571,#2572));
#256=EDGE_LOOP('',(#2573,#2574,#2575,#2576));
#257=EDGE_LOOP('',(#2577,#2578,#2579,#2580));
#258=EDGE_LOOP('',(#2581,#2582,#2583,#2584));
#259=EDGE_LOOP('',(#2585,#2586,#2587,#2588));
#260=EDGE_LOOP('',(#2589,#2590,#2591,#2592));
#261=EDGE_LOOP('',(#2593,#2594,#2595,#2596));
#262=EDGE_LOOP('',(#2597,#2598,#2599,#2600));
#263=EDGE_LOOP('',(#2601,#2602,#2603,#2604));
#264=EDGE_LOOP('',(#2605,#2606,#2607,#2608));
#265=EDGE_LOOP('',(#2609,#2610,#2611,#2612));
#266=EDGE_LOOP('',(#2613,#2614,#2615,#2616));
#267=EDGE_LOOP('',(#2617,#2618,#2619,#2620));
#268=EDGE_LOOP('',(#2621,#2622,#2623,#2624));
#269=EDGE_LOOP('',(#2625,#2626,#2627,#2628));
#270=EDGE_LOOP('',(#2629,#2630,#2631,#2632));
#271=EDGE_LOOP('',(#2633,#2634,#2635,#2636));
#272=EDGE_LOOP('',(#2637,#2638,#2639,#2640,#2641,#2642,#2643,#2644,#2645,
#2646,#2647,#2648,#2649,#2650,#2651,#2652,#2653,#2654,#2655,#2656,#2657,
#2658,#2659,#2660,#2661,#2662,#2663,#2664,#2665,#2666,#2667,#2668,#2669,
#2670,#2671,#2672));
#273=EDGE_LOOP('',(#2673,#2674,#2675,#2676));
#274=EDGE_LOOP('',(#2677,#2678,#2679,#2680));
#275=EDGE_LOOP('',(#2681,#2682,#2683,#2684));
#276=EDGE_LOOP('',(#2685,#2686,#2687,#2688));
#277=EDGE_LOOP('',(#2689,#2690,#2691,#2692));
#278=EDGE_LOOP('',(#2693,#2694,#2695,#2696));
#279=EDGE_LOOP('',(#2697,#2698,#2699,#2700));
#280=EDGE_LOOP('',(#2701,#2702,#2703,#2704));
#281=EDGE_LOOP('',(#2705,#2706,#2707,#2708));
#282=EDGE_LOOP('',(#2709,#2710,#2711,#2712));
#283=EDGE_LOOP('',(#2713,#2714,#2715,#2716));
#284=EDGE_LOOP('',(#2717,#2718,#2719,#2720));
#285=EDGE_LOOP('',(#2721,#2722,#2723,#2724));
#286=EDGE_LOOP('',(#2725,#2726,#2727,#2728));
#287=EDGE_LOOP('',(#2729,#2730,#2731,#2732));
#288=EDGE_LOOP('',(#2733,#2734,#2735,#2736));
#289=EDGE_LOOP('',(#2737,#2738,#2739,#2740));
#290=EDGE_LOOP('',(#2741,#2742,#2743,#2744));
#291=EDGE_LOOP('',(#2745,#2746,#2747,#2748));
#292=EDGE_LOOP('',(#2749,#2750,#2751,#2752));
#293=EDGE_LOOP('',(#2753,#2754,#2755,#2756));
#294=EDGE_LOOP('',(#2757,#2758,#2759,#2760));
#295=EDGE_LOOP('',(#2761,#2762,#2763,#2764,#2765,#2766,#2767,#2768,#2769,
#2770,#2771,#2772,#2773,#2774,#2775,#2776,#2777,#2778,#2779,#2780,#2781,
#2782,#2783,#2784,#2785,#2786,#2787,#2788,#2789,#2790,#2791,#2792,#2793,
#2794,#2795,#2796));
#296=EDGE_LOOP('',(#2797,#2798,#2799,#2800));
#297=EDGE_LOOP('',(#2801,#2802,#2803,#2804));
#298=EDGE_LOOP('',(#2805,#2806,#2807,#2808));
#299=EDGE_LOOP('',(#2809,#2810,#2811,#2812));
#300=EDGE_LOOP('',(#2813,#2814,#2815,#2816));
#301=EDGE_LOOP('',(#2817,#2818,#2819,#2820));
#302=EDGE_LOOP('',(#2821,#2822,#2823,#2824));
#303=EDGE_LOOP('',(#2825,#2826,#2827,#2828));
#304=EDGE_LOOP('',(#2829,#2830,#2831,#2832));
#305=EDGE_LOOP('',(#2833,#2834,#2835,#2836));
#306=EDGE_LOOP('',(#2837,#2838,#2839,#2840));
#307=EDGE_LOOP('',(#2841,#2842,#2843,#2844));
#308=EDGE_LOOP('',(#2845,#2846,#2847,#2848));
#309=EDGE_LOOP('',(#2849,#2850,#2851,#2852));
#310=EDGE_LOOP('',(#2853,#2854,#2855,#2856));
#311=EDGE_LOOP('',(#2857,#2858,#2859,#2860));
#312=EDGE_LOOP('',(#2861,#2862,#2863,#2864,#2865,#2866));
#313=EDGE_LOOP('',(#2867,#2868,#2869,#2870,#2871,#2872));
#314=EDGE_LOOP('',(#2873,#2874,#2875,#2876,#2877,#2878));
#315=EDGE_LOOP('',(#2879,#2880,#2881,#2882,#2883,#2884));
#316=EDGE_LOOP('',(#2885,#2886,#2887,#2888));
#317=EDGE_LOOP('',(#2889,#2890,#2891,#2892,#2893,#2894,#2895,#2896,#2897,
#2898,#2899,#2900,#2901,#2902,#2903,#2904,#2905,#2906,#2907,#2908,#2909,
#2910,#2911,#2912,#2913,#2914,#2915,#2916,#2917,#2918,#2919,#2920));
#318=EDGE_LOOP('',(#2921,#2922,#2923,#2924,#2925,#2926,#2927,#2928,#2929,
#2930,#2931,#2932,#2933,#2934,#2935,#2936,#2937,#2938,#2939,#2940,#2941,
#2942,#2943,#2944,#2945,#2946,#2947,#2948,#2949,#2950,#2951,#2952,#2953,
#2954,#2955,#2956));
#319=EDGE_LOOP('',(#2957,#2958,#2959,#2960,#2961,#2962,#2963,#2964,#2965,
#2966,#2967,#2968,#2969,#2970,#2971,#2972,#2973,#2974,#2975,#2976,#2977,
#2978,#2979,#2980,#2981,#2982,#2983,#2984,#2985,#2986,#2987,#2988));
#320=EDGE_LOOP('',(#2989,#2990,#2991,#2992,#2993,#2994,#2995,#2996,#2997,
#2998,#2999,#3000,#3001,#3002,#3003,#3004,#3005,#3006,#3007,#3008,#3009,
#3010,#3011,#3012,#3013,#3014,#3015,#3016,#3017,#3018,#3019,#3020,#3021,
#3022,#3023,#3024));
#321=EDGE_LOOP('',(#3025,#3026,#3027,#3028));
#322=EDGE_LOOP('',(#3029,#3030,#3031,#3032));
#323=EDGE_LOOP('',(#3033,#3034,#3035,#3036));
#324=EDGE_LOOP('',(#3037,#3038,#3039,#3040));
#325=EDGE_LOOP('',(#3041,#3042,#3043,#3044));
#326=EDGE_LOOP('',(#3045,#3046,#3047,#3048));
#327=EDGE_LOOP('',(#3049,#3050,#3051,#3052));
#328=EDGE_LOOP('',(#3053,#3054,#3055,#3056));
#329=EDGE_LOOP('',(#3057,#3058,#3059,#3060));
#330=EDGE_LOOP('',(#3061,#3062,#3063,#3064));
#331=EDGE_LOOP('',(#3065,#3066,#3067,#3068));
#332=EDGE_LOOP('',(#3069,#3070,#3071,#3072));
#333=EDGE_LOOP('',(#3073,#3074,#3075,#3076));
#334=EDGE_LOOP('',(#3077,#3078,#3079,#3080));
#335=EDGE_LOOP('',(#3081,#3082,#3083,#3084));
#336=EDGE_LOOP('',(#3085,#3086,#3087,#3088));
#337=EDGE_LOOP('',(#3089,#3090,#3091,#3092));
#338=EDGE_LOOP('',(#3093,#3094,#3095,#3096));
#339=EDGE_LOOP('',(#3097,#3098,#3099,#3100));
#340=EDGE_LOOP('',(#3101,#3102,#3103,#3104));
#341=EDGE_LOOP('',(#3105,#3106,#3107,#3108));
#342=EDGE_LOOP('',(#3109,#3110,#3111,#3112));
#343=EDGE_LOOP('',(#3113,#3114,#3115,#3116));
#344=EDGE_LOOP('',(#3117,#3118,#3119,#3120));
#345=EDGE_LOOP('',(#3121,#3122,#3123,#3124));
#346=EDGE_LOOP('',(#3125,#3126,#3127,#3128));
#347=EDGE_LOOP('',(#3129,#3130,#3131,#3132));
#348=EDGE_LOOP('',(#3133,#3134,#3135,#3136));
#349=EDGE_LOOP('',(#3137,#3138,#3139,#3140));
#350=EDGE_LOOP('',(#3141,#3142,#3143,#3144));
#351=EDGE_LOOP('',(#3145,#3146,#3147,#3148));
#352=EDGE_LOOP('',(#3149,#3150,#3151,#3152));
#353=EDGE_LOOP('',(#3153,#3154,#3155,#3156));
#354=EDGE_LOOP('',(#3157,#3158,#3159,#3160));
#355=EDGE_LOOP('',(#3161,#3162,#3163,#3164));
#356=EDGE_LOOP('',(#3165,#3166,#3167,#3168));
#357=EDGE_LOOP('',(#3169,#3170,#3171,#3172));
#358=EDGE_LOOP('',(#3173,#3174,#3175,#3176));
#359=EDGE_LOOP('',(#3177,#3178,#3179,#3180));
#360=EDGE_LOOP('',(#3181,#3182,#3183,#3184));
#361=EDGE_LOOP('',(#3185,#3186,#3187,#3188));
#362=EDGE_LOOP('',(#3189,#3190,#3191,#3192));
#363=EDGE_LOOP('',(#3193,#3194,#3195,#3196));
#364=EDGE_LOOP('',(#3197,#3198,#3199,#3200));
#365=EDGE_LOOP('',(#3201,#3202,#3203,#3204));
#366=EDGE_LOOP('',(#3205,#3206,#3207,#3208));
#367=EDGE_LOOP('',(#3209,#3210,#3211,#3212));
#368=EDGE_LOOP('',(#3213,#3214,#3215,#3216));
#369=EDGE_LOOP('',(#3217,#3218,#3219,#3220));
#370=EDGE_LOOP('',(#3221,#3222,#3223,#3224));
#371=EDGE_LOOP('',(#3225,#3226,#3227,#3228));
#372=EDGE_LOOP('',(#3229,#3230,#3231,#3232));
#373=EDGE_LOOP('',(#3233,#3234,#3235,#3236));
#374=EDGE_LOOP('',(#3237,#3238,#3239,#3240));
#375=EDGE_LOOP('',(#3241,#3242,#3243,#3244));
#376=EDGE_LOOP('',(#3245,#3246,#3247,#3248));
#377=EDGE_LOOP('',(#3249,#3250,#3251,#3252));
#378=EDGE_LOOP('',(#3253,#3254,#3255,#3256));
#379=EDGE_LOOP('',(#3257,#3258,#3259,#3260));
#380=EDGE_LOOP('',(#3261,#3262,#3263,#3264));
#381=EDGE_LOOP('',(#3265,#3266,#3267,#3268));
#382=EDGE_LOOP('',(#3269,#3270,#3271,#3272));
#383=EDGE_LOOP('',(#3273,#3274,#3275,#3276));
#384=EDGE_LOOP('',(#3277,#3278,#3279,#3280));
#385=EDGE_LOOP('',(#3281,#3282,#3283,#3284));
#386=EDGE_LOOP('',(#3285,#3286,#3287,#3288));
#387=EDGE_LOOP('',(#3289,#3290,#3291,#3292));
#388=EDGE_LOOP('',(#3293,#3294,#3295,#3296));
#389=EDGE_LOOP('',(#3297,#3298,#3299,#3300));
#390=EDGE_LOOP('',(#3301,#3302,#3303,#3304));
#391=EDGE_LOOP('',(#3305,#3306,#3307,#3308));
#392=EDGE_LOOP('',(#3309,#3310,#3311,#3312));
#393=EDGE_LOOP('',(#3313,#3314,#3315,#3316));
#394=EDGE_LOOP('',(#3317,#3318,#3319,#3320));
#395=EDGE_LOOP('',(#3321,#3322,#3323,#3324));
#396=EDGE_LOOP('',(#3325,#3326,#3327,#3328));
#397=EDGE_LOOP('',(#3329,#3330,#3331,#3332,#3333,#3334,#3335,#3336));
#398=EDGE_LOOP('',(#3337,#3338,#3339,#3340));
#399=EDGE_LOOP('',(#3341,#3342,#3343,#3344));
#400=EDGE_LOOP('',(#3345,#3346,#3347,#3348));
#401=EDGE_LOOP('',(#3349,#3350,#3351,#3352));
#402=EDGE_LOOP('',(#3353,#3354,#3355,#3356));
#403=EDGE_LOOP('',(#3357,#3358,#3359,#3360));
#404=EDGE_LOOP('',(#3361,#3362,#3363,#3364));
#405=EDGE_LOOP('',(#3365,#3366,#3367,#3368));
#406=EDGE_LOOP('',(#3369,#3370,#3371,#3372));
#407=EDGE_LOOP('',(#3373,#3374,#3375,#3376));
#408=EDGE_LOOP('',(#3377,#3378,#3379,#3380));
#409=EDGE_LOOP('',(#3381,#3382,#3383,#3384));
#410=EDGE_LOOP('',(#3385,#3386,#3387,#3388));
#411=EDGE_LOOP('',(#3389,#3390,#3391,#3392));
#412=EDGE_LOOP('',(#3393,#3394,#3395,#3396));
#413=EDGE_LOOP('',(#3397,#3398,#3399,#3400));
#414=EDGE_LOOP('',(#3401,#3402,#3403,#3404));
#415=EDGE_LOOP('',(#3405,#3406,#3407,#3408));
#416=EDGE_LOOP('',(#3409));
#417=EDGE_LOOP('',(#3410,#3411,#3412,#3413));
#418=EDGE_LOOP('',(#3414,#3415,#3416,#3417));
#419=EDGE_LOOP('',(#3418,#3419,#3420,#3421));
#420=EDGE_LOOP('',(#3422,#3423,#3424,#3425));
#421=EDGE_LOOP('',(#3426,#3427,#3428,#3429));
#422=EDGE_LOOP('',(#3430,#3431,#3432,#3433));
#423=EDGE_LOOP('',(#3434,#3435,#3436,#3437));
#424=EDGE_LOOP('',(#3438,#3439,#3440,#3441));
#425=EDGE_LOOP('',(#3442,#3443,#3444,#3445));
#426=EDGE_LOOP('',(#3446,#3447,#3448,#3449));
#427=EDGE_LOOP('',(#3450,#3451,#3452,#3453,#3454,#3455,#3456,#3457,#3458,
#3459,#3460,#3461,#3462,#3463,#3464,#3465,#3466,#3467,#3468,#3469,#3470,
#3471,#3472,#3473,#3474,#3475,#3476,#3477,#3478,#3479,#3480,#3481,#3482,
#3483,#3484,#3485));
#428=EDGE_LOOP('',(#3486,#3487,#3488,#3489,#3490,#3491,#3492,#3493,#3494,
#3495,#3496,#3497,#3498,#3499,#3500,#3501,#3502,#3503,#3504,#3505,#3506,
#3507,#3508,#3509,#3510,#3511,#3512,#3513,#3514,#3515,#3516,#3517,#3518,
#3519,#3520,#3521));
#429=EDGE_LOOP('',(#3522,#3523,#3524,#3525));
#430=EDGE_LOOP('',(#3526,#3527,#3528,#3529));
#431=EDGE_LOOP('',(#3530,#3531,#3532,#3533));
#432=EDGE_LOOP('',(#3534,#3535,#3536,#3537));
#433=EDGE_LOOP('',(#3538,#3539,#3540,#3541));
#434=EDGE_LOOP('',(#3542,#3543,#3544,#3545,#3546,#3547,#3548,#3549));
#435=EDGE_LOOP('',(#3550,#3551,#3552,#3553));
#436=EDGE_LOOP('',(#3554,#3555,#3556,#3557));
#437=EDGE_LOOP('',(#3558,#3559,#3560,#3561));
#438=EDGE_LOOP('',(#3562,#3563,#3564,#3565));
#439=EDGE_LOOP('',(#3566,#3567,#3568,#3569));
#440=EDGE_LOOP('',(#3570,#3571,#3572,#3573));
#441=EDGE_LOOP('',(#3574,#3575,#3576,#3577));
#442=EDGE_LOOP('',(#3578,#3579,#3580,#3581));
#443=EDGE_LOOP('',(#3582,#3583,#3584,#3585));
#444=EDGE_LOOP('',(#3586,#3587,#3588,#3589));
#445=EDGE_LOOP('',(#3590,#3591,#3592,#3593));
#446=EDGE_LOOP('',(#3594,#3595,#3596,#3597));
#447=EDGE_LOOP('',(#3598,#3599,#3600,#3601));
#448=EDGE_LOOP('',(#3602,#3603,#3604,#3605));
#449=EDGE_LOOP('',(#3606,#3607,#3608,#3609));
#450=EDGE_LOOP('',(#3610,#3611,#3612,#3613));
#451=EDGE_LOOP('',(#3614,#3615,#3616,#3617));
#452=EDGE_LOOP('',(#3618,#3619,#3620,#3621));
#453=EDGE_LOOP('',(#3622,#3623,#3624,#3625));
#454=EDGE_LOOP('',(#3626,#3627,#3628,#3629));
#455=EDGE_LOOP('',(#3630,#3631,#3632,#3633));
#456=EDGE_LOOP('',(#3634,#3635,#3636,#3637));
#457=EDGE_LOOP('',(#3638,#3639,#3640,#3641));
#458=EDGE_LOOP('',(#3642,#3643,#3644,#3645,#3646,#3647,#3648,#3649,#3650,
#3651,#3652,#3653,#3654,#3655,#3656,#3657,#3658,#3659,#3660,#3661,#3662,
#3663,#3664,#3665,#3666,#3667,#3668,#3669,#3670,#3671,#3672,#3673,#3674,
#3675,#3676,#3677));
#459=EDGE_LOOP('',(#3678,#3679,#3680,#3681,#3682,#3683,#3684,#3685,#3686,
#3687,#3688,#3689,#3690,#3691,#3692,#3693,#3694,#3695,#3696,#3697,#3698,
#3699,#3700,#3701,#3702,#3703,#3704,#3705,#3706,#3707,#3708,#3709,#3710,
#3711,#3712,#3713));
#460=EDGE_LOOP('',(#3714,#3715,#3716,#3717));
#461=EDGE_LOOP('',(#3718));
#462=EDGE_LOOP('',(#3719,#3720,#3721,#3722));
#463=EDGE_LOOP('',(#3723,#3724,#3725,#3726));
#464=EDGE_LOOP('',(#3727,#3728,#3729,#3730));
#465=EDGE_LOOP('',(#3731,#3732,#3733,#3734));
#466=LINE('',#5349,#1031);
#467=LINE('',#5351,#1032);
#468=LINE('',#5353,#1033);
#469=LINE('',#5354,#1034);
#470=LINE('',#5357,#1035);
#471=LINE('',#5359,#1036);
#472=LINE('',#5360,#1037);
#473=LINE('',#5363,#1038);
#474=LINE('',#5365,#1039);
#475=LINE('',#5366,#1040);
#476=LINE('',#5368,#1041);
#477=LINE('',#5370,#1042);
#478=LINE('',#5374,#1043);
#479=LINE('',#5376,#1044);
#480=LINE('',#5378,#1045);
#481=LINE('',#5379,#1046);
#482=LINE('',#5383,#1047);
#483=LINE('',#5385,#1048);
#484=LINE('',#5387,#1049);
#485=LINE('',#5388,#1050);
#486=LINE('',#5390,#1051);
#487=LINE('',#5391,#1052);
#488=LINE('',#5393,#1053);
#489=LINE('',#5395,#1054);
#490=LINE('',#5400,#1055);
#491=LINE('',#5404,#1056);
#492=LINE('',#5413,#1057);
#493=LINE('',#5415,#1058);
#494=LINE('',#5424,#1059);
#495=LINE('',#5427,#1060);
#496=LINE('',#5429,#1061);
#497=LINE('',#5431,#1062);
#498=LINE('',#5435,#1063);
#499=LINE('',#5437,#1064);
#500=LINE('',#5439,#1065);
#501=LINE('',#5441,#1066);
#502=LINE('',#5443,#1067);
#503=LINE('',#5445,#1068);
#504=LINE('',#5447,#1069);
#505=LINE('',#5449,#1070);
#506=LINE('',#5451,#1071);
#507=LINE('',#5453,#1072);
#508=LINE('',#5455,#1073);
#509=LINE('',#5457,#1074);
#510=LINE('',#5459,#1075);
#511=LINE('',#5461,#1076);
#512=LINE('',#5463,#1077);
#513=LINE('',#5465,#1078);
#514=LINE('',#5467,#1079);
#515=LINE('',#5469,#1080);
#516=LINE('',#5471,#1081);
#517=LINE('',#5473,#1082);
#518=LINE('',#5475,#1083);
#519=LINE('',#5477,#1084);
#520=LINE('',#5479,#1085);
#521=LINE('',#5481,#1086);
#522=LINE('',#5483,#1087);
#523=LINE('',#5485,#1088);
#524=LINE('',#5487,#1089);
#525=LINE('',#5489,#1090);
#526=LINE('',#5491,#1091);
#527=LINE('',#5493,#1092);
#528=LINE('',#5495,#1093);
#529=LINE('',#5497,#1094);
#530=LINE('',#5499,#1095);
#531=LINE('',#5501,#1096);
#532=LINE('',#5503,#1097);
#533=LINE('',#5504,#1098);
#534=LINE('',#5507,#1099);
#535=LINE('',#5509,#1100);
#536=LINE('',#5510,#1101);
#537=LINE('',#5513,#1102);
#538=LINE('',#5515,#1103);
#539=LINE('',#5516,#1104);
#540=LINE('',#5519,#1105);
#541=LINE('',#5521,#1106);
#542=LINE('',#5522,#1107);
#543=LINE('',#5525,#1108);
#544=LINE('',#5527,#1109);
#545=LINE('',#5528,#1110);
#546=LINE('',#5531,#1111);
#547=LINE('',#5532,#1112);
#548=LINE('',#5536,#1113);
#549=LINE('',#5537,#1114);
#550=LINE('',#5538,#1115);
#551=LINE('',#5542,#1116);
#552=LINE('',#5543,#1117);
#553=LINE('',#5544,#1118);
#554=LINE('',#5547,#1119);
#555=LINE('',#5548,#1120);
#556=LINE('',#5551,#1121);
#557=LINE('',#5552,#1122);
#558=LINE('',#5555,#1123);
#559=LINE('',#5557,#1124);
#560=LINE('',#5558,#1125);
#561=LINE('',#5560,#1126);
#562=LINE('',#5563,#1127);
#563=LINE('',#5564,#1128);
#564=LINE('',#5567,#1129);
#565=LINE('',#5568,#1130);
#566=LINE('',#5570,#1131);
#567=LINE('',#5573,#1132);
#568=LINE('',#5575,#1133);
#569=LINE('',#5576,#1134);
#570=LINE('',#5579,#1135);
#571=LINE('',#5580,#1136);
#572=LINE('',#5583,#1137);
#573=LINE('',#5585,#1138);
#574=LINE('',#5586,#1139);
#575=LINE('',#5588,#1140);
#576=LINE('',#5591,#1141);
#577=LINE('',#5592,#1142);
#578=LINE('',#5594,#1143);
#579=LINE('',#5597,#1144);
#580=LINE('',#5598,#1145);
#581=LINE('',#5601,#1146);
#582=LINE('',#5603,#1147);
#583=LINE('',#5604,#1148);
#584=LINE('',#5607,#1149);
#585=LINE('',#5608,#1150);
#586=LINE('',#5609,#1151);
#587=LINE('',#5611,#1152);
#588=LINE('',#5613,#1153);
#589=LINE('',#5615,#1154);
#590=LINE('',#5617,#1155);
#591=LINE('',#5619,#1156);
#592=LINE('',#5620,#1157);
#593=LINE('',#5621,#1158);
#594=LINE('',#5623,#1159);
#595=LINE('',#5624,#1160);
#596=LINE('',#5626,#1161);
#597=LINE('',#5627,#1162);
#598=LINE('',#5630,#1163);
#599=LINE('',#5631,#1164);
#600=LINE('',#5634,#1165);
#601=LINE('',#5635,#1166);
#602=LINE('',#5637,#1167);
#603=LINE('',#5639,#1168);
#604=LINE('',#5643,#1169);
#605=LINE('',#5645,#1170);
#606=LINE('',#5654,#1171);
#607=LINE('',#5776,#1172);
#608=LINE('',#5778,#1173);
#609=LINE('',#5896,#1174);
#610=LINE('',#5897,#1175);
#611=LINE('',#5901,#1176);
#612=LINE('',#5903,#1177);
#613=LINE('',#5905,#1178);
#614=LINE('',#5906,#1179);
#615=LINE('',#5909,#1180);
#616=LINE('',#5911,#1181);
#617=LINE('',#5913,#1182);
#618=LINE('',#5915,#1183);
#619=LINE('',#5917,#1184);
#620=LINE('',#5919,#1185);
#621=LINE('',#5921,#1186);
#622=LINE('',#5923,#1187);
#623=LINE('',#5925,#1188);
#624=LINE('',#5927,#1189);
#625=LINE('',#5929,#1190);
#626=LINE('',#5931,#1191);
#627=LINE('',#5933,#1192);
#628=LINE('',#5935,#1193);
#629=LINE('',#5937,#1194);
#630=LINE('',#5939,#1195);
#631=LINE('',#5941,#1196);
#632=LINE('',#5943,#1197);
#633=LINE('',#5945,#1198);
#634=LINE('',#5947,#1199);
#635=LINE('',#5949,#1200);
#636=LINE('',#5951,#1201);
#637=LINE('',#5953,#1202);
#638=LINE('',#5955,#1203);
#639=LINE('',#5957,#1204);
#640=LINE('',#5959,#1205);
#641=LINE('',#5961,#1206);
#642=LINE('',#5963,#1207);
#643=LINE('',#5965,#1208);
#644=LINE('',#5967,#1209);
#645=LINE('',#5968,#1210);
#646=LINE('',#5971,#1211);
#647=LINE('',#5973,#1212);
#648=LINE('',#5975,#1213);
#649=LINE('',#5977,#1214);
#650=LINE('',#5979,#1215);
#651=LINE('',#5981,#1216);
#652=LINE('',#5983,#1217);
#653=LINE('',#5985,#1218);
#654=LINE('',#5987,#1219);
#655=LINE('',#5989,#1220);
#656=LINE('',#5991,#1221);
#657=LINE('',#5993,#1222);
#658=LINE('',#5995,#1223);
#659=LINE('',#5997,#1224);
#660=LINE('',#5999,#1225);
#661=LINE('',#6001,#1226);
#662=LINE('',#6003,#1227);
#663=LINE('',#6005,#1228);
#664=LINE('',#6007,#1229);
#665=LINE('',#6009,#1230);
#666=LINE('',#6011,#1231);
#667=LINE('',#6013,#1232);
#668=LINE('',#6015,#1233);
#669=LINE('',#6017,#1234);
#670=LINE('',#6019,#1235);
#671=LINE('',#6021,#1236);
#672=LINE('',#6023,#1237);
#673=LINE('',#6025,#1238);
#674=LINE('',#6027,#1239);
#675=LINE('',#6029,#1240);
#676=LINE('',#6031,#1241);
#677=LINE('',#6033,#1242);
#678=LINE('',#6035,#1243);
#679=LINE('',#6037,#1244);
#680=LINE('',#6039,#1245);
#681=LINE('',#6040,#1246);
#682=LINE('',#6043,#1247);
#683=LINE('',#6045,#1248);
#684=LINE('',#6047,#1249);
#685=LINE('',#6049,#1250);
#686=LINE('',#6051,#1251);
#687=LINE('',#6053,#1252);
#688=LINE('',#6055,#1253);
#689=LINE('',#6057,#1254);
#690=LINE('',#6059,#1255);
#691=LINE('',#6061,#1256);
#692=LINE('',#6063,#1257);
#693=LINE('',#6065,#1258);
#694=LINE('',#6067,#1259);
#695=LINE('',#6069,#1260);
#696=LINE('',#6071,#1261);
#697=LINE('',#6073,#1262);
#698=LINE('',#6075,#1263);
#699=LINE('',#6077,#1264);
#700=LINE('',#6079,#1265);
#701=LINE('',#6081,#1266);
#702=LINE('',#6083,#1267);
#703=LINE('',#6085,#1268);
#704=LINE('',#6087,#1269);
#705=LINE('',#6089,#1270);
#706=LINE('',#6091,#1271);
#707=LINE('',#6093,#1272);
#708=LINE('',#6095,#1273);
#709=LINE('',#6097,#1274);
#710=LINE('',#6099,#1275);
#711=LINE('',#6101,#1276);
#712=LINE('',#6102,#1277);
#713=LINE('',#6105,#1278);
#714=LINE('',#6107,#1279);
#715=LINE('',#6109,#1280);
#716=LINE('',#6111,#1281);
#717=LINE('',#6113,#1282);
#718=LINE('',#6115,#1283);
#719=LINE('',#6117,#1284);
#720=LINE('',#6119,#1285);
#721=LINE('',#6121,#1286);
#722=LINE('',#6123,#1287);
#723=LINE('',#6125,#1288);
#724=LINE('',#6127,#1289);
#725=LINE('',#6129,#1290);
#726=LINE('',#6131,#1291);
#727=LINE('',#6133,#1292);
#728=LINE('',#6135,#1293);
#729=LINE('',#6137,#1294);
#730=LINE('',#6139,#1295);
#731=LINE('',#6141,#1296);
#732=LINE('',#6143,#1297);
#733=LINE('',#6145,#1298);
#734=LINE('',#6147,#1299);
#735=LINE('',#6149,#1300);
#736=LINE('',#6151,#1301);
#737=LINE('',#6153,#1302);
#738=LINE('',#6155,#1303);
#739=LINE('',#6157,#1304);
#740=LINE('',#6159,#1305);
#741=LINE('',#6161,#1306);
#742=LINE('',#6163,#1307);
#743=LINE('',#6165,#1308);
#744=LINE('',#6167,#1309);
#745=LINE('',#6169,#1310);
#746=LINE('',#6171,#1311);
#747=LINE('',#6173,#1312);
#748=LINE('',#6174,#1313);
#749=LINE('',#6176,#1314);
#750=LINE('',#6177,#1315);
#751=LINE('',#6179,#1316);
#752=LINE('',#6180,#1317);
#753=LINE('',#6183,#1318);
#754=LINE('',#6185,#1319);
#755=LINE('',#6187,#1320);
#756=LINE('',#6188,#1321);
#757=LINE('',#6190,#1322);
#758=LINE('',#6192,#1323);
#759=LINE('',#6194,#1324);
#760=LINE('',#6196,#1325);
#761=LINE('',#6198,#1326);
#762=LINE('',#6200,#1327);
#763=LINE('',#6202,#1328);
#764=LINE('',#6204,#1329);
#765=LINE('',#6205,#1330);
#766=LINE('',#6208,#1331);
#767=LINE('',#6210,#1332);
#768=LINE('',#6212,#1333);
#769=LINE('',#6214,#1334);
#770=LINE('',#6216,#1335);
#771=LINE('',#6221,#1336);
#772=LINE('',#6223,#1337);
#773=LINE('',#6224,#1338);
#774=LINE('',#6227,#1339);
#775=LINE('',#6229,#1340);
#776=LINE('',#6230,#1341);
#777=LINE('',#6233,#1342);
#778=LINE('',#6234,#1343);
#779=LINE('',#6237,#1344);
#780=LINE('',#6238,#1345);
#781=LINE('',#6241,#1346);
#782=LINE('',#6242,#1347);
#783=LINE('',#6245,#1348);
#784=LINE('',#6246,#1349);
#785=LINE('',#6249,#1350);
#786=LINE('',#6250,#1351);
#787=LINE('',#6253,#1352);
#788=LINE('',#6254,#1353);
#789=LINE('',#6257,#1354);
#790=LINE('',#6258,#1355);
#791=LINE('',#6261,#1356);
#792=LINE('',#6262,#1357);
#793=LINE('',#6265,#1358);
#794=LINE('',#6266,#1359);
#795=LINE('',#6269,#1360);
#796=LINE('',#6270,#1361);
#797=LINE('',#6273,#1362);
#798=LINE('',#6274,#1363);
#799=LINE('',#6277,#1364);
#800=LINE('',#6278,#1365);
#801=LINE('',#6281,#1366);
#802=LINE('',#6282,#1367);
#803=LINE('',#6285,#1368);
#804=LINE('',#6286,#1369);
#805=LINE('',#6289,#1370);
#806=LINE('',#6290,#1371);
#807=LINE('',#6293,#1372);
#808=LINE('',#6294,#1373);
#809=LINE('',#6297,#1374);
#810=LINE('',#6298,#1375);
#811=LINE('',#6301,#1376);
#812=LINE('',#6302,#1377);
#813=LINE('',#6305,#1378);
#814=LINE('',#6306,#1379);
#815=LINE('',#6309,#1380);
#816=LINE('',#6310,#1381);
#817=LINE('',#6313,#1382);
#818=LINE('',#6314,#1383);
#819=LINE('',#6317,#1384);
#820=LINE('',#6318,#1385);
#821=LINE('',#6321,#1386);
#822=LINE('',#6322,#1387);
#823=LINE('',#6325,#1388);
#824=LINE('',#6326,#1389);
#825=LINE('',#6329,#1390);
#826=LINE('',#6330,#1391);
#827=LINE('',#6333,#1392);
#828=LINE('',#6334,#1393);
#829=LINE('',#6337,#1394);
#830=LINE('',#6338,#1395);
#831=LINE('',#6341,#1396);
#832=LINE('',#6342,#1397);
#833=LINE('',#6345,#1398);
#834=LINE('',#6346,#1399);
#835=LINE('',#6349,#1400);
#836=LINE('',#6350,#1401);
#837=LINE('',#6353,#1402);
#838=LINE('',#6354,#1403);
#839=LINE('',#6357,#1404);
#840=LINE('',#6358,#1405);
#841=LINE('',#6361,#1406);
#842=LINE('',#6362,#1407);
#843=LINE('',#6365,#1408);
#844=LINE('',#6366,#1409);
#845=LINE('',#6369,#1410);
#846=LINE('',#6370,#1411);
#847=LINE('',#6373,#1412);
#848=LINE('',#6374,#1413);
#849=LINE('',#6377,#1414);
#850=LINE('',#6378,#1415);
#851=LINE('',#6381,#1416);
#852=LINE('',#6382,#1417);
#853=LINE('',#6385,#1418);
#854=LINE('',#6386,#1419);
#855=LINE('',#6389,#1420);
#856=LINE('',#6390,#1421);
#857=LINE('',#6393,#1422);
#858=LINE('',#6394,#1423);
#859=LINE('',#6397,#1424);
#860=LINE('',#6398,#1425);
#861=LINE('',#6401,#1426);
#862=LINE('',#6402,#1427);
#863=LINE('',#6405,#1428);
#864=LINE('',#6406,#1429);
#865=LINE('',#6409,#1430);
#866=LINE('',#6410,#1431);
#867=LINE('',#6413,#1432);
#868=LINE('',#6414,#1433);
#869=LINE('',#6417,#1434);
#870=LINE('',#6418,#1435);
#871=LINE('',#6421,#1436);
#872=LINE('',#6422,#1437);
#873=LINE('',#6425,#1438);
#874=LINE('',#6426,#1439);
#875=LINE('',#6429,#1440);
#876=LINE('',#6430,#1441);
#877=LINE('',#6433,#1442);
#878=LINE('',#6434,#1443);
#879=LINE('',#6436,#1444);
#880=LINE('',#6439,#1445);
#881=LINE('',#6441,#1446);
#882=LINE('',#6443,#1447);
#883=LINE('',#6445,#1448);
#884=LINE('',#6446,#1449);
#885=LINE('',#6449,#1450);
#886=LINE('',#6450,#1451);
#887=LINE('',#6453,#1452);
#888=LINE('',#6454,#1453);
#889=LINE('',#6457,#1454);
#890=LINE('',#6458,#1455);
#891=LINE('',#6461,#1456);
#892=LINE('',#6462,#1457);
#893=LINE('',#6465,#1458);
#894=LINE('',#6466,#1459);
#895=LINE('',#6469,#1460);
#896=LINE('',#6470,#1461);
#897=LINE('',#6473,#1462);
#898=LINE('',#6475,#1463);
#899=LINE('',#6476,#1464);
#900=LINE('',#6479,#1465);
#901=LINE('',#6480,#1466);
#902=LINE('',#6482,#1467);
#903=LINE('',#6485,#1468);
#904=LINE('',#6486,#1469);
#905=LINE('',#6489,#1470);
#906=LINE('',#6490,#1471);
#907=LINE('',#6493,#1472);
#908=LINE('',#6494,#1473);
#909=LINE('',#6497,#1474);
#910=LINE('',#6498,#1475);
#911=LINE('',#6501,#1476);
#912=LINE('',#6502,#1477);
#913=LINE('',#6505,#1478);
#914=LINE('',#6506,#1479);
#915=LINE('',#6509,#1480);
#916=LINE('',#6510,#1481);
#917=LINE('',#6513,#1482);
#918=LINE('',#6514,#1483);
#919=LINE('',#6517,#1484);
#920=LINE('',#6518,#1485);
#921=LINE('',#6521,#1486);
#922=LINE('',#6522,#1487);
#923=LINE('',#6525,#1488);
#924=LINE('',#6526,#1489);
#925=LINE('',#6529,#1490);
#926=LINE('',#6530,#1491);
#927=LINE('',#6533,#1492);
#928=LINE('',#6534,#1493);
#929=LINE('',#6537,#1494);
#930=LINE('',#6538,#1495);
#931=LINE('',#6541,#1496);
#932=LINE('',#6542,#1497);
#933=LINE('',#6545,#1498);
#934=LINE('',#6546,#1499);
#935=LINE('',#6549,#1500);
#936=LINE('',#6550,#1501);
#937=LINE('',#6552,#1502);
#938=LINE('',#6556,#1503);
#939=LINE('',#6558,#1504);
#940=LINE('',#6560,#1505);
#941=LINE('',#6562,#1506);
#942=LINE('',#6564,#1507);
#943=LINE('',#6566,#1508);
#944=LINE('',#6567,#1509);
#945=LINE('',#6569,#1510);
#946=LINE('',#6571,#1511);
#947=LINE('',#6573,#1512);
#948=LINE('',#6575,#1513);
#949=LINE('',#6577,#1514);
#950=LINE('',#6579,#1515);
#951=LINE('',#6581,#1516);
#952=LINE('',#6583,#1517);
#953=LINE('',#6585,#1518);
#954=LINE('',#6587,#1519);
#955=LINE('',#6589,#1520);
#956=LINE('',#6591,#1521);
#957=LINE('',#6593,#1522);
#958=LINE('',#6595,#1523);
#959=LINE('',#6597,#1524);
#960=LINE('',#6599,#1525);
#961=LINE('',#6601,#1526);
#962=LINE('',#6603,#1527);
#963=LINE('',#6605,#1528);
#964=LINE('',#6607,#1529);
#965=LINE('',#6608,#1530);
#966=LINE('',#6611,#1531);
#967=LINE('',#6612,#1532);
#968=LINE('',#6615,#1533);
#969=LINE('',#6617,#1534);
#970=LINE('',#6618,#1535);
#971=LINE('',#6621,#1536);
#972=LINE('',#6622,#1537);
#973=LINE('',#6625,#1538);
#974=LINE('',#6627,#1539);
#975=LINE('',#6628,#1540);
#976=LINE('',#6631,#1541);
#977=LINE('',#6632,#1542);
#978=LINE('',#6634,#1543);
#979=LINE('',#6637,#1544);
#980=LINE('',#6638,#1545);
#981=LINE('',#6642,#1546);
#982=LINE('',#6643,#1547);
#983=LINE('',#6644,#1548);
#984=LINE('',#6646,#1549);
#985=LINE('',#6649,#1550);
#986=LINE('',#6651,#1551);
#987=LINE('',#6652,#1552);
#988=LINE('',#6654,#1553);
#989=LINE('',#6657,#1554);
#990=LINE('',#6658,#1555);
#991=LINE('',#6662,#1556);
#992=LINE('',#6663,#1557);
#993=LINE('',#6664,#1558);
#994=LINE('',#6668,#1559);
#995=LINE('',#6669,#1560);
#996=LINE('',#6670,#1561);
#997=LINE('',#6673,#1562);
#998=LINE('',#6675,#1563);
#999=LINE('',#6676,#1564);
#1000=LINE('',#6679,#1565);
#1001=LINE('',#6681,#1566);
#1002=LINE('',#6682,#1567);
#1003=LINE('',#6685,#1568);
#1004=LINE('',#6687,#1569);
#1005=LINE('',#6688,#1570);
#1006=LINE('',#6691,#1571);
#1007=LINE('',#6693,#1572);
#1008=LINE('',#6694,#1573);
#1009=LINE('',#6697,#1574);
#1010=LINE('',#6698,#1575);
#1011=LINE('',#6701,#1576);
#1012=LINE('',#6702,#1577);
#1013=LINE('',#6705,#1578);
#1014=LINE('',#6706,#1579);
#1015=LINE('',#6709,#1580);
#1016=LINE('',#6710,#1581);
#1017=LINE('',#6712,#1582);
#1018=LINE('',#6715,#1583);
#1019=LINE('',#6716,#1584);
#1020=LINE('',#6719,#1585);
#1021=LINE('',#6720,#1586);
#1022=LINE('',#6722,#1587);
#1023=LINE('',#6724,#1588);
#1024=LINE('',#6726,#1589);
#1025=LINE('',#6729,#1590);
#1026=LINE('',#6730,#1591);
#1027=LINE('',#6733,#1592);
#1028=LINE('',#6734,#1593);
#1029=LINE('',#6735,#1594);
#1030=LINE('',#6736,#1595);
#1031=VECTOR('',#4362,1.);
#1032=VECTOR('',#4363,1.00283333333333);
#1033=VECTOR('',#4364,1.00026984126984);
#1034=VECTOR('',#4365,1.00283333333333);
#1035=VECTOR('',#4368,1.);
#1036=VECTOR('',#4369,1.00025373134328);
#1037=VECTOR('',#4370,1.00283333333333);
#1038=VECTOR('',#4373,1.);
#1039=VECTOR('',#4374,1.00026984126984);
#1040=VECTOR('',#4375,1.00283333333333);
#1041=VECTOR('',#4378,1.00025373134328);
#1042=VECTOR('',#4381,1.);
#1043=VECTOR('',#4384,1.);
#1044=VECTOR('',#4385,1.);
#1045=VECTOR('',#4386,1.);
#1046=VECTOR('',#4387,1.);
#1047=VECTOR('',#4390,1.);
#1048=VECTOR('',#4391,1.);
#1049=VECTOR('',#4392,1.);
#1050=VECTOR('',#4393,1.);
#1051=VECTOR('',#4396,1.);
#1052=VECTOR('',#4397,1.);
#1053=VECTOR('',#4400,1.);
#1054=VECTOR('',#4403,1.);
#1055=VECTOR('',#4408,1.);
#1056=VECTOR('',#4411,30.017);
#1057=VECTOR('',#4414,1.);
#1058=VECTOR('',#4415,1.50085);
#1059=VECTOR('',#4418,1.);
#1060=VECTOR('',#4421,1.50085);
#1061=VECTOR('',#4424,30.017);
#1062=VECTOR('',#4427,1.);
#1063=VECTOR('',#4430,1.);
#1064=VECTOR('',#4431,1.);
#1065=VECTOR('',#4432,1.);
#1066=VECTOR('',#4433,1.);
#1067=VECTOR('',#4434,1.);
#1068=VECTOR('',#4435,1.);
#1069=VECTOR('',#4436,1.);
#1070=VECTOR('',#4437,1.);
#1071=VECTOR('',#4438,1.);
#1072=VECTOR('',#4439,1.);
#1073=VECTOR('',#4440,1.);
#1074=VECTOR('',#4441,1.);
#1075=VECTOR('',#4442,1.);
#1076=VECTOR('',#4443,1.);
#1077=VECTOR('',#4444,1.);
#1078=VECTOR('',#4445,1.);
#1079=VECTOR('',#4446,1.);
#1080=VECTOR('',#4447,1.);
#1081=VECTOR('',#4448,1.);
#1082=VECTOR('',#4449,1.);
#1083=VECTOR('',#4450,1.);
#1084=VECTOR('',#4451,1.);
#1085=VECTOR('',#4452,1.);
#1086=VECTOR('',#4453,1.);
#1087=VECTOR('',#4454,1.);
#1088=VECTOR('',#4455,1.);
#1089=VECTOR('',#4456,1.);
#1090=VECTOR('',#4457,1.);
#1091=VECTOR('',#4458,1.);
#1092=VECTOR('',#4459,1.);
#1093=VECTOR('',#4460,1.);
#1094=VECTOR('',#4461,1.);
#1095=VECTOR('',#4462,1.);
#1096=VECTOR('',#4463,1.);
#1097=VECTOR('',#4464,1.);
#1098=VECTOR('',#4465,1.);
#1099=VECTOR('',#4468,1.);
#1100=VECTOR('',#4469,1.);
#1101=VECTOR('',#4470,1.);
#1102=VECTOR('',#4473,1.);
#1103=VECTOR('',#4474,1.);
#1104=VECTOR('',#4475,1.);
#1105=VECTOR('',#4478,1.);
#1106=VECTOR('',#4479,1.);
#1107=VECTOR('',#4480,1.);
#1108=VECTOR('',#4483,1.);
#1109=VECTOR('',#4484,1.);
#1110=VECTOR('',#4485,1.);
#1111=VECTOR('',#4488,1.);
#1112=VECTOR('',#4489,1.);
#1113=VECTOR('',#4492,1.);
#1114=VECTOR('',#4493,1.);
#1115=VECTOR('',#4494,1.);
#1116=VECTOR('',#4497,1.);
#1117=VECTOR('',#4498,1.);
#1118=VECTOR('',#4499,1.);
#1119=VECTOR('',#4502,1.);
#1120=VECTOR('',#4503,1.);
#1121=VECTOR('',#4506,1.);
#1122=VECTOR('',#4507,1.);
#1123=VECTOR('',#4510,1.);
#1124=VECTOR('',#4511,1.);
#1125=VECTOR('',#4512,1.);
#1126=VECTOR('',#4515,1.);
#1127=VECTOR('',#4518,1.);
#1128=VECTOR('',#4519,1.);
#1129=VECTOR('',#4522,1.);
#1130=VECTOR('',#4523,1.);
#1131=VECTOR('',#4526,1.);
#1132=VECTOR('',#4529,1.);
#1133=VECTOR('',#4530,1.);
#1134=VECTOR('',#4531,1.);
#1135=VECTOR('',#4534,1.);
#1136=VECTOR('',#4535,1.);
#1137=VECTOR('',#4538,1.);
#1138=VECTOR('',#4539,1.);
#1139=VECTOR('',#4540,1.);
#1140=VECTOR('',#4543,1.);
#1141=VECTOR('',#4546,1.);
#1142=VECTOR('',#4547,1.);
#1143=VECTOR('',#4550,1.);
#1144=VECTOR('',#4553,1.);
#1145=VECTOR('',#4554,1.);
#1146=VECTOR('',#4557,1.);
#1147=VECTOR('',#4558,1.);
#1148=VECTOR('',#4559,1.);
#1149=VECTOR('',#4562,1.);
#1150=VECTOR('',#4563,1.);
#1151=VECTOR('',#4564,1.);
#1152=VECTOR('',#4565,1.);
#1153=VECTOR('',#4566,1.);
#1154=VECTOR('',#4567,1.);
#1155=VECTOR('',#4568,1.);
#1156=VECTOR('',#4569,1.);
#1157=VECTOR('',#4570,1.);
#1158=VECTOR('',#4571,1.);
#1159=VECTOR('',#4572,1.);
#1160=VECTOR('',#4573,1.);
#1161=VECTOR('',#4574,1.);
#1162=VECTOR('',#4575,1.);
#1163=VECTOR('',#4580,1.);
#1164=VECTOR('',#4581,1.);
#1165=VECTOR('',#4586,1.);
#1166=VECTOR('',#4587,1.);
#1167=VECTOR('',#4590,1.);
#1168=VECTOR('',#4593,1.);
#1169=VECTOR('',#4600,1.);
#1170=VECTOR('',#4603,1.);
#1171=VECTOR('',#4616,4.0085);
#1172=VECTOR('',#4627,1.);
#1173=VECTOR('',#4628,1.);
#1174=VECTOR('',#4637,1.);
#1175=VECTOR('',#4638,1.);
#1176=VECTOR('',#4641,1.);
#1177=VECTOR('',#4642,1.00009762877438);
#1178=VECTOR('',#4643,1.00485714285714);
#1179=VECTOR('',#4644,1.00009762877438);
#1180=VECTOR('',#4647,1.);
#1181=VECTOR('',#4648,1.00009377897417);
#1182=VECTOR('',#4649,1.00009340659341);
#1183=VECTOR('',#4650,1.00009377897115);
#1184=VECTOR('',#4651,1.00009762881202);
#1185=VECTOR('',#4652,1.00010775368475);
#1186=VECTOR('',#4653,1.00012492066146);
#1187=VECTOR('',#4654,1.00014557080712);
#1188=VECTOR('',#4655,1.00016273744731);
#1189=VECTOR('',#4656,1.00017286128263);
#1190=VECTOR('',#4657,1.00017671104276);
#1191=VECTOR('',#4658,1.00017708333333);
#1192=VECTOR('',#4659,1.00017671104376);
#1193=VECTOR('',#4660,1.00017286127008);
#1194=VECTOR('',#4661,1.00016273748579);
#1195=VECTOR('',#4662,1.00014557072943);
#1196=VECTOR('',#4663,1.00012492076856);
#1197=VECTOR('',#4664,1.00010775359411);
#1198=VECTOR('',#4665,1.00009762886262);
#1199=VECTOR('',#4666,1.00009377895716);
#1200=VECTOR('',#4667,1.00009340659341);
#1201=VECTOR('',#4668,1.00009377896018);
#1202=VECTOR('',#4669,1.00009762882498);
#1203=VECTOR('',#4670,1.);
#1204=VECTOR('',#4671,1.);
#1205=VECTOR('',#4672,1.);
#1206=VECTOR('',#4673,1.);
#1207=VECTOR('',#4674,1.);
#1208=VECTOR('',#4675,1.);
#1209=VECTOR('',#4676,1.);
#1210=VECTOR('',#4677,1.);
#1211=VECTOR('',#4678,1.);
#1212=VECTOR('',#4679,1.);
#1213=VECTOR('',#4680,1.);
#1214=VECTOR('',#4681,1.);
#1215=VECTOR('',#4682,1.);
#1216=VECTOR('',#4683,1.);
#1217=VECTOR('',#4684,1.);
#1218=VECTOR('',#4685,1.);
#1219=VECTOR('',#4686,1.);
#1220=VECTOR('',#4687,1.);
#1221=VECTOR('',#4688,1.);
#1222=VECTOR('',#4689,1.);
#1223=VECTOR('',#4690,1.);
#1224=VECTOR('',#4691,1.);
#1225=VECTOR('',#4692,1.);
#1226=VECTOR('',#4693,1.);
#1227=VECTOR('',#4694,1.);
#1228=VECTOR('',#4695,1.);
#1229=VECTOR('',#4696,1.);
#1230=VECTOR('',#4697,1.);
#1231=VECTOR('',#4698,1.);
#1232=VECTOR('',#4699,1.);
#1233=VECTOR('',#4700,1.);
#1234=VECTOR('',#4701,1.);
#1235=VECTOR('',#4702,1.);
#1236=VECTOR('',#4703,1.);
#1237=VECTOR('',#4704,1.);
#1238=VECTOR('',#4705,1.);
#1239=VECTOR('',#4706,1.);
#1240=VECTOR('',#4707,1.);
#1241=VECTOR('',#4708,1.);
#1242=VECTOR('',#4709,1.);
#1243=VECTOR('',#4710,1.);
#1244=VECTOR('',#4711,1.);
#1245=VECTOR('',#4712,1.);
#1246=VECTOR('',#4713,1.);
#1247=VECTOR('',#4716,1.);
#1248=VECTOR('',#4717,1.);
#1249=VECTOR('',#4718,1.);
#1250=VECTOR('',#4719,1.);
#1251=VECTOR('',#4720,1.);
#1252=VECTOR('',#4721,1.);
#1253=VECTOR('',#4722,1.);
#1254=VECTOR('',#4723,1.);
#1255=VECTOR('',#4724,1.);
#1256=VECTOR('',#4725,1.00009762882498);
#1257=VECTOR('',#4726,1.00009377896018);
#1258=VECTOR('',#4727,1.00009340659341);
#1259=VECTOR('',#4728,1.00009377895716);
#1260=VECTOR('',#4729,1.00009762886262);
#1261=VECTOR('',#4730,1.00010775359411);
#1262=VECTOR('',#4731,1.00012492076856);
#1263=VECTOR('',#4732,1.00014557072943);
#1264=VECTOR('',#4733,1.00016273748579);
#1265=VECTOR('',#4734,1.00017286127008);
#1266=VECTOR('',#4735,1.00017671104376);
#1267=VECTOR('',#4736,1.00017708333333);
#1268=VECTOR('',#4737,1.00017671104276);
#1269=VECTOR('',#4738,1.00017286128263);
#1270=VECTOR('',#4739,1.00016273744731);
#1271=VECTOR('',#4740,1.00014557080712);
#1272=VECTOR('',#4741,1.00012492066146);
#1273=VECTOR('',#4742,1.00010775368475);
#1274=VECTOR('',#4743,1.00009762881202);
#1275=VECTOR('',#4744,1.00009377897115);
#1276=VECTOR('',#4745,1.00009340659341);
#1277=VECTOR('',#4746,1.00009377897417);
#1278=VECTOR('',#4747,1.);
#1279=VECTOR('',#4748,1.);
#1280=VECTOR('',#4749,1.);
#1281=VECTOR('',#4750,1.);
#1282=VECTOR('',#4751,1.);
#1283=VECTOR('',#4752,1.);
#1284=VECTOR('',#4753,1.);
#1285=VECTOR('',#4754,1.);
#1286=VECTOR('',#4755,1.);
#1287=VECTOR('',#4756,1.);
#1288=VECTOR('',#4757,1.);
#1289=VECTOR('',#4758,1.);
#1290=VECTOR('',#4759,1.);
#1291=VECTOR('',#4760,1.);
#1292=VECTOR('',#4761,1.);
#1293=VECTOR('',#4762,1.);
#1294=VECTOR('',#4763,1.);
#1295=VECTOR('',#4764,1.);
#1296=VECTOR('',#4765,1.);
#1297=VECTOR('',#4766,1.);
#1298=VECTOR('',#4767,1.);
#1299=VECTOR('',#4768,1.);
#1300=VECTOR('',#4769,1.);
#1301=VECTOR('',#4770,1.);
#1302=VECTOR('',#4771,1.);
#1303=VECTOR('',#4772,1.);
#1304=VECTOR('',#4773,1.);
#1305=VECTOR('',#4774,1.);
#1306=VECTOR('',#4775,1.);
#1307=VECTOR('',#4776,1.);
#1308=VECTOR('',#4777,1.);
#1309=VECTOR('',#4778,1.);
#1310=VECTOR('',#4779,1.);
#1311=VECTOR('',#4780,1.);
#1312=VECTOR('',#4781,1.);
#1313=VECTOR('',#4782,1.);
#1314=VECTOR('',#4785,1.00485714285714);
#1315=VECTOR('',#4786,1.00485714285714);
#1316=VECTOR('',#4789,1.);
#1317=VECTOR('',#4790,1.00485714285714);
#1318=VECTOR('',#4795,1.00485714285714);
#1319=VECTOR('',#4798,1.00485714285714);
#1320=VECTOR('',#4801,1.00485714285714);
#1321=VECTOR('',#4802,1.00485714285714);
#1322=VECTOR('',#4805,1.00485714285714);
#1323=VECTOR('',#4808,1.00485714285714);
#1324=VECTOR('',#4811,1.00485714285714);
#1325=VECTOR('',#4814,1.00485714285714);
#1326=VECTOR('',#4817,1.00485714285714);
#1327=VECTOR('',#4820,1.00485714285714);
#1328=VECTOR('',#4823,1.00485714285714);
#1329=VECTOR('',#4826,1.00485714285714);
#1330=VECTOR('',#4827,1.00485714285714);
#1331=VECTOR('',#4832,1.00485714285714);
#1332=VECTOR('',#4835,1.00485714285714);
#1333=VECTOR('',#4838,1.00485714285714);
#1334=VECTOR('',#4841,1.00485714285714);
#1335=VECTOR('',#4844,1.00485714285714);
#1336=VECTOR('',#4851,1.);
#1337=VECTOR('',#4852,1.);
#1338=VECTOR('',#4853,1.);
#1339=VECTOR('',#4856,1.);
#1340=VECTOR('',#4857,1.);
#1341=VECTOR('',#4858,1.);
#1342=VECTOR('',#4861,1.);
#1343=VECTOR('',#4862,1.);
#1344=VECTOR('',#4865,1.);
#1345=VECTOR('',#4866,1.);
#1346=VECTOR('',#4869,1.);
#1347=VECTOR('',#4870,1.);
#1348=VECTOR('',#4873,1.);
#1349=VECTOR('',#4874,1.);
#1350=VECTOR('',#4877,1.);
#1351=VECTOR('',#4878,1.);
#1352=VECTOR('',#4881,1.);
#1353=VECTOR('',#4882,1.);
#1354=VECTOR('',#4885,1.);
#1355=VECTOR('',#4886,1.);
#1356=VECTOR('',#4889,1.);
#1357=VECTOR('',#4890,1.);
#1358=VECTOR('',#4893,1.);
#1359=VECTOR('',#4894,1.);
#1360=VECTOR('',#4897,1.);
#1361=VECTOR('',#4898,1.);
#1362=VECTOR('',#4901,1.);
#1363=VECTOR('',#4902,1.);
#1364=VECTOR('',#4905,1.);
#1365=VECTOR('',#4906,1.);
#1366=VECTOR('',#4909,1.);
#1367=VECTOR('',#4910,1.);
#1368=VECTOR('',#4913,1.);
#1369=VECTOR('',#4914,1.);
#1370=VECTOR('',#4917,1.);
#1371=VECTOR('',#4918,1.);
#1372=VECTOR('',#4921,1.);
#1373=VECTOR('',#4922,1.);
#1374=VECTOR('',#4925,1.);
#1375=VECTOR('',#4926,1.);
#1376=VECTOR('',#4929,1.);
#1377=VECTOR('',#4930,1.);
#1378=VECTOR('',#4933,1.);
#1379=VECTOR('',#4934,1.);
#1380=VECTOR('',#4937,1.);
#1381=VECTOR('',#4938,1.);
#1382=VECTOR('',#4941,1.);
#1383=VECTOR('',#4942,1.);
#1384=VECTOR('',#4945,1.);
#1385=VECTOR('',#4946,1.);
#1386=VECTOR('',#4949,1.);
#1387=VECTOR('',#4950,1.);
#1388=VECTOR('',#4953,1.);
#1389=VECTOR('',#4954,1.);
#1390=VECTOR('',#4957,1.);
#1391=VECTOR('',#4958,1.);
#1392=VECTOR('',#4961,1.);
#1393=VECTOR('',#4962,1.);
#1394=VECTOR('',#4965,1.);
#1395=VECTOR('',#4966,1.);
#1396=VECTOR('',#4969,1.);
#1397=VECTOR('',#4970,1.);
#1398=VECTOR('',#4973,1.);
#1399=VECTOR('',#4974,1.);
#1400=VECTOR('',#4977,1.);
#1401=VECTOR('',#4978,1.);
#1402=VECTOR('',#4981,1.);
#1403=VECTOR('',#4982,1.);
#1404=VECTOR('',#4985,1.);
#1405=VECTOR('',#4986,1.);
#1406=VECTOR('',#4989,1.);
#1407=VECTOR('',#4990,1.);
#1408=VECTOR('',#4993,1.);
#1409=VECTOR('',#4994,1.);
#1410=VECTOR('',#4997,1.);
#1411=VECTOR('',#4998,1.);
#1412=VECTOR('',#5001,1.);
#1413=VECTOR('',#5002,1.);
#1414=VECTOR('',#5005,1.);
#1415=VECTOR('',#5006,1.);
#1416=VECTOR('',#5009,1.);
#1417=VECTOR('',#5010,1.);
#1418=VECTOR('',#5013,1.);
#1419=VECTOR('',#5014,1.);
#1420=VECTOR('',#5017,1.);
#1421=VECTOR('',#5018,1.);
#1422=VECTOR('',#5021,1.);
#1423=VECTOR('',#5022,1.);
#1424=VECTOR('',#5025,1.);
#1425=VECTOR('',#5026,1.);
#1426=VECTOR('',#5029,1.);
#1427=VECTOR('',#5030,1.);
#1428=VECTOR('',#5033,1.);
#1429=VECTOR('',#5034,1.);
#1430=VECTOR('',#5037,1.);
#1431=VECTOR('',#5038,1.);
#1432=VECTOR('',#5041,1.);
#1433=VECTOR('',#5042,1.);
#1434=VECTOR('',#5045,1.);
#1435=VECTOR('',#5046,1.);
#1436=VECTOR('',#5049,1.);
#1437=VECTOR('',#5050,1.);
#1438=VECTOR('',#5053,1.);
#1439=VECTOR('',#5054,1.);
#1440=VECTOR('',#5057,1.);
#1441=VECTOR('',#5058,1.);
#1442=VECTOR('',#5061,1.);
#1443=VECTOR('',#5062,1.);
#1444=VECTOR('',#5065,1.);
#1445=VECTOR('',#5068,1.);
#1446=VECTOR('',#5069,1.);
#1447=VECTOR('',#5070,1.);
#1448=VECTOR('',#5071,1.);
#1449=VECTOR('',#5072,1.);
#1450=VECTOR('',#5075,1.);
#1451=VECTOR('',#5076,1.);
#1452=VECTOR('',#5079,1.);
#1453=VECTOR('',#5080,1.);
#1454=VECTOR('',#5083,1.);
#1455=VECTOR('',#5084,1.);
#1456=VECTOR('',#5087,1.);
#1457=VECTOR('',#5088,1.);
#1458=VECTOR('',#5091,1.);
#1459=VECTOR('',#5092,1.);
#1460=VECTOR('',#5095,1.);
#1461=VECTOR('',#5096,1.);
#1462=VECTOR('',#5099,1.);
#1463=VECTOR('',#5100,1.);
#1464=VECTOR('',#5101,1.);
#1465=VECTOR('',#5104,1.);
#1466=VECTOR('',#5105,1.);
#1467=VECTOR('',#5108,1.);
#1468=VECTOR('',#5111,1.);
#1469=VECTOR('',#5112,1.);
#1470=VECTOR('',#5115,1.);
#1471=VECTOR('',#5116,1.);
#1472=VECTOR('',#5119,1.);
#1473=VECTOR('',#5120,1.);
#1474=VECTOR('',#5123,1.);
#1475=VECTOR('',#5124,1.);
#1476=VECTOR('',#5127,1.);
#1477=VECTOR('',#5128,1.);
#1478=VECTOR('',#5131,1.);
#1479=VECTOR('',#5132,1.);
#1480=VECTOR('',#5135,1.);
#1481=VECTOR('',#5136,1.);
#1482=VECTOR('',#5139,1.);
#1483=VECTOR('',#5140,1.);
#1484=VECTOR('',#5143,1.);
#1485=VECTOR('',#5144,1.);
#1486=VECTOR('',#5147,1.);
#1487=VECTOR('',#5148,1.);
#1488=VECTOR('',#5151,1.);
#1489=VECTOR('',#5152,1.);
#1490=VECTOR('',#5155,1.);
#1491=VECTOR('',#5156,1.);
#1492=VECTOR('',#5159,1.);
#1493=VECTOR('',#5160,1.);
#1494=VECTOR('',#5163,1.);
#1495=VECTOR('',#5164,1.);
#1496=VECTOR('',#5167,1.);
#1497=VECTOR('',#5168,1.);
#1498=VECTOR('',#5171,1.);
#1499=VECTOR('',#5172,1.);
#1500=VECTOR('',#5175,1.);
#1501=VECTOR('',#5176,1.);
#1502=VECTOR('',#5179,1.);
#1503=VECTOR('',#5182,1.);
#1504=VECTOR('',#5183,1.);
#1505=VECTOR('',#5184,1.);
#1506=VECTOR('',#5185,1.);
#1507=VECTOR('',#5186,1.);
#1508=VECTOR('',#5187,1.);
#1509=VECTOR('',#5188,1.);
#1510=VECTOR('',#5189,1.);
#1511=VECTOR('',#5190,1.);
#1512=VECTOR('',#5191,1.);
#1513=VECTOR('',#5192,1.);
#1514=VECTOR('',#5193,1.);
#1515=VECTOR('',#5194,1.);
#1516=VECTOR('',#5195,1.);
#1517=VECTOR('',#5196,1.);
#1518=VECTOR('',#5197,1.);
#1519=VECTOR('',#5198,1.);
#1520=VECTOR('',#5199,1.);
#1521=VECTOR('',#5200,1.);
#1522=VECTOR('',#5201,1.);
#1523=VECTOR('',#5202,1.);
#1524=VECTOR('',#5203,1.);
#1525=VECTOR('',#5204,1.);
#1526=VECTOR('',#5205,1.);
#1527=VECTOR('',#5206,1.);
#1528=VECTOR('',#5207,1.);
#1529=VECTOR('',#5208,1.);
#1530=VECTOR('',#5209,1.);
#1531=VECTOR('',#5212,1.);
#1532=VECTOR('',#5213,1.);
#1533=VECTOR('',#5216,1.);
#1534=VECTOR('',#5217,1.);
#1535=VECTOR('',#5218,1.);
#1536=VECTOR('',#5221,1.);
#1537=VECTOR('',#5222,1.);
#1538=VECTOR('',#5225,1.);
#1539=VECTOR('',#5226,1.);
#1540=VECTOR('',#5227,1.);
#1541=VECTOR('',#5230,1.);
#1542=VECTOR('',#5231,1.);
#1543=VECTOR('',#5234,1.);
#1544=VECTOR('',#5237,1.);
#1545=VECTOR('',#5238,1.);
#1546=VECTOR('',#5241,1.);
#1547=VECTOR('',#5242,1.);
#1548=VECTOR('',#5243,1.);
#1549=VECTOR('',#5246,1.);
#1550=VECTOR('',#5249,1.);
#1551=VECTOR('',#5250,1.);
#1552=VECTOR('',#5251,1.);
#1553=VECTOR('',#5254,1.);
#1554=VECTOR('',#5257,1.);
#1555=VECTOR('',#5258,1.);
#1556=VECTOR('',#5261,1.);
#1557=VECTOR('',#5262,1.);
#1558=VECTOR('',#5263,1.);
#1559=VECTOR('',#5266,1.);
#1560=VECTOR('',#5267,1.);
#1561=VECTOR('',#5268,1.);
#1562=VECTOR('',#5271,1.);
#1563=VECTOR('',#5272,1.);
#1564=VECTOR('',#5273,1.);
#1565=VECTOR('',#5276,1.);
#1566=VECTOR('',#5277,1.);
#1567=VECTOR('',#5278,1.);
#1568=VECTOR('',#5281,1.);
#1569=VECTOR('',#5282,1.);
#1570=VECTOR('',#5283,1.);
#1571=VECTOR('',#5286,1.);
#1572=VECTOR('',#5287,1.);
#1573=VECTOR('',#5288,1.);
#1574=VECTOR('',#5291,1.);
#1575=VECTOR('',#5292,1.);
#1576=VECTOR('',#5295,1.);
#1577=VECTOR('',#5296,1.);
#1578=VECTOR('',#5299,1.);
#1579=VECTOR('',#5300,1.);
#1580=VECTOR('',#5303,1.);
#1581=VECTOR('',#5304,1.);
#1582=VECTOR('',#5307,1.);
#1583=VECTOR('',#5310,1.);
#1584=VECTOR('',#5311,1.);
#1585=VECTOR('',#5314,1.);
#1586=VECTOR('',#5315,1.);
#1587=VECTOR('',#5318,1.);
#1588=VECTOR('',#5321,1.);
#1589=VECTOR('',#5324,1.);
#1590=VECTOR('',#5327,1.);
#1591=VECTOR('',#5328,1.);
#1592=VECTOR('',#5333,1.);
#1593=VECTOR('',#5334,1.);
#1594=VECTOR('',#5335,1.);
#1595=VECTOR('',#5336,1.);
#1596=VERTEX_POINT('',#5347);
#1597=VERTEX_POINT('',#5348);
#1598=VERTEX_POINT('',#5350);
#1599=VERTEX_POINT('',#5352);
#1600=VERTEX_POINT('',#5356);
#1601=VERTEX_POINT('',#5358);
#1602=VERTEX_POINT('',#5362);
#1603=VERTEX_POINT('',#5364);
#1604=VERTEX_POINT('',#5372);
#1605=VERTEX_POINT('',#5373);
#1606=VERTEX_POINT('',#5375);
#1607=VERTEX_POINT('',#5377);
#1608=VERTEX_POINT('',#5381);
#1609=VERTEX_POINT('',#5382);
#1610=VERTEX_POINT('',#5384);
#1611=VERTEX_POINT('',#5386);
#1612=VERTEX_POINT('',#5398);
#1613=VERTEX_POINT('',#5399);
#1614=VERTEX_POINT('',#5401);
#1615=VERTEX_POINT('',#5403);
#1616=VERTEX_POINT('',#5412);
#1617=VERTEX_POINT('',#5414);
#1618=VERTEX_POINT('',#5423);
#1619=VERTEX_POINT('',#5425);
#1620=VERTEX_POINT('',#5433);
#1621=VERTEX_POINT('',#5434);
#1622=VERTEX_POINT('',#5436);
#1623=VERTEX_POINT('',#5438);
#1624=VERTEX_POINT('',#5440);
#1625=VERTEX_POINT('',#5442);
#1626=VERTEX_POINT('',#5444);
#1627=VERTEX_POINT('',#5446);
#1628=VERTEX_POINT('',#5448);
#1629=VERTEX_POINT('',#5450);
#1630=VERTEX_POINT('',#5452);
#1631=VERTEX_POINT('',#5454);
#1632=VERTEX_POINT('',#5456);
#1633=VERTEX_POINT('',#5458);
#1634=VERTEX_POINT('',#5460);
#1635=VERTEX_POINT('',#5462);
#1636=VERTEX_POINT('',#5464);
#1637=VERTEX_POINT('',#5466);
#1638=VERTEX_POINT('',#5468);
#1639=VERTEX_POINT('',#5470);
#1640=VERTEX_POINT('',#5472);
#1641=VERTEX_POINT('',#5474);
#1642=VERTEX_POINT('',#5476);
#1643=VERTEX_POINT('',#5478);
#1644=VERTEX_POINT('',#5480);
#1645=VERTEX_POINT('',#5482);
#1646=VERTEX_POINT('',#5484);
#1647=VERTEX_POINT('',#5486);
#1648=VERTEX_POINT('',#5488);
#1649=VERTEX_POINT('',#5490);
#1650=VERTEX_POINT('',#5492);
#1651=VERTEX_POINT('',#5494);
#1652=VERTEX_POINT('',#5496);
#1653=VERTEX_POINT('',#5498);
#1654=VERTEX_POINT('',#5500);
#1655=VERTEX_POINT('',#5502);
#1656=VERTEX_POINT('',#5506);
#1657=VERTEX_POINT('',#5508);
#1658=VERTEX_POINT('',#5512);
#1659=VERTEX_POINT('',#5514);
#1660=VERTEX_POINT('',#5518);
#1661=VERTEX_POINT('',#5520);
#1662=VERTEX_POINT('',#5524);
#1663=VERTEX_POINT('',#5526);
#1664=VERTEX_POINT('',#5530);
#1665=VERTEX_POINT('',#5534);
#1666=VERTEX_POINT('',#5535);
#1667=VERTEX_POINT('',#5540);
#1668=VERTEX_POINT('',#5541);
#1669=VERTEX_POINT('',#5546);
#1670=VERTEX_POINT('',#5550);
#1671=VERTEX_POINT('',#5554);
#1672=VERTEX_POINT('',#5556);
#1673=VERTEX_POINT('',#5562);
#1674=VERTEX_POINT('',#5566);
#1675=VERTEX_POINT('',#5572);
#1676=VERTEX_POINT('',#5574);
#1677=VERTEX_POINT('',#5578);
#1678=VERTEX_POINT('',#5582);
#1679=VERTEX_POINT('',#5584);
#1680=VERTEX_POINT('',#5590);
#1681=VERTEX_POINT('',#5596);
#1682=VERTEX_POINT('',#5600);
#1683=VERTEX_POINT('',#5602);
#1684=VERTEX_POINT('',#5606);
#1685=VERTEX_POINT('',#5610);
#1686=VERTEX_POINT('',#5612);
#1687=VERTEX_POINT('',#5614);
#1688=VERTEX_POINT('',#5616);
#1689=VERTEX_POINT('',#5618);
#1690=VERTEX_POINT('',#5622);
#1691=VERTEX_POINT('',#5625);
#1692=VERTEX_POINT('',#5651);
#1693=VERTEX_POINT('',#5653);
#1694=VERTEX_POINT('',#5701);
#1695=VERTEX_POINT('',#5702);
#1696=VERTEX_POINT('',#5731);
#1697=VERTEX_POINT('',#5733);
#1698=VERTEX_POINT('',#5735);
#1699=VERTEX_POINT('',#5766);
#1700=VERTEX_POINT('',#5775);
#1701=VERTEX_POINT('',#5777);
#1702=VERTEX_POINT('',#5779);
#1703=VERTEX_POINT('',#5827);
#1704=VERTEX_POINT('',#5856);
#1705=VERTEX_POINT('',#5887);
#1706=VERTEX_POINT('',#5899);
#1707=VERTEX_POINT('',#5900);
#1708=VERTEX_POINT('',#5902);
#1709=VERTEX_POINT('',#5904);
#1710=VERTEX_POINT('',#5908);
#1711=VERTEX_POINT('',#5910);
#1712=VERTEX_POINT('',#5912);
#1713=VERTEX_POINT('',#5914);
#1714=VERTEX_POINT('',#5916);
#1715=VERTEX_POINT('',#5918);
#1716=VERTEX_POINT('',#5920);
#1717=VERTEX_POINT('',#5922);
#1718=VERTEX_POINT('',#5924);
#1719=VERTEX_POINT('',#5926);
#1720=VERTEX_POINT('',#5928);
#1721=VERTEX_POINT('',#5930);
#1722=VERTEX_POINT('',#5932);
#1723=VERTEX_POINT('',#5934);
#1724=VERTEX_POINT('',#5936);
#1725=VERTEX_POINT('',#5938);
#1726=VERTEX_POINT('',#5940);
#1727=VERTEX_POINT('',#5942);
#1728=VERTEX_POINT('',#5944);
#1729=VERTEX_POINT('',#5946);
#1730=VERTEX_POINT('',#5948);
#1731=VERTEX_POINT('',#5950);
#1732=VERTEX_POINT('',#5952);
#1733=VERTEX_POINT('',#5954);
#1734=VERTEX_POINT('',#5956);
#1735=VERTEX_POINT('',#5958);
#1736=VERTEX_POINT('',#5960);
#1737=VERTEX_POINT('',#5962);
#1738=VERTEX_POINT('',#5964);
#1739=VERTEX_POINT('',#5966);
#1740=VERTEX_POINT('',#5969);
#1741=VERTEX_POINT('',#5970);
#1742=VERTEX_POINT('',#5972);
#1743=VERTEX_POINT('',#5974);
#1744=VERTEX_POINT('',#5976);
#1745=VERTEX_POINT('',#5978);
#1746=VERTEX_POINT('',#5980);
#1747=VERTEX_POINT('',#5982);
#1748=VERTEX_POINT('',#5984);
#1749=VERTEX_POINT('',#5986);
#1750=VERTEX_POINT('',#5988);
#1751=VERTEX_POINT('',#5990);
#1752=VERTEX_POINT('',#5992);
#1753=VERTEX_POINT('',#5994);
#1754=VERTEX_POINT('',#5996);
#1755=VERTEX_POINT('',#5998);
#1756=VERTEX_POINT('',#6000);
#1757=VERTEX_POINT('',#6002);
#1758=VERTEX_POINT('',#6004);
#1759=VERTEX_POINT('',#6006);
#1760=VERTEX_POINT('',#6008);
#1761=VERTEX_POINT('',#6010);
#1762=VERTEX_POINT('',#6012);
#1763=VERTEX_POINT('',#6014);
#1764=VERTEX_POINT('',#6016);
#1765=VERTEX_POINT('',#6018);
#1766=VERTEX_POINT('',#6020);
#1767=VERTEX_POINT('',#6022);
#1768=VERTEX_POINT('',#6024);
#1769=VERTEX_POINT('',#6026);
#1770=VERTEX_POINT('',#6028);
#1771=VERTEX_POINT('',#6030);
#1772=VERTEX_POINT('',#6032);
#1773=VERTEX_POINT('',#6034);
#1774=VERTEX_POINT('',#6036);
#1775=VERTEX_POINT('',#6038);
#1776=VERTEX_POINT('',#6042);
#1777=VERTEX_POINT('',#6044);
#1778=VERTEX_POINT('',#6046);
#1779=VERTEX_POINT('',#6048);
#1780=VERTEX_POINT('',#6050);
#1781=VERTEX_POINT('',#6052);
#1782=VERTEX_POINT('',#6054);
#1783=VERTEX_POINT('',#6056);
#1784=VERTEX_POINT('',#6058);
#1785=VERTEX_POINT('',#6060);
#1786=VERTEX_POINT('',#6062);
#1787=VERTEX_POINT('',#6064);
#1788=VERTEX_POINT('',#6066);
#1789=VERTEX_POINT('',#6068);
#1790=VERTEX_POINT('',#6070);
#1791=VERTEX_POINT('',#6072);
#1792=VERTEX_POINT('',#6074);
#1793=VERTEX_POINT('',#6076);
#1794=VERTEX_POINT('',#6078);
#1795=VERTEX_POINT('',#6080);
#1796=VERTEX_POINT('',#6082);
#1797=VERTEX_POINT('',#6084);
#1798=VERTEX_POINT('',#6086);
#1799=VERTEX_POINT('',#6088);
#1800=VERTEX_POINT('',#6090);
#1801=VERTEX_POINT('',#6092);
#1802=VERTEX_POINT('',#6094);
#1803=VERTEX_POINT('',#6096);
#1804=VERTEX_POINT('',#6098);
#1805=VERTEX_POINT('',#6100);
#1806=VERTEX_POINT('',#6103);
#1807=VERTEX_POINT('',#6104);
#1808=VERTEX_POINT('',#6106);
#1809=VERTEX_POINT('',#6108);
#1810=VERTEX_POINT('',#6110);
#1811=VERTEX_POINT('',#6112);
#1812=VERTEX_POINT('',#6114);
#1813=VERTEX_POINT('',#6116);
#1814=VERTEX_POINT('',#6118);
#1815=VERTEX_POINT('',#6120);
#1816=VERTEX_POINT('',#6122);
#1817=VERTEX_POINT('',#6124);
#1818=VERTEX_POINT('',#6126);
#1819=VERTEX_POINT('',#6128);
#1820=VERTEX_POINT('',#6130);
#1821=VERTEX_POINT('',#6132);
#1822=VERTEX_POINT('',#6134);
#1823=VERTEX_POINT('',#6136);
#1824=VERTEX_POINT('',#6138);
#1825=VERTEX_POINT('',#6140);
#1826=VERTEX_POINT('',#6142);
#1827=VERTEX_POINT('',#6144);
#1828=VERTEX_POINT('',#6146);
#1829=VERTEX_POINT('',#6148);
#1830=VERTEX_POINT('',#6150);
#1831=VERTEX_POINT('',#6152);
#1832=VERTEX_POINT('',#6154);
#1833=VERTEX_POINT('',#6156);
#1834=VERTEX_POINT('',#6158);
#1835=VERTEX_POINT('',#6160);
#1836=VERTEX_POINT('',#6162);
#1837=VERTEX_POINT('',#6164);
#1838=VERTEX_POINT('',#6166);
#1839=VERTEX_POINT('',#6168);
#1840=VERTEX_POINT('',#6170);
#1841=VERTEX_POINT('',#6172);
#1842=VERTEX_POINT('',#6220);
#1843=VERTEX_POINT('',#6222);
#1844=VERTEX_POINT('',#6226);
#1845=VERTEX_POINT('',#6228);
#1846=VERTEX_POINT('',#6232);
#1847=VERTEX_POINT('',#6236);
#1848=VERTEX_POINT('',#6240);
#1849=VERTEX_POINT('',#6244);
#1850=VERTEX_POINT('',#6248);
#1851=VERTEX_POINT('',#6252);
#1852=VERTEX_POINT('',#6256);
#1853=VERTEX_POINT('',#6260);
#1854=VERTEX_POINT('',#6264);
#1855=VERTEX_POINT('',#6268);
#1856=VERTEX_POINT('',#6272);
#1857=VERTEX_POINT('',#6276);
#1858=VERTEX_POINT('',#6280);
#1859=VERTEX_POINT('',#6284);
#1860=VERTEX_POINT('',#6288);
#1861=VERTEX_POINT('',#6292);
#1862=VERTEX_POINT('',#6296);
#1863=VERTEX_POINT('',#6300);
#1864=VERTEX_POINT('',#6304);
#1865=VERTEX_POINT('',#6308);
#1866=VERTEX_POINT('',#6312);
#1867=VERTEX_POINT('',#6316);
#1868=VERTEX_POINT('',#6320);
#1869=VERTEX_POINT('',#6324);
#1870=VERTEX_POINT('',#6328);
#1871=VERTEX_POINT('',#6332);
#1872=VERTEX_POINT('',#6336);
#1873=VERTEX_POINT('',#6340);
#1874=VERTEX_POINT('',#6344);
#1875=VERTEX_POINT('',#6348);
#1876=VERTEX_POINT('',#6352);
#1877=VERTEX_POINT('',#6356);
#1878=VERTEX_POINT('',#6360);
#1879=VERTEX_POINT('',#6364);
#1880=VERTEX_POINT('',#6368);
#1881=VERTEX_POINT('',#6372);
#1882=VERTEX_POINT('',#6376);
#1883=VERTEX_POINT('',#6380);
#1884=VERTEX_POINT('',#6384);
#1885=VERTEX_POINT('',#6388);
#1886=VERTEX_POINT('',#6392);
#1887=VERTEX_POINT('',#6396);
#1888=VERTEX_POINT('',#6400);
#1889=VERTEX_POINT('',#6404);
#1890=VERTEX_POINT('',#6408);
#1891=VERTEX_POINT('',#6412);
#1892=VERTEX_POINT('',#6416);
#1893=VERTEX_POINT('',#6420);
#1894=VERTEX_POINT('',#6424);
#1895=VERTEX_POINT('',#6428);
#1896=VERTEX_POINT('',#6432);
#1897=VERTEX_POINT('',#6438);
#1898=VERTEX_POINT('',#6440);
#1899=VERTEX_POINT('',#6442);
#1900=VERTEX_POINT('',#6444);
#1901=VERTEX_POINT('',#6448);
#1902=VERTEX_POINT('',#6452);
#1903=VERTEX_POINT('',#6456);
#1904=VERTEX_POINT('',#6460);
#1905=VERTEX_POINT('',#6464);
#1906=VERTEX_POINT('',#6468);
#1907=VERTEX_POINT('',#6472);
#1908=VERTEX_POINT('',#6474);
#1909=VERTEX_POINT('',#6478);
#1910=VERTEX_POINT('',#6484);
#1911=VERTEX_POINT('',#6488);
#1912=VERTEX_POINT('',#6492);
#1913=VERTEX_POINT('',#6496);
#1914=VERTEX_POINT('',#6500);
#1915=VERTEX_POINT('',#6504);
#1916=VERTEX_POINT('',#6508);
#1917=VERTEX_POINT('',#6512);
#1918=VERTEX_POINT('',#6516);
#1919=VERTEX_POINT('',#6520);
#1920=VERTEX_POINT('',#6524);
#1921=VERTEX_POINT('',#6528);
#1922=VERTEX_POINT('',#6532);
#1923=VERTEX_POINT('',#6536);
#1924=VERTEX_POINT('',#6540);
#1925=VERTEX_POINT('',#6544);
#1926=VERTEX_POINT('',#6548);
#1927=VERTEX_POINT('',#6554);
#1928=VERTEX_POINT('',#6555);
#1929=VERTEX_POINT('',#6557);
#1930=VERTEX_POINT('',#6559);
#1931=VERTEX_POINT('',#6561);
#1932=VERTEX_POINT('',#6563);
#1933=VERTEX_POINT('',#6565);
#1934=VERTEX_POINT('',#6568);
#1935=VERTEX_POINT('',#6570);
#1936=VERTEX_POINT('',#6572);
#1937=VERTEX_POINT('',#6574);
#1938=VERTEX_POINT('',#6576);
#1939=VERTEX_POINT('',#6578);
#1940=VERTEX_POINT('',#6580);
#1941=VERTEX_POINT('',#6582);
#1942=VERTEX_POINT('',#6584);
#1943=VERTEX_POINT('',#6586);
#1944=VERTEX_POINT('',#6588);
#1945=VERTEX_POINT('',#6590);
#1946=VERTEX_POINT('',#6592);
#1947=VERTEX_POINT('',#6594);
#1948=VERTEX_POINT('',#6596);
#1949=VERTEX_POINT('',#6598);
#1950=VERTEX_POINT('',#6600);
#1951=VERTEX_POINT('',#6602);
#1952=VERTEX_POINT('',#6604);
#1953=VERTEX_POINT('',#6606);
#1954=VERTEX_POINT('',#6610);
#1955=VERTEX_POINT('',#6614);
#1956=VERTEX_POINT('',#6616);
#1957=VERTEX_POINT('',#6620);
#1958=VERTEX_POINT('',#6624);
#1959=VERTEX_POINT('',#6626);
#1960=VERTEX_POINT('',#6630);
#1961=VERTEX_POINT('',#6636);
#1962=VERTEX_POINT('',#6640);
#1963=VERTEX_POINT('',#6641);
#1964=VERTEX_POINT('',#6648);
#1965=VERTEX_POINT('',#6650);
#1966=VERTEX_POINT('',#6656);
#1967=VERTEX_POINT('',#6660);
#1968=VERTEX_POINT('',#6661);
#1969=VERTEX_POINT('',#6666);
#1970=VERTEX_POINT('',#6667);
#1971=VERTEX_POINT('',#6672);
#1972=VERTEX_POINT('',#6674);
#1973=VERTEX_POINT('',#6678);
#1974=VERTEX_POINT('',#6680);
#1975=VERTEX_POINT('',#6684);
#1976=VERTEX_POINT('',#6686);
#1977=VERTEX_POINT('',#6690);
#1978=VERTEX_POINT('',#6692);
#1979=VERTEX_POINT('',#6696);
#1980=VERTEX_POINT('',#6700);
#1981=VERTEX_POINT('',#6704);
#1982=VERTEX_POINT('',#6708);
#1983=VERTEX_POINT('',#6714);
#1984=VERTEX_POINT('',#6718);
#1985=VERTEX_POINT('',#6728);
#1986=EDGE_CURVE('',#1596,#1597,#466,.T.);
#1987=EDGE_CURVE('',#1598,#1596,#467,.T.);
#1988=EDGE_CURVE('',#1599,#1598,#468,.T.);
#1989=EDGE_CURVE('',#1597,#1599,#469,.T.);
#1990=EDGE_CURVE('',#1597,#1600,#470,.T.);
#1991=EDGE_CURVE('',#1599,#1601,#471,.T.);
#1992=EDGE_CURVE('',#1601,#1600,#472,.T.);
#1993=EDGE_CURVE('',#1600,#1602,#473,.T.);
#1994=EDGE_CURVE('',#1603,#1601,#474,.T.);
#1995=EDGE_CURVE('',#1602,#1603,#475,.T.);
#1996=EDGE_CURVE('',#1598,#1603,#476,.T.);
#1997=EDGE_CURVE('',#1602,#1596,#477,.T.);
#1998=EDGE_CURVE('',#1604,#1605,#478,.T.);
#1999=EDGE_CURVE('',#1605,#1606,#479,.T.);
#2000=EDGE_CURVE('',#1606,#1607,#480,.T.);
#2001=EDGE_CURVE('',#1607,#1604,#481,.T.);
#2002=EDGE_CURVE('',#1608,#1609,#482,.T.);
#2003=EDGE_CURVE('',#1609,#1610,#483,.T.);
#2004=EDGE_CURVE('',#1610,#1611,#484,.T.);
#2005=EDGE_CURVE('',#1611,#1608,#485,.T.);
#2006=EDGE_CURVE('',#1607,#1610,#486,.T.);
#2007=EDGE_CURVE('',#1604,#1609,#487,.T.);
#2008=EDGE_CURVE('',#1606,#1611,#488,.T.);
#2009=EDGE_CURVE('',#1605,#1608,#489,.T.);
#2010=EDGE_CURVE('',#1612,#1613,#490,.T.);
#2011=EDGE_CURVE('',#1614,#1612,#26,.T.);
#2012=EDGE_CURVE('',#1615,#1614,#491,.T.);
#2013=EDGE_CURVE('',#1613,#1615,#27,.T.);
#2014=EDGE_CURVE('',#1613,#1616,#492,.T.);
#2015=EDGE_CURVE('',#1617,#1615,#493,.T.);
#2016=EDGE_CURVE('',#1616,#1617,#28,.T.);
#2017=EDGE_CURVE('',#1618,#1612,#494,.T.);
#2018=EDGE_CURVE('',#1619,#1618,#29,.T.);
#2019=EDGE_CURVE('',#1619,#1614,#495,.T.);
#2020=EDGE_CURVE('',#1617,#1619,#496,.T.);
#2021=EDGE_CURVE('',#1616,#1618,#497,.T.);
#2022=EDGE_CURVE('',#1620,#1621,#498,.T.);
#2023=EDGE_CURVE('',#1622,#1620,#499,.T.);
#2024=EDGE_CURVE('',#1622,#1623,#500,.T.);
#2025=EDGE_CURVE('',#1624,#1623,#501,.T.);
#2026=EDGE_CURVE('',#1625,#1624,#502,.T.);
#2027=EDGE_CURVE('',#1625,#1626,#503,.T.);
#2028=EDGE_CURVE('',#1627,#1626,#504,.T.);
#2029=EDGE_CURVE('',#1628,#1627,#505,.T.);
#2030=EDGE_CURVE('',#1629,#1628,#506,.T.);
#2031=EDGE_CURVE('',#1629,#1630,#507,.T.);
#2032=EDGE_CURVE('',#1631,#1630,#508,.T.);
#2033=EDGE_CURVE('',#1632,#1631,#509,.T.);
#2034=EDGE_CURVE('',#1633,#1632,#510,.T.);
#2035=EDGE_CURVE('',#1633,#1634,#511,.T.);
#2036=EDGE_CURVE('',#1634,#1635,#512,.T.);
#2037=EDGE_CURVE('',#1635,#1636,#513,.T.);
#2038=EDGE_CURVE('',#1637,#1636,#514,.T.);
#2039=EDGE_CURVE('',#1638,#1637,#515,.T.);
#2040=EDGE_CURVE('',#1638,#1639,#516,.T.);
#2041=EDGE_CURVE('',#1639,#1640,#517,.T.);
#2042=EDGE_CURVE('',#1641,#1640,#518,.T.);
#2043=EDGE_CURVE('',#1641,#1642,#519,.T.);
#2044=EDGE_CURVE('',#1642,#1643,#520,.T.);
#2045=EDGE_CURVE('',#1644,#1643,#521,.T.);
#2046=EDGE_CURVE('',#1645,#1644,#522,.T.);
#2047=EDGE_CURVE('',#1645,#1646,#523,.T.);
#2048=EDGE_CURVE('',#1646,#1647,#524,.T.);
#2049=EDGE_CURVE('',#1648,#1647,#525,.T.);
#2050=EDGE_CURVE('',#1648,#1649,#526,.T.);
#2051=EDGE_CURVE('',#1650,#1649,#527,.T.);
#2052=EDGE_CURVE('',#1651,#1650,#528,.T.);
#2053=EDGE_CURVE('',#1651,#1652,#529,.T.);
#2054=EDGE_CURVE('',#1652,#1653,#530,.T.);
#2055=EDGE_CURVE('',#1654,#1653,#531,.T.);
#2056=EDGE_CURVE('',#1655,#1654,#532,.T.);
#2057=EDGE_CURVE('',#1655,#1621,#533,.T.);
#2058=EDGE_CURVE('',#1656,#1652,#534,.T.);
#2059=EDGE_CURVE('',#1656,#1657,#535,.T.);
#2060=EDGE_CURVE('',#1657,#1653,#536,.T.);
#2061=EDGE_CURVE('',#1629,#1658,#537,.T.);
#2062=EDGE_CURVE('',#1658,#1659,#538,.T.);
#2063=EDGE_CURVE('',#1659,#1630,#539,.T.);
#2064=EDGE_CURVE('',#1650,#1660,#540,.T.);
#2065=EDGE_CURVE('',#1661,#1649,#541,.T.);
#2066=EDGE_CURVE('',#1660,#1661,#542,.T.);
#2067=EDGE_CURVE('',#1662,#1655,#543,.T.);
#2068=EDGE_CURVE('',#1663,#1662,#544,.T.);
#2069=EDGE_CURVE('',#1663,#1621,#545,.T.);
#2070=EDGE_CURVE('',#1664,#1657,#546,.T.);
#2071=EDGE_CURVE('',#1664,#1654,#547,.T.);
#2072=EDGE_CURVE('',#1665,#1666,#548,.T.);
#2073=EDGE_CURVE('',#1665,#1637,#549,.T.);
#2074=EDGE_CURVE('',#1666,#1636,#550,.T.);
#2075=EDGE_CURVE('',#1667,#1668,#551,.T.);
#2076=EDGE_CURVE('',#1667,#1647,#552,.T.);
#2077=EDGE_CURVE('',#1668,#1646,#553,.T.);
#2078=EDGE_CURVE('',#1669,#1648,#554,.T.);
#2079=EDGE_CURVE('',#1661,#1669,#555,.T.);
#2080=EDGE_CURVE('',#1670,#1659,#556,.T.);
#2081=EDGE_CURVE('',#1670,#1631,#557,.T.);
#2082=EDGE_CURVE('',#1671,#1622,#558,.T.);
#2083=EDGE_CURVE('',#1672,#1671,#559,.T.);
#2084=EDGE_CURVE('',#1672,#1623,#560,.T.);
#2085=EDGE_CURVE('',#1662,#1664,#561,.T.);
#2086=EDGE_CURVE('',#1673,#1663,#562,.T.);
#2087=EDGE_CURVE('',#1673,#1620,#563,.T.);
#2088=EDGE_CURVE('',#1666,#1674,#564,.T.);
#2089=EDGE_CURVE('',#1674,#1635,#565,.T.);
#2090=EDGE_CURVE('',#1669,#1667,#566,.T.);
#2091=EDGE_CURVE('',#1675,#1643,#567,.T.);
#2092=EDGE_CURVE('',#1676,#1675,#568,.T.);
#2093=EDGE_CURVE('',#1676,#1644,#569,.T.);
#2094=EDGE_CURVE('',#1668,#1677,#570,.T.);
#2095=EDGE_CURVE('',#1677,#1645,#571,.T.);
#2096=EDGE_CURVE('',#1633,#1678,#572,.T.);
#2097=EDGE_CURVE('',#1679,#1632,#573,.T.);
#2098=EDGE_CURVE('',#1678,#1679,#574,.T.);
#2099=EDGE_CURVE('',#1679,#1670,#575,.T.);
#2100=EDGE_CURVE('',#1680,#1672,#576,.T.);
#2101=EDGE_CURVE('',#1624,#1680,#577,.T.);
#2102=EDGE_CURVE('',#1671,#1673,#578,.T.);
#2103=EDGE_CURVE('',#1681,#1634,#579,.T.);
#2104=EDGE_CURVE('',#1681,#1674,#580,.T.);
#2105=EDGE_CURVE('',#1682,#1626,#581,.T.);
#2106=EDGE_CURVE('',#1683,#1682,#582,.T.);
#2107=EDGE_CURVE('',#1683,#1627,#583,.T.);
#2108=EDGE_CURVE('',#1684,#1656,#584,.T.);
#2109=EDGE_CURVE('',#1684,#1660,#585,.T.);
#2110=EDGE_CURVE('',#1677,#1676,#586,.T.);
#2111=EDGE_CURVE('',#1685,#1675,#587,.T.);
#2112=EDGE_CURVE('',#1685,#1686,#588,.T.);
#2113=EDGE_CURVE('',#1686,#1687,#589,.T.);
#2114=EDGE_CURVE('',#1687,#1688,#590,.T.);
#2115=EDGE_CURVE('',#1689,#1688,#591,.T.);
#2116=EDGE_CURVE('',#1665,#1689,#592,.T.);
#2117=EDGE_CURVE('',#1678,#1681,#593,.T.);
#2118=EDGE_CURVE('',#1690,#1658,#594,.T.);
#2119=EDGE_CURVE('',#1690,#1683,#595,.T.);
#2120=EDGE_CURVE('',#1691,#1682,#596,.T.);
#2121=EDGE_CURVE('',#1691,#1680,#597,.T.);
#2122=EDGE_CURVE('',#1685,#1642,#598,.T.);
#2123=EDGE_CURVE('',#1686,#1641,#599,.T.);
#2124=EDGE_CURVE('',#1687,#1640,#600,.T.);
#2125=EDGE_CURVE('',#1688,#1639,#601,.T.);
#2126=EDGE_CURVE('',#1691,#1625,#602,.T.);
#2127=EDGE_CURVE('',#1684,#1651,#603,.T.);
#2128=EDGE_CURVE('',#1628,#1690,#604,.T.);
#2129=EDGE_CURVE('',#1689,#1638,#605,.T.);
#2130=EDGE_CURVE('',#1692,#1692,#17,.T.);
#2131=EDGE_CURVE('',#1692,#1693,#606,.T.);
#2132=EDGE_CURVE('',#1693,#1693,#18,.T.);
#2133=EDGE_CURVE('',#1694,#1695,#13,.T.);
#2134=EDGE_CURVE('',#1694,#1696,#30,.T.);
#2135=EDGE_CURVE('',#1696,#1697,#31,.T.);
#2136=EDGE_CURVE('',#1698,#1697,#14,.T.);
#2137=EDGE_CURVE('',#1698,#1699,#32,.T.);
#2138=EDGE_CURVE('',#1699,#1695,#33,.T.);
#2139=EDGE_CURVE('',#1695,#1700,#607,.T.);
#2140=EDGE_CURVE('',#1701,#1698,#608,.T.);
#2141=EDGE_CURVE('',#1701,#1702,#34,.T.);
#2142=EDGE_CURVE('',#1702,#1700,#35,.T.);
#2143=EDGE_CURVE('',#1700,#1703,#15,.T.);
#2144=EDGE_CURVE('',#1704,#1701,#16,.T.);
#2145=EDGE_CURVE('',#1705,#1704,#36,.T.);
#2146=EDGE_CURVE('',#1703,#1705,#37,.T.);
#2147=EDGE_CURVE('',#1703,#1694,#609,.T.);
#2148=EDGE_CURVE('',#1697,#1704,#610,.T.);
#2149=EDGE_CURVE('',#1706,#1707,#611,.T.);
#2150=EDGE_CURVE('',#1708,#1706,#612,.T.);
#2151=EDGE_CURVE('',#1709,#1708,#613,.T.);
#2152=EDGE_CURVE('',#1709,#1707,#614,.T.);
#2153=EDGE_CURVE('',#1707,#1710,#615,.T.);
#2154=EDGE_CURVE('',#1711,#1709,#616,.T.);
#2155=EDGE_CURVE('',#1712,#1711,#617,.T.);
#2156=EDGE_CURVE('',#1712,#1713,#618,.T.);
#2157=EDGE_CURVE('',#1714,#1713,#619,.T.);
#2158=EDGE_CURVE('',#1715,#1714,#620,.T.);
#2159=EDGE_CURVE('',#1716,#1715,#621,.T.);
#2160=EDGE_CURVE('',#1717,#1716,#622,.T.);
#2161=EDGE_CURVE('',#1718,#1717,#623,.T.);
#2162=EDGE_CURVE('',#1718,#1719,#624,.T.);
#2163=EDGE_CURVE('',#1719,#1720,#625,.T.);
#2164=EDGE_CURVE('',#1721,#1720,#626,.T.);
#2165=EDGE_CURVE('',#1722,#1721,#627,.T.);
#2166=EDGE_CURVE('',#1722,#1723,#628,.T.);
#2167=EDGE_CURVE('',#1723,#1724,#629,.T.);
#2168=EDGE_CURVE('',#1724,#1725,#630,.T.);
#2169=EDGE_CURVE('',#1726,#1725,#631,.T.);
#2170=EDGE_CURVE('',#1727,#1726,#632,.T.);
#2171=EDGE_CURVE('',#1728,#1727,#633,.T.);
#2172=EDGE_CURVE('',#1729,#1728,#634,.T.);
#2173=EDGE_CURVE('',#1729,#1730,#635,.T.);
#2174=EDGE_CURVE('',#1731,#1730,#636,.T.);
#2175=EDGE_CURVE('',#1732,#1731,#637,.T.);
#2176=EDGE_CURVE('',#1733,#1732,#638,.T.);
#2177=EDGE_CURVE('',#1734,#1733,#639,.T.);
#2178=EDGE_CURVE('',#1735,#1734,#640,.T.);
#2179=EDGE_CURVE('',#1736,#1735,#641,.T.);
#2180=EDGE_CURVE('',#1737,#1736,#642,.T.);
#2181=EDGE_CURVE('',#1738,#1737,#643,.T.);
#2182=EDGE_CURVE('',#1739,#1738,#644,.T.);
#2183=EDGE_CURVE('',#1710,#1739,#645,.T.);
#2184=EDGE_CURVE('',#1740,#1741,#646,.T.);
#2185=EDGE_CURVE('',#1742,#1740,#647,.T.);
#2186=EDGE_CURVE('',#1743,#1742,#648,.T.);
#2187=EDGE_CURVE('',#1744,#1743,#649,.T.);
#2188=EDGE_CURVE('',#1745,#1744,#650,.T.);
#2189=EDGE_CURVE('',#1746,#1745,#651,.T.);
#2190=EDGE_CURVE('',#1747,#1746,#652,.T.);
#2191=EDGE_CURVE('',#1748,#1747,#653,.T.);
#2192=EDGE_CURVE('',#1749,#1748,#654,.T.);
#2193=EDGE_CURVE('',#1750,#1749,#655,.T.);
#2194=EDGE_CURVE('',#1751,#1750,#656,.T.);
#2195=EDGE_CURVE('',#1752,#1751,#657,.T.);
#2196=EDGE_CURVE('',#1753,#1752,#658,.T.);
#2197=EDGE_CURVE('',#1754,#1753,#659,.T.);
#2198=EDGE_CURVE('',#1755,#1754,#660,.T.);
#2199=EDGE_CURVE('',#1756,#1755,#661,.T.);
#2200=EDGE_CURVE('',#1757,#1756,#662,.T.);
#2201=EDGE_CURVE('',#1758,#1757,#663,.T.);
#2202=EDGE_CURVE('',#1759,#1758,#664,.T.);
#2203=EDGE_CURVE('',#1760,#1759,#665,.T.);
#2204=EDGE_CURVE('',#1761,#1760,#666,.T.);
#2205=EDGE_CURVE('',#1762,#1761,#667,.T.);
#2206=EDGE_CURVE('',#1763,#1762,#668,.T.);
#2207=EDGE_CURVE('',#1764,#1763,#669,.T.);
#2208=EDGE_CURVE('',#1765,#1764,#670,.T.);
#2209=EDGE_CURVE('',#1766,#1765,#671,.T.);
#2210=EDGE_CURVE('',#1767,#1766,#672,.T.);
#2211=EDGE_CURVE('',#1768,#1767,#673,.T.);
#2212=EDGE_CURVE('',#1769,#1768,#674,.T.);
#2213=EDGE_CURVE('',#1770,#1769,#675,.T.);
#2214=EDGE_CURVE('',#1771,#1770,#676,.T.);
#2215=EDGE_CURVE('',#1772,#1771,#677,.T.);
#2216=EDGE_CURVE('',#1773,#1772,#678,.T.);
#2217=EDGE_CURVE('',#1774,#1773,#679,.T.);
#2218=EDGE_CURVE('',#1775,#1774,#680,.T.);
#2219=EDGE_CURVE('',#1741,#1775,#681,.T.);
#2220=EDGE_CURVE('',#1776,#1706,#682,.T.);
#2221=EDGE_CURVE('',#1777,#1776,#683,.T.);
#2222=EDGE_CURVE('',#1778,#1777,#684,.T.);
#2223=EDGE_CURVE('',#1779,#1778,#685,.T.);
#2224=EDGE_CURVE('',#1780,#1779,#686,.T.);
#2225=EDGE_CURVE('',#1781,#1780,#687,.T.);
#2226=EDGE_CURVE('',#1782,#1781,#688,.T.);
#2227=EDGE_CURVE('',#1783,#1782,#689,.T.);
#2228=EDGE_CURVE('',#1784,#1783,#690,.T.);
#2229=EDGE_CURVE('',#1785,#1784,#691,.T.);
#2230=EDGE_CURVE('',#1786,#1785,#692,.T.);
#2231=EDGE_CURVE('',#1787,#1786,#693,.T.);
#2232=EDGE_CURVE('',#1788,#1787,#694,.T.);
#2233=EDGE_CURVE('',#1789,#1788,#695,.T.);
#2234=EDGE_CURVE('',#1790,#1789,#696,.T.);
#2235=EDGE_CURVE('',#1791,#1790,#697,.T.);
#2236=EDGE_CURVE('',#1792,#1791,#698,.T.);
#2237=EDGE_CURVE('',#1793,#1792,#699,.T.);
#2238=EDGE_CURVE('',#1794,#1793,#700,.T.);
#2239=EDGE_CURVE('',#1794,#1795,#701,.T.);
#2240=EDGE_CURVE('',#1795,#1796,#702,.T.);
#2241=EDGE_CURVE('',#1797,#1796,#703,.T.);
#2242=EDGE_CURVE('',#1797,#1798,#704,.T.);
#2243=EDGE_CURVE('',#1798,#1799,#705,.T.);
#2244=EDGE_CURVE('',#1799,#1800,#706,.T.);
#2245=EDGE_CURVE('',#1800,#1801,#707,.T.);
#2246=EDGE_CURVE('',#1801,#1802,#708,.T.);
#2247=EDGE_CURVE('',#1802,#1803,#709,.T.);
#2248=EDGE_CURVE('',#1804,#1803,#710,.T.);
#2249=EDGE_CURVE('',#1804,#1805,#711,.T.);
#2250=EDGE_CURVE('',#1805,#1708,#712,.T.);
#2251=EDGE_CURVE('',#1806,#1807,#713,.T.);
#2252=EDGE_CURVE('',#1808,#1806,#714,.T.);
#2253=EDGE_CURVE('',#1809,#1808,#715,.T.);
#2254=EDGE_CURVE('',#1810,#1809,#716,.T.);
#2255=EDGE_CURVE('',#1811,#1810,#717,.T.);
#2256=EDGE_CURVE('',#1812,#1811,#718,.T.);
#2257=EDGE_CURVE('',#1813,#1812,#719,.T.);
#2258=EDGE_CURVE('',#1814,#1813,#720,.T.);
#2259=EDGE_CURVE('',#1815,#1814,#721,.T.);
#2260=EDGE_CURVE('',#1816,#1815,#722,.T.);
#2261=EDGE_CURVE('',#1817,#1816,#723,.T.);
#2262=EDGE_CURVE('',#1818,#1817,#724,.T.);
#2263=EDGE_CURVE('',#1819,#1818,#725,.T.);
#2264=EDGE_CURVE('',#1820,#1819,#726,.T.);
#2265=EDGE_CURVE('',#1821,#1820,#727,.T.);
#2266=EDGE_CURVE('',#1822,#1821,#728,.T.);
#2267=EDGE_CURVE('',#1823,#1822,#729,.T.);
#2268=EDGE_CURVE('',#1824,#1823,#730,.T.);
#2269=EDGE_CURVE('',#1825,#1824,#731,.T.);
#2270=EDGE_CURVE('',#1826,#1825,#732,.T.);
#2271=EDGE_CURVE('',#1827,#1826,#733,.T.);
#2272=EDGE_CURVE('',#1828,#1827,#734,.T.);
#2273=EDGE_CURVE('',#1829,#1828,#735,.T.);
#2274=EDGE_CURVE('',#1830,#1829,#736,.T.);
#2275=EDGE_CURVE('',#1831,#1830,#737,.T.);
#2276=EDGE_CURVE('',#1832,#1831,#738,.T.);
#2277=EDGE_CURVE('',#1833,#1832,#739,.T.);
#2278=EDGE_CURVE('',#1834,#1833,#740,.T.);
#2279=EDGE_CURVE('',#1835,#1834,#741,.T.);
#2280=EDGE_CURVE('',#1836,#1835,#742,.T.);
#2281=EDGE_CURVE('',#1837,#1836,#743,.T.);
#2282=EDGE_CURVE('',#1838,#1837,#744,.T.);
#2283=EDGE_CURVE('',#1839,#1838,#745,.T.);
#2284=EDGE_CURVE('',#1840,#1839,#746,.T.);
#2285=EDGE_CURVE('',#1841,#1840,#747,.T.);
#2286=EDGE_CURVE('',#1807,#1841,#748,.T.);
#2287=EDGE_CURVE('',#1729,#1787,#749,.T.);
#2288=EDGE_CURVE('',#1730,#1786,#750,.T.);
#2289=EDGE_CURVE('',#1732,#1784,#751,.T.);
#2290=EDGE_CURVE('',#1731,#1785,#752,.T.);
#2291=EDGE_CURVE('',#1805,#1711,#753,.T.);
#2292=EDGE_CURVE('',#1728,#1788,#754,.T.);
#2293=EDGE_CURVE('',#1713,#1803,#755,.T.);
#2294=EDGE_CURVE('',#1712,#1804,#756,.T.);
#2295=EDGE_CURVE('',#1727,#1789,#757,.T.);
#2296=EDGE_CURVE('',#1714,#1802,#758,.T.);
#2297=EDGE_CURVE('',#1726,#1790,#759,.T.);
#2298=EDGE_CURVE('',#1715,#1801,#760,.T.);
#2299=EDGE_CURVE('',#1725,#1791,#761,.T.);
#2300=EDGE_CURVE('',#1800,#1716,#762,.T.);
#2301=EDGE_CURVE('',#1724,#1792,#763,.T.);
#2302=EDGE_CURVE('',#1796,#1720,#764,.T.);
#2303=EDGE_CURVE('',#1797,#1719,#765,.T.);
#2304=EDGE_CURVE('',#1795,#1721,#766,.T.);
#2305=EDGE_CURVE('',#1799,#1717,#767,.T.);
#2306=EDGE_CURVE('',#1723,#1793,#768,.T.);
#2307=EDGE_CURVE('',#1798,#1718,#769,.T.);
#2308=EDGE_CURVE('',#1722,#1794,#770,.T.);
#2309=EDGE_CURVE('',#1842,#1758,#771,.T.);
#2310=EDGE_CURVE('',#1842,#1843,#772,.T.);
#2311=EDGE_CURVE('',#1759,#1843,#773,.T.);
#2312=EDGE_CURVE('',#1844,#1824,#774,.T.);
#2313=EDGE_CURVE('',#1845,#1844,#775,.T.);
#2314=EDGE_CURVE('',#1825,#1845,#776,.T.);
#2315=EDGE_CURVE('',#1846,#1843,#777,.T.);
#2316=EDGE_CURVE('',#1760,#1846,#778,.T.);
#2317=EDGE_CURVE('',#1847,#1823,#779,.T.);
#2318=EDGE_CURVE('',#1844,#1847,#780,.T.);
#2319=EDGE_CURVE('',#1848,#1757,#781,.T.);
#2320=EDGE_CURVE('',#1842,#1848,#782,.T.);
#2321=EDGE_CURVE('',#1846,#1849,#783,.T.);
#2322=EDGE_CURVE('',#1761,#1849,#784,.T.);
#2323=EDGE_CURVE('',#1850,#1822,#785,.T.);
#2324=EDGE_CURVE('',#1847,#1850,#786,.T.);
#2325=EDGE_CURVE('',#1851,#1756,#787,.T.);
#2326=EDGE_CURVE('',#1848,#1851,#788,.T.);
#2327=EDGE_CURVE('',#1849,#1852,#789,.T.);
#2328=EDGE_CURVE('',#1762,#1852,#790,.T.);
#2329=EDGE_CURVE('',#1853,#1821,#791,.T.);
#2330=EDGE_CURVE('',#1850,#1853,#792,.T.);
#2331=EDGE_CURVE('',#1755,#1854,#793,.T.);
#2332=EDGE_CURVE('',#1851,#1854,#794,.T.);
#2333=EDGE_CURVE('',#1852,#1855,#795,.T.);
#2334=EDGE_CURVE('',#1763,#1855,#796,.T.);
#2335=EDGE_CURVE('',#1856,#1820,#797,.T.);
#2336=EDGE_CURVE('',#1853,#1856,#798,.T.);
#2337=EDGE_CURVE('',#1754,#1857,#799,.T.);
#2338=EDGE_CURVE('',#1854,#1857,#800,.T.);
#2339=EDGE_CURVE('',#1855,#1858,#801,.T.);
#2340=EDGE_CURVE('',#1764,#1858,#802,.T.);
#2341=EDGE_CURVE('',#1859,#1819,#803,.T.);
#2342=EDGE_CURVE('',#1856,#1859,#804,.T.);
#2343=EDGE_CURVE('',#1753,#1860,#805,.T.);
#2344=EDGE_CURVE('',#1857,#1860,#806,.T.);
#2345=EDGE_CURVE('',#1858,#1861,#807,.T.);
#2346=EDGE_CURVE('',#1765,#1861,#808,.T.);
#2347=EDGE_CURVE('',#1862,#1818,#809,.T.);
#2348=EDGE_CURVE('',#1859,#1862,#810,.T.);
#2349=EDGE_CURVE('',#1752,#1863,#811,.T.);
#2350=EDGE_CURVE('',#1860,#1863,#812,.T.);
#2351=EDGE_CURVE('',#1861,#1864,#813,.T.);
#2352=EDGE_CURVE('',#1766,#1864,#814,.T.);
#2353=EDGE_CURVE('',#1865,#1817,#815,.T.);
#2354=EDGE_CURVE('',#1862,#1865,#816,.T.);
#2355=EDGE_CURVE('',#1751,#1866,#817,.T.);
#2356=EDGE_CURVE('',#1863,#1866,#818,.T.);
#2357=EDGE_CURVE('',#1864,#1867,#819,.T.);
#2358=EDGE_CURVE('',#1767,#1867,#820,.T.);
#2359=EDGE_CURVE('',#1868,#1816,#821,.T.);
#2360=EDGE_CURVE('',#1865,#1868,#822,.T.);
#2361=EDGE_CURVE('',#1750,#1869,#823,.T.);
#2362=EDGE_CURVE('',#1866,#1869,#824,.T.);
#2363=EDGE_CURVE('',#1870,#1867,#825,.T.);
#2364=EDGE_CURVE('',#1870,#1768,#826,.T.);
#2365=EDGE_CURVE('',#1815,#1871,#827,.T.);
#2366=EDGE_CURVE('',#1868,#1871,#828,.T.);
#2367=EDGE_CURVE('',#1872,#1749,#829,.T.);
#2368=EDGE_CURVE('',#1872,#1869,#830,.T.);
#2369=EDGE_CURVE('',#1870,#1873,#831,.T.);
#2370=EDGE_CURVE('',#1873,#1769,#832,.T.);
#2371=EDGE_CURVE('',#1814,#1874,#833,.T.);
#2372=EDGE_CURVE('',#1871,#1874,#834,.T.);
#2373=EDGE_CURVE('',#1875,#1748,#835,.T.);
#2374=EDGE_CURVE('',#1872,#1875,#836,.T.);
#2375=EDGE_CURVE('',#1873,#1876,#837,.T.);
#2376=EDGE_CURVE('',#1876,#1770,#838,.T.);
#2377=EDGE_CURVE('',#1813,#1877,#839,.T.);
#2378=EDGE_CURVE('',#1874,#1877,#840,.T.);
#2379=EDGE_CURVE('',#1878,#1747,#841,.T.);
#2380=EDGE_CURVE('',#1875,#1878,#842,.T.);
#2381=EDGE_CURVE('',#1876,#1879,#843,.T.);
#2382=EDGE_CURVE('',#1879,#1771,#844,.T.);
#2383=EDGE_CURVE('',#1812,#1880,#845,.T.);
#2384=EDGE_CURVE('',#1877,#1880,#846,.T.);
#2385=EDGE_CURVE('',#1881,#1746,#847,.T.);
#2386=EDGE_CURVE('',#1878,#1881,#848,.T.);
#2387=EDGE_CURVE('',#1879,#1882,#849,.T.);
#2388=EDGE_CURVE('',#1882,#1772,#850,.T.);
#2389=EDGE_CURVE('',#1811,#1883,#851,.T.);
#2390=EDGE_CURVE('',#1880,#1883,#852,.T.);
#2391=EDGE_CURVE('',#1884,#1745,#853,.T.);
#2392=EDGE_CURVE('',#1881,#1884,#854,.T.);
#2393=EDGE_CURVE('',#1885,#1882,#855,.T.);
#2394=EDGE_CURVE('',#1885,#1773,#856,.T.);
#2395=EDGE_CURVE('',#1810,#1886,#857,.T.);
#2396=EDGE_CURVE('',#1883,#1886,#858,.T.);
#2397=EDGE_CURVE('',#1887,#1744,#859,.T.);
#2398=EDGE_CURVE('',#1884,#1887,#860,.T.);
#2399=EDGE_CURVE('',#1885,#1888,#861,.T.);
#2400=EDGE_CURVE('',#1888,#1774,#862,.T.);
#2401=EDGE_CURVE('',#1809,#1889,#863,.T.);
#2402=EDGE_CURVE('',#1886,#1889,#864,.T.);
#2403=EDGE_CURVE('',#1890,#1743,#865,.T.);
#2404=EDGE_CURVE('',#1887,#1890,#866,.T.);
#2405=EDGE_CURVE('',#1888,#1891,#867,.T.);
#2406=EDGE_CURVE('',#1891,#1775,#868,.T.);
#2407=EDGE_CURVE('',#1808,#1892,#869,.T.);
#2408=EDGE_CURVE('',#1889,#1892,#870,.T.);
#2409=EDGE_CURVE('',#1893,#1742,#871,.T.);
#2410=EDGE_CURVE('',#1890,#1893,#872,.T.);
#2411=EDGE_CURVE('',#1891,#1894,#873,.T.);
#2412=EDGE_CURVE('',#1894,#1741,#874,.T.);
#2413=EDGE_CURVE('',#1806,#1895,#875,.T.);
#2414=EDGE_CURVE('',#1892,#1895,#876,.T.);
#2415=EDGE_CURVE('',#1896,#1740,#877,.T.);
#2416=EDGE_CURVE('',#1896,#1893,#878,.T.);
#2417=EDGE_CURVE('',#1896,#1894,#879,.T.);
#2418=EDGE_CURVE('',#1710,#1897,#880,.T.);
#2419=EDGE_CURVE('',#1898,#1897,#881,.T.);
#2420=EDGE_CURVE('',#1899,#1898,#882,.T.);
#2421=EDGE_CURVE('',#1900,#1899,#883,.T.);
#2422=EDGE_CURVE('',#1900,#1776,#884,.T.);
#2423=EDGE_CURVE('',#1739,#1901,#885,.T.);
#2424=EDGE_CURVE('',#1901,#1897,#886,.T.);
#2425=EDGE_CURVE('',#1902,#1900,#887,.T.);
#2426=EDGE_CURVE('',#1902,#1777,#888,.T.);
#2427=EDGE_CURVE('',#1738,#1903,#889,.T.);
#2428=EDGE_CURVE('',#1903,#1901,#890,.T.);
#2429=EDGE_CURVE('',#1904,#1902,#891,.T.);
#2430=EDGE_CURVE('',#1904,#1778,#892,.T.);
#2431=EDGE_CURVE('',#1737,#1905,#893,.T.);
#2432=EDGE_CURVE('',#1905,#1903,#894,.T.);
#2433=EDGE_CURVE('',#1736,#1906,#895,.T.);
#2434=EDGE_CURVE('',#1905,#1906,#896,.T.);
#2435=EDGE_CURVE('',#1733,#1907,#897,.T.);
#2436=EDGE_CURVE('',#1908,#1907,#898,.T.);
#2437=EDGE_CURVE('',#1734,#1908,#899,.T.);
#2438=EDGE_CURVE('',#1735,#1909,#900,.T.);
#2439=EDGE_CURVE('',#1906,#1909,#901,.T.);
#2440=EDGE_CURVE('',#1909,#1908,#902,.T.);
#2441=EDGE_CURVE('',#1910,#1845,#903,.T.);
#2442=EDGE_CURVE('',#1826,#1910,#904,.T.);
#2443=EDGE_CURVE('',#1911,#1910,#905,.T.);
#2444=EDGE_CURVE('',#1827,#1911,#906,.T.);
#2445=EDGE_CURVE('',#1912,#1911,#907,.T.);
#2446=EDGE_CURVE('',#1912,#1828,#908,.T.);
#2447=EDGE_CURVE('',#1913,#1912,#909,.T.);
#2448=EDGE_CURVE('',#1913,#1829,#910,.T.);
#2449=EDGE_CURVE('',#1914,#1913,#911,.T.);
#2450=EDGE_CURVE('',#1914,#1830,#912,.T.);
#2451=EDGE_CURVE('',#1915,#1914,#913,.T.);
#2452=EDGE_CURVE('',#1915,#1831,#914,.T.);
#2453=EDGE_CURVE('',#1916,#1915,#915,.T.);
#2454=EDGE_CURVE('',#1916,#1832,#916,.T.);
#2455=EDGE_CURVE('',#1917,#1916,#917,.T.);
#2456=EDGE_CURVE('',#1917,#1833,#918,.T.);
#2457=EDGE_CURVE('',#1918,#1917,#919,.T.);
#2458=EDGE_CURVE('',#1834,#1918,#920,.T.);
#2459=EDGE_CURVE('',#1919,#1918,#921,.T.);
#2460=EDGE_CURVE('',#1835,#1919,#922,.T.);
#2461=EDGE_CURVE('',#1920,#1919,#923,.T.);
#2462=EDGE_CURVE('',#1836,#1920,#924,.T.);
#2463=EDGE_CURVE('',#1921,#1920,#925,.T.);
#2464=EDGE_CURVE('',#1837,#1921,#926,.T.);
#2465=EDGE_CURVE('',#1922,#1921,#927,.T.);
#2466=EDGE_CURVE('',#1838,#1922,#928,.T.);
#2467=EDGE_CURVE('',#1923,#1922,#929,.T.);
#2468=EDGE_CURVE('',#1839,#1923,#930,.T.);
#2469=EDGE_CURVE('',#1807,#1924,#931,.T.);
#2470=EDGE_CURVE('',#1895,#1924,#932,.T.);
#2471=EDGE_CURVE('',#1841,#1925,#933,.T.);
#2472=EDGE_CURVE('',#1924,#1925,#934,.T.);
#2473=EDGE_CURVE('',#1840,#1926,#935,.T.);
#2474=EDGE_CURVE('',#1925,#1926,#936,.T.);
#2475=EDGE_CURVE('',#1926,#1923,#937,.T.);
#2476=EDGE_CURVE('',#1927,#1928,#938,.T.);
#2477=EDGE_CURVE('',#1929,#1928,#939,.T.);
#2478=EDGE_CURVE('',#1929,#1930,#940,.T.);
#2479=EDGE_CURVE('',#1930,#1931,#941,.T.);
#2480=EDGE_CURVE('',#1931,#1932,#942,.T.);
#2481=EDGE_CURVE('',#1932,#1933,#943,.T.);
#2482=EDGE_CURVE('',#1933,#1898,#944,.T.);
#2483=EDGE_CURVE('',#1907,#1934,#945,.T.);
#2484=EDGE_CURVE('',#1934,#1935,#946,.T.);
#2485=EDGE_CURVE('',#1935,#1936,#947,.T.);
#2486=EDGE_CURVE('',#1936,#1937,#948,.T.);
#2487=EDGE_CURVE('',#1938,#1937,#949,.T.);
#2488=EDGE_CURVE('',#1939,#1938,#950,.T.);
#2489=EDGE_CURVE('',#1939,#1940,#951,.T.);
#2490=EDGE_CURVE('',#1940,#1941,#952,.T.);
#2491=EDGE_CURVE('',#1941,#1942,#953,.T.);
#2492=EDGE_CURVE('',#1942,#1943,#954,.T.);
#2493=EDGE_CURVE('',#1943,#1944,#955,.T.);
#2494=EDGE_CURVE('',#1944,#1945,#956,.T.);
#2495=EDGE_CURVE('',#1946,#1945,#957,.T.);
#2496=EDGE_CURVE('',#1947,#1946,#958,.T.);
#2497=EDGE_CURVE('',#1948,#1947,#959,.T.);
#2498=EDGE_CURVE('',#1948,#1949,#960,.T.);
#2499=EDGE_CURVE('',#1949,#1950,#961,.T.);
#2500=EDGE_CURVE('',#1950,#1951,#962,.T.);
#2501=EDGE_CURVE('',#1952,#1951,#963,.T.);
#2502=EDGE_CURVE('',#1952,#1953,#964,.T.);
#2503=EDGE_CURVE('',#1953,#1927,#965,.T.);
#2504=EDGE_CURVE('',#1954,#1904,#966,.T.);
#2505=EDGE_CURVE('',#1954,#1779,#967,.T.);
#2506=EDGE_CURVE('',#1955,#1781,#968,.T.);
#2507=EDGE_CURVE('',#1956,#1955,#969,.T.);
#2508=EDGE_CURVE('',#1956,#1782,#970,.T.);
#2509=EDGE_CURVE('',#1957,#1956,#971,.T.);
#2510=EDGE_CURVE('',#1957,#1783,#972,.T.);
#2511=EDGE_CURVE('',#1958,#1934,#973,.T.);
#2512=EDGE_CURVE('',#1959,#1958,#974,.T.);
#2513=EDGE_CURVE('',#1959,#1935,#975,.T.);
#2514=EDGE_CURVE('',#1899,#1960,#976,.T.);
#2515=EDGE_CURVE('',#1960,#1933,#977,.T.);
#2516=EDGE_CURVE('',#1958,#1957,#978,.T.);
#2517=EDGE_CURVE('',#1961,#1959,#979,.T.);
#2518=EDGE_CURVE('',#1961,#1936,#980,.T.);
#2519=EDGE_CURVE('',#1962,#1963,#981,.T.);
#2520=EDGE_CURVE('',#1932,#1962,#982,.T.);
#2521=EDGE_CURVE('',#1963,#1931,#983,.T.);
#2522=EDGE_CURVE('',#1960,#1962,#984,.T.);
#2523=EDGE_CURVE('',#1938,#1964,#985,.T.);
#2524=EDGE_CURVE('',#1965,#1937,#986,.T.);
#2525=EDGE_CURVE('',#1964,#1965,#987,.T.);
#2526=EDGE_CURVE('',#1965,#1961,#988,.T.);
#2527=EDGE_CURVE('',#1966,#1963,#989,.T.);
#2528=EDGE_CURVE('',#1966,#1930,#990,.T.);
#2529=EDGE_CURVE('',#1967,#1968,#991,.T.);
#2530=EDGE_CURVE('',#1952,#1967,#992,.T.);
#2531=EDGE_CURVE('',#1968,#1951,#993,.T.);
#2532=EDGE_CURVE('',#1969,#1970,#994,.T.);
#2533=EDGE_CURVE('',#1928,#1969,#995,.T.);
#2534=EDGE_CURVE('',#1970,#1927,#996,.T.);
#2535=EDGE_CURVE('',#1971,#1948,#997,.T.);
#2536=EDGE_CURVE('',#1971,#1972,#998,.T.);
#2537=EDGE_CURVE('',#1972,#1949,#999,.T.);
#2538=EDGE_CURVE('',#1973,#1939,#1000,.T.);
#2539=EDGE_CURVE('',#1973,#1974,#1001,.T.);
#2540=EDGE_CURVE('',#1940,#1974,#1002,.T.);
#2541=EDGE_CURVE('',#1944,#1975,#1003,.T.);
#2542=EDGE_CURVE('',#1976,#1975,#1004,.T.);
#2543=EDGE_CURVE('',#1945,#1976,#1005,.T.);
#2544=EDGE_CURVE('',#1941,#1977,#1006,.T.);
#2545=EDGE_CURVE('',#1978,#1977,#1007,.T.);
#2546=EDGE_CURVE('',#1942,#1978,#1008,.T.);
#2547=EDGE_CURVE('',#1979,#1969,#1009,.T.);
#2548=EDGE_CURVE('',#1929,#1979,#1010,.T.);
#2549=EDGE_CURVE('',#1968,#1980,#1011,.T.);
#2550=EDGE_CURVE('',#1980,#1950,#1012,.T.);
#2551=EDGE_CURVE('',#1970,#1981,#1013,.T.);
#2552=EDGE_CURVE('',#1981,#1953,#1014,.T.);
#2553=EDGE_CURVE('',#1982,#1780,#1015,.T.);
#2554=EDGE_CURVE('',#1982,#1955,#1016,.T.);
#2555=EDGE_CURVE('',#1977,#1974,#1017,.T.);
#2556=EDGE_CURVE('',#1983,#1976,#1018,.T.);
#2557=EDGE_CURVE('',#1946,#1983,#1019,.T.);
#2558=EDGE_CURVE('',#1984,#1978,#1020,.T.);
#2559=EDGE_CURVE('',#1943,#1984,#1021,.T.);
#2560=EDGE_CURVE('',#1980,#1972,#1022,.T.);
#2561=EDGE_CURVE('',#1981,#1967,#1023,.T.);
#2562=EDGE_CURVE('',#1975,#1984,#1024,.T.);
#2563=EDGE_CURVE('',#1985,#1983,#1025,.T.);
#2564=EDGE_CURVE('',#1947,#1985,#1026,.T.);
#2565=EDGE_CURVE('',#1971,#1985,#1027,.T.);
#2566=EDGE_CURVE('',#1973,#1964,#1028,.T.);
#2567=EDGE_CURVE('',#1982,#1954,#1029,.T.);
#2568=EDGE_CURVE('',#1979,#1966,#1030,.T.);
#2569=ORIENTED_EDGE('',*,*,#1986,.F.);
#2570=ORIENTED_EDGE('',*,*,#1987,.F.);
#2571=ORIENTED_EDGE('',*,*,#1988,.F.);
#2572=ORIENTED_EDGE('',*,*,#1989,.F.);
#2573=ORIENTED_EDGE('',*,*,#1990,.F.);
#2574=ORIENTED_EDGE('',*,*,#1989,.T.);
#2575=ORIENTED_EDGE('',*,*,#1991,.T.);
#2576=ORIENTED_EDGE('',*,*,#1992,.T.);
#2577=ORIENTED_EDGE('',*,*,#1993,.F.);
#2578=ORIENTED_EDGE('',*,*,#1992,.F.);
#2579=ORIENTED_EDGE('',*,*,#1994,.F.);
#2580=ORIENTED_EDGE('',*,*,#1995,.F.);
#2581=ORIENTED_EDGE('',*,*,#1991,.F.);
#2582=ORIENTED_EDGE('',*,*,#1988,.T.);
#2583=ORIENTED_EDGE('',*,*,#1996,.T.);
#2584=ORIENTED_EDGE('',*,*,#1994,.T.);
#2585=ORIENTED_EDGE('',*,*,#1997,.F.);
#2586=ORIENTED_EDGE('',*,*,#1995,.T.);
#2587=ORIENTED_EDGE('',*,*,#1996,.F.);
#2588=ORIENTED_EDGE('',*,*,#1987,.T.);
#2589=ORIENTED_EDGE('',*,*,#1998,.T.);
#2590=ORIENTED_EDGE('',*,*,#1999,.T.);
#2591=ORIENTED_EDGE('',*,*,#2000,.T.);
#2592=ORIENTED_EDGE('',*,*,#2001,.T.);
#2593=ORIENTED_EDGE('',*,*,#2002,.T.);
#2594=ORIENTED_EDGE('',*,*,#2003,.T.);
#2595=ORIENTED_EDGE('',*,*,#2004,.T.);
#2596=ORIENTED_EDGE('',*,*,#2005,.T.);
#2597=ORIENTED_EDGE('',*,*,#2006,.T.);
#2598=ORIENTED_EDGE('',*,*,#2003,.F.);
#2599=ORIENTED_EDGE('',*,*,#2007,.F.);
#2600=ORIENTED_EDGE('',*,*,#2001,.F.);
#2601=ORIENTED_EDGE('',*,*,#2008,.T.);
#2602=ORIENTED_EDGE('',*,*,#2004,.F.);
#2603=ORIENTED_EDGE('',*,*,#2006,.F.);
#2604=ORIENTED_EDGE('',*,*,#2000,.F.);
#2605=ORIENTED_EDGE('',*,*,#2009,.T.);
#2606=ORIENTED_EDGE('',*,*,#2005,.F.);
#2607=ORIENTED_EDGE('',*,*,#2008,.F.);
#2608=ORIENTED_EDGE('',*,*,#1999,.F.);
#2609=ORIENTED_EDGE('',*,*,#1993,.T.);
#2610=ORIENTED_EDGE('',*,*,#1997,.T.);
#2611=ORIENTED_EDGE('',*,*,#1986,.T.);
#2612=ORIENTED_EDGE('',*,*,#1990,.T.);
#2613=ORIENTED_EDGE('',*,*,#2007,.T.);
#2614=ORIENTED_EDGE('',*,*,#2002,.F.);
#2615=ORIENTED_EDGE('',*,*,#2009,.F.);
#2616=ORIENTED_EDGE('',*,*,#1998,.F.);
#2617=ORIENTED_EDGE('',*,*,#2010,.F.);
#2618=ORIENTED_EDGE('',*,*,#2011,.F.);
#2619=ORIENTED_EDGE('',*,*,#2012,.F.);
#2620=ORIENTED_EDGE('',*,*,#2013,.F.);
#2621=ORIENTED_EDGE('',*,*,#2014,.F.);
#2622=ORIENTED_EDGE('',*,*,#2013,.T.);
#2623=ORIENTED_EDGE('',*,*,#2015,.F.);
#2624=ORIENTED_EDGE('',*,*,#2016,.F.);
#2625=ORIENTED_EDGE('',*,*,#2017,.F.);
#2626=ORIENTED_EDGE('',*,*,#2018,.F.);
#2627=ORIENTED_EDGE('',*,*,#2019,.T.);
#2628=ORIENTED_EDGE('',*,*,#2011,.T.);
#2629=ORIENTED_EDGE('',*,*,#2020,.F.);
#2630=ORIENTED_EDGE('',*,*,#2015,.T.);
#2631=ORIENTED_EDGE('',*,*,#2012,.T.);
#2632=ORIENTED_EDGE('',*,*,#2019,.F.);
#2633=ORIENTED_EDGE('',*,*,#2021,.F.);
#2634=ORIENTED_EDGE('',*,*,#2016,.T.);
#2635=ORIENTED_EDGE('',*,*,#2020,.T.);
#2636=ORIENTED_EDGE('',*,*,#2018,.T.);
#2637=ORIENTED_EDGE('',*,*,#2022,.F.);
#2638=ORIENTED_EDGE('',*,*,#2023,.F.);
#2639=ORIENTED_EDGE('',*,*,#2024,.T.);
#2640=ORIENTED_EDGE('',*,*,#2025,.F.);
#2641=ORIENTED_EDGE('',*,*,#2026,.F.);
#2642=ORIENTED_EDGE('',*,*,#2027,.T.);
#2643=ORIENTED_EDGE('',*,*,#2028,.F.);
#2644=ORIENTED_EDGE('',*,*,#2029,.F.);
#2645=ORIENTED_EDGE('',*,*,#2030,.F.);
#2646=ORIENTED_EDGE('',*,*,#2031,.T.);
#2647=ORIENTED_EDGE('',*,*,#2032,.F.);
#2648=ORIENTED_EDGE('',*,*,#2033,.F.);
#2649=ORIENTED_EDGE('',*,*,#2034,.F.);
#2650=ORIENTED_EDGE('',*,*,#2035,.T.);
#2651=ORIENTED_EDGE('',*,*,#2036,.T.);
#2652=ORIENTED_EDGE('',*,*,#2037,.T.);
#2653=ORIENTED_EDGE('',*,*,#2038,.F.);
#2654=ORIENTED_EDGE('',*,*,#2039,.F.);
#2655=ORIENTED_EDGE('',*,*,#2040,.T.);
#2656=ORIENTED_EDGE('',*,*,#2041,.T.);
#2657=ORIENTED_EDGE('',*,*,#2042,.F.);
#2658=ORIENTED_EDGE('',*,*,#2043,.T.);
#2659=ORIENTED_EDGE('',*,*,#2044,.T.);
#2660=ORIENTED_EDGE('',*,*,#2045,.F.);
#2661=ORIENTED_EDGE('',*,*,#2046,.F.);
#2662=ORIENTED_EDGE('',*,*,#2047,.T.);
#2663=ORIENTED_EDGE('',*,*,#2048,.T.);
#2664=ORIENTED_EDGE('',*,*,#2049,.F.);
#2665=ORIENTED_EDGE('',*,*,#2050,.T.);
#2666=ORIENTED_EDGE('',*,*,#2051,.F.);
#2667=ORIENTED_EDGE('',*,*,#2052,.F.);
#2668=ORIENTED_EDGE('',*,*,#2053,.T.);
#2669=ORIENTED_EDGE('',*,*,#2054,.T.);
#2670=ORIENTED_EDGE('',*,*,#2055,.F.);
#2671=ORIENTED_EDGE('',*,*,#2056,.F.);
#2672=ORIENTED_EDGE('',*,*,#2057,.T.);
#2673=ORIENTED_EDGE('',*,*,#2054,.F.);
#2674=ORIENTED_EDGE('',*,*,#2058,.F.);
#2675=ORIENTED_EDGE('',*,*,#2059,.T.);
#2676=ORIENTED_EDGE('',*,*,#2060,.T.);
#2677=ORIENTED_EDGE('',*,*,#2031,.F.);
#2678=ORIENTED_EDGE('',*,*,#2061,.T.);
#2679=ORIENTED_EDGE('',*,*,#2062,.T.);
#2680=ORIENTED_EDGE('',*,*,#2063,.T.);
#2681=ORIENTED_EDGE('',*,*,#2064,.F.);
#2682=ORIENTED_EDGE('',*,*,#2051,.T.);
#2683=ORIENTED_EDGE('',*,*,#2065,.F.);
#2684=ORIENTED_EDGE('',*,*,#2066,.F.);
#2685=ORIENTED_EDGE('',*,*,#2057,.F.);
#2686=ORIENTED_EDGE('',*,*,#2067,.F.);
#2687=ORIENTED_EDGE('',*,*,#2068,.F.);
#2688=ORIENTED_EDGE('',*,*,#2069,.T.);
#2689=ORIENTED_EDGE('',*,*,#2055,.T.);
#2690=ORIENTED_EDGE('',*,*,#2060,.F.);
#2691=ORIENTED_EDGE('',*,*,#2070,.F.);
#2692=ORIENTED_EDGE('',*,*,#2071,.T.);
#2693=ORIENTED_EDGE('',*,*,#2072,.F.);
#2694=ORIENTED_EDGE('',*,*,#2073,.T.);
#2695=ORIENTED_EDGE('',*,*,#2038,.T.);
#2696=ORIENTED_EDGE('',*,*,#2074,.F.);
#2697=ORIENTED_EDGE('',*,*,#2075,.F.);
#2698=ORIENTED_EDGE('',*,*,#2076,.T.);
#2699=ORIENTED_EDGE('',*,*,#2048,.F.);
#2700=ORIENTED_EDGE('',*,*,#2077,.F.);
#2701=ORIENTED_EDGE('',*,*,#2065,.T.);
#2702=ORIENTED_EDGE('',*,*,#2050,.F.);
#2703=ORIENTED_EDGE('',*,*,#2078,.F.);
#2704=ORIENTED_EDGE('',*,*,#2079,.F.);
#2705=ORIENTED_EDGE('',*,*,#2032,.T.);
#2706=ORIENTED_EDGE('',*,*,#2063,.F.);
#2707=ORIENTED_EDGE('',*,*,#2080,.F.);
#2708=ORIENTED_EDGE('',*,*,#2081,.T.);
#2709=ORIENTED_EDGE('',*,*,#2024,.F.);
#2710=ORIENTED_EDGE('',*,*,#2082,.F.);
#2711=ORIENTED_EDGE('',*,*,#2083,.F.);
#2712=ORIENTED_EDGE('',*,*,#2084,.T.);
#2713=ORIENTED_EDGE('',*,*,#2056,.T.);
#2714=ORIENTED_EDGE('',*,*,#2071,.F.);
#2715=ORIENTED_EDGE('',*,*,#2085,.F.);
#2716=ORIENTED_EDGE('',*,*,#2067,.T.);
#2717=ORIENTED_EDGE('',*,*,#2022,.T.);
#2718=ORIENTED_EDGE('',*,*,#2069,.F.);
#2719=ORIENTED_EDGE('',*,*,#2086,.F.);
#2720=ORIENTED_EDGE('',*,*,#2087,.T.);
#2721=ORIENTED_EDGE('',*,*,#2088,.F.);
#2722=ORIENTED_EDGE('',*,*,#2074,.T.);
#2723=ORIENTED_EDGE('',*,*,#2037,.F.);
#2724=ORIENTED_EDGE('',*,*,#2089,.F.);
#2725=ORIENTED_EDGE('',*,*,#2078,.T.);
#2726=ORIENTED_EDGE('',*,*,#2049,.T.);
#2727=ORIENTED_EDGE('',*,*,#2076,.F.);
#2728=ORIENTED_EDGE('',*,*,#2090,.F.);
#2729=ORIENTED_EDGE('',*,*,#2091,.F.);
#2730=ORIENTED_EDGE('',*,*,#2092,.F.);
#2731=ORIENTED_EDGE('',*,*,#2093,.T.);
#2732=ORIENTED_EDGE('',*,*,#2045,.T.);
#2733=ORIENTED_EDGE('',*,*,#2094,.F.);
#2734=ORIENTED_EDGE('',*,*,#2077,.T.);
#2735=ORIENTED_EDGE('',*,*,#2047,.F.);
#2736=ORIENTED_EDGE('',*,*,#2095,.F.);
#2737=ORIENTED_EDGE('',*,*,#2096,.F.);
#2738=ORIENTED_EDGE('',*,*,#2034,.T.);
#2739=ORIENTED_EDGE('',*,*,#2097,.F.);
#2740=ORIENTED_EDGE('',*,*,#2098,.F.);
#2741=ORIENTED_EDGE('',*,*,#2033,.T.);
#2742=ORIENTED_EDGE('',*,*,#2081,.F.);
#2743=ORIENTED_EDGE('',*,*,#2099,.F.);
#2744=ORIENTED_EDGE('',*,*,#2097,.T.);
#2745=ORIENTED_EDGE('',*,*,#2025,.T.);
#2746=ORIENTED_EDGE('',*,*,#2084,.F.);
#2747=ORIENTED_EDGE('',*,*,#2100,.F.);
#2748=ORIENTED_EDGE('',*,*,#2101,.F.);
#2749=ORIENTED_EDGE('',*,*,#2023,.T.);
#2750=ORIENTED_EDGE('',*,*,#2087,.F.);
#2751=ORIENTED_EDGE('',*,*,#2102,.F.);
#2752=ORIENTED_EDGE('',*,*,#2082,.T.);
#2753=ORIENTED_EDGE('',*,*,#2089,.T.);
#2754=ORIENTED_EDGE('',*,*,#2036,.F.);
#2755=ORIENTED_EDGE('',*,*,#2103,.F.);
#2756=ORIENTED_EDGE('',*,*,#2104,.T.);
#2757=ORIENTED_EDGE('',*,*,#2028,.T.);
#2758=ORIENTED_EDGE('',*,*,#2105,.F.);
#2759=ORIENTED_EDGE('',*,*,#2106,.F.);
#2760=ORIENTED_EDGE('',*,*,#2107,.T.);
#2761=ORIENTED_EDGE('',*,*,#2068,.T.);
#2762=ORIENTED_EDGE('',*,*,#2085,.T.);
#2763=ORIENTED_EDGE('',*,*,#2070,.T.);
#2764=ORIENTED_EDGE('',*,*,#2059,.F.);
#2765=ORIENTED_EDGE('',*,*,#2108,.F.);
#2766=ORIENTED_EDGE('',*,*,#2109,.T.);
#2767=ORIENTED_EDGE('',*,*,#2066,.T.);
#2768=ORIENTED_EDGE('',*,*,#2079,.T.);
#2769=ORIENTED_EDGE('',*,*,#2090,.T.);
#2770=ORIENTED_EDGE('',*,*,#2075,.T.);
#2771=ORIENTED_EDGE('',*,*,#2094,.T.);
#2772=ORIENTED_EDGE('',*,*,#2110,.T.);
#2773=ORIENTED_EDGE('',*,*,#2092,.T.);
#2774=ORIENTED_EDGE('',*,*,#2111,.F.);
#2775=ORIENTED_EDGE('',*,*,#2112,.T.);
#2776=ORIENTED_EDGE('',*,*,#2113,.T.);
#2777=ORIENTED_EDGE('',*,*,#2114,.T.);
#2778=ORIENTED_EDGE('',*,*,#2115,.F.);
#2779=ORIENTED_EDGE('',*,*,#2116,.F.);
#2780=ORIENTED_EDGE('',*,*,#2072,.T.);
#2781=ORIENTED_EDGE('',*,*,#2088,.T.);
#2782=ORIENTED_EDGE('',*,*,#2104,.F.);
#2783=ORIENTED_EDGE('',*,*,#2117,.F.);
#2784=ORIENTED_EDGE('',*,*,#2098,.T.);
#2785=ORIENTED_EDGE('',*,*,#2099,.T.);
#2786=ORIENTED_EDGE('',*,*,#2080,.T.);
#2787=ORIENTED_EDGE('',*,*,#2062,.F.);
#2788=ORIENTED_EDGE('',*,*,#2118,.F.);
#2789=ORIENTED_EDGE('',*,*,#2119,.T.);
#2790=ORIENTED_EDGE('',*,*,#2106,.T.);
#2791=ORIENTED_EDGE('',*,*,#2120,.F.);
#2792=ORIENTED_EDGE('',*,*,#2121,.T.);
#2793=ORIENTED_EDGE('',*,*,#2100,.T.);
#2794=ORIENTED_EDGE('',*,*,#2083,.T.);
#2795=ORIENTED_EDGE('',*,*,#2102,.T.);
#2796=ORIENTED_EDGE('',*,*,#2086,.T.);
#2797=ORIENTED_EDGE('',*,*,#2014,.T.);
#2798=ORIENTED_EDGE('',*,*,#2021,.T.);
#2799=ORIENTED_EDGE('',*,*,#2017,.T.);
#2800=ORIENTED_EDGE('',*,*,#2010,.T.);
#2801=ORIENTED_EDGE('',*,*,#2110,.F.);
#2802=ORIENTED_EDGE('',*,*,#2095,.T.);
#2803=ORIENTED_EDGE('',*,*,#2046,.T.);
#2804=ORIENTED_EDGE('',*,*,#2093,.F.);
#2805=ORIENTED_EDGE('',*,*,#2112,.F.);
#2806=ORIENTED_EDGE('',*,*,#2122,.T.);
#2807=ORIENTED_EDGE('',*,*,#2043,.F.);
#2808=ORIENTED_EDGE('',*,*,#2123,.F.);
#2809=ORIENTED_EDGE('',*,*,#2122,.F.);
#2810=ORIENTED_EDGE('',*,*,#2111,.T.);
#2811=ORIENTED_EDGE('',*,*,#2091,.T.);
#2812=ORIENTED_EDGE('',*,*,#2044,.F.);
#2813=ORIENTED_EDGE('',*,*,#2114,.F.);
#2814=ORIENTED_EDGE('',*,*,#2124,.T.);
#2815=ORIENTED_EDGE('',*,*,#2041,.F.);
#2816=ORIENTED_EDGE('',*,*,#2125,.F.);
#2817=ORIENTED_EDGE('',*,*,#2027,.F.);
#2818=ORIENTED_EDGE('',*,*,#2126,.F.);
#2819=ORIENTED_EDGE('',*,*,#2120,.T.);
#2820=ORIENTED_EDGE('',*,*,#2105,.T.);
#2821=ORIENTED_EDGE('',*,*,#2127,.T.);
#2822=ORIENTED_EDGE('',*,*,#2052,.T.);
#2823=ORIENTED_EDGE('',*,*,#2064,.T.);
#2824=ORIENTED_EDGE('',*,*,#2109,.F.);
#2825=ORIENTED_EDGE('',*,*,#2127,.F.);
#2826=ORIENTED_EDGE('',*,*,#2108,.T.);
#2827=ORIENTED_EDGE('',*,*,#2058,.T.);
#2828=ORIENTED_EDGE('',*,*,#2053,.F.);
#2829=ORIENTED_EDGE('',*,*,#2113,.F.);
#2830=ORIENTED_EDGE('',*,*,#2123,.T.);
#2831=ORIENTED_EDGE('',*,*,#2042,.T.);
#2832=ORIENTED_EDGE('',*,*,#2124,.F.);
#2833=ORIENTED_EDGE('',*,*,#2029,.T.);
#2834=ORIENTED_EDGE('',*,*,#2107,.F.);
#2835=ORIENTED_EDGE('',*,*,#2119,.F.);
#2836=ORIENTED_EDGE('',*,*,#2128,.F.);
#2837=ORIENTED_EDGE('',*,*,#2115,.T.);
#2838=ORIENTED_EDGE('',*,*,#2125,.T.);
#2839=ORIENTED_EDGE('',*,*,#2040,.F.);
#2840=ORIENTED_EDGE('',*,*,#2129,.F.);
#2841=ORIENTED_EDGE('',*,*,#2030,.T.);
#2842=ORIENTED_EDGE('',*,*,#2128,.T.);
#2843=ORIENTED_EDGE('',*,*,#2118,.T.);
#2844=ORIENTED_EDGE('',*,*,#2061,.F.);
#2845=ORIENTED_EDGE('',*,*,#2116,.T.);
#2846=ORIENTED_EDGE('',*,*,#2129,.T.);
#2847=ORIENTED_EDGE('',*,*,#2039,.T.);
#2848=ORIENTED_EDGE('',*,*,#2073,.F.);
#2849=ORIENTED_EDGE('',*,*,#2126,.T.);
#2850=ORIENTED_EDGE('',*,*,#2026,.T.);
#2851=ORIENTED_EDGE('',*,*,#2101,.T.);
#2852=ORIENTED_EDGE('',*,*,#2121,.F.);
#2853=ORIENTED_EDGE('',*,*,#2096,.T.);
#2854=ORIENTED_EDGE('',*,*,#2117,.T.);
#2855=ORIENTED_EDGE('',*,*,#2103,.T.);
#2856=ORIENTED_EDGE('',*,*,#2035,.F.);
#2857=ORIENTED_EDGE('',*,*,#2130,.F.);
#2858=ORIENTED_EDGE('',*,*,#2131,.T.);
#2859=ORIENTED_EDGE('',*,*,#2132,.F.);
#2860=ORIENTED_EDGE('',*,*,#2131,.F.);
#2861=ORIENTED_EDGE('',*,*,#2133,.F.);
#2862=ORIENTED_EDGE('',*,*,#2134,.T.);
#2863=ORIENTED_EDGE('',*,*,#2135,.T.);
#2864=ORIENTED_EDGE('',*,*,#2136,.F.);
#2865=ORIENTED_EDGE('',*,*,#2137,.T.);
#2866=ORIENTED_EDGE('',*,*,#2138,.T.);
#2867=ORIENTED_EDGE('',*,*,#2139,.F.);
#2868=ORIENTED_EDGE('',*,*,#2138,.F.);
#2869=ORIENTED_EDGE('',*,*,#2137,.F.);
#2870=ORIENTED_EDGE('',*,*,#2140,.F.);
#2871=ORIENTED_EDGE('',*,*,#2141,.T.);
#2872=ORIENTED_EDGE('',*,*,#2142,.T.);
#2873=ORIENTED_EDGE('',*,*,#2143,.F.);
#2874=ORIENTED_EDGE('',*,*,#2142,.F.);
#2875=ORIENTED_EDGE('',*,*,#2141,.F.);
#2876=ORIENTED_EDGE('',*,*,#2144,.F.);
#2877=ORIENTED_EDGE('',*,*,#2145,.F.);
#2878=ORIENTED_EDGE('',*,*,#2146,.F.);
#2879=ORIENTED_EDGE('',*,*,#2147,.F.);
#2880=ORIENTED_EDGE('',*,*,#2146,.T.);
#2881=ORIENTED_EDGE('',*,*,#2145,.T.);
#2882=ORIENTED_EDGE('',*,*,#2148,.F.);
#2883=ORIENTED_EDGE('',*,*,#2135,.F.);
#2884=ORIENTED_EDGE('',*,*,#2134,.F.);
#2885=ORIENTED_EDGE('',*,*,#2149,.F.);
#2886=ORIENTED_EDGE('',*,*,#2150,.F.);
#2887=ORIENTED_EDGE('',*,*,#2151,.F.);
#2888=ORIENTED_EDGE('',*,*,#2152,.T.);
#2889=ORIENTED_EDGE('',*,*,#2153,.F.);
#2890=ORIENTED_EDGE('',*,*,#2152,.F.);
#2891=ORIENTED_EDGE('',*,*,#2154,.F.);
#2892=ORIENTED_EDGE('',*,*,#2155,.F.);
#2893=ORIENTED_EDGE('',*,*,#2156,.T.);
#2894=ORIENTED_EDGE('',*,*,#2157,.F.);
#2895=ORIENTED_EDGE('',*,*,#2158,.F.);
#2896=ORIENTED_EDGE('',*,*,#2159,.F.);
#2897=ORIENTED_EDGE('',*,*,#2160,.F.);
#2898=ORIENTED_EDGE('',*,*,#2161,.F.);
#2899=ORIENTED_EDGE('',*,*,#2162,.T.);
#2900=ORIENTED_EDGE('',*,*,#2163,.T.);
#2901=ORIENTED_EDGE('',*,*,#2164,.F.);
#2902=ORIENTED_EDGE('',*,*,#2165,.F.);
#2903=ORIENTED_EDGE('',*,*,#2166,.T.);
#2904=ORIENTED_EDGE('',*,*,#2167,.T.);
#2905=ORIENTED_EDGE('',*,*,#2168,.T.);
#2906=ORIENTED_EDGE('',*,*,#2169,.F.);
#2907=ORIENTED_EDGE('',*,*,#2170,.F.);
#2908=ORIENTED_EDGE('',*,*,#2171,.F.);
#2909=ORIENTED_EDGE('',*,*,#2172,.F.);
#2910=ORIENTED_EDGE('',*,*,#2173,.T.);
#2911=ORIENTED_EDGE('',*,*,#2174,.F.);
#2912=ORIENTED_EDGE('',*,*,#2175,.F.);
#2913=ORIENTED_EDGE('',*,*,#2176,.F.);
#2914=ORIENTED_EDGE('',*,*,#2177,.F.);
#2915=ORIENTED_EDGE('',*,*,#2178,.F.);
#2916=ORIENTED_EDGE('',*,*,#2179,.F.);
#2917=ORIENTED_EDGE('',*,*,#2180,.F.);
#2918=ORIENTED_EDGE('',*,*,#2181,.F.);
#2919=ORIENTED_EDGE('',*,*,#2182,.F.);
#2920=ORIENTED_EDGE('',*,*,#2183,.F.);
#2921=ORIENTED_EDGE('',*,*,#2184,.F.);
#2922=ORIENTED_EDGE('',*,*,#2185,.F.);
#2923=ORIENTED_EDGE('',*,*,#2186,.F.);
#2924=ORIENTED_EDGE('',*,*,#2187,.F.);
#2925=ORIENTED_EDGE('',*,*,#2188,.F.);
#2926=ORIENTED_EDGE('',*,*,#2189,.F.);
#2927=ORIENTED_EDGE('',*,*,#2190,.F.);
#2928=ORIENTED_EDGE('',*,*,#2191,.F.);
#2929=ORIENTED_EDGE('',*,*,#2192,.F.);
#2930=ORIENTED_EDGE('',*,*,#2193,.F.);
#2931=ORIENTED_EDGE('',*,*,#2194,.F.);
#2932=ORIENTED_EDGE('',*,*,#2195,.F.);
#2933=ORIENTED_EDGE('',*,*,#2196,.F.);
#2934=ORIENTED_EDGE('',*,*,#2197,.F.);
#2935=ORIENTED_EDGE('',*,*,#2198,.F.);
#2936=ORIENTED_EDGE('',*,*,#2199,.F.);
#2937=ORIENTED_EDGE('',*,*,#2200,.F.);
#2938=ORIENTED_EDGE('',*,*,#2201,.F.);
#2939=ORIENTED_EDGE('',*,*,#2202,.F.);
#2940=ORIENTED_EDGE('',*,*,#2203,.F.);
#2941=ORIENTED_EDGE('',*,*,#2204,.F.);
#2942=ORIENTED_EDGE('',*,*,#2205,.F.);
#2943=ORIENTED_EDGE('',*,*,#2206,.F.);
#2944=ORIENTED_EDGE('',*,*,#2207,.F.);
#2945=ORIENTED_EDGE('',*,*,#2208,.F.);
#2946=ORIENTED_EDGE('',*,*,#2209,.F.);
#2947=ORIENTED_EDGE('',*,*,#2210,.F.);
#2948=ORIENTED_EDGE('',*,*,#2211,.F.);
#2949=ORIENTED_EDGE('',*,*,#2212,.F.);
#2950=ORIENTED_EDGE('',*,*,#2213,.F.);
#2951=ORIENTED_EDGE('',*,*,#2214,.F.);
#2952=ORIENTED_EDGE('',*,*,#2215,.F.);
#2953=ORIENTED_EDGE('',*,*,#2216,.F.);
#2954=ORIENTED_EDGE('',*,*,#2217,.F.);
#2955=ORIENTED_EDGE('',*,*,#2218,.F.);
#2956=ORIENTED_EDGE('',*,*,#2219,.F.);
#2957=ORIENTED_EDGE('',*,*,#2220,.F.);
#2958=ORIENTED_EDGE('',*,*,#2221,.F.);
#2959=ORIENTED_EDGE('',*,*,#2222,.F.);
#2960=ORIENTED_EDGE('',*,*,#2223,.F.);
#2961=ORIENTED_EDGE('',*,*,#2224,.F.);
#2962=ORIENTED_EDGE('',*,*,#2225,.F.);
#2963=ORIENTED_EDGE('',*,*,#2226,.F.);
#2964=ORIENTED_EDGE('',*,*,#2227,.F.);
#2965=ORIENTED_EDGE('',*,*,#2228,.F.);
#2966=ORIENTED_EDGE('',*,*,#2229,.F.);
#2967=ORIENTED_EDGE('',*,*,#2230,.F.);
#2968=ORIENTED_EDGE('',*,*,#2231,.F.);
#2969=ORIENTED_EDGE('',*,*,#2232,.F.);
#2970=ORIENTED_EDGE('',*,*,#2233,.F.);
#2971=ORIENTED_EDGE('',*,*,#2234,.F.);
#2972=ORIENTED_EDGE('',*,*,#2235,.F.);
#2973=ORIENTED_EDGE('',*,*,#2236,.F.);
#2974=ORIENTED_EDGE('',*,*,#2237,.F.);
#2975=ORIENTED_EDGE('',*,*,#2238,.F.);
#2976=ORIENTED_EDGE('',*,*,#2239,.T.);
#2977=ORIENTED_EDGE('',*,*,#2240,.T.);
#2978=ORIENTED_EDGE('',*,*,#2241,.F.);
#2979=ORIENTED_EDGE('',*,*,#2242,.T.);
#2980=ORIENTED_EDGE('',*,*,#2243,.T.);
#2981=ORIENTED_EDGE('',*,*,#2244,.T.);
#2982=ORIENTED_EDGE('',*,*,#2245,.T.);
#2983=ORIENTED_EDGE('',*,*,#2246,.T.);
#2984=ORIENTED_EDGE('',*,*,#2247,.T.);
#2985=ORIENTED_EDGE('',*,*,#2248,.F.);
#2986=ORIENTED_EDGE('',*,*,#2249,.T.);
#2987=ORIENTED_EDGE('',*,*,#2250,.T.);
#2988=ORIENTED_EDGE('',*,*,#2150,.T.);
#2989=ORIENTED_EDGE('',*,*,#2251,.F.);
#2990=ORIENTED_EDGE('',*,*,#2252,.F.);
#2991=ORIENTED_EDGE('',*,*,#2253,.F.);
#2992=ORIENTED_EDGE('',*,*,#2254,.F.);
#2993=ORIENTED_EDGE('',*,*,#2255,.F.);
#2994=ORIENTED_EDGE('',*,*,#2256,.F.);
#2995=ORIENTED_EDGE('',*,*,#2257,.F.);
#2996=ORIENTED_EDGE('',*,*,#2258,.F.);
#2997=ORIENTED_EDGE('',*,*,#2259,.F.);
#2998=ORIENTED_EDGE('',*,*,#2260,.F.);
#2999=ORIENTED_EDGE('',*,*,#2261,.F.);
#3000=ORIENTED_EDGE('',*,*,#2262,.F.);
#3001=ORIENTED_EDGE('',*,*,#2263,.F.);
#3002=ORIENTED_EDGE('',*,*,#2264,.F.);
#3003=ORIENTED_EDGE('',*,*,#2265,.F.);
#3004=ORIENTED_EDGE('',*,*,#2266,.F.);
#3005=ORIENTED_EDGE('',*,*,#2267,.F.);
#3006=ORIENTED_EDGE('',*,*,#2268,.F.);
#3007=ORIENTED_EDGE('',*,*,#2269,.F.);
#3008=ORIENTED_EDGE('',*,*,#2270,.F.);
#3009=ORIENTED_EDGE('',*,*,#2271,.F.);
#3010=ORIENTED_EDGE('',*,*,#2272,.F.);
#3011=ORIENTED_EDGE('',*,*,#2273,.F.);
#3012=ORIENTED_EDGE('',*,*,#2274,.F.);
#3013=ORIENTED_EDGE('',*,*,#2275,.F.);
#3014=ORIENTED_EDGE('',*,*,#2276,.F.);
#3015=ORIENTED_EDGE('',*,*,#2277,.F.);
#3016=ORIENTED_EDGE('',*,*,#2278,.F.);
#3017=ORIENTED_EDGE('',*,*,#2279,.F.);
#3018=ORIENTED_EDGE('',*,*,#2280,.F.);
#3019=ORIENTED_EDGE('',*,*,#2281,.F.);
#3020=ORIENTED_EDGE('',*,*,#2282,.F.);
#3021=ORIENTED_EDGE('',*,*,#2283,.F.);
#3022=ORIENTED_EDGE('',*,*,#2284,.F.);
#3023=ORIENTED_EDGE('',*,*,#2285,.F.);
#3024=ORIENTED_EDGE('',*,*,#2286,.F.);
#3025=ORIENTED_EDGE('',*,*,#2287,.T.);
#3026=ORIENTED_EDGE('',*,*,#2231,.T.);
#3027=ORIENTED_EDGE('',*,*,#2288,.F.);
#3028=ORIENTED_EDGE('',*,*,#2173,.F.);
#3029=ORIENTED_EDGE('',*,*,#2289,.F.);
#3030=ORIENTED_EDGE('',*,*,#2175,.T.);
#3031=ORIENTED_EDGE('',*,*,#2290,.T.);
#3032=ORIENTED_EDGE('',*,*,#2229,.T.);
#3033=ORIENTED_EDGE('',*,*,#2288,.T.);
#3034=ORIENTED_EDGE('',*,*,#2230,.T.);
#3035=ORIENTED_EDGE('',*,*,#2290,.F.);
#3036=ORIENTED_EDGE('',*,*,#2174,.T.);
#3037=ORIENTED_EDGE('',*,*,#2250,.F.);
#3038=ORIENTED_EDGE('',*,*,#2291,.T.);
#3039=ORIENTED_EDGE('',*,*,#2154,.T.);
#3040=ORIENTED_EDGE('',*,*,#2151,.T.);
#3041=ORIENTED_EDGE('',*,*,#2172,.T.);
#3042=ORIENTED_EDGE('',*,*,#2292,.T.);
#3043=ORIENTED_EDGE('',*,*,#2232,.T.);
#3044=ORIENTED_EDGE('',*,*,#2287,.F.);
#3045=ORIENTED_EDGE('',*,*,#2248,.T.);
#3046=ORIENTED_EDGE('',*,*,#2293,.F.);
#3047=ORIENTED_EDGE('',*,*,#2156,.F.);
#3048=ORIENTED_EDGE('',*,*,#2294,.T.);
#3049=ORIENTED_EDGE('',*,*,#2171,.T.);
#3050=ORIENTED_EDGE('',*,*,#2295,.T.);
#3051=ORIENTED_EDGE('',*,*,#2233,.T.);
#3052=ORIENTED_EDGE('',*,*,#2292,.F.);
#3053=ORIENTED_EDGE('',*,*,#2247,.F.);
#3054=ORIENTED_EDGE('',*,*,#2296,.F.);
#3055=ORIENTED_EDGE('',*,*,#2157,.T.);
#3056=ORIENTED_EDGE('',*,*,#2293,.T.);
#3057=ORIENTED_EDGE('',*,*,#2170,.T.);
#3058=ORIENTED_EDGE('',*,*,#2297,.T.);
#3059=ORIENTED_EDGE('',*,*,#2234,.T.);
#3060=ORIENTED_EDGE('',*,*,#2295,.F.);
#3061=ORIENTED_EDGE('',*,*,#2246,.F.);
#3062=ORIENTED_EDGE('',*,*,#2298,.F.);
#3063=ORIENTED_EDGE('',*,*,#2158,.T.);
#3064=ORIENTED_EDGE('',*,*,#2296,.T.);
#3065=ORIENTED_EDGE('',*,*,#2169,.T.);
#3066=ORIENTED_EDGE('',*,*,#2299,.T.);
#3067=ORIENTED_EDGE('',*,*,#2235,.T.);
#3068=ORIENTED_EDGE('',*,*,#2297,.F.);
#3069=ORIENTED_EDGE('',*,*,#2245,.F.);
#3070=ORIENTED_EDGE('',*,*,#2300,.T.);
#3071=ORIENTED_EDGE('',*,*,#2159,.T.);
#3072=ORIENTED_EDGE('',*,*,#2298,.T.);
#3073=ORIENTED_EDGE('',*,*,#2168,.F.);
#3074=ORIENTED_EDGE('',*,*,#2301,.T.);
#3075=ORIENTED_EDGE('',*,*,#2236,.T.);
#3076=ORIENTED_EDGE('',*,*,#2299,.F.);
#3077=ORIENTED_EDGE('',*,*,#2302,.T.);
#3078=ORIENTED_EDGE('',*,*,#2163,.F.);
#3079=ORIENTED_EDGE('',*,*,#2303,.F.);
#3080=ORIENTED_EDGE('',*,*,#2241,.T.);
#3081=ORIENTED_EDGE('',*,*,#2294,.F.);
#3082=ORIENTED_EDGE('',*,*,#2155,.T.);
#3083=ORIENTED_EDGE('',*,*,#2291,.F.);
#3084=ORIENTED_EDGE('',*,*,#2249,.F.);
#3085=ORIENTED_EDGE('',*,*,#2302,.F.);
#3086=ORIENTED_EDGE('',*,*,#2240,.F.);
#3087=ORIENTED_EDGE('',*,*,#2304,.T.);
#3088=ORIENTED_EDGE('',*,*,#2164,.T.);
#3089=ORIENTED_EDGE('',*,*,#2244,.F.);
#3090=ORIENTED_EDGE('',*,*,#2305,.T.);
#3091=ORIENTED_EDGE('',*,*,#2160,.T.);
#3092=ORIENTED_EDGE('',*,*,#2300,.F.);
#3093=ORIENTED_EDGE('',*,*,#2167,.F.);
#3094=ORIENTED_EDGE('',*,*,#2306,.T.);
#3095=ORIENTED_EDGE('',*,*,#2237,.T.);
#3096=ORIENTED_EDGE('',*,*,#2301,.F.);
#3097=ORIENTED_EDGE('',*,*,#2243,.F.);
#3098=ORIENTED_EDGE('',*,*,#2307,.T.);
#3099=ORIENTED_EDGE('',*,*,#2161,.T.);
#3100=ORIENTED_EDGE('',*,*,#2305,.F.);
#3101=ORIENTED_EDGE('',*,*,#2166,.F.);
#3102=ORIENTED_EDGE('',*,*,#2308,.T.);
#3103=ORIENTED_EDGE('',*,*,#2238,.T.);
#3104=ORIENTED_EDGE('',*,*,#2306,.F.);
#3105=ORIENTED_EDGE('',*,*,#2242,.F.);
#3106=ORIENTED_EDGE('',*,*,#2303,.T.);
#3107=ORIENTED_EDGE('',*,*,#2162,.F.);
#3108=ORIENTED_EDGE('',*,*,#2307,.F.);
#3109=ORIENTED_EDGE('',*,*,#2308,.F.);
#3110=ORIENTED_EDGE('',*,*,#2165,.T.);
#3111=ORIENTED_EDGE('',*,*,#2304,.F.);
#3112=ORIENTED_EDGE('',*,*,#2239,.F.);
#3113=ORIENTED_EDGE('',*,*,#2202,.T.);
#3114=ORIENTED_EDGE('',*,*,#2309,.F.);
#3115=ORIENTED_EDGE('',*,*,#2310,.T.);
#3116=ORIENTED_EDGE('',*,*,#2311,.F.);
#3117=ORIENTED_EDGE('',*,*,#2269,.T.);
#3118=ORIENTED_EDGE('',*,*,#2312,.F.);
#3119=ORIENTED_EDGE('',*,*,#2313,.F.);
#3120=ORIENTED_EDGE('',*,*,#2314,.F.);
#3121=ORIENTED_EDGE('',*,*,#2203,.T.);
#3122=ORIENTED_EDGE('',*,*,#2311,.T.);
#3123=ORIENTED_EDGE('',*,*,#2315,.F.);
#3124=ORIENTED_EDGE('',*,*,#2316,.F.);
#3125=ORIENTED_EDGE('',*,*,#2268,.T.);
#3126=ORIENTED_EDGE('',*,*,#2317,.F.);
#3127=ORIENTED_EDGE('',*,*,#2318,.F.);
#3128=ORIENTED_EDGE('',*,*,#2312,.T.);
#3129=ORIENTED_EDGE('',*,*,#2201,.T.);
#3130=ORIENTED_EDGE('',*,*,#2319,.F.);
#3131=ORIENTED_EDGE('',*,*,#2320,.F.);
#3132=ORIENTED_EDGE('',*,*,#2309,.T.);
#3133=ORIENTED_EDGE('',*,*,#2204,.T.);
#3134=ORIENTED_EDGE('',*,*,#2316,.T.);
#3135=ORIENTED_EDGE('',*,*,#2321,.T.);
#3136=ORIENTED_EDGE('',*,*,#2322,.F.);
#3137=ORIENTED_EDGE('',*,*,#2267,.T.);
#3138=ORIENTED_EDGE('',*,*,#2323,.F.);
#3139=ORIENTED_EDGE('',*,*,#2324,.F.);
#3140=ORIENTED_EDGE('',*,*,#2317,.T.);
#3141=ORIENTED_EDGE('',*,*,#2200,.T.);
#3142=ORIENTED_EDGE('',*,*,#2325,.F.);
#3143=ORIENTED_EDGE('',*,*,#2326,.F.);
#3144=ORIENTED_EDGE('',*,*,#2319,.T.);
#3145=ORIENTED_EDGE('',*,*,#2205,.T.);
#3146=ORIENTED_EDGE('',*,*,#2322,.T.);
#3147=ORIENTED_EDGE('',*,*,#2327,.T.);
#3148=ORIENTED_EDGE('',*,*,#2328,.F.);
#3149=ORIENTED_EDGE('',*,*,#2266,.T.);
#3150=ORIENTED_EDGE('',*,*,#2329,.F.);
#3151=ORIENTED_EDGE('',*,*,#2330,.F.);
#3152=ORIENTED_EDGE('',*,*,#2323,.T.);
#3153=ORIENTED_EDGE('',*,*,#2199,.T.);
#3154=ORIENTED_EDGE('',*,*,#2331,.T.);
#3155=ORIENTED_EDGE('',*,*,#2332,.F.);
#3156=ORIENTED_EDGE('',*,*,#2325,.T.);
#3157=ORIENTED_EDGE('',*,*,#2206,.T.);
#3158=ORIENTED_EDGE('',*,*,#2328,.T.);
#3159=ORIENTED_EDGE('',*,*,#2333,.T.);
#3160=ORIENTED_EDGE('',*,*,#2334,.F.);
#3161=ORIENTED_EDGE('',*,*,#2265,.T.);
#3162=ORIENTED_EDGE('',*,*,#2335,.F.);
#3163=ORIENTED_EDGE('',*,*,#2336,.F.);
#3164=ORIENTED_EDGE('',*,*,#2329,.T.);
#3165=ORIENTED_EDGE('',*,*,#2198,.T.);
#3166=ORIENTED_EDGE('',*,*,#2337,.T.);
#3167=ORIENTED_EDGE('',*,*,#2338,.F.);
#3168=ORIENTED_EDGE('',*,*,#2331,.F.);
#3169=ORIENTED_EDGE('',*,*,#2207,.T.);
#3170=ORIENTED_EDGE('',*,*,#2334,.T.);
#3171=ORIENTED_EDGE('',*,*,#2339,.T.);
#3172=ORIENTED_EDGE('',*,*,#2340,.F.);
#3173=ORIENTED_EDGE('',*,*,#2264,.T.);
#3174=ORIENTED_EDGE('',*,*,#2341,.F.);
#3175=ORIENTED_EDGE('',*,*,#2342,.F.);
#3176=ORIENTED_EDGE('',*,*,#2335,.T.);
#3177=ORIENTED_EDGE('',*,*,#2197,.T.);
#3178=ORIENTED_EDGE('',*,*,#2343,.T.);
#3179=ORIENTED_EDGE('',*,*,#2344,.F.);
#3180=ORIENTED_EDGE('',*,*,#2337,.F.);
#3181=ORIENTED_EDGE('',*,*,#2208,.T.);
#3182=ORIENTED_EDGE('',*,*,#2340,.T.);
#3183=ORIENTED_EDGE('',*,*,#2345,.T.);
#3184=ORIENTED_EDGE('',*,*,#2346,.F.);
#3185=ORIENTED_EDGE('',*,*,#2263,.T.);
#3186=ORIENTED_EDGE('',*,*,#2347,.F.);
#3187=ORIENTED_EDGE('',*,*,#2348,.F.);
#3188=ORIENTED_EDGE('',*,*,#2341,.T.);
#3189=ORIENTED_EDGE('',*,*,#2196,.T.);
#3190=ORIENTED_EDGE('',*,*,#2349,.T.);
#3191=ORIENTED_EDGE('',*,*,#2350,.F.);
#3192=ORIENTED_EDGE('',*,*,#2343,.F.);
#3193=ORIENTED_EDGE('',*,*,#2209,.T.);
#3194=ORIENTED_EDGE('',*,*,#2346,.T.);
#3195=ORIENTED_EDGE('',*,*,#2351,.T.);
#3196=ORIENTED_EDGE('',*,*,#2352,.F.);
#3197=ORIENTED_EDGE('',*,*,#2262,.T.);
#3198=ORIENTED_EDGE('',*,*,#2353,.F.);
#3199=ORIENTED_EDGE('',*,*,#2354,.F.);
#3200=ORIENTED_EDGE('',*,*,#2347,.T.);
#3201=ORIENTED_EDGE('',*,*,#2195,.T.);
#3202=ORIENTED_EDGE('',*,*,#2355,.T.);
#3203=ORIENTED_EDGE('',*,*,#2356,.F.);
#3204=ORIENTED_EDGE('',*,*,#2349,.F.);
#3205=ORIENTED_EDGE('',*,*,#2210,.T.);
#3206=ORIENTED_EDGE('',*,*,#2352,.T.);
#3207=ORIENTED_EDGE('',*,*,#2357,.T.);
#3208=ORIENTED_EDGE('',*,*,#2358,.F.);
#3209=ORIENTED_EDGE('',*,*,#2261,.T.);
#3210=ORIENTED_EDGE('',*,*,#2359,.F.);
#3211=ORIENTED_EDGE('',*,*,#2360,.F.);
#3212=ORIENTED_EDGE('',*,*,#2353,.T.);
#3213=ORIENTED_EDGE('',*,*,#2194,.T.);
#3214=ORIENTED_EDGE('',*,*,#2361,.T.);
#3215=ORIENTED_EDGE('',*,*,#2362,.F.);
#3216=ORIENTED_EDGE('',*,*,#2355,.F.);
#3217=ORIENTED_EDGE('',*,*,#2211,.T.);
#3218=ORIENTED_EDGE('',*,*,#2358,.T.);
#3219=ORIENTED_EDGE('',*,*,#2363,.F.);
#3220=ORIENTED_EDGE('',*,*,#2364,.T.);
#3221=ORIENTED_EDGE('',*,*,#2260,.T.);
#3222=ORIENTED_EDGE('',*,*,#2365,.T.);
#3223=ORIENTED_EDGE('',*,*,#2366,.F.);
#3224=ORIENTED_EDGE('',*,*,#2359,.T.);
#3225=ORIENTED_EDGE('',*,*,#2193,.T.);
#3226=ORIENTED_EDGE('',*,*,#2367,.F.);
#3227=ORIENTED_EDGE('',*,*,#2368,.T.);
#3228=ORIENTED_EDGE('',*,*,#2361,.F.);
#3229=ORIENTED_EDGE('',*,*,#2212,.T.);
#3230=ORIENTED_EDGE('',*,*,#2364,.F.);
#3231=ORIENTED_EDGE('',*,*,#2369,.T.);
#3232=ORIENTED_EDGE('',*,*,#2370,.T.);
#3233=ORIENTED_EDGE('',*,*,#2259,.T.);
#3234=ORIENTED_EDGE('',*,*,#2371,.T.);
#3235=ORIENTED_EDGE('',*,*,#2372,.F.);
#3236=ORIENTED_EDGE('',*,*,#2365,.F.);
#3237=ORIENTED_EDGE('',*,*,#2192,.T.);
#3238=ORIENTED_EDGE('',*,*,#2373,.F.);
#3239=ORIENTED_EDGE('',*,*,#2374,.F.);
#3240=ORIENTED_EDGE('',*,*,#2367,.T.);
#3241=ORIENTED_EDGE('',*,*,#2213,.T.);
#3242=ORIENTED_EDGE('',*,*,#2370,.F.);
#3243=ORIENTED_EDGE('',*,*,#2375,.T.);
#3244=ORIENTED_EDGE('',*,*,#2376,.T.);
#3245=ORIENTED_EDGE('',*,*,#2258,.T.);
#3246=ORIENTED_EDGE('',*,*,#2377,.T.);
#3247=ORIENTED_EDGE('',*,*,#2378,.F.);
#3248=ORIENTED_EDGE('',*,*,#2371,.F.);
#3249=ORIENTED_EDGE('',*,*,#2191,.T.);
#3250=ORIENTED_EDGE('',*,*,#2379,.F.);
#3251=ORIENTED_EDGE('',*,*,#2380,.F.);
#3252=ORIENTED_EDGE('',*,*,#2373,.T.);
#3253=ORIENTED_EDGE('',*,*,#2214,.T.);
#3254=ORIENTED_EDGE('',*,*,#2376,.F.);
#3255=ORIENTED_EDGE('',*,*,#2381,.T.);
#3256=ORIENTED_EDGE('',*,*,#2382,.T.);
#3257=ORIENTED_EDGE('',*,*,#2257,.T.);
#3258=ORIENTED_EDGE('',*,*,#2383,.T.);
#3259=ORIENTED_EDGE('',*,*,#2384,.F.);
#3260=ORIENTED_EDGE('',*,*,#2377,.F.);
#3261=ORIENTED_EDGE('',*,*,#2190,.T.);
#3262=ORIENTED_EDGE('',*,*,#2385,.F.);
#3263=ORIENTED_EDGE('',*,*,#2386,.F.);
#3264=ORIENTED_EDGE('',*,*,#2379,.T.);
#3265=ORIENTED_EDGE('',*,*,#2215,.T.);
#3266=ORIENTED_EDGE('',*,*,#2382,.F.);
#3267=ORIENTED_EDGE('',*,*,#2387,.T.);
#3268=ORIENTED_EDGE('',*,*,#2388,.T.);
#3269=ORIENTED_EDGE('',*,*,#2256,.T.);
#3270=ORIENTED_EDGE('',*,*,#2389,.T.);
#3271=ORIENTED_EDGE('',*,*,#2390,.F.);
#3272=ORIENTED_EDGE('',*,*,#2383,.F.);
#3273=ORIENTED_EDGE('',*,*,#2189,.T.);
#3274=ORIENTED_EDGE('',*,*,#2391,.F.);
#3275=ORIENTED_EDGE('',*,*,#2392,.F.);
#3276=ORIENTED_EDGE('',*,*,#2385,.T.);
#3277=ORIENTED_EDGE('',*,*,#2216,.T.);
#3278=ORIENTED_EDGE('',*,*,#2388,.F.);
#3279=ORIENTED_EDGE('',*,*,#2393,.F.);
#3280=ORIENTED_EDGE('',*,*,#2394,.T.);
#3281=ORIENTED_EDGE('',*,*,#2255,.T.);
#3282=ORIENTED_EDGE('',*,*,#2395,.T.);
#3283=ORIENTED_EDGE('',*,*,#2396,.F.);
#3284=ORIENTED_EDGE('',*,*,#2389,.F.);
#3285=ORIENTED_EDGE('',*,*,#2188,.T.);
#3286=ORIENTED_EDGE('',*,*,#2397,.F.);
#3287=ORIENTED_EDGE('',*,*,#2398,.F.);
#3288=ORIENTED_EDGE('',*,*,#2391,.T.);
#3289=ORIENTED_EDGE('',*,*,#2217,.T.);
#3290=ORIENTED_EDGE('',*,*,#2394,.F.);
#3291=ORIENTED_EDGE('',*,*,#2399,.T.);
#3292=ORIENTED_EDGE('',*,*,#2400,.T.);
#3293=ORIENTED_EDGE('',*,*,#2254,.T.);
#3294=ORIENTED_EDGE('',*,*,#2401,.T.);
#3295=ORIENTED_EDGE('',*,*,#2402,.F.);
#3296=ORIENTED_EDGE('',*,*,#2395,.F.);
#3297=ORIENTED_EDGE('',*,*,#2187,.T.);
#3298=ORIENTED_EDGE('',*,*,#2403,.F.);
#3299=ORIENTED_EDGE('',*,*,#2404,.F.);
#3300=ORIENTED_EDGE('',*,*,#2397,.T.);
#3301=ORIENTED_EDGE('',*,*,#2218,.T.);
#3302=ORIENTED_EDGE('',*,*,#2400,.F.);
#3303=ORIENTED_EDGE('',*,*,#2405,.T.);
#3304=ORIENTED_EDGE('',*,*,#2406,.T.);
#3305=ORIENTED_EDGE('',*,*,#2253,.T.);
#3306=ORIENTED_EDGE('',*,*,#2407,.T.);
#3307=ORIENTED_EDGE('',*,*,#2408,.F.);
#3308=ORIENTED_EDGE('',*,*,#2401,.F.);
#3309=ORIENTED_EDGE('',*,*,#2186,.T.);
#3310=ORIENTED_EDGE('',*,*,#2409,.F.);
#3311=ORIENTED_EDGE('',*,*,#2410,.F.);
#3312=ORIENTED_EDGE('',*,*,#2403,.T.);
#3313=ORIENTED_EDGE('',*,*,#2219,.T.);
#3314=ORIENTED_EDGE('',*,*,#2406,.F.);
#3315=ORIENTED_EDGE('',*,*,#2411,.T.);
#3316=ORIENTED_EDGE('',*,*,#2412,.T.);
#3317=ORIENTED_EDGE('',*,*,#2252,.T.);
#3318=ORIENTED_EDGE('',*,*,#2413,.T.);
#3319=ORIENTED_EDGE('',*,*,#2414,.F.);
#3320=ORIENTED_EDGE('',*,*,#2407,.F.);
#3321=ORIENTED_EDGE('',*,*,#2185,.T.);
#3322=ORIENTED_EDGE('',*,*,#2415,.F.);
#3323=ORIENTED_EDGE('',*,*,#2416,.T.);
#3324=ORIENTED_EDGE('',*,*,#2409,.T.);
#3325=ORIENTED_EDGE('',*,*,#2184,.T.);
#3326=ORIENTED_EDGE('',*,*,#2412,.F.);
#3327=ORIENTED_EDGE('',*,*,#2417,.F.);
#3328=ORIENTED_EDGE('',*,*,#2415,.T.);
#3329=ORIENTED_EDGE('',*,*,#2220,.T.);
#3330=ORIENTED_EDGE('',*,*,#2149,.T.);
#3331=ORIENTED_EDGE('',*,*,#2153,.T.);
#3332=ORIENTED_EDGE('',*,*,#2418,.T.);
#3333=ORIENTED_EDGE('',*,*,#2419,.F.);
#3334=ORIENTED_EDGE('',*,*,#2420,.F.);
#3335=ORIENTED_EDGE('',*,*,#2421,.F.);
#3336=ORIENTED_EDGE('',*,*,#2422,.T.);
#3337=ORIENTED_EDGE('',*,*,#2183,.T.);
#3338=ORIENTED_EDGE('',*,*,#2423,.T.);
#3339=ORIENTED_EDGE('',*,*,#2424,.T.);
#3340=ORIENTED_EDGE('',*,*,#2418,.F.);
#3341=ORIENTED_EDGE('',*,*,#2221,.T.);
#3342=ORIENTED_EDGE('',*,*,#2422,.F.);
#3343=ORIENTED_EDGE('',*,*,#2425,.F.);
#3344=ORIENTED_EDGE('',*,*,#2426,.T.);
#3345=ORIENTED_EDGE('',*,*,#2182,.T.);
#3346=ORIENTED_EDGE('',*,*,#2427,.T.);
#3347=ORIENTED_EDGE('',*,*,#2428,.T.);
#3348=ORIENTED_EDGE('',*,*,#2423,.F.);
#3349=ORIENTED_EDGE('',*,*,#2222,.T.);
#3350=ORIENTED_EDGE('',*,*,#2426,.F.);
#3351=ORIENTED_EDGE('',*,*,#2429,.F.);
#3352=ORIENTED_EDGE('',*,*,#2430,.T.);
#3353=ORIENTED_EDGE('',*,*,#2181,.T.);
#3354=ORIENTED_EDGE('',*,*,#2431,.T.);
#3355=ORIENTED_EDGE('',*,*,#2432,.T.);
#3356=ORIENTED_EDGE('',*,*,#2427,.F.);
#3357=ORIENTED_EDGE('',*,*,#2180,.T.);
#3358=ORIENTED_EDGE('',*,*,#2433,.T.);
#3359=ORIENTED_EDGE('',*,*,#2434,.F.);
#3360=ORIENTED_EDGE('',*,*,#2431,.F.);
#3361=ORIENTED_EDGE('',*,*,#2177,.T.);
#3362=ORIENTED_EDGE('',*,*,#2435,.T.);
#3363=ORIENTED_EDGE('',*,*,#2436,.F.);
#3364=ORIENTED_EDGE('',*,*,#2437,.F.);
#3365=ORIENTED_EDGE('',*,*,#2179,.T.);
#3366=ORIENTED_EDGE('',*,*,#2438,.T.);
#3367=ORIENTED_EDGE('',*,*,#2439,.F.);
#3368=ORIENTED_EDGE('',*,*,#2433,.F.);
#3369=ORIENTED_EDGE('',*,*,#2178,.T.);
#3370=ORIENTED_EDGE('',*,*,#2437,.T.);
#3371=ORIENTED_EDGE('',*,*,#2440,.F.);
#3372=ORIENTED_EDGE('',*,*,#2438,.F.);
#3373=ORIENTED_EDGE('',*,*,#2270,.T.);
#3374=ORIENTED_EDGE('',*,*,#2314,.T.);
#3375=ORIENTED_EDGE('',*,*,#2441,.F.);
#3376=ORIENTED_EDGE('',*,*,#2442,.F.);
#3377=ORIENTED_EDGE('',*,*,#2271,.T.);
#3378=ORIENTED_EDGE('',*,*,#2442,.T.);
#3379=ORIENTED_EDGE('',*,*,#2443,.F.);
#3380=ORIENTED_EDGE('',*,*,#2444,.F.);
#3381=ORIENTED_EDGE('',*,*,#2272,.T.);
#3382=ORIENTED_EDGE('',*,*,#2444,.T.);
#3383=ORIENTED_EDGE('',*,*,#2445,.F.);
#3384=ORIENTED_EDGE('',*,*,#2446,.T.);
#3385=ORIENTED_EDGE('',*,*,#2273,.T.);
#3386=ORIENTED_EDGE('',*,*,#2446,.F.);
#3387=ORIENTED_EDGE('',*,*,#2447,.F.);
#3388=ORIENTED_EDGE('',*,*,#2448,.T.);
#3389=ORIENTED_EDGE('',*,*,#2274,.T.);
#3390=ORIENTED_EDGE('',*,*,#2448,.F.);
#3391=ORIENTED_EDGE('',*,*,#2449,.F.);
#3392=ORIENTED_EDGE('',*,*,#2450,.T.);
#3393=ORIENTED_EDGE('',*,*,#2275,.T.);
#3394=ORIENTED_EDGE('',*,*,#2450,.F.);
#3395=ORIENTED_EDGE('',*,*,#2451,.F.);
#3396=ORIENTED_EDGE('',*,*,#2452,.T.);
#3397=ORIENTED_EDGE('',*,*,#2276,.T.);
#3398=ORIENTED_EDGE('',*,*,#2452,.F.);
#3399=ORIENTED_EDGE('',*,*,#2453,.F.);
#3400=ORIENTED_EDGE('',*,*,#2454,.T.);
#3401=ORIENTED_EDGE('',*,*,#2277,.T.);
#3402=ORIENTED_EDGE('',*,*,#2454,.F.);
#3403=ORIENTED_EDGE('',*,*,#2455,.F.);
#3404=ORIENTED_EDGE('',*,*,#2456,.T.);
#3405=ORIENTED_EDGE('',*,*,#2278,.T.);
#3406=ORIENTED_EDGE('',*,*,#2456,.F.);
#3407=ORIENTED_EDGE('',*,*,#2457,.F.);
#3408=ORIENTED_EDGE('',*,*,#2458,.F.);
#3409=ORIENTED_EDGE('',*,*,#2130,.T.);
#3410=ORIENTED_EDGE('',*,*,#2279,.T.);
#3411=ORIENTED_EDGE('',*,*,#2458,.T.);
#3412=ORIENTED_EDGE('',*,*,#2459,.F.);
#3413=ORIENTED_EDGE('',*,*,#2460,.F.);
#3414=ORIENTED_EDGE('',*,*,#2280,.T.);
#3415=ORIENTED_EDGE('',*,*,#2460,.T.);
#3416=ORIENTED_EDGE('',*,*,#2461,.F.);
#3417=ORIENTED_EDGE('',*,*,#2462,.F.);
#3418=ORIENTED_EDGE('',*,*,#2281,.T.);
#3419=ORIENTED_EDGE('',*,*,#2462,.T.);
#3420=ORIENTED_EDGE('',*,*,#2463,.F.);
#3421=ORIENTED_EDGE('',*,*,#2464,.F.);
#3422=ORIENTED_EDGE('',*,*,#2282,.T.);
#3423=ORIENTED_EDGE('',*,*,#2464,.T.);
#3424=ORIENTED_EDGE('',*,*,#2465,.F.);
#3425=ORIENTED_EDGE('',*,*,#2466,.F.);
#3426=ORIENTED_EDGE('',*,*,#2283,.T.);
#3427=ORIENTED_EDGE('',*,*,#2466,.T.);
#3428=ORIENTED_EDGE('',*,*,#2467,.F.);
#3429=ORIENTED_EDGE('',*,*,#2468,.F.);
#3430=ORIENTED_EDGE('',*,*,#2251,.T.);
#3431=ORIENTED_EDGE('',*,*,#2469,.T.);
#3432=ORIENTED_EDGE('',*,*,#2470,.F.);
#3433=ORIENTED_EDGE('',*,*,#2413,.F.);
#3434=ORIENTED_EDGE('',*,*,#2143,.T.);
#3435=ORIENTED_EDGE('',*,*,#2147,.T.);
#3436=ORIENTED_EDGE('',*,*,#2133,.T.);
#3437=ORIENTED_EDGE('',*,*,#2139,.T.);
#3438=ORIENTED_EDGE('',*,*,#2286,.T.);
#3439=ORIENTED_EDGE('',*,*,#2471,.T.);
#3440=ORIENTED_EDGE('',*,*,#2472,.F.);
#3441=ORIENTED_EDGE('',*,*,#2469,.F.);
#3442=ORIENTED_EDGE('',*,*,#2285,.T.);
#3443=ORIENTED_EDGE('',*,*,#2473,.T.);
#3444=ORIENTED_EDGE('',*,*,#2474,.F.);
#3445=ORIENTED_EDGE('',*,*,#2471,.F.);
#3446=ORIENTED_EDGE('',*,*,#2284,.T.);
#3447=ORIENTED_EDGE('',*,*,#2468,.T.);
#3448=ORIENTED_EDGE('',*,*,#2475,.F.);
#3449=ORIENTED_EDGE('',*,*,#2473,.F.);
#3450=ORIENTED_EDGE('',*,*,#2476,.T.);
#3451=ORIENTED_EDGE('',*,*,#2477,.F.);
#3452=ORIENTED_EDGE('',*,*,#2478,.T.);
#3453=ORIENTED_EDGE('',*,*,#2479,.T.);
#3454=ORIENTED_EDGE('',*,*,#2480,.T.);
#3455=ORIENTED_EDGE('',*,*,#2481,.T.);
#3456=ORIENTED_EDGE('',*,*,#2482,.T.);
#3457=ORIENTED_EDGE('',*,*,#2419,.T.);
#3458=ORIENTED_EDGE('',*,*,#2424,.F.);
#3459=ORIENTED_EDGE('',*,*,#2428,.F.);
#3460=ORIENTED_EDGE('',*,*,#2432,.F.);
#3461=ORIENTED_EDGE('',*,*,#2434,.T.);
#3462=ORIENTED_EDGE('',*,*,#2439,.T.);
#3463=ORIENTED_EDGE('',*,*,#2440,.T.);
#3464=ORIENTED_EDGE('',*,*,#2436,.T.);
#3465=ORIENTED_EDGE('',*,*,#2483,.T.);
#3466=ORIENTED_EDGE('',*,*,#2484,.T.);
#3467=ORIENTED_EDGE('',*,*,#2485,.T.);
#3468=ORIENTED_EDGE('',*,*,#2486,.T.);
#3469=ORIENTED_EDGE('',*,*,#2487,.F.);
#3470=ORIENTED_EDGE('',*,*,#2488,.F.);
#3471=ORIENTED_EDGE('',*,*,#2489,.T.);
#3472=ORIENTED_EDGE('',*,*,#2490,.T.);
#3473=ORIENTED_EDGE('',*,*,#2491,.T.);
#3474=ORIENTED_EDGE('',*,*,#2492,.T.);
#3475=ORIENTED_EDGE('',*,*,#2493,.T.);
#3476=ORIENTED_EDGE('',*,*,#2494,.T.);
#3477=ORIENTED_EDGE('',*,*,#2495,.F.);
#3478=ORIENTED_EDGE('',*,*,#2496,.F.);
#3479=ORIENTED_EDGE('',*,*,#2497,.F.);
#3480=ORIENTED_EDGE('',*,*,#2498,.T.);
#3481=ORIENTED_EDGE('',*,*,#2499,.T.);
#3482=ORIENTED_EDGE('',*,*,#2500,.T.);
#3483=ORIENTED_EDGE('',*,*,#2501,.F.);
#3484=ORIENTED_EDGE('',*,*,#2502,.T.);
#3485=ORIENTED_EDGE('',*,*,#2503,.T.);
#3486=ORIENTED_EDGE('',*,*,#2392,.T.);
#3487=ORIENTED_EDGE('',*,*,#2398,.T.);
#3488=ORIENTED_EDGE('',*,*,#2404,.T.);
#3489=ORIENTED_EDGE('',*,*,#2410,.T.);
#3490=ORIENTED_EDGE('',*,*,#2416,.F.);
#3491=ORIENTED_EDGE('',*,*,#2417,.T.);
#3492=ORIENTED_EDGE('',*,*,#2411,.F.);
#3493=ORIENTED_EDGE('',*,*,#2405,.F.);
#3494=ORIENTED_EDGE('',*,*,#2399,.F.);
#3495=ORIENTED_EDGE('',*,*,#2393,.T.);
#3496=ORIENTED_EDGE('',*,*,#2387,.F.);
#3497=ORIENTED_EDGE('',*,*,#2381,.F.);
#3498=ORIENTED_EDGE('',*,*,#2375,.F.);
#3499=ORIENTED_EDGE('',*,*,#2369,.F.);
#3500=ORIENTED_EDGE('',*,*,#2363,.T.);
#3501=ORIENTED_EDGE('',*,*,#2357,.F.);
#3502=ORIENTED_EDGE('',*,*,#2351,.F.);
#3503=ORIENTED_EDGE('',*,*,#2345,.F.);
#3504=ORIENTED_EDGE('',*,*,#2339,.F.);
#3505=ORIENTED_EDGE('',*,*,#2333,.F.);
#3506=ORIENTED_EDGE('',*,*,#2327,.F.);
#3507=ORIENTED_EDGE('',*,*,#2321,.F.);
#3508=ORIENTED_EDGE('',*,*,#2315,.T.);
#3509=ORIENTED_EDGE('',*,*,#2310,.F.);
#3510=ORIENTED_EDGE('',*,*,#2320,.T.);
#3511=ORIENTED_EDGE('',*,*,#2326,.T.);
#3512=ORIENTED_EDGE('',*,*,#2332,.T.);
#3513=ORIENTED_EDGE('',*,*,#2338,.T.);
#3514=ORIENTED_EDGE('',*,*,#2344,.T.);
#3515=ORIENTED_EDGE('',*,*,#2350,.T.);
#3516=ORIENTED_EDGE('',*,*,#2356,.T.);
#3517=ORIENTED_EDGE('',*,*,#2362,.T.);
#3518=ORIENTED_EDGE('',*,*,#2368,.F.);
#3519=ORIENTED_EDGE('',*,*,#2374,.T.);
#3520=ORIENTED_EDGE('',*,*,#2380,.T.);
#3521=ORIENTED_EDGE('',*,*,#2386,.T.);
#3522=ORIENTED_EDGE('',*,*,#2223,.T.);
#3523=ORIENTED_EDGE('',*,*,#2430,.F.);
#3524=ORIENTED_EDGE('',*,*,#2504,.F.);
#3525=ORIENTED_EDGE('',*,*,#2505,.T.);
#3526=ORIENTED_EDGE('',*,*,#2226,.T.);
#3527=ORIENTED_EDGE('',*,*,#2506,.F.);
#3528=ORIENTED_EDGE('',*,*,#2507,.F.);
#3529=ORIENTED_EDGE('',*,*,#2508,.T.);
#3530=ORIENTED_EDGE('',*,*,#2227,.T.);
#3531=ORIENTED_EDGE('',*,*,#2508,.F.);
#3532=ORIENTED_EDGE('',*,*,#2509,.F.);
#3533=ORIENTED_EDGE('',*,*,#2510,.T.);
#3534=ORIENTED_EDGE('',*,*,#2511,.F.);
#3535=ORIENTED_EDGE('',*,*,#2512,.F.);
#3536=ORIENTED_EDGE('',*,*,#2513,.T.);
#3537=ORIENTED_EDGE('',*,*,#2484,.F.);
#3538=ORIENTED_EDGE('',*,*,#2514,.F.);
#3539=ORIENTED_EDGE('',*,*,#2420,.T.);
#3540=ORIENTED_EDGE('',*,*,#2482,.F.);
#3541=ORIENTED_EDGE('',*,*,#2515,.F.);
#3542=ORIENTED_EDGE('',*,*,#2228,.T.);
#3543=ORIENTED_EDGE('',*,*,#2510,.F.);
#3544=ORIENTED_EDGE('',*,*,#2516,.F.);
#3545=ORIENTED_EDGE('',*,*,#2511,.T.);
#3546=ORIENTED_EDGE('',*,*,#2483,.F.);
#3547=ORIENTED_EDGE('',*,*,#2435,.F.);
#3548=ORIENTED_EDGE('',*,*,#2176,.T.);
#3549=ORIENTED_EDGE('',*,*,#2289,.T.);
#3550=ORIENTED_EDGE('',*,*,#2513,.F.);
#3551=ORIENTED_EDGE('',*,*,#2517,.F.);
#3552=ORIENTED_EDGE('',*,*,#2518,.T.);
#3553=ORIENTED_EDGE('',*,*,#2485,.F.);
#3554=ORIENTED_EDGE('',*,*,#2519,.F.);
#3555=ORIENTED_EDGE('',*,*,#2520,.F.);
#3556=ORIENTED_EDGE('',*,*,#2480,.F.);
#3557=ORIENTED_EDGE('',*,*,#2521,.F.);
#3558=ORIENTED_EDGE('',*,*,#2522,.F.);
#3559=ORIENTED_EDGE('',*,*,#2515,.T.);
#3560=ORIENTED_EDGE('',*,*,#2481,.F.);
#3561=ORIENTED_EDGE('',*,*,#2520,.T.);
#3562=ORIENTED_EDGE('',*,*,#2523,.F.);
#3563=ORIENTED_EDGE('',*,*,#2487,.T.);
#3564=ORIENTED_EDGE('',*,*,#2524,.F.);
#3565=ORIENTED_EDGE('',*,*,#2525,.F.);
#3566=ORIENTED_EDGE('',*,*,#2518,.F.);
#3567=ORIENTED_EDGE('',*,*,#2526,.F.);
#3568=ORIENTED_EDGE('',*,*,#2524,.T.);
#3569=ORIENTED_EDGE('',*,*,#2486,.F.);
#3570=ORIENTED_EDGE('',*,*,#2527,.T.);
#3571=ORIENTED_EDGE('',*,*,#2521,.T.);
#3572=ORIENTED_EDGE('',*,*,#2479,.F.);
#3573=ORIENTED_EDGE('',*,*,#2528,.F.);
#3574=ORIENTED_EDGE('',*,*,#2529,.F.);
#3575=ORIENTED_EDGE('',*,*,#2530,.F.);
#3576=ORIENTED_EDGE('',*,*,#2501,.T.);
#3577=ORIENTED_EDGE('',*,*,#2531,.F.);
#3578=ORIENTED_EDGE('',*,*,#2532,.F.);
#3579=ORIENTED_EDGE('',*,*,#2533,.F.);
#3580=ORIENTED_EDGE('',*,*,#2476,.F.);
#3581=ORIENTED_EDGE('',*,*,#2534,.F.);
#3582=ORIENTED_EDGE('',*,*,#2535,.F.);
#3583=ORIENTED_EDGE('',*,*,#2536,.T.);
#3584=ORIENTED_EDGE('',*,*,#2537,.T.);
#3585=ORIENTED_EDGE('',*,*,#2498,.F.);
#3586=ORIENTED_EDGE('',*,*,#2538,.F.);
#3587=ORIENTED_EDGE('',*,*,#2539,.T.);
#3588=ORIENTED_EDGE('',*,*,#2540,.F.);
#3589=ORIENTED_EDGE('',*,*,#2489,.F.);
#3590=ORIENTED_EDGE('',*,*,#2541,.T.);
#3591=ORIENTED_EDGE('',*,*,#2542,.F.);
#3592=ORIENTED_EDGE('',*,*,#2543,.F.);
#3593=ORIENTED_EDGE('',*,*,#2494,.F.);
#3594=ORIENTED_EDGE('',*,*,#2544,.T.);
#3595=ORIENTED_EDGE('',*,*,#2545,.F.);
#3596=ORIENTED_EDGE('',*,*,#2546,.F.);
#3597=ORIENTED_EDGE('',*,*,#2491,.F.);
#3598=ORIENTED_EDGE('',*,*,#2547,.F.);
#3599=ORIENTED_EDGE('',*,*,#2548,.F.);
#3600=ORIENTED_EDGE('',*,*,#2477,.T.);
#3601=ORIENTED_EDGE('',*,*,#2533,.T.);
#3602=ORIENTED_EDGE('',*,*,#2549,.F.);
#3603=ORIENTED_EDGE('',*,*,#2531,.T.);
#3604=ORIENTED_EDGE('',*,*,#2500,.F.);
#3605=ORIENTED_EDGE('',*,*,#2550,.F.);
#3606=ORIENTED_EDGE('',*,*,#2551,.F.);
#3607=ORIENTED_EDGE('',*,*,#2534,.T.);
#3608=ORIENTED_EDGE('',*,*,#2503,.F.);
#3609=ORIENTED_EDGE('',*,*,#2552,.F.);
#3610=ORIENTED_EDGE('',*,*,#2225,.T.);
#3611=ORIENTED_EDGE('',*,*,#2553,.F.);
#3612=ORIENTED_EDGE('',*,*,#2554,.T.);
#3613=ORIENTED_EDGE('',*,*,#2506,.T.);
#3614=ORIENTED_EDGE('',*,*,#2540,.T.);
#3615=ORIENTED_EDGE('',*,*,#2555,.F.);
#3616=ORIENTED_EDGE('',*,*,#2544,.F.);
#3617=ORIENTED_EDGE('',*,*,#2490,.F.);
#3618=ORIENTED_EDGE('',*,*,#2543,.T.);
#3619=ORIENTED_EDGE('',*,*,#2556,.F.);
#3620=ORIENTED_EDGE('',*,*,#2557,.F.);
#3621=ORIENTED_EDGE('',*,*,#2495,.T.);
#3622=ORIENTED_EDGE('',*,*,#2546,.T.);
#3623=ORIENTED_EDGE('',*,*,#2558,.F.);
#3624=ORIENTED_EDGE('',*,*,#2559,.F.);
#3625=ORIENTED_EDGE('',*,*,#2492,.F.);
#3626=ORIENTED_EDGE('',*,*,#2560,.F.);
#3627=ORIENTED_EDGE('',*,*,#2550,.T.);
#3628=ORIENTED_EDGE('',*,*,#2499,.F.);
#3629=ORIENTED_EDGE('',*,*,#2537,.F.);
#3630=ORIENTED_EDGE('',*,*,#2561,.F.);
#3631=ORIENTED_EDGE('',*,*,#2552,.T.);
#3632=ORIENTED_EDGE('',*,*,#2502,.F.);
#3633=ORIENTED_EDGE('',*,*,#2530,.T.);
#3634=ORIENTED_EDGE('',*,*,#2559,.T.);
#3635=ORIENTED_EDGE('',*,*,#2562,.F.);
#3636=ORIENTED_EDGE('',*,*,#2541,.F.);
#3637=ORIENTED_EDGE('',*,*,#2493,.F.);
#3638=ORIENTED_EDGE('',*,*,#2557,.T.);
#3639=ORIENTED_EDGE('',*,*,#2563,.F.);
#3640=ORIENTED_EDGE('',*,*,#2564,.F.);
#3641=ORIENTED_EDGE('',*,*,#2496,.T.);
#3642=ORIENTED_EDGE('',*,*,#2467,.T.);
#3643=ORIENTED_EDGE('',*,*,#2465,.T.);
#3644=ORIENTED_EDGE('',*,*,#2463,.T.);
#3645=ORIENTED_EDGE('',*,*,#2461,.T.);
#3646=ORIENTED_EDGE('',*,*,#2459,.T.);
#3647=ORIENTED_EDGE('',*,*,#2457,.T.);
#3648=ORIENTED_EDGE('',*,*,#2455,.T.);
#3649=ORIENTED_EDGE('',*,*,#2453,.T.);
#3650=ORIENTED_EDGE('',*,*,#2451,.T.);
#3651=ORIENTED_EDGE('',*,*,#2449,.T.);
#3652=ORIENTED_EDGE('',*,*,#2447,.T.);
#3653=ORIENTED_EDGE('',*,*,#2445,.T.);
#3654=ORIENTED_EDGE('',*,*,#2443,.T.);
#3655=ORIENTED_EDGE('',*,*,#2441,.T.);
#3656=ORIENTED_EDGE('',*,*,#2313,.T.);
#3657=ORIENTED_EDGE('',*,*,#2318,.T.);
#3658=ORIENTED_EDGE('',*,*,#2324,.T.);
#3659=ORIENTED_EDGE('',*,*,#2330,.T.);
#3660=ORIENTED_EDGE('',*,*,#2336,.T.);
#3661=ORIENTED_EDGE('',*,*,#2342,.T.);
#3662=ORIENTED_EDGE('',*,*,#2348,.T.);
#3663=ORIENTED_EDGE('',*,*,#2354,.T.);
#3664=ORIENTED_EDGE('',*,*,#2360,.T.);
#3665=ORIENTED_EDGE('',*,*,#2366,.T.);
#3666=ORIENTED_EDGE('',*,*,#2372,.T.);
#3667=ORIENTED_EDGE('',*,*,#2378,.T.);
#3668=ORIENTED_EDGE('',*,*,#2384,.T.);
#3669=ORIENTED_EDGE('',*,*,#2390,.T.);
#3670=ORIENTED_EDGE('',*,*,#2396,.T.);
#3671=ORIENTED_EDGE('',*,*,#2402,.T.);
#3672=ORIENTED_EDGE('',*,*,#2408,.T.);
#3673=ORIENTED_EDGE('',*,*,#2414,.T.);
#3674=ORIENTED_EDGE('',*,*,#2470,.T.);
#3675=ORIENTED_EDGE('',*,*,#2472,.T.);
#3676=ORIENTED_EDGE('',*,*,#2474,.T.);
#3677=ORIENTED_EDGE('',*,*,#2475,.T.);
#3678=ORIENTED_EDGE('',*,*,#2560,.T.);
#3679=ORIENTED_EDGE('',*,*,#2536,.F.);
#3680=ORIENTED_EDGE('',*,*,#2565,.T.);
#3681=ORIENTED_EDGE('',*,*,#2563,.T.);
#3682=ORIENTED_EDGE('',*,*,#2556,.T.);
#3683=ORIENTED_EDGE('',*,*,#2542,.T.);
#3684=ORIENTED_EDGE('',*,*,#2562,.T.);
#3685=ORIENTED_EDGE('',*,*,#2558,.T.);
#3686=ORIENTED_EDGE('',*,*,#2545,.T.);
#3687=ORIENTED_EDGE('',*,*,#2555,.T.);
#3688=ORIENTED_EDGE('',*,*,#2539,.F.);
#3689=ORIENTED_EDGE('',*,*,#2566,.T.);
#3690=ORIENTED_EDGE('',*,*,#2525,.T.);
#3691=ORIENTED_EDGE('',*,*,#2526,.T.);
#3692=ORIENTED_EDGE('',*,*,#2517,.T.);
#3693=ORIENTED_EDGE('',*,*,#2512,.T.);
#3694=ORIENTED_EDGE('',*,*,#2516,.T.);
#3695=ORIENTED_EDGE('',*,*,#2509,.T.);
#3696=ORIENTED_EDGE('',*,*,#2507,.T.);
#3697=ORIENTED_EDGE('',*,*,#2554,.F.);
#3698=ORIENTED_EDGE('',*,*,#2567,.T.);
#3699=ORIENTED_EDGE('',*,*,#2504,.T.);
#3700=ORIENTED_EDGE('',*,*,#2429,.T.);
#3701=ORIENTED_EDGE('',*,*,#2425,.T.);
#3702=ORIENTED_EDGE('',*,*,#2421,.T.);
#3703=ORIENTED_EDGE('',*,*,#2514,.T.);
#3704=ORIENTED_EDGE('',*,*,#2522,.T.);
#3705=ORIENTED_EDGE('',*,*,#2519,.T.);
#3706=ORIENTED_EDGE('',*,*,#2527,.F.);
#3707=ORIENTED_EDGE('',*,*,#2568,.F.);
#3708=ORIENTED_EDGE('',*,*,#2547,.T.);
#3709=ORIENTED_EDGE('',*,*,#2532,.T.);
#3710=ORIENTED_EDGE('',*,*,#2551,.T.);
#3711=ORIENTED_EDGE('',*,*,#2561,.T.);
#3712=ORIENTED_EDGE('',*,*,#2529,.T.);
#3713=ORIENTED_EDGE('',*,*,#2549,.T.);
#3714=ORIENTED_EDGE('',*,*,#2548,.T.);
#3715=ORIENTED_EDGE('',*,*,#2568,.T.);
#3716=ORIENTED_EDGE('',*,*,#2528,.T.);
#3717=ORIENTED_EDGE('',*,*,#2478,.F.);
#3718=ORIENTED_EDGE('',*,*,#2132,.T.);
#3719=ORIENTED_EDGE('',*,*,#2538,.T.);
#3720=ORIENTED_EDGE('',*,*,#2488,.T.);
#3721=ORIENTED_EDGE('',*,*,#2523,.T.);
#3722=ORIENTED_EDGE('',*,*,#2566,.F.);
#3723=ORIENTED_EDGE('',*,*,#2535,.T.);
#3724=ORIENTED_EDGE('',*,*,#2497,.T.);
#3725=ORIENTED_EDGE('',*,*,#2564,.T.);
#3726=ORIENTED_EDGE('',*,*,#2565,.F.);
#3727=ORIENTED_EDGE('',*,*,#2144,.T.);
#3728=ORIENTED_EDGE('',*,*,#2140,.T.);
#3729=ORIENTED_EDGE('',*,*,#2136,.T.);
#3730=ORIENTED_EDGE('',*,*,#2148,.T.);
#3731=ORIENTED_EDGE('',*,*,#2224,.T.);
#3732=ORIENTED_EDGE('',*,*,#2505,.F.);
#3733=ORIENTED_EDGE('',*,*,#2567,.F.);
#3734=ORIENTED_EDGE('',*,*,#2553,.T.);
#3735=PLANE('',#4148);
#3736=PLANE('',#4149);
#3737=PLANE('',#4150);
#3738=PLANE('',#4151);
#3739=PLANE('',#4152);
#3740=PLANE('',#4153);
#3741=PLANE('',#4154);
#3742=PLANE('',#4155);
#3743=PLANE('',#4156);
#3744=PLANE('',#4157);
#3745=PLANE('',#4158);
#3746=PLANE('',#4159);
#3747=PLANE('',#4164);
#3748=PLANE('',#4165);
#3749=PLANE('',#4166);
#3750=PLANE('',#4167);
#3751=PLANE('',#4168);
#3752=PLANE('',#4169);
#3753=PLANE('',#4170);
#3754=PLANE('',#4171);
#3755=PLANE('',#4172);
#3756=PLANE('',#4173);
#3757=PLANE('',#4174);
#3758=PLANE('',#4175);
#3759=PLANE('',#4176);
#3760=PLANE('',#4177);
#3761=PLANE('',#4178);
#3762=PLANE('',#4179);
#3763=PLANE('',#4180);
#3764=PLANE('',#4181);
#3765=PLANE('',#4182);
#3766=PLANE('',#4183);
#3767=PLANE('',#4184);
#3768=PLANE('',#4185);
#3769=PLANE('',#4186);
#3770=PLANE('',#4187);
#3771=PLANE('',#4188);
#3772=PLANE('',#4189);
#3773=PLANE('',#4190);
#3774=PLANE('',#4191);
#3775=PLANE('',#4192);
#3776=PLANE('',#4193);
#3777=PLANE('',#4194);
#3778=PLANE('',#4195);
#3779=PLANE('',#4196);
#3780=PLANE('',#4197);
#3781=PLANE('',#4198);
#3782=PLANE('',#4199);
#3783=PLANE('',#4200);
#3784=PLANE('',#4201);
#3785=PLANE('',#4202);
#3786=PLANE('',#4203);
#3787=PLANE('',#4215);
#3788=PLANE('',#4216);
#3789=PLANE('',#4217);
#3790=PLANE('',#4218);
#3791=PLANE('',#4219);
#3792=PLANE('',#4220);
#3793=PLANE('',#4221);
#3794=PLANE('',#4222);
#3795=PLANE('',#4223);
#3796=PLANE('',#4224);
#3797=PLANE('',#4225);
#3798=PLANE('',#4226);
#3799=PLANE('',#4227);
#3800=PLANE('',#4228);
#3801=PLANE('',#4229);
#3802=PLANE('',#4230);
#3803=PLANE('',#4231);
#3804=PLANE('',#4232);
#3805=PLANE('',#4233);
#3806=PLANE('',#4234);
#3807=PLANE('',#4235);
#3808=PLANE('',#4236);
#3809=PLANE('',#4237);
#3810=PLANE('',#4238);
#3811=PLANE('',#4239);
#3812=PLANE('',#4240);
#3813=PLANE('',#4241);
#3814=PLANE('',#4242);
#3815=PLANE('',#4243);
#3816=PLANE('',#4244);
#3817=PLANE('',#4245);
#3818=PLANE('',#4246);
#3819=PLANE('',#4247);
#3820=PLANE('',#4248);
#3821=PLANE('',#4249);
#3822=PLANE('',#4250);
#3823=PLANE('',#4251);
#3824=PLANE('',#4252);
#3825=PLANE('',#4253);
#3826=PLANE('',#4254);
#3827=PLANE('',#4255);
#3828=PLANE('',#4256);
#3829=PLANE('',#4257);
#3830=PLANE('',#4258);
#3831=PLANE('',#4259);
#3832=PLANE('',#4260);
#3833=PLANE('',#4261);
#3834=PLANE('',#4262);
#3835=PLANE('',#4263);
#3836=PLANE('',#4264);
#3837=PLANE('',#4265);
#3838=PLANE('',#4266);
#3839=PLANE('',#4267);
#3840=PLANE('',#4268);
#3841=PLANE('',#4269);
#3842=PLANE('',#4270);
#3843=PLANE('',#4271);
#3844=PLANE('',#4272);
#3845=PLANE('',#4273);
#3846=PLANE('',#4274);
#3847=PLANE('',#4275);
#3848=PLANE('',#4276);
#3849=PLANE('',#4277);
#3850=PLANE('',#4278);
#3851=PLANE('',#4279);
#3852=PLANE('',#4280);
#3853=PLANE('',#4281);
#3854=PLANE('',#4282);
#3855=PLANE('',#4283);
#3856=PLANE('',#4284);
#3857=PLANE('',#4285);
#3858=PLANE('',#4286);
#3859=PLANE('',#4287);
#3860=PLANE('',#4288);
#3861=PLANE('',#4289);
#3862=PLANE('',#4290);
#3863=PLANE('',#4291);
#3864=PLANE('',#4292);
#3865=PLANE('',#4293);
#3866=PLANE('',#4294);
#3867=PLANE('',#4295);
#3868=PLANE('',#4296);
#3869=PLANE('',#4297);
#3870=PLANE('',#4298);
#3871=PLANE('',#4299);
#3872=PLANE('',#4300);
#3873=PLANE('',#4301);
#3874=PLANE('',#4302);
#3875=PLANE('',#4303);
#3876=PLANE('',#4304);
#3877=PLANE('',#4305);
#3878=PLANE('',#4306);
#3879=PLANE('',#4307);
#3880=PLANE('',#4308);
#3881=PLANE('',#4309);
#3882=PLANE('',#4310);
#3883=PLANE('',#4311);
#3884=PLANE('',#4312);
#3885=PLANE('',#4313);
#3886=PLANE('',#4314);
#3887=PLANE('',#4315);
#3888=PLANE('',#4316);
#3889=PLANE('',#4317);
#3890=PLANE('',#4318);
#3891=PLANE('',#4319);
#3892=PLANE('',#4320);
#3893=PLANE('',#4321);
#3894=PLANE('',#4322);
#3895=PLANE('',#4323);
#3896=PLANE('',#4324);
#3897=PLANE('',#4325);
#3898=PLANE('',#4326);
#3899=PLANE('',#4327);
#3900=PLANE('',#4328);
#3901=PLANE('',#4329);
#3902=PLANE('',#4330);
#3903=PLANE('',#4331);
#3904=PLANE('',#4332);
#3905=PLANE('',#4333);
#3906=PLANE('',#4334);
#3907=PLANE('',#4335);
#3908=PLANE('',#4336);
#3909=PLANE('',#4337);
#3910=PLANE('',#4338);
#3911=PLANE('',#4339);
#3912=PLANE('',#4340);
#3913=PLANE('',#4341);
#3914=PLANE('',#4342);
#3915=PLANE('',#4343);
#3916=PLANE('',#4344);
#3917=PLANE('',#4345);
#3918=PLANE('',#4346);
#3919=PLANE('',#4347);
#3920=PLANE('',#4348);
#3921=PLANE('',#4349);
#3922=PLANE('',#4350);
#3923=PLANE('',#4351);
#3924=PLANE('',#4352);
#3925=PLANE('',#4353);
#3926=PLANE('',#4354);
#3927=PLANE('',#4355);
#3928=PLANE('',#4356);
#3929=PLANE('',#4357);
#3930=ADVANCED_FACE('',(#53),#3735,.F.);
#3931=ADVANCED_FACE('',(#54),#3736,.T.);
#3932=ADVANCED_FACE('',(#55),#3737,.T.);
#3933=ADVANCED_FACE('',(#56),#3738,.T.);
#3934=ADVANCED_FACE('',(#57),#3739,.T.);
#3935=ADVANCED_FACE('',(#58),#3740,.T.);
#3936=ADVANCED_FACE('',(#59),#3741,.F.);
#3937=ADVANCED_FACE('',(#60),#3742,.F.);
#3938=ADVANCED_FACE('',(#61),#3743,.F.);
#3939=ADVANCED_FACE('',(#62,#44),#3744,.F.);
#3940=ADVANCED_FACE('',(#63),#3745,.F.);
#3941=ADVANCED_FACE('',(#64),#3746,.F.);
#3942=ADVANCED_FACE('',(#65),#20,.T.);
#3943=ADVANCED_FACE('',(#66),#21,.T.);
#3944=ADVANCED_FACE('',(#67),#3747,.F.);
#3945=ADVANCED_FACE('',(#68),#3748,.T.);
#3946=ADVANCED_FACE('',(#69),#3749,.T.);
#3947=ADVANCED_FACE('',(#70),#3750,.T.);
#3948=ADVANCED_FACE('',(#71),#3751,.T.);
#3949=ADVANCED_FACE('',(#72),#3752,.T.);
#3950=ADVANCED_FACE('',(#73),#3753,.T.);
#3951=ADVANCED_FACE('',(#74),#3754,.T.);
#3952=ADVANCED_FACE('',(#75),#3755,.T.);
#3953=ADVANCED_FACE('',(#76),#3756,.T.);
#3954=ADVANCED_FACE('',(#77),#3757,.T.);
#3955=ADVANCED_FACE('',(#78),#3758,.T.);
#3956=ADVANCED_FACE('',(#79),#3759,.T.);
#3957=ADVANCED_FACE('',(#80),#3760,.T.);
#3958=ADVANCED_FACE('',(#81),#3761,.T.);
#3959=ADVANCED_FACE('',(#82),#3762,.T.);
#3960=ADVANCED_FACE('',(#83),#3763,.T.);
#3961=ADVANCED_FACE('',(#84),#3764,.T.);
#3962=ADVANCED_FACE('',(#85),#3765,.T.);
#3963=ADVANCED_FACE('',(#86),#3766,.T.);
#3964=ADVANCED_FACE('',(#87),#3767,.T.);
#3965=ADVANCED_FACE('',(#88),#3768,.T.);
#3966=ADVANCED_FACE('',(#89),#3769,.T.);
#3967=ADVANCED_FACE('',(#90),#3770,.T.);
#3968=ADVANCED_FACE('',(#91),#3771,.T.);
#3969=ADVANCED_FACE('',(#92,#45),#3772,.T.);
#3970=ADVANCED_FACE('',(#93),#3773,.T.);
#3971=ADVANCED_FACE('',(#94),#3774,.T.);
#3972=ADVANCED_FACE('',(#95),#3775,.T.);
#3973=ADVANCED_FACE('',(#96),#3776,.T.);
#3974=ADVANCED_FACE('',(#97),#3777,.T.);
#3975=ADVANCED_FACE('',(#98),#3778,.T.);
#3976=ADVANCED_FACE('',(#99),#3779,.T.);
#3977=ADVANCED_FACE('',(#100),#3780,.T.);
#3978=ADVANCED_FACE('',(#101),#3781,.T.);
#3979=ADVANCED_FACE('',(#102),#3782,.T.);
#3980=ADVANCED_FACE('',(#103),#3783,.T.);
#3981=ADVANCED_FACE('',(#104),#3784,.T.);
#3982=ADVANCED_FACE('',(#105),#3785,.T.);
#3983=ADVANCED_FACE('',(#106),#3786,.T.);
#3984=ADVANCED_FACE('',(#107),#19,.F.);
#3985=ADVANCED_FACE('',(#108),#22,.T.);
#3986=ADVANCED_FACE('',(#109),#23,.T.);
#3987=ADVANCED_FACE('',(#110),#24,.T.);
#3988=ADVANCED_FACE('',(#111),#25,.T.);
#3989=ADVANCED_FACE('',(#112),#3787,.F.);
#3990=ADVANCED_FACE('',(#113,#46),#3788,.F.);
#3991=ADVANCED_FACE('',(#114,#47),#3789,.F.);
#3992=ADVANCED_FACE('',(#115),#3790,.F.);
#3993=ADVANCED_FACE('',(#116),#3791,.F.);
#3994=ADVANCED_FACE('',(#117),#3792,.F.);
#3995=ADVANCED_FACE('',(#118),#3793,.F.);
#3996=ADVANCED_FACE('',(#119),#3794,.F.);
#3997=ADVANCED_FACE('',(#120),#3795,.F.);
#3998=ADVANCED_FACE('',(#121),#3796,.F.);
#3999=ADVANCED_FACE('',(#122),#3797,.F.);
#4000=ADVANCED_FACE('',(#123),#3798,.F.);
#4001=ADVANCED_FACE('',(#124),#3799,.F.);
#4002=ADVANCED_FACE('',(#125),#3800,.F.);
#4003=ADVANCED_FACE('',(#126),#3801,.F.);
#4004=ADVANCED_FACE('',(#127),#3802,.F.);
#4005=ADVANCED_FACE('',(#128),#3803,.F.);
#4006=ADVANCED_FACE('',(#129),#3804,.F.);
#4007=ADVANCED_FACE('',(#130),#3805,.F.);
#4008=ADVANCED_FACE('',(#131),#3806,.F.);
#4009=ADVANCED_FACE('',(#132),#3807,.F.);
#4010=ADVANCED_FACE('',(#133),#3808,.F.);
#4011=ADVANCED_FACE('',(#134),#3809,.F.);
#4012=ADVANCED_FACE('',(#135),#3810,.F.);
#4013=ADVANCED_FACE('',(#136),#3811,.F.);
#4014=ADVANCED_FACE('',(#137),#3812,.T.);
#4015=ADVANCED_FACE('',(#138),#3813,.T.);
#4016=ADVANCED_FACE('',(#139),#3814,.T.);
#4017=ADVANCED_FACE('',(#140),#3815,.T.);
#4018=ADVANCED_FACE('',(#141),#3816,.T.);
#4019=ADVANCED_FACE('',(#142),#3817,.T.);
#4020=ADVANCED_FACE('',(#143),#3818,.T.);
#4021=ADVANCED_FACE('',(#144),#3819,.T.);
#4022=ADVANCED_FACE('',(#145),#3820,.T.);
#4023=ADVANCED_FACE('',(#146),#3821,.T.);
#4024=ADVANCED_FACE('',(#147),#3822,.T.);
#4025=ADVANCED_FACE('',(#148),#3823,.T.);
#4026=ADVANCED_FACE('',(#149),#3824,.T.);
#4027=ADVANCED_FACE('',(#150),#3825,.T.);
#4028=ADVANCED_FACE('',(#151),#3826,.T.);
#4029=ADVANCED_FACE('',(#152),#3827,.T.);
#4030=ADVANCED_FACE('',(#153),#3828,.T.);
#4031=ADVANCED_FACE('',(#154),#3829,.T.);
#4032=ADVANCED_FACE('',(#155),#3830,.T.);
#4033=ADVANCED_FACE('',(#156),#3831,.T.);
#4034=ADVANCED_FACE('',(#157),#3832,.T.);
#4035=ADVANCED_FACE('',(#158),#3833,.T.);
#4036=ADVANCED_FACE('',(#159),#3834,.T.);
#4037=ADVANCED_FACE('',(#160),#3835,.T.);
#4038=ADVANCED_FACE('',(#161),#3836,.T.);
#4039=ADVANCED_FACE('',(#162),#3837,.T.);
#4040=ADVANCED_FACE('',(#163),#3838,.T.);
#4041=ADVANCED_FACE('',(#164),#3839,.T.);
#4042=ADVANCED_FACE('',(#165),#3840,.T.);
#4043=ADVANCED_FACE('',(#166),#3841,.T.);
#4044=ADVANCED_FACE('',(#167),#3842,.T.);
#4045=ADVANCED_FACE('',(#168),#3843,.T.);
#4046=ADVANCED_FACE('',(#169),#3844,.T.);
#4047=ADVANCED_FACE('',(#170),#3845,.T.);
#4048=ADVANCED_FACE('',(#171),#3846,.T.);
#4049=ADVANCED_FACE('',(#172),#3847,.T.);
#4050=ADVANCED_FACE('',(#173),#3848,.T.);
#4051=ADVANCED_FACE('',(#174),#3849,.T.);
#4052=ADVANCED_FACE('',(#175),#3850,.T.);
#4053=ADVANCED_FACE('',(#176),#3851,.T.);
#4054=ADVANCED_FACE('',(#177),#3852,.T.);
#4055=ADVANCED_FACE('',(#178),#3853,.T.);
#4056=ADVANCED_FACE('',(#179),#3854,.T.);
#4057=ADVANCED_FACE('',(#180),#3855,.T.);
#4058=ADVANCED_FACE('',(#181),#3856,.T.);
#4059=ADVANCED_FACE('',(#182),#3857,.T.);
#4060=ADVANCED_FACE('',(#183),#3858,.T.);
#4061=ADVANCED_FACE('',(#184),#3859,.T.);
#4062=ADVANCED_FACE('',(#185),#3860,.T.);
#4063=ADVANCED_FACE('',(#186),#3861,.T.);
#4064=ADVANCED_FACE('',(#187),#3862,.T.);
#4065=ADVANCED_FACE('',(#188),#3863,.T.);
#4066=ADVANCED_FACE('',(#189),#3864,.T.);
#4067=ADVANCED_FACE('',(#190),#3865,.T.);
#4068=ADVANCED_FACE('',(#191),#3866,.T.);
#4069=ADVANCED_FACE('',(#192),#3867,.T.);
#4070=ADVANCED_FACE('',(#193),#3868,.T.);
#4071=ADVANCED_FACE('',(#194),#3869,.T.);
#4072=ADVANCED_FACE('',(#195),#3870,.T.);
#4073=ADVANCED_FACE('',(#196),#3871,.T.);
#4074=ADVANCED_FACE('',(#197),#3872,.T.);
#4075=ADVANCED_FACE('',(#198),#3873,.T.);
#4076=ADVANCED_FACE('',(#199),#3874,.T.);
#4077=ADVANCED_FACE('',(#200),#3875,.T.);
#4078=ADVANCED_FACE('',(#201),#3876,.T.);
#4079=ADVANCED_FACE('',(#202),#3877,.T.);
#4080=ADVANCED_FACE('',(#203),#3878,.T.);
#4081=ADVANCED_FACE('',(#204),#3879,.T.);
#4082=ADVANCED_FACE('',(#205),#3880,.T.);
#4083=ADVANCED_FACE('',(#206),#3881,.T.);
#4084=ADVANCED_FACE('',(#207),#3882,.T.);
#4085=ADVANCED_FACE('',(#208),#3883,.T.);
#4086=ADVANCED_FACE('',(#209,#48),#3884,.T.);
#4087=ADVANCED_FACE('',(#210),#3885,.T.);
#4088=ADVANCED_FACE('',(#211),#3886,.T.);
#4089=ADVANCED_FACE('',(#212),#3887,.T.);
#4090=ADVANCED_FACE('',(#213),#3888,.T.);
#4091=ADVANCED_FACE('',(#214),#3889,.T.);
#4092=ADVANCED_FACE('',(#215,#49),#3890,.T.);
#4093=ADVANCED_FACE('',(#216),#3891,.T.);
#4094=ADVANCED_FACE('',(#217),#3892,.T.);
#4095=ADVANCED_FACE('',(#218),#3893,.T.);
#4096=ADVANCED_FACE('',(#219,#50),#3894,.T.);
#4097=ADVANCED_FACE('',(#220),#3895,.T.);
#4098=ADVANCED_FACE('',(#221),#3896,.T.);
#4099=ADVANCED_FACE('',(#222),#3897,.T.);
#4100=ADVANCED_FACE('',(#223),#3898,.T.);
#4101=ADVANCED_FACE('',(#224),#3899,.T.);
#4102=ADVANCED_FACE('',(#225),#3900,.T.);
#4103=ADVANCED_FACE('',(#226),#3901,.T.);
#4104=ADVANCED_FACE('',(#227),#3902,.T.);
#4105=ADVANCED_FACE('',(#228),#3903,.T.);
#4106=ADVANCED_FACE('',(#229),#3904,.T.);
#4107=ADVANCED_FACE('',(#230),#3905,.T.);
#4108=ADVANCED_FACE('',(#231),#3906,.T.);
#4109=ADVANCED_FACE('',(#232),#3907,.T.);
#4110=ADVANCED_FACE('',(#233),#3908,.T.);
#4111=ADVANCED_FACE('',(#234),#3909,.T.);
#4112=ADVANCED_FACE('',(#235),#3910,.T.);
#4113=ADVANCED_FACE('',(#236),#3911,.T.);
#4114=ADVANCED_FACE('',(#237),#3912,.T.);
#4115=ADVANCED_FACE('',(#238),#3913,.T.);
#4116=ADVANCED_FACE('',(#239),#3914,.T.);
#4117=ADVANCED_FACE('',(#240),#3915,.T.);
#4118=ADVANCED_FACE('',(#241),#3916,.T.);
#4119=ADVANCED_FACE('',(#242),#3917,.T.);
#4120=ADVANCED_FACE('',(#243),#3918,.T.);
#4121=ADVANCED_FACE('',(#244),#3919,.T.);
#4122=ADVANCED_FACE('',(#245),#3920,.T.);
#4123=ADVANCED_FACE('',(#246),#3921,.T.);
#4124=ADVANCED_FACE('',(#247),#3922,.T.);
#4125=ADVANCED_FACE('',(#248),#3923,.T.);
#4126=ADVANCED_FACE('',(#249),#3924,.T.);
#4127=ADVANCED_FACE('',(#250),#3925,.T.);
#4128=ADVANCED_FACE('',(#251,#51),#3926,.T.);
#4129=ADVANCED_FACE('',(#252),#3927,.T.);
#4130=ADVANCED_FACE('',(#253,#52),#3928,.T.);
#4131=ADVANCED_FACE('',(#254),#3929,.T.);
#4132=CLOSED_SHELL('',(#3930,#3931,#3932,#3933,#3934,#3935,#3936,#3937,
#3938,#3939,#3940));
#4133=CLOSED_SHELL('',(#3941,#3942,#3943,#3944,#3945,#3946,#3947,#3948,
#3949,#3950,#3951,#3952,#3953,#3954,#3955,#3956,#3957,#3958,#3959,#3960,
#3961,#3962,#3963,#3964,#3965,#3966,#3967,#3968,#3969,#3970,#3971,#3972,
#3973,#3974,#3975,#3976,#3977,#3978,#3979,#3980,#3981,#3982,#3983));
#4134=CLOSED_SHELL('',(#3984,#3985,#3986,#3987,#3988,#3989,#3990,#3991,
#3992,#3993,#3994,#3995,#3996,#3997,#3998,#3999,#4000,#4001,#4002,#4003,
#4004,#4005,#4006,#4007,#4008,#4009,#4010,#4011,#4012,#4013,#4014,#4015,
#4016,#4017,#4018,#4019,#4020,#4021,#4022,#4023,#4024,#4025,#4026,#4027,
#4028,#4029,#4030,#4031,#4032,#4033,#4034,#4035,#4036,#4037,#4038,#4039,
#4040,#4041,#4042,#4043,#4044,#4045,#4046,#4047,#4048,#4049,#4050,#4051,
#4052,#4053,#4054,#4055,#4056,#4057,#4058,#4059,#4060,#4061,#4062,#4063,
#4064,#4065,#4066,#4067,#4068,#4069,#4070,#4071,#4072,#4073,#4074,#4075,
#4076,#4077,#4078,#4079,#4080,#4081,#4082,#4083,#4084,#4085,#4086,#4087,
#4088,#4089,#4090,#4091,#4092,#4093,#4094,#4095,#4096,#4097,#4098,#4099,
#4100,#4101,#4102,#4103,#4104,#4105,#4106,#4107,#4108,#4109,#4110,#4111,
#4112,#4113,#4114,#4115,#4116,#4117,#4118,#4119,#4120,#4121,#4122,#4123,
#4124,#4125,#4126,#4127,#4128,#4129,#4130,#4131));
#4135=DERIVED_UNIT_ELEMENT(#4137,1.);
#4136=DERIVED_UNIT_ELEMENT(#6746,-3.);
#4137=(
MASS_UNIT()
NAMED_UNIT(*)
SI_UNIT(.KILO.,.GRAM.)
);
#4138=DERIVED_UNIT((#4135,#4136));
#4139=MEASURE_REPRESENTATION_ITEM('density measure',
POSITIVE_RATIO_MEASURE(7850.),#4138);
#4140=PROPERTY_DEFINITION_REPRESENTATION(#4145,#4142);
#4141=PROPERTY_DEFINITION_REPRESENTATION(#4146,#4143);
#4142=REPRESENTATION('material name',(#4144),#6743);
#4143=REPRESENTATION('density',(#4139),#6743);
#4144=DESCRIPTIVE_REPRESENTATION_ITEM('Steel','Steel');
#4145=PROPERTY_DEFINITION('material property','material name',#6753);
#4146=PROPERTY_DEFINITION('material property','density of part',#6753);
#4147=AXIS2_PLACEMENT_3D('',#5345,#4358,#4359);
#4148=AXIS2_PLACEMENT_3D('',#5346,#4360,#4361);
#4149=AXIS2_PLACEMENT_3D('',#5355,#4366,#4367);
#4150=AXIS2_PLACEMENT_3D('',#5361,#4371,#4372);
#4151=AXIS2_PLACEMENT_3D('',#5367,#4376,#4377);
#4152=AXIS2_PLACEMENT_3D('',#5369,#4379,#4380);
#4153=AXIS2_PLACEMENT_3D('',#5371,#4382,#4383);
#4154=AXIS2_PLACEMENT_3D('',#5380,#4388,#4389);
#4155=AXIS2_PLACEMENT_3D('',#5389,#4394,#4395);
#4156=AXIS2_PLACEMENT_3D('',#5392,#4398,#4399);
#4157=AXIS2_PLACEMENT_3D('',#5394,#4401,#4402);
#4158=AXIS2_PLACEMENT_3D('',#5396,#4404,#4405);
#4159=AXIS2_PLACEMENT_3D('',#5397,#4406,#4407);
#4160=AXIS2_PLACEMENT_3D('',#5402,#4409,#4410);
#4161=AXIS2_PLACEMENT_3D('',#5405,#4412,#4413);
#4162=AXIS2_PLACEMENT_3D('',#5416,#4416,#4417);
#4163=AXIS2_PLACEMENT_3D('',#5426,#4419,#4420);
#4164=AXIS2_PLACEMENT_3D('',#5428,#4422,#4423);
#4165=AXIS2_PLACEMENT_3D('',#5430,#4425,#4426);
#4166=AXIS2_PLACEMENT_3D('',#5432,#4428,#4429);
#4167=AXIS2_PLACEMENT_3D('',#5505,#4466,#4467);
#4168=AXIS2_PLACEMENT_3D('',#5511,#4471,#4472);
#4169=AXIS2_PLACEMENT_3D('',#5517,#4476,#4477);
#4170=AXIS2_PLACEMENT_3D('',#5523,#4481,#4482);
#4171=AXIS2_PLACEMENT_3D('',#5529,#4486,#4487);
#4172=AXIS2_PLACEMENT_3D('',#5533,#4490,#4491);
#4173=AXIS2_PLACEMENT_3D('',#5539,#4495,#4496);
#4174=AXIS2_PLACEMENT_3D('',#5545,#4500,#4501);
#4175=AXIS2_PLACEMENT_3D('',#5549,#4504,#4505);
#4176=AXIS2_PLACEMENT_3D('',#5553,#4508,#4509);
#4177=AXIS2_PLACEMENT_3D('',#5559,#4513,#4514);
#4178=AXIS2_PLACEMENT_3D('',#5561,#4516,#4517);
#4179=AXIS2_PLACEMENT_3D('',#5565,#4520,#4521);
#4180=AXIS2_PLACEMENT_3D('',#5569,#4524,#4525);
#4181=AXIS2_PLACEMENT_3D('',#5571,#4527,#4528);
#4182=AXIS2_PLACEMENT_3D('',#5577,#4532,#4533);
#4183=AXIS2_PLACEMENT_3D('',#5581,#4536,#4537);
#4184=AXIS2_PLACEMENT_3D('',#5587,#4541,#4542);
#4185=AXIS2_PLACEMENT_3D('',#5589,#4544,#4545);
#4186=AXIS2_PLACEMENT_3D('',#5593,#4548,#4549);
#4187=AXIS2_PLACEMENT_3D('',#5595,#4551,#4552);
#4188=AXIS2_PLACEMENT_3D('',#5599,#4555,#4556);
#4189=AXIS2_PLACEMENT_3D('',#5605,#4560,#4561);
#4190=AXIS2_PLACEMENT_3D('',#5628,#4576,#4577);
#4191=AXIS2_PLACEMENT_3D('',#5629,#4578,#4579);
#4192=AXIS2_PLACEMENT_3D('',#5632,#4582,#4583);
#4193=AXIS2_PLACEMENT_3D('',#5633,#4584,#4585);
#4194=AXIS2_PLACEMENT_3D('',#5636,#4588,#4589);
#4195=AXIS2_PLACEMENT_3D('',#5638,#4591,#4592);
#4196=AXIS2_PLACEMENT_3D('',#5640,#4594,#4595);
#4197=AXIS2_PLACEMENT_3D('',#5641,#4596,#4597);
#4198=AXIS2_PLACEMENT_3D('',#5642,#4598,#4599);
#4199=AXIS2_PLACEMENT_3D('',#5644,#4601,#4602);
#4200=AXIS2_PLACEMENT_3D('',#5646,#4604,#4605);
#4201=AXIS2_PLACEMENT_3D('',#5647,#4606,#4607);
#4202=AXIS2_PLACEMENT_3D('',#5648,#4608,#4609);
#4203=AXIS2_PLACEMENT_3D('',#5649,#4610,#4611);
#4204=AXIS2_PLACEMENT_3D('',#5650,#4612,#4613);
#4205=AXIS2_PLACEMENT_3D('',#5652,#4614,#4615);
#4206=AXIS2_PLACEMENT_3D('',#5655,#4617,#4618);
#4207=AXIS2_PLACEMENT_3D('',#5732,#4619,#4620);
#4208=AXIS2_PLACEMENT_3D('',#5734,#4621,#4622);
#4209=AXIS2_PLACEMENT_3D('',#5767,#4623,#4624);
#4210=AXIS2_PLACEMENT_3D('',#5768,#4625,#4626);
#4211=AXIS2_PLACEMENT_3D('',#5780,#4629,#4630);
#4212=AXIS2_PLACEMENT_3D('',#5781,#4631,#4632);
#4213=AXIS2_PLACEMENT_3D('',#5888,#4633,#4634);
#4214=AXIS2_PLACEMENT_3D('',#5889,#4635,#4636);
#4215=AXIS2_PLACEMENT_3D('',#5898,#4639,#4640);
#4216=AXIS2_PLACEMENT_3D('',#5907,#4645,#4646);
#4217=AXIS2_PLACEMENT_3D('',#6041,#4714,#4715);
#4218=AXIS2_PLACEMENT_3D('',#6175,#4783,#4784);
#4219=AXIS2_PLACEMENT_3D('',#6178,#4787,#4788);
#4220=AXIS2_PLACEMENT_3D('',#6181,#4791,#4792);
#4221=AXIS2_PLACEMENT_3D('',#6182,#4793,#4794);
#4222=AXIS2_PLACEMENT_3D('',#6184,#4796,#4797);
#4223=AXIS2_PLACEMENT_3D('',#6186,#4799,#4800);
#4224=AXIS2_PLACEMENT_3D('',#6189,#4803,#4804);
#4225=AXIS2_PLACEMENT_3D('',#6191,#4806,#4807);
#4226=AXIS2_PLACEMENT_3D('',#6193,#4809,#4810);
#4227=AXIS2_PLACEMENT_3D('',#6195,#4812,#4813);
#4228=AXIS2_PLACEMENT_3D('',#6197,#4815,#4816);
#4229=AXIS2_PLACEMENT_3D('',#6199,#4818,#4819);
#4230=AXIS2_PLACEMENT_3D('',#6201,#4821,#4822);
#4231=AXIS2_PLACEMENT_3D('',#6203,#4824,#4825);
#4232=AXIS2_PLACEMENT_3D('',#6206,#4828,#4829);
#4233=AXIS2_PLACEMENT_3D('',#6207,#4830,#4831);
#4234=AXIS2_PLACEMENT_3D('',#6209,#4833,#4834);
#4235=AXIS2_PLACEMENT_3D('',#6211,#4836,#4837);
#4236=AXIS2_PLACEMENT_3D('',#6213,#4839,#4840);
#4237=AXIS2_PLACEMENT_3D('',#6215,#4842,#4843);
#4238=AXIS2_PLACEMENT_3D('',#6217,#4845,#4846);
#4239=AXIS2_PLACEMENT_3D('',#6218,#4847,#4848);
#4240=AXIS2_PLACEMENT_3D('',#6219,#4849,#4850);
#4241=AXIS2_PLACEMENT_3D('',#6225,#4854,#4855);
#4242=AXIS2_PLACEMENT_3D('',#6231,#4859,#4860);
#4243=AXIS2_PLACEMENT_3D('',#6235,#4863,#4864);
#4244=AXIS2_PLACEMENT_3D('',#6239,#4867,#4868);
#4245=AXIS2_PLACEMENT_3D('',#6243,#4871,#4872);
#4246=AXIS2_PLACEMENT_3D('',#6247,#4875,#4876);
#4247=AXIS2_PLACEMENT_3D('',#6251,#4879,#4880);
#4248=AXIS2_PLACEMENT_3D('',#6255,#4883,#4884);
#4249=AXIS2_PLACEMENT_3D('',#6259,#4887,#4888);
#4250=AXIS2_PLACEMENT_3D('',#6263,#4891,#4892);
#4251=AXIS2_PLACEMENT_3D('',#6267,#4895,#4896);
#4252=AXIS2_PLACEMENT_3D('',#6271,#4899,#4900);
#4253=AXIS2_PLACEMENT_3D('',#6275,#4903,#4904);
#4254=AXIS2_PLACEMENT_3D('',#6279,#4907,#4908);
#4255=AXIS2_PLACEMENT_3D('',#6283,#4911,#4912);
#4256=AXIS2_PLACEMENT_3D('',#6287,#4915,#4916);
#4257=AXIS2_PLACEMENT_3D('',#6291,#4919,#4920);
#4258=AXIS2_PLACEMENT_3D('',#6295,#4923,#4924);
#4259=AXIS2_PLACEMENT_3D('',#6299,#4927,#4928);
#4260=AXIS2_PLACEMENT_3D('',#6303,#4931,#4932);
#4261=AXIS2_PLACEMENT_3D('',#6307,#4935,#4936);
#4262=AXIS2_PLACEMENT_3D('',#6311,#4939,#4940);
#4263=AXIS2_PLACEMENT_3D('',#6315,#4943,#4944);
#4264=AXIS2_PLACEMENT_3D('',#6319,#4947,#4948);
#4265=AXIS2_PLACEMENT_3D('',#6323,#4951,#4952);
#4266=AXIS2_PLACEMENT_3D('',#6327,#4955,#4956);
#4267=AXIS2_PLACEMENT_3D('',#6331,#4959,#4960);
#4268=AXIS2_PLACEMENT_3D('',#6335,#4963,#4964);
#4269=AXIS2_PLACEMENT_3D('',#6339,#4967,#4968);
#4270=AXIS2_PLACEMENT_3D('',#6343,#4971,#4972);
#4271=AXIS2_PLACEMENT_3D('',#6347,#4975,#4976);
#4272=AXIS2_PLACEMENT_3D('',#6351,#4979,#4980);
#4273=AXIS2_PLACEMENT_3D('',#6355,#4983,#4984);
#4274=AXIS2_PLACEMENT_3D('',#6359,#4987,#4988);
#4275=AXIS2_PLACEMENT_3D('',#6363,#4991,#4992);
#4276=AXIS2_PLACEMENT_3D('',#6367,#4995,#4996);
#4277=AXIS2_PLACEMENT_3D('',#6371,#4999,#5000);
#4278=AXIS2_PLACEMENT_3D('',#6375,#5003,#5004);
#4279=AXIS2_PLACEMENT_3D('',#6379,#5007,#5008);
#4280=AXIS2_PLACEMENT_3D('',#6383,#5011,#5012);
#4281=AXIS2_PLACEMENT_3D('',#6387,#5015,#5016);
#4282=AXIS2_PLACEMENT_3D('',#6391,#5019,#5020);
#4283=AXIS2_PLACEMENT_3D('',#6395,#5023,#5024);
#4284=AXIS2_PLACEMENT_3D('',#6399,#5027,#5028);
#4285=AXIS2_PLACEMENT_3D('',#6403,#5031,#5032);
#4286=AXIS2_PLACEMENT_3D('',#6407,#5035,#5036);
#4287=AXIS2_PLACEMENT_3D('',#6411,#5039,#5040);
#4288=AXIS2_PLACEMENT_3D('',#6415,#5043,#5044);
#4289=AXIS2_PLACEMENT_3D('',#6419,#5047,#5048);
#4290=AXIS2_PLACEMENT_3D('',#6423,#5051,#5052);
#4291=AXIS2_PLACEMENT_3D('',#6427,#5055,#5056);
#4292=AXIS2_PLACEMENT_3D('',#6431,#5059,#5060);
#4293=AXIS2_PLACEMENT_3D('',#6435,#5063,#5064);
#4294=AXIS2_PLACEMENT_3D('',#6437,#5066,#5067);
#4295=AXIS2_PLACEMENT_3D('',#6447,#5073,#5074);
#4296=AXIS2_PLACEMENT_3D('',#6451,#5077,#5078);
#4297=AXIS2_PLACEMENT_3D('',#6455,#5081,#5082);
#4298=AXIS2_PLACEMENT_3D('',#6459,#5085,#5086);
#4299=AXIS2_PLACEMENT_3D('',#6463,#5089,#5090);
#4300=AXIS2_PLACEMENT_3D('',#6467,#5093,#5094);
#4301=AXIS2_PLACEMENT_3D('',#6471,#5097,#5098);
#4302=AXIS2_PLACEMENT_3D('',#6477,#5102,#5103);
#4303=AXIS2_PLACEMENT_3D('',#6481,#5106,#5107);
#4304=AXIS2_PLACEMENT_3D('',#6483,#5109,#5110);
#4305=AXIS2_PLACEMENT_3D('',#6487,#5113,#5114);
#4306=AXIS2_PLACEMENT_3D('',#6491,#5117,#5118);
#4307=AXIS2_PLACEMENT_3D('',#6495,#5121,#5122);
#4308=AXIS2_PLACEMENT_3D('',#6499,#5125,#5126);
#4309=AXIS2_PLACEMENT_3D('',#6503,#5129,#5130);
#4310=AXIS2_PLACEMENT_3D('',#6507,#5133,#5134);
#4311=AXIS2_PLACEMENT_3D('',#6511,#5137,#5138);
#4312=AXIS2_PLACEMENT_3D('',#6515,#5141,#5142);
#4313=AXIS2_PLACEMENT_3D('',#6519,#5145,#5146);
#4314=AXIS2_PLACEMENT_3D('',#6523,#5149,#5150);
#4315=AXIS2_PLACEMENT_3D('',#6527,#5153,#5154);
#4316=AXIS2_PLACEMENT_3D('',#6531,#5157,#5158);
#4317=AXIS2_PLACEMENT_3D('',#6535,#5161,#5162);
#4318=AXIS2_PLACEMENT_3D('',#6539,#5165,#5166);
#4319=AXIS2_PLACEMENT_3D('',#6543,#5169,#5170);
#4320=AXIS2_PLACEMENT_3D('',#6547,#5173,#5174);
#4321=AXIS2_PLACEMENT_3D('',#6551,#5177,#5178);
#4322=AXIS2_PLACEMENT_3D('',#6553,#5180,#5181);
#4323=AXIS2_PLACEMENT_3D('',#6609,#5210,#5211);
#4324=AXIS2_PLACEMENT_3D('',#6613,#5214,#5215);
#4325=AXIS2_PLACEMENT_3D('',#6619,#5219,#5220);
#4326=AXIS2_PLACEMENT_3D('',#6623,#5223,#5224);
#4327=AXIS2_PLACEMENT_3D('',#6629,#5228,#5229);
#4328=AXIS2_PLACEMENT_3D('',#6633,#5232,#5233);
#4329=AXIS2_PLACEMENT_3D('',#6635,#5235,#5236);
#4330=AXIS2_PLACEMENT_3D('',#6639,#5239,#5240);
#4331=AXIS2_PLACEMENT_3D('',#6645,#5244,#5245);
#4332=AXIS2_PLACEMENT_3D('',#6647,#5247,#5248);
#4333=AXIS2_PLACEMENT_3D('',#6653,#5252,#5253);
#4334=AXIS2_PLACEMENT_3D('',#6655,#5255,#5256);
#4335=AXIS2_PLACEMENT_3D('',#6659,#5259,#5260);
#4336=AXIS2_PLACEMENT_3D('',#6665,#5264,#5265);
#4337=AXIS2_PLACEMENT_3D('',#6671,#5269,#5270);
#4338=AXIS2_PLACEMENT_3D('',#6677,#5274,#5275);
#4339=AXIS2_PLACEMENT_3D('',#6683,#5279,#5280);
#4340=AXIS2_PLACEMENT_3D('',#6689,#5284,#5285);
#4341=AXIS2_PLACEMENT_3D('',#6695,#5289,#5290);
#4342=AXIS2_PLACEMENT_3D('',#6699,#5293,#5294);
#4343=AXIS2_PLACEMENT_3D('',#6703,#5297,#5298);
#4344=AXIS2_PLACEMENT_3D('',#6707,#5301,#5302);
#4345=AXIS2_PLACEMENT_3D('',#6711,#5305,#5306);
#4346=AXIS2_PLACEMENT_3D('',#6713,#5308,#5309);
#4347=AXIS2_PLACEMENT_3D('',#6717,#5312,#5313);
#4348=AXIS2_PLACEMENT_3D('',#6721,#5316,#5317);
#4349=AXIS2_PLACEMENT_3D('',#6723,#5319,#5320);
#4350=AXIS2_PLACEMENT_3D('',#6725,#5322,#5323);
#4351=AXIS2_PLACEMENT_3D('',#6727,#5325,#5326);
#4352=AXIS2_PLACEMENT_3D('',#6731,#5329,#5330);
#4353=AXIS2_PLACEMENT_3D('',#6732,#5331,#5332);
#4354=AXIS2_PLACEMENT_3D('',#6737,#5337,#5338);
#4355=AXIS2_PLACEMENT_3D('',#6738,#5339,#5340);
#4356=AXIS2_PLACEMENT_3D('',#6739,#5341,#5342);
#4357=AXIS2_PLACEMENT_3D('',#6740,#5343,#5344);
#4358=DIRECTION('axis',(0.,0.,1.));
#4359=DIRECTION('refdir',(1.,0.,0.));
#4360=DIRECTION('center_axis',(-1.,-6.12313537749807E-17,6.10748311662664E-17));
#4361=DIRECTION('ref_axis',(6.10748311662664E-17,0.,1.));
#4362=DIRECTION('',(-6.12313537749807E-17,1.,-2.22044604925031E-16));
#4363=DIRECTION('',(6.10748311662664E-17,2.21477003546471E-16,1.));
#4364=DIRECTION('',(6.12313537749807E-17,-1.,2.22613660952697E-16));
#4365=DIRECTION('',(-6.10748311662664E-17,-2.21477003546471E-16,-1.));
#4366=DIRECTION('center_axis',(6.12333261556379E-17,-1.,2.21477003546471E-16));
#4367=DIRECTION('ref_axis',(0.,-2.21477003546471E-16,-1.));
#4368=DIRECTION('',(1.,6.12333261556379E-17,-6.12323399573677E-17));
#4369=DIRECTION('',(1.,6.12333261556379E-17,-6.13902549553926E-17));
#4370=DIRECTION('',(6.10748311662664E-17,2.21477003546471E-16,1.));
#4371=DIRECTION('center_axis',(-1.,-6.12313537749807E-17,6.10748311662664E-17));
#4372=DIRECTION('ref_axis',(6.10748311662664E-17,0.,1.));
#4373=DIRECTION('',(6.12313537749807E-17,-1.,2.22044604925031E-16));
#4374=DIRECTION('',(-6.12313537749807E-17,1.,-2.22613660952697E-16));
#4375=DIRECTION('',(-6.10748311662664E-17,-2.21477003546471E-16,-1.));
#4376=DIRECTION('center_axis',(6.13902549553925E-17,2.22613660952697E-16,
1.));
#4377=DIRECTION('ref_axis',(1.,0.,-6.13902549553925E-17));
#4378=DIRECTION('',(1.,6.12333261556379E-17,-6.13902549553926E-17));
#4379=DIRECTION('center_axis',(-6.12333261556379E-17,1.,-2.21477003546471E-16));
#4380=DIRECTION('ref_axis',(0.,2.21477003546471E-16,1.));
#4381=DIRECTION('',(-1.,-6.12333261556379E-17,6.12323399573677E-17));
#4382=DIRECTION('center_axis',(-1.,-6.12323399573676E-17,6.12323399573677E-17));
#4383=DIRECTION('ref_axis',(6.12323399573677E-17,-1.,2.22044604925031E-16));
#4384=DIRECTION('',(6.12323399573677E-17,2.22044604925031E-16,1.));
#4385=DIRECTION('',(-6.12323399573677E-17,1.,-2.22044604925031E-16));
#4386=DIRECTION('',(-6.12323399573677E-17,-2.22044604925031E-16,-1.));
#4387=DIRECTION('',(6.12323399573677E-17,-1.,2.22044604925031E-16));
#4388=DIRECTION('center_axis',(-1.,-6.12323399573676E-17,6.12323399573677E-17));
#4389=DIRECTION('ref_axis',(6.12323399573677E-17,-1.,2.22044604925031E-16));
#4390=DIRECTION('',(-6.12323399573677E-17,-2.22044604925031E-16,-1.));
#4391=DIRECTION('',(-6.12323399573677E-17,1.,-2.22044604925031E-16));
#4392=DIRECTION('',(6.12323399573677E-17,2.22044604925031E-16,1.));
#4393=DIRECTION('',(6.12323399573677E-17,-1.,2.22044604925031E-16));
#4394=DIRECTION('center_axis',(6.12323399573677E-17,2.22044604925031E-16,
1.));
#4395=DIRECTION('ref_axis',(-1.,-6.12323399573676E-17,6.12323399573677E-17));
#4396=DIRECTION('',(1.,6.12323399573676E-17,-6.12323399573677E-17));
#4397=DIRECTION('',(1.,6.12323399573676E-17,-6.12323399573677E-17));
#4398=DIRECTION('center_axis',(6.12323399573677E-17,-1.,2.22044604925031E-16));
#4399=DIRECTION('ref_axis',(1.,6.12323399573676E-17,-6.12323399573677E-17));
#4400=DIRECTION('',(1.,6.12323399573676E-17,-6.12323399573677E-17));
#4401=DIRECTION('center_axis',(-6.12323399573677E-17,-2.22044604925031E-16,
-1.));
#4402=DIRECTION('ref_axis',(1.,6.12323399573676E-17,-6.12323399573677E-17));
#4403=DIRECTION('',(1.,6.12323399573676E-17,-6.12323399573677E-17));
#4404=DIRECTION('center_axis',(-6.12323399573677E-17,1.,-2.22044604925031E-16));
#4405=DIRECTION('ref_axis',(-1.,-6.12323399573676E-17,6.12323399573677E-17));
#4406=DIRECTION('center_axis',(-1.,-9.17445916192625E-17,-6.12323399573676E-17));
#4407=DIRECTION('ref_axis',(-6.12323399573676E-17,0.,1.));
#4408=DIRECTION('',(-6.12323399573677E-17,2.83276944882399E-16,1.));
#4409=DIRECTION('center_axis',(-1.,-9.17445916192625E-17,-6.12323399573676E-17));
#4410=DIRECTION('ref_axis',(6.12323399573677E-17,-2.83597810262883E-16,
-1.));
#4411=DIRECTION('',(6.12323399573677E-17,-2.83597810262883E-16,-1.));
#4412=DIRECTION('center_axis',(-1.,-9.17445916192625E-17,-6.12323399573676E-17));
#4413=DIRECTION('ref_axis',(6.12323399573677E-17,-2.83597810262883E-16,
-1.));
#4414=DIRECTION('',(1.,4.08677982045476E-17,6.12323399573677E-17));
#4415=DIRECTION('',(-1.,-4.08677982045476E-17,-6.12323399573677E-17));
#4416=DIRECTION('center_axis',(-1.,-9.17445916192625E-17,-6.12323399573676E-17));
#4417=DIRECTION('ref_axis',(6.12323399573677E-17,-2.83597810262883E-16,
-1.));
#4418=DIRECTION('',(-1.,-4.08677982045476E-17,-6.12323399573677E-17));
#4419=DIRECTION('center_axis',(-1.,-9.17445916192625E-17,-6.12323399573676E-17));
#4420=DIRECTION('ref_axis',(6.12323399573677E-17,-2.83597810262883E-16,
-1.));
#4421=DIRECTION('',(-1.,-4.08677982045476E-17,-6.12323399573677E-17));
#4422=DIRECTION('center_axis',(-4.08677982045476E-17,1.,-2.83597810262883E-16));
#4423=DIRECTION('ref_axis',(0.,2.83597810262883E-16,1.));
#4424=DIRECTION('',(6.12323399573677E-17,-2.83597810262883E-16,-1.));
#4425=DIRECTION('center_axis',(-1.,-9.17445916192625E-17,-6.12323399573676E-17));
#4426=DIRECTION('ref_axis',(-6.12323399573676E-17,0.,1.));
#4427=DIRECTION('',(6.12323399573677E-17,-2.83276944882399E-16,-1.));
#4428=DIRECTION('center_axis',(0.,1.,-2.83276944882399E-16));
#4429=DIRECTION('ref_axis',(-1.,0.,0.));
#4430=DIRECTION('',(-0.789554502970983,-1.73841521192733E-16,-0.613680443584643));
#4431=DIRECTION('',(-0.91024489232268,-1.17296577301152E-16,-0.41407032736055));
#4432=DIRECTION('',(0.974445362709218,6.36309856735605E-17,0.2246246537994));
#4433=DIRECTION('',(-0.997772496661711,-1.88970245239546E-17,-0.0667086569004038));
#4434=DIRECTION('',(-1.,0.,0.));
#4435=DIRECTION('',(0.997772514731757,-1.88969479606443E-17,-0.0667083866231658));
#4436=DIRECTION('',(-0.974445131916066,6.36312692911762E-17,0.224625655002007));
#4437=DIRECTION('',(-0.910245794568401,1.17296015449765E-16,0.414068343960923));
#4438=DIRECTION('',(-0.789552403029681,1.73842286536735E-16,0.613683145336465));
#4439=DIRECTION('',(0.613684136391861,-2.23661774345654E-16,-0.789551632726433));
#4440=DIRECTION('',(-0.414065301762548,2.57852039799156E-16,0.910247178450057));
#4441=DIRECTION('',(-0.224630111118632,2.76037548937244E-16,0.974444104697048));
#4442=DIRECTION('',(-0.0667033568524653,2.82646044916738E-16,0.997772850995963));
#4443=DIRECTION('',(0.,-2.83276944882399E-16,-1.));
#4444=DIRECTION('',(-0.0667032667667815,-2.82646046622752E-16,-0.99777285701839));
#4445=DIRECTION('',(-0.224630444858593,-2.76037527143552E-16,-0.974444027762822));
#4446=DIRECTION('',(0.414064746411987,2.57852111362E-16,0.910247431075077));
#4447=DIRECTION('',(0.613684892878253,2.23661607783188E-16,0.789551044741888));
#4448=DIRECTION('',(-0.789551592501787,-1.73842581940052E-16,-0.613684188143944));
#4449=DIRECTION('',(-0.910246389585183,-1.17295644915884E-16,-0.414067035933966));
#4450=DIRECTION('',(0.974444821645373,6.36316505752363E-17,0.224627000978328));
#4451=DIRECTION('',(-0.997772598488429,-1.889659307712E-17,-0.0667071338437542));
#4452=DIRECTION('',(-1.,0.,0.));
#4453=DIRECTION('',(0.99777258041906,-1.88966696390052E-17,-0.0667074041159618));
#4454=DIRECTION('',(0.974445052441217,-6.36313669561016E-17,-0.224625999770359));
#4455=DIRECTION('',(-0.910245487344572,1.17296206766231E-16,0.414069019329921));
#4456=DIRECTION('',(-0.789553692448071,1.73841816596321E-16,0.613681486393078));
#4457=DIRECTION('',(0.613681486393078,-2.23662357817307E-16,-0.789553692448071));
#4458=DIRECTION('',(-0.414069019329921,2.57851560747961E-16,0.910245487344572));
#4459=DIRECTION('',(0.224625999770359,-2.76037817411317E-16,-0.974445052441217));
#4460=DIRECTION('',(0.0667074041159618,-2.82645968268539E-16,-0.99777258041906));
#4461=DIRECTION('',(0.,2.83276944882399E-16,1.));
#4462=DIRECTION('',(0.0667074942071832,2.82645966562313E-16,0.997772574395888));
#4463=DIRECTION('',(-0.2246256660363,-2.7603783920417E-16,-0.97444512937248));
#4464=DIRECTION('',(-0.414069574683841,-2.57851489183793E-16,-0.910245234714878));
#4465=DIRECTION('',(0.613680729905811,2.23662524378482E-16,0.78955428042806));
#4466=DIRECTION('center_axis',(-0.997772574395888,1.88966951597712E-17,
0.0667074942071832));
#4467=DIRECTION('ref_axis',(0.,-1.,2.83276944882399E-16));
#4468=DIRECTION('',(0.,1.,-2.83276944882399E-16));
#4469=DIRECTION('',(0.0667074942071832,2.82645966562313E-16,0.997772574395888));
#4470=DIRECTION('',(0.,1.,-2.83276944882399E-16));
#4471=DIRECTION('center_axis',(0.789551632726433,1.7384256727988E-16,0.613684136391861));
#4472=DIRECTION('ref_axis',(0.,1.,-2.83276944882399E-16));
#4473=DIRECTION('',(0.,-1.,2.83276944882399E-16));
#4474=DIRECTION('',(0.613684136391861,-2.23661774345654E-16,-0.789551632726433));
#4475=DIRECTION('',(0.,1.,-2.83276944882399E-16));
#4476=DIRECTION('center_axis',(-0.974445052441217,-6.36313669561016E-17,
-0.224625999770359));
#4477=DIRECTION('ref_axis',(0.,-1.,2.83276944882399E-16));
#4478=DIRECTION('',(0.,-1.,2.83276944882399E-16));
#4479=DIRECTION('',(0.,1.,-2.83276944882399E-16));
#4480=DIRECTION('',(0.224625999770359,-2.76037817411317E-16,-0.974445052441217));
#4481=DIRECTION('center_axis',(-0.78955428042806,1.73841602300919E-16,0.613680729905811));
#4482=DIRECTION('ref_axis',(0.,-1.,2.83276944882399E-16));
#4483=DIRECTION('',(0.,1.,-2.83276944882399E-16));
#4484=DIRECTION('',(-0.613680729905811,-2.23662524378482E-16,-0.78955428042806));
#4485=DIRECTION('',(0.,1.,-2.83276944882399E-16));
#4486=DIRECTION('center_axis',(-0.97444512937248,6.3631272416937E-17,0.2246256660363));
#4487=DIRECTION('ref_axis',(0.,-1.,2.83276944882399E-16));
#4488=DIRECTION('',(-0.2246256660363,-2.7603783920417E-16,-0.97444512937248));
#4489=DIRECTION('',(0.,1.,-2.83276944882399E-16));
#4490=DIRECTION('center_axis',(0.910247431075077,-1.17294996347093E-16,
-0.414064746411987));
#4491=DIRECTION('ref_axis',(0.,1.,-2.83276944882399E-16));
#4492=DIRECTION('',(0.414064746411987,2.57852111362E-16,0.910247431075077));
#4493=DIRECTION('',(0.,1.,-2.83276944882399E-16));
#4494=DIRECTION('',(0.,1.,-2.83276944882399E-16));
#4495=DIRECTION('center_axis',(-0.613681486393078,-2.23662357817307E-16,
-0.789553692448071));
#4496=DIRECTION('ref_axis',(0.,-1.,2.83276944882399E-16));
#4497=DIRECTION('',(0.789553692448071,-1.73841816596321E-16,-0.613681486393078));
#4498=DIRECTION('',(0.,1.,-2.83276944882399E-16));
#4499=DIRECTION('',(0.,1.,-2.83276944882399E-16));
#4500=DIRECTION('center_axis',(-0.910245487344572,-1.17296206766231E-16,
-0.414069019329921));
#4501=DIRECTION('ref_axis',(0.,-1.,2.83276944882399E-16));
#4502=DIRECTION('',(0.,1.,-2.83276944882399E-16));
#4503=DIRECTION('',(0.414069019329921,-2.57851560747961E-16,-0.910245487344572));
#4504=DIRECTION('center_axis',(0.910247178450057,1.17295153665103E-16,0.414065301762548));
#4505=DIRECTION('ref_axis',(0.,1.,-2.83276944882399E-16));
#4506=DIRECTION('',(-0.414065301762548,2.57852039799156E-16,0.910247178450057));
#4507=DIRECTION('',(0.,1.,-2.83276944882399E-16));
#4508=DIRECTION('center_axis',(-0.2246246537994,2.76037905303089E-16,0.974445362709218));
#4509=DIRECTION('ref_axis',(0.,-1.,2.83276944882399E-16));
#4510=DIRECTION('',(0.,1.,-2.83276944882399E-16));
#4511=DIRECTION('',(-0.974445362709218,-6.36309856735605E-17,-0.2246246537994));
#4512=DIRECTION('',(0.,1.,-2.83276944882399E-16));
#4513=DIRECTION('center_axis',(-0.910245234714878,1.17296364085193E-16,
0.414069574683841));
#4514=DIRECTION('ref_axis',(0.,-1.,2.83276944882399E-16));
#4515=DIRECTION('',(-0.414069574683841,-2.57851489183793E-16,-0.910245234714878));
#4516=DIRECTION('center_axis',(-0.613680443584643,2.23662587419761E-16,
0.789554502970983));
#4517=DIRECTION('ref_axis',(0.,-1.,2.83276944882399E-16));
#4518=DIRECTION('',(-0.789554502970983,-1.73841521192733E-16,-0.613680443584643));
#4519=DIRECTION('',(0.,1.,-2.83276944882399E-16));
#4520=DIRECTION('center_axis',(0.974444027762822,-6.36326261471165E-17,
-0.224630444858593));
#4521=DIRECTION('ref_axis',(0.,1.,-2.83276944882399E-16));
#4522=DIRECTION('',(0.224630444858593,2.76037527143552E-16,0.974444027762822));
#4523=DIRECTION('',(0.,1.,-2.83276944882399E-16));
#4524=DIRECTION('center_axis',(-0.78955369244807,-1.73841816596321E-16,
-0.613681486393078));
#4525=DIRECTION('ref_axis',(0.,-1.,2.83276944882399E-16));
#4526=DIRECTION('',(0.613681486393078,-2.23662357817307E-16,-0.789553692448071));
#4527=DIRECTION('center_axis',(-0.0667074041159618,-2.82645968268539E-16,
-0.99777258041906));
#4528=DIRECTION('ref_axis',(0.,1.,-2.83276944882399E-16));
#4529=DIRECTION('',(0.,1.,-2.83276944882399E-16));
#4530=DIRECTION('',(0.99777258041906,-1.88966696390052E-17,-0.0667074041159618));
#4531=DIRECTION('',(0.,1.,-2.83276944882399E-16));
#4532=DIRECTION('center_axis',(-0.414069019329921,-2.57851560747961E-16,
-0.910245487344572));
#4533=DIRECTION('ref_axis',(0.,1.,-2.83276944882399E-16));
#4534=DIRECTION('',(0.910245487344572,-1.17296206766231E-16,-0.414069019329921));
#4535=DIRECTION('',(0.,1.,-2.83276944882399E-16));
#4536=DIRECTION('center_axis',(0.997772850995963,1.88955231425668E-17,0.0667033568524653));
#4537=DIRECTION('ref_axis',(0.,1.,-2.83276944882399E-16));
#4538=DIRECTION('',(0.,-1.,2.83276944882399E-16));
#4539=DIRECTION('',(0.,1.,-2.83276944882399E-16));
#4540=DIRECTION('',(-0.0667033568524653,2.82646044916738E-16,0.997772850995963));
#4541=DIRECTION('center_axis',(0.974444104697048,6.36325316062799E-17,0.224630111118632));
#4542=DIRECTION('ref_axis',(0.,1.,-2.83276944882399E-16));
#4543=DIRECTION('',(-0.224630111118632,2.76037548937244E-16,0.974444104697048));
#4544=DIRECTION('center_axis',(-0.0667086569004038,2.82645944542013E-16,
0.997772496661711));
#4545=DIRECTION('ref_axis',(0.,-1.,2.83276944882399E-16));
#4546=DIRECTION('',(-0.997772496661711,-1.88970245239546E-17,-0.0667086569004038));
#4547=DIRECTION('',(0.,-1.,2.83276944882399E-16));
#4548=DIRECTION('center_axis',(-0.41407032736055,2.57851392191977E-16,0.91024489232268));
#4549=DIRECTION('ref_axis',(0.,-1.,2.83276944882399E-16));
#4550=DIRECTION('',(-0.91024489232268,-1.17296577301152E-16,-0.41407032736055));
#4551=DIRECTION('center_axis',(0.99777285701839,-1.88954976233695E-17,-0.0667032667667815));
#4552=DIRECTION('ref_axis',(0.,1.,-2.83276944882399E-16));
#4553=DIRECTION('',(0.,1.,-2.83276944882399E-16));
#4554=DIRECTION('',(-0.0667032667667815,-2.82646046622752E-16,-0.99777285701839));
#4555=DIRECTION('center_axis',(0.224625655002007,2.76037839924709E-16,0.974445131916066));
#4556=DIRECTION('ref_axis',(0.,-1.,2.83276944882399E-16));
#4557=DIRECTION('',(0.,1.,-2.83276944882399E-16));
#4558=DIRECTION('',(-0.974445131916066,6.36312692911762E-17,0.224625655002007));
#4559=DIRECTION('',(0.,1.,-2.83276944882399E-16));
#4560=DIRECTION('center_axis',(0.,-1.,2.83276944882399E-16));
#4561=DIRECTION('ref_axis',(1.,0.,0.));
#4562=DIRECTION('',(0.,2.83276944882399E-16,1.));
#4563=DIRECTION('',(0.0667074041159618,-2.82645968268539E-16,-0.99777258041906));
#4564=DIRECTION('',(0.974445052441217,-6.36313669561016E-17,-0.224625999770359));
#4565=DIRECTION('',(-1.,0.,0.));
#4566=DIRECTION('',(0.997772598488429,1.889659307712E-17,0.0667071338437542));
#4567=DIRECTION('',(0.974444821645373,6.36316505752363E-17,0.224627000978328));
#4568=DIRECTION('',(0.910246389585183,1.17295644915884E-16,0.414067035933966));
#4569=DIRECTION('',(-0.789551592501787,-1.73842581940052E-16,-0.613684188143944));
#4570=DIRECTION('',(-0.613684892878253,-2.23661607783188E-16,-0.789551044741888));
#4571=DIRECTION('',(0.,-2.83276944882399E-16,-1.));
#4572=DIRECTION('',(0.789552403029681,-1.73842286536735E-16,-0.613683145336465));
#4573=DIRECTION('',(-0.910245794568401,1.17296015449765E-16,0.414068343960923));
#4574=DIRECTION('',(0.997772514731757,-1.88969479606443E-17,-0.0667083866231658));
#4575=DIRECTION('',(-1.,0.,0.));
#4576=DIRECTION('center_axis',(-0.224625999770359,-2.76037817411317E-16,
-0.974445052441217));
#4577=DIRECTION('ref_axis',(0.,1.,-2.83276944882399E-16));
#4578=DIRECTION('center_axis',(0.0667071338437542,-2.82645973387175E-16,
-0.997772598488429));
#4579=DIRECTION('ref_axis',(0.,1.,-2.83276944882399E-16));
#4580=DIRECTION('',(0.,1.,-2.83276944882399E-16));
#4581=DIRECTION('',(0.,1.,-2.83276944882399E-16));
#4582=DIRECTION('center_axis',(0.,-2.83276944882399E-16,-1.));
#4583=DIRECTION('ref_axis',(0.,1.,-2.83276944882399E-16));
#4584=DIRECTION('center_axis',(0.414067035933966,-2.57851816331924E-16,
-0.910246389585183));
#4585=DIRECTION('ref_axis',(0.,1.,-2.83276944882399E-16));
#4586=DIRECTION('',(0.,1.,-2.83276944882399E-16));
#4587=DIRECTION('',(0.,1.,-2.83276944882399E-16));
#4588=DIRECTION('center_axis',(0.0667083866231658,2.82645949660841E-16,
0.997772514731757));
#4589=DIRECTION('ref_axis',(0.,-1.,2.83276944882399E-16));
#4590=DIRECTION('',(0.,1.,-2.83276944882399E-16));
#4591=DIRECTION('center_axis',(-0.99777258041906,-1.88966696390052E-17,
-0.0667074041159618));
#4592=DIRECTION('ref_axis',(0.,-1.,2.83276944882399E-16));
#4593=DIRECTION('',(0.,1.,-2.83276944882399E-16));
#4594=DIRECTION('center_axis',(-1.,0.,0.));
#4595=DIRECTION('ref_axis',(0.,-1.,2.83276944882399E-16));
#4596=DIRECTION('center_axis',(0.224627000978328,-2.76037752032175E-16,
-0.974444821645373));
#4597=DIRECTION('ref_axis',(0.,1.,-2.83276944882399E-16));
#4598=DIRECTION('center_axis',(0.414068343960923,2.57851647777388E-16,0.9102457945684));
#4599=DIRECTION('ref_axis',(0.,-1.,2.83276944882399E-16));
#4600=DIRECTION('',(0.,-1.,2.83276944882399E-16));
#4601=DIRECTION('center_axis',(0.613684188143944,-2.23661762950939E-16,
-0.789551592501787));
#4602=DIRECTION('ref_axis',(0.,1.,-2.83276944882399E-16));
#4603=DIRECTION('',(0.,1.,-2.83276944882399E-16));
#4604=DIRECTION('center_axis',(0.613683145336465,2.23661992554805E-16,0.789552403029681));
#4605=DIRECTION('ref_axis',(0.,1.,-2.83276944882399E-16));
#4606=DIRECTION('center_axis',(0.789551044741888,-1.73842781575034E-16,
-0.613684892878254));
#4607=DIRECTION('ref_axis',(0.,1.,-2.83276944882399E-16));
#4608=DIRECTION('center_axis',(0.,2.83276944882399E-16,1.));
#4609=DIRECTION('ref_axis',(0.,-1.,2.83276944882399E-16));
#4610=DIRECTION('center_axis',(1.,0.,0.));
#4611=DIRECTION('ref_axis',(0.,1.,-2.83276944882399E-16));
#4612=DIRECTION('center_axis',(0.,2.7137574726914E-16,1.));
#4613=DIRECTION('ref_axis',(1.,0.,0.));
#4614=DIRECTION('center_axis',(0.,2.83276944882399E-16,1.));
#4615=DIRECTION('ref_axis',(1.,0.,0.));
#4616=DIRECTION('',(0.,2.7137574726914E-16,1.));
#4617=DIRECTION('center_axis',(0.,-2.83276944882399E-16,-1.));
#4618=DIRECTION('ref_axis',(1.,0.,0.));
#4619=DIRECTION('center_axis',(-1.27014331275622E-33,-1.,3.11681024308555E-16));
#4620=DIRECTION('ref_axis',(1.,-1.27014331275622E-33,0.));
#4621=DIRECTION('center_axis',(-1.27014331275622E-33,-1.,3.11681024308555E-16));
#4622=DIRECTION('ref_axis',(1.,-1.27014331275622E-33,0.));
#4623=DIRECTION('center_axis',(-1.27014331275622E-33,-1.,3.11681024308555E-16));
#4624=DIRECTION('ref_axis',(1.,-1.27014331275622E-33,0.));
#4625=DIRECTION('center_axis',(-1.27014331275622E-33,-1.,3.11681024308555E-16));
#4626=DIRECTION('ref_axis',(1.,-1.27014331275622E-33,0.));
#4627=DIRECTION('',(1.27057490468225E-33,-1.,2.64030420602224E-16));
#4628=DIRECTION('',(-1.27057490468225E-33,1.,-2.64030420602224E-16));
#4629=DIRECTION('center_axis',(-1.27014331275622E-33,-1.,3.11681024308555E-16));
#4630=DIRECTION('ref_axis',(1.,-1.27014331275622E-33,0.));
#4631=DIRECTION('center_axis',(-1.27014331275622E-33,-1.,3.11681024308555E-16));
#4632=DIRECTION('ref_axis',(1.,-1.27014331275622E-33,0.));
#4633=DIRECTION('center_axis',(-1.27014331275622E-33,-1.,3.11681024308555E-16));
#4634=DIRECTION('ref_axis',(1.,-1.27014331275622E-33,0.));
#4635=DIRECTION('center_axis',(-1.27014331275622E-33,-1.,3.11681024308555E-16));
#4636=DIRECTION('ref_axis',(1.,-1.27014331275622E-33,0.));
#4637=DIRECTION('',(-1.27057490468225E-33,1.,-2.64030420602224E-16));
#4638=DIRECTION('',(1.27057490468225E-33,-1.,2.64030420602224E-16));
#4639=DIRECTION('center_axis',(-0.224642499509942,2.7475111602023E-16,0.97444124882618));
#4640=DIRECTION('ref_axis',(0.97444124882618,0.,0.224642499509942));
#4641=DIRECTION('',(-1.24931635066625E-18,-1.,2.81669589421802E-16));
#4642=DIRECTION('',(-0.97444124882618,-6.39338086817346E-17,-0.224642499509942));
#4643=DIRECTION('',(0.,1.,-2.819576001644E-16));
#4644=DIRECTION('',(-0.97444124882618,-6.39338086817346E-17,-0.224642499509942));
#4645=DIRECTION('center_axis',(0.,-1.,2.84602463118984E-16));
#4646=DIRECTION('ref_axis',(0.,-2.84602463118984E-16,-1.));
#4647=DIRECTION('',(-0.613680729905811,-2.24709092975963E-16,-0.78955428042806));
#4648=DIRECTION('',(-0.997772125145272,-1.89870294874945E-17,-0.0667142135012255));
#4649=DIRECTION('',(-1.,0.,0.));
#4650=DIRECTION('',(0.997772143218322,-1.89869525595769E-17,-0.0667139432016757));
#4651=DIRECTION('',(-0.97444101799733,6.39340936466945E-17,0.224643500783637));
#4652=DIRECTION('',(-0.910232736595883,1.17853039854074E-16,0.414097048080724));
#4653=DIRECTION('',(-0.78952752412941,1.74664844109197E-16,0.61371515269063));
#4654=DIRECTION('',(-0.613652128700804,2.2471541953034E-16,0.789576509871571));
#4655=DIRECTION('',(-0.414036598932631,2.5906230485428E-16,0.910260234627604));
#4656=DIRECTION('',(0.224612266287644,-2.77330363064097E-16,-0.974448218138413));
#4657=DIRECTION('',(0.0666978011478074,-2.83968716726862E-16,-0.997773222391765));
#4658=DIRECTION('',(0.,2.84602463118984E-16,1.));
#4659=DIRECTION('',(0.0666977110695598,2.83968718440575E-16,0.997773228413191));
#4660=DIRECTION('',(-0.22461260000391,-2.77330341171813E-16,-0.974448141216085));
#4661=DIRECTION('',(-0.414036043604636,-2.59062376743047E-16,-0.910260487221224));
#4662=DIRECTION('',(-0.61365288519541,-2.24715252200674E-16,-0.789575921929835));
#4663=DIRECTION('',(0.789526713542509,1.74665140891549E-16,0.613716195486778));
#4664=DIRECTION('',(0.910233331686627,1.17852667571255E-16,0.414095740000622));
#4665=DIRECTION('',(0.974440707678645,6.39344767420695E-17,0.224644846855526));
#4666=DIRECTION('',(0.997772226988917,1.89865959860372E-17,0.0667126903188448));
#4667=DIRECTION('',(-1.,0.,0.));
#4668=DIRECTION('',(0.997772208916544,-1.89866729125231E-17,-0.0667129606133639));
#4669=DIRECTION('',(0.974440938510188,-6.39341917755836E-17,-0.224643845576469));
#4670=DIRECTION('',(0.613681486393078,-2.24708925635409E-16,-0.789553692448071));
#4671=DIRECTION('',(0.414069019329921,-2.59058107741205E-16,-0.910245487344572));
#4672=DIRECTION('',(0.224625999770359,-2.77329462098878E-16,-0.974445052441217));
#4673=DIRECTION('',(0.0667074041159618,-2.83968534019849E-16,-0.99777258041906));
#4674=DIRECTION('',(0.,-2.84602463118984E-16,-1.));
#4675=DIRECTION('',(-0.0667074942071832,-2.83968532305639E-16,-0.997772574395889));
#4676=DIRECTION('',(-0.2246256660363,-2.77329483993704E-16,-0.97444512937248));
#4677=DIRECTION('',(-0.414069574683841,-2.59058035842172E-16,-0.910245234714878));
#4678=DIRECTION('',(0.,-2.84602463118984E-16,-1.));
#4679=DIRECTION('',(0.066702996511187,-2.8396861788265E-16,-0.997772875085522));
#4680=DIRECTION('',(0.223691271674772,-2.7739065121261E-16,-0.974660050980096));
#4681=DIRECTION('',(0.415134745384353,-2.58919918949147E-16,-0.909759937112351));
#4682=DIRECTION('',(0.613687594625996,-2.24707574437193E-16,-0.789548944779334));
#4683=DIRECTION('',(0.789548944779334,-1.74657001016123E-16,-0.613687594625996));
#4684=DIRECTION('',(0.909759937112351,-1.18148371062659E-16,-0.415134745384353));
#4685=DIRECTION('',(0.974660050980096,-6.3663086896858E-17,-0.223691271674772));
#4686=DIRECTION('',(0.997772875085522,-1.89838371045008E-17,-0.066702996511187));
#4687=DIRECTION('',(1.,0.,0.));
#4688=DIRECTION('',(0.99777285701839,1.89839140199087E-17,0.0667032667667815));
#4689=DIRECTION('',(0.974579842591362,6.3762468467704E-17,0.224040466020306));
#4690=DIRECTION('',(0.910063909260344,1.17958599276913E-16,0.414467949378212));
#4691=DIRECTION('',(0.789550960743918,1.74656262848932E-16,0.613685000947845));
#4692=DIRECTION('',(0.613684257664328,2.24708312606979E-16,0.789551538466605));
#4693=DIRECTION('',(0.413670106850508,2.59109722983285E-16,0.9104268464288));
#4694=DIRECTION('',(0.225209282363899,2.7729114312769E-16,0.974310412105474));
#4695=DIRECTION('',(0.0667070390957186,2.83968540965243E-16,0.997772604822904));
#4696=DIRECTION('',(0.,2.84602463118984E-16,1.));
#4697=DIRECTION('',(-0.0667073093675458,2.83968535822671E-16,0.997772586753586));
#4698=DIRECTION('',(-0.225560593629758,2.77268013087312E-16,0.974229140706328));
#4699=DIRECTION('',(-0.413004691208127,2.59195687508779E-16,0.910728897663888));
#4700=DIRECTION('',(-0.61368166398324,2.2470888635111E-16,0.789553554415888));
#4701=DIRECTION('',(-0.789553554415888,1.74655313140587E-16,0.61368166398324));
#4702=DIRECTION('',(-0.910728897663888,1.17542152397528E-16,0.413004691208127));
#4703=DIRECTION('',(-0.974229140706328,6.41951005296094E-17,0.225560593629758));
#4704=DIRECTION('',(-0.997772586753586,1.89850645540436E-17,0.0667073093675458));
#4705=DIRECTION('',(-1.,0.,0.));
#4706=DIRECTION('',(-0.997772604822904,-1.89849876340159E-17,-0.0667070390957186));
#4707=DIRECTION('',(-0.974310412105474,-6.40951164780243E-17,-0.225209282363899));
#4708=DIRECTION('',(-0.9104268464288,-1.17731531328348E-16,-0.413670106850508));
#4709=DIRECTION('',(-0.789551538466605,-1.74656051308613E-16,-0.613684257664328));
#4710=DIRECTION('',(-0.613685000947845,-2.24708148185679E-16,-0.789550960743918));
#4711=DIRECTION('',(-0.414467949378212,-2.59006430171185E-16,-0.910063909260344));
#4712=DIRECTION('',(-0.224040466020306,-2.77367823707613E-16,-0.974579842591362));
#4713=DIRECTION('',(-0.0667032667667815,-2.83968612740699E-16,-0.997772857018389));
#4714=DIRECTION('center_axis',(0.,1.,-2.84602463118984E-16));
#4715=DIRECTION('ref_axis',(0.,2.84602463118984E-16,1.));
#4716=DIRECTION('',(0.613680729905811,2.24709092975963E-16,0.78955428042806));
#4717=DIRECTION('',(0.414069574683841,2.59058035842172E-16,0.910245234714878));
#4718=DIRECTION('',(0.2246256660363,2.77329483993704E-16,0.97444512937248));
#4719=DIRECTION('',(0.0667074942071832,2.83968532305639E-16,0.997772574395889));
#4720=DIRECTION('',(0.,2.84602463118984E-16,1.));
#4721=DIRECTION('',(-0.0667074041159618,2.83968534019849E-16,0.99777258041906));
#4722=DIRECTION('',(-0.224625999770359,2.77329462098878E-16,0.974445052441217));
#4723=DIRECTION('',(-0.414069019329921,2.59058107741205E-16,0.910245487344572));
#4724=DIRECTION('',(-0.613681486393078,2.24708925635409E-16,0.789553692448071));
#4725=DIRECTION('',(-0.974440938510188,6.39341917755836E-17,0.224643845576469));
#4726=DIRECTION('',(-0.997772208916544,1.89866729125231E-17,0.0667129606133639));
#4727=DIRECTION('',(-1.,0.,0.));
#4728=DIRECTION('',(-0.997772226988917,-1.89865959860372E-17,-0.0667126903188448));
#4729=DIRECTION('',(-0.974440707678645,-6.39344767420695E-17,-0.224644846855526));
#4730=DIRECTION('',(-0.910233331686627,-1.17852667571255E-16,-0.414095740000622));
#4731=DIRECTION('',(-0.789526713542509,-1.74665140891549E-16,-0.613716195486778));
#4732=DIRECTION('',(-0.61365288519541,-2.24715252200674E-16,-0.789575921929835));
#4733=DIRECTION('',(-0.414036043604636,-2.59062376743047E-16,-0.910260487221224));
#4734=DIRECTION('',(-0.22461260000391,-2.77330341171813E-16,-0.974448141216085));
#4735=DIRECTION('',(0.0666977110695598,2.83968718440575E-16,0.997773228413191));
#4736=DIRECTION('',(0.,2.84602463118984E-16,1.));
#4737=DIRECTION('',(0.0666978011478074,-2.83968716726862E-16,-0.997773222391765));
#4738=DIRECTION('',(-0.224612266287644,2.77330363064097E-16,0.974448218138413));
#4739=DIRECTION('',(-0.414036598932631,2.5906230485428E-16,0.910260234627604));
#4740=DIRECTION('',(-0.613652128700804,2.2471541953034E-16,0.789576509871571));
#4741=DIRECTION('',(-0.78952752412941,1.74664844109197E-16,0.61371515269063));
#4742=DIRECTION('',(-0.910232736595883,1.17853039854074E-16,0.414097048080724));
#4743=DIRECTION('',(-0.97444101799733,6.39340936466945E-17,0.224643500783637));
#4744=DIRECTION('',(0.997772143218322,-1.89869525595769E-17,-0.0667139432016757));
#4745=DIRECTION('',(-1.,0.,0.));
#4746=DIRECTION('',(-0.997772125145272,-1.89870294874945E-17,-0.0667142135012255));
#4747=DIRECTION('',(0.,2.84602463118984E-16,1.));
#4748=DIRECTION('',(0.0667032667667815,2.83968612740699E-16,0.997772857018389));
#4749=DIRECTION('',(0.224040466020306,2.77367823707613E-16,0.974579842591362));
#4750=DIRECTION('',(0.414467949378212,2.59006430171185E-16,0.910063909260344));
#4751=DIRECTION('',(0.613685000947845,2.24708148185679E-16,0.789550960743918));
#4752=DIRECTION('',(0.789551538466605,1.74656051308613E-16,0.613684257664328));
#4753=DIRECTION('',(0.9104268464288,1.17731531328348E-16,0.413670106850508));
#4754=DIRECTION('',(0.974310412105474,6.40951164780243E-17,0.225209282363899));
#4755=DIRECTION('',(0.997772604822904,1.89849876340159E-17,0.0667070390957186));
#4756=DIRECTION('',(1.,0.,0.));
#4757=DIRECTION('',(0.997772586753586,-1.89850645540436E-17,-0.0667073093675458));
#4758=DIRECTION('',(0.974229140706328,-6.41951005296094E-17,-0.225560593629758));
#4759=DIRECTION('',(0.910728897663888,-1.17542152397528E-16,-0.413004691208127));
#4760=DIRECTION('',(0.789553554415888,-1.74655313140587E-16,-0.61368166398324));
#4761=DIRECTION('',(0.61368166398324,-2.2470888635111E-16,-0.789553554415888));
#4762=DIRECTION('',(0.413004691208127,-2.59195687508779E-16,-0.910728897663888));
#4763=DIRECTION('',(0.225560593629758,-2.77268013087312E-16,-0.974229140706328));
#4764=DIRECTION('',(0.0667073093675458,-2.83968535822671E-16,-0.997772586753586));
#4765=DIRECTION('',(0.,-2.84602463118984E-16,-1.));
#4766=DIRECTION('',(-0.0667070390957186,-2.83968540965243E-16,-0.997772604822904));
#4767=DIRECTION('',(-0.225209282363899,-2.7729114312769E-16,-0.974310412105474));
#4768=DIRECTION('',(-0.413670106850508,-2.59109722983285E-16,-0.9104268464288));
#4769=DIRECTION('',(-0.613684257664328,-2.24708312606979E-16,-0.789551538466605));
#4770=DIRECTION('',(-0.789550960743918,-1.74656262848932E-16,-0.613685000947845));
#4771=DIRECTION('',(-0.910063909260344,-1.17958599276913E-16,-0.414467949378212));
#4772=DIRECTION('',(-0.974579842591362,-6.3762468467704E-17,-0.224040466020306));
#4773=DIRECTION('',(-0.99777285701839,-1.89839140199087E-17,-0.0667032667667815));
#4774=DIRECTION('',(-1.,0.,0.));
#4775=DIRECTION('',(-0.997772875085522,1.89838371045008E-17,0.066702996511187));
#4776=DIRECTION('',(-0.974660050980096,6.3663086896858E-17,0.223691271674772));
#4777=DIRECTION('',(-0.909759937112351,1.18148371062659E-16,0.415134745384353));
#4778=DIRECTION('',(-0.789548944779334,1.74657001016123E-16,0.613687594625996));
#4779=DIRECTION('',(-0.613687594625996,2.24707574437193E-16,0.789548944779334));
#4780=DIRECTION('',(-0.415134745384353,2.58919918949147E-16,0.909759937112351));
#4781=DIRECTION('',(-0.223691271674772,2.7739065121261E-16,0.974660050980096));
#4782=DIRECTION('',(-0.066702996511187,2.8396861788265E-16,0.997772875085522));
#4783=DIRECTION('center_axis',(0.,-2.819576001644E-16,-1.));
#4784=DIRECTION('ref_axis',(-1.,0.,0.));
#4785=DIRECTION('',(0.,1.,-2.819576001644E-16));
#4786=DIRECTION('',(0.,1.,-2.819576001644E-16));
#4787=DIRECTION('center_axis',(-0.224643845576469,-2.74751028524278E-16,
-0.974440938510188));
#4788=DIRECTION('ref_axis',(-0.974440938510188,0.,0.224643845576469));
#4789=DIRECTION('',(-1.24932108138941E-18,1.,-2.81669586513709E-16));
#4790=DIRECTION('',(0.,1.,-2.819576001644E-16));
#4791=DIRECTION('center_axis',(-0.0667129606133639,-2.81329457536841E-16,
-0.997772208916544));
#4792=DIRECTION('ref_axis',(-0.997772208916544,0.,0.0667129606133639));
#4793=DIRECTION('center_axis',(-0.0667142135012256,2.81329433916894E-16,
0.997772125145272));
#4794=DIRECTION('ref_axis',(0.997772125145272,0.,0.0667142135012255));
#4795=DIRECTION('',(0.,-1.,2.819576001644E-16));
#4796=DIRECTION('center_axis',(0.0667126903188448,-2.81329462632483E-16,
-0.997772226988917));
#4797=DIRECTION('ref_axis',(-0.997772226988917,0.,-0.0667126903188448));
#4798=DIRECTION('',(0.,1.,-2.819576001644E-16));
#4799=DIRECTION('center_axis',(0.0667139432016757,2.81329439012728E-16,
0.997772143218322));
#4800=DIRECTION('ref_axis',(0.997772143218322,0.,-0.0667139432016757));
#4801=DIRECTION('',(0.,1.,-2.819576001644E-16));
#4802=DIRECTION('',(0.,1.,-2.819576001644E-16));
#4803=DIRECTION('center_axis',(0.224644846855526,-2.7475096343957E-16,-0.974440707678645));
#4804=DIRECTION('ref_axis',(-0.974440707678645,0.,-0.224644846855526));
#4805=DIRECTION('',(0.,1.,-2.819576001644E-16));
#4806=DIRECTION('center_axis',(0.224643500783637,2.74751050936282E-16,0.97444101799733));
#4807=DIRECTION('ref_axis',(0.97444101799733,0.,-0.224643500783637));
#4808=DIRECTION('',(0.,1.,-2.819576001644E-16));
#4809=DIRECTION('center_axis',(0.414095740000622,-2.56647205792007E-16,
-0.910233331686627));
#4810=DIRECTION('ref_axis',(-0.910233331686627,0.,-0.414095740000622));
#4811=DIRECTION('',(0.,1.,-2.819576001644E-16));
#4812=DIRECTION('center_axis',(0.414097048080724,2.56647038001649E-16,0.910232736595883));
#4813=DIRECTION('ref_axis',(0.910232736595883,0.,-0.414097048080724));
#4814=DIRECTION('',(0.,1.,-2.819576001644E-16));
#4815=DIRECTION('center_axis',(0.613716195486778,-2.22613057416131E-16,
-0.789526713542509));
#4816=DIRECTION('ref_axis',(-0.789526713542509,0.,-0.613716195486778));
#4817=DIRECTION('',(0.,1.,-2.819576001644E-16));
#4818=DIRECTION('center_axis',(0.61371515269063,2.22613285967269E-16,0.78952752412941));
#4819=DIRECTION('ref_axis',(0.78952752412941,0.,-0.61371515269063));
#4820=DIRECTION('',(0.,-1.,2.819576001644E-16));
#4821=DIRECTION('center_axis',(0.789575921929835,-1.73024094843658E-16,
-0.61365288519541));
#4822=DIRECTION('ref_axis',(-0.61365288519541,0.,-0.789575921929835));
#4823=DIRECTION('',(0.,1.,-2.819576001644E-16));
#4824=DIRECTION('center_axis',(0.997773222391766,1.88059519478781E-17,0.0666978011478074));
#4825=DIRECTION('ref_axis',(0.0666978011478074,0.,-0.997773222391765));
#4826=DIRECTION('',(0.,-1.,2.819576001644E-16));
#4827=DIRECTION('',(0.,-1.,2.819576001644E-16));
#4828=DIRECTION('center_axis',(0.,2.819576001644E-16,1.));
#4829=DIRECTION('ref_axis',(1.,0.,0.));
#4830=DIRECTION('center_axis',(1.,0.,0.));
#4831=DIRECTION('ref_axis',(0.,0.,-1.));
#4832=DIRECTION('',(0.,-1.,2.819576001644E-16));
#4833=DIRECTION('center_axis',(0.789576509871571,1.73023881544254E-16,0.613652128700804));
#4834=DIRECTION('ref_axis',(0.613652128700804,0.,-0.789576509871571));
#4835=DIRECTION('',(0.,-1.,2.819576001644E-16));
#4836=DIRECTION('center_axis',(0.910260487221224,-1.16740609236326E-16,
-0.414036043604636));
#4837=DIRECTION('ref_axis',(-0.414036043604636,0.,-0.910260487221224));
#4838=DIRECTION('',(0.,1.,-2.819576001644E-16));
#4839=DIRECTION('center_axis',(0.910260234627604,1.16740765815275E-16,0.41403659893263));
#4840=DIRECTION('ref_axis',(0.41403659893263,0.,-0.910260234627604));
#4841=DIRECTION('',(0.,-1.,2.819576001644E-16));
#4842=DIRECTION('center_axis',(0.974448141216085,-6.33312296637887E-17,
-0.22461260000391));
#4843=DIRECTION('ref_axis',(-0.22461260000391,0.,-0.974448141216085));
#4844=DIRECTION('',(0.,1.,-2.819576001644E-16));
#4845=DIRECTION('center_axis',(0.974448218138413,6.33311355699511E-17,0.224612266287644));
#4846=DIRECTION('ref_axis',(0.224612266287644,0.,-0.974448218138413));
#4847=DIRECTION('center_axis',(0.997773228413191,-1.88059265496316E-17,
-0.0666977110695598));
#4848=DIRECTION('ref_axis',(-0.0666977110695598,0.,-0.997773228413191));
#4849=DIRECTION('center_axis',(1.,0.,0.));
#4850=DIRECTION('ref_axis',(0.,1.,-2.83276944882399E-16));
#4851=DIRECTION('',(0.,1.,-2.83276944882399E-16));
#4852=DIRECTION('',(0.,-2.83276944882399E-16,-1.));
#4853=DIRECTION('',(0.,-1.,2.83276944882399E-16));
#4854=DIRECTION('center_axis',(1.,0.,0.));
#4855=DIRECTION('ref_axis',(0.,1.,-2.83276944882399E-16));
#4856=DIRECTION('',(0.,-1.,2.83276944882399E-16));
#4857=DIRECTION('',(0.,-2.83276944882399E-16,-1.));
#4858=DIRECTION('',(0.,1.,-2.83276944882399E-16));
#4859=DIRECTION('center_axis',(0.997772586753586,1.88966427989634E-17,0.0667073093675458));
#4860=DIRECTION('ref_axis',(0.,1.,-2.83276944882399E-16));
#4861=DIRECTION('',(-0.0667073093675458,2.82645970062964E-16,0.997772586753586));
#4862=DIRECTION('',(0.,-1.,2.83276944882399E-16));
#4863=DIRECTION('center_axis',(0.997772586753586,1.88966427989634E-17,0.0667073093675458));
#4864=DIRECTION('ref_axis',(0.,1.,-2.83276944882399E-16));
#4865=DIRECTION('',(0.,-1.,2.83276944882399E-16));
#4866=DIRECTION('',(0.0667073093675458,-2.82645970062964E-16,-0.997772586753586));
#4867=DIRECTION('center_axis',(0.997772604822904,-1.88965662371859E-17,
-0.0667070390957186));
#4868=DIRECTION('ref_axis',(0.,1.,-2.83276944882399E-16));
#4869=DIRECTION('',(0.,1.,-2.83276944882399E-16));
#4870=DIRECTION('',(0.0667070390957186,2.82645975181585E-16,0.997772604822904));
#4871=DIRECTION('center_axis',(0.974229140706328,6.38961158492982E-17,0.225560593629758));
#4872=DIRECTION('ref_axis',(0.,1.,-2.83276944882399E-16));
#4873=DIRECTION('',(0.225560593629758,-2.75976654594693E-16,-0.974229140706328));
#4874=DIRECTION('',(0.,-1.,2.83276944882399E-16));
#4875=DIRECTION('center_axis',(0.974229140706328,6.38961158492982E-17,0.225560593629758));
#4876=DIRECTION('ref_axis',(0.,1.,-2.83276944882399E-16));
#4877=DIRECTION('',(0.,-1.,2.83276944882399E-16));
#4878=DIRECTION('',(0.225560593629758,-2.75976654594693E-16,-0.974229140706328));
#4879=DIRECTION('center_axis',(0.974310412105474,-6.37965974672027E-17,
-0.225209282363899));
#4880=DIRECTION('ref_axis',(0.,1.,-2.83276944882399E-16));
#4881=DIRECTION('',(0.,1.,-2.83276944882399E-16));
#4882=DIRECTION('',(0.225209282363899,2.7599967690835E-16,0.974310412105474));
#4883=DIRECTION('center_axis',(0.910728897663888,1.16994707147537E-16,0.413004691208127));
#4884=DIRECTION('ref_axis',(0.,1.,-2.83276944882399E-16));
#4885=DIRECTION('',(0.413004691208127,-2.57988499746341E-16,-0.910728897663888));
#4886=DIRECTION('',(0.,-1.,2.83276944882399E-16));
#4887=DIRECTION('center_axis',(0.910728897663888,1.16994707147537E-16,0.413004691208127));
#4888=DIRECTION('ref_axis',(0.,1.,-2.83276944882399E-16));
#4889=DIRECTION('',(0.,-1.,2.83276944882399E-16));
#4890=DIRECTION('',(0.413004691208127,-2.57988499746341E-16,-0.910728897663888));
#4891=DIRECTION('center_axis',(0.9104268464288,-1.17183204057787E-16,-0.413670106850508));
#4892=DIRECTION('ref_axis',(0.,1.,-2.83276944882399E-16));
#4893=DIRECTION('',(0.,-1.,2.83276944882399E-16));
#4894=DIRECTION('',(0.413670106850508,2.57902935595267E-16,0.9104268464288));
#4895=DIRECTION('center_axis',(0.789553554415888,1.73841866903519E-16,0.61368166398324));
#4896=DIRECTION('ref_axis',(0.,1.,-2.83276944882399E-16));
#4897=DIRECTION('',(0.61368166398324,-2.23662318715972E-16,-0.789553554415888));
#4898=DIRECTION('',(0.,-1.,2.83276944882399E-16));
#4899=DIRECTION('center_axis',(0.789553554415888,1.73841866903519E-16,0.61368166398324));
#4900=DIRECTION('ref_axis',(0.,1.,-2.83276944882399E-16));
#4901=DIRECTION('',(0.,-1.,2.83276944882399E-16));
#4902=DIRECTION('',(0.61368166398324,-2.23662318715972E-16,-0.789553554415888));
#4903=DIRECTION('center_axis',(0.789551538466605,-1.73842601633574E-16,
-0.613684257664328));
#4904=DIRECTION('ref_axis',(0.,1.,-2.83276944882399E-16));
#4905=DIRECTION('',(0.,-1.,2.83276944882399E-16));
#4906=DIRECTION('',(0.613684257664328,2.23661747644018E-16,0.789551538466605));
#4907=DIRECTION('center_axis',(0.61368166398324,2.23662318715972E-16,0.789553554415888));
#4908=DIRECTION('ref_axis',(0.,1.,-2.83276944882399E-16));
#4909=DIRECTION('',(0.789553554415888,-1.73841866903519E-16,-0.61368166398324));
#4910=DIRECTION('',(0.,-1.,2.83276944882399E-16));
#4911=DIRECTION('center_axis',(0.61368166398324,2.23662318715972E-16,0.789553554415888));
#4912=DIRECTION('ref_axis',(0.,1.,-2.83276944882399E-16));
#4913=DIRECTION('',(0.,-1.,2.83276944882399E-16));
#4914=DIRECTION('',(0.789553554415888,-1.73841866903519E-16,-0.61368166398324));
#4915=DIRECTION('center_axis',(0.613685000947845,-2.236615839885E-16,-0.789550960743918));
#4916=DIRECTION('ref_axis',(0.,1.,-2.83276944882399E-16));
#4917=DIRECTION('',(0.,-1.,2.83276944882399E-16));
#4918=DIRECTION('',(0.789550960743918,1.73842812188658E-16,0.613685000947845));
#4919=DIRECTION('center_axis',(0.413004691208127,2.57988499746341E-16,0.910728897663888));
#4920=DIRECTION('ref_axis',(0.,-1.,2.83276944882399E-16));
#4921=DIRECTION('',(0.910728897663888,-1.16994707147537E-16,-0.413004691208127));
#4922=DIRECTION('',(0.,-1.,2.83276944882399E-16));
#4923=DIRECTION('center_axis',(0.413004691208127,2.57988499746341E-16,0.910728897663888));
#4924=DIRECTION('ref_axis',(0.,-1.,2.83276944882399E-16));
#4925=DIRECTION('',(0.,-1.,2.83276944882399E-16));
#4926=DIRECTION('',(0.910728897663888,-1.16994707147537E-16,-0.413004691208127));
#4927=DIRECTION('center_axis',(0.414467949378212,-2.57800123863003E-16,
-0.910063909260344));
#4928=DIRECTION('ref_axis',(0.,1.,-2.83276944882399E-16));
#4929=DIRECTION('',(0.,-1.,2.83276944882399E-16));
#4930=DIRECTION('',(0.910063909260344,1.17409214451533E-16,0.414467949378212));
#4931=DIRECTION('center_axis',(0.225560593629758,2.75976654594694E-16,0.974229140706328));
#4932=DIRECTION('ref_axis',(0.,-1.,2.83276944882399E-16));
#4933=DIRECTION('',(0.974229140706328,-6.38961158492982E-17,-0.225560593629758));
#4934=DIRECTION('',(0.,-1.,2.83276944882399E-16));
#4935=DIRECTION('center_axis',(0.225560593629758,2.75976654594694E-16,0.974229140706328));
#4936=DIRECTION('ref_axis',(0.,-1.,2.83276944882399E-16));
#4937=DIRECTION('',(0.,-1.,2.83276944882399E-16));
#4938=DIRECTION('',(0.974229140706328,-6.38961158492982E-17,-0.225560593629758));
#4939=DIRECTION('center_axis',(0.224040466020306,-2.7607600035325E-16,-0.974579842591362));
#4940=DIRECTION('ref_axis',(0.,1.,-2.83276944882399E-16));
#4941=DIRECTION('',(0.,-1.,2.83276944882399E-16));
#4942=DIRECTION('',(0.974579842591362,6.34654987442612E-17,0.224040466020306));
#4943=DIRECTION('center_axis',(0.0667073093675458,2.82645970062964E-16,
0.997772586753586));
#4944=DIRECTION('ref_axis',(0.,-1.,2.83276944882399E-16));
#4945=DIRECTION('',(0.997772586753586,-1.88966427989634E-17,-0.0667073093675457));
#4946=DIRECTION('',(0.,-1.,2.83276944882399E-16));
#4947=DIRECTION('center_axis',(0.0667073093675458,2.82645970062964E-16,
0.997772586753586));
#4948=DIRECTION('ref_axis',(0.,-1.,2.83276944882399E-16));
#4949=DIRECTION('',(0.,-1.,2.83276944882399E-16));
#4950=DIRECTION('',(0.997772586753586,-1.88966427989634E-17,-0.0667073093675458));
#4951=DIRECTION('center_axis',(0.0667032667667815,-2.82646046622752E-16,
-0.99777285701839));
#4952=DIRECTION('ref_axis',(0.,1.,-2.83276944882399E-16));
#4953=DIRECTION('',(0.,-1.,2.83276944882399E-16));
#4954=DIRECTION('',(0.99777285701839,1.88954976233695E-17,0.0667032667667815));
#4955=DIRECTION('center_axis',(0.,2.83276944882399E-16,1.));
#4956=DIRECTION('ref_axis',(0.,-1.,2.83276944882399E-16));
#4957=DIRECTION('',(-1.,0.,0.));
#4958=DIRECTION('',(0.,1.,-2.83276944882399E-16));
#4959=DIRECTION('center_axis',(0.,2.83276944882399E-16,1.));
#4960=DIRECTION('ref_axis',(0.,-1.,2.83276944882399E-16));
#4961=DIRECTION('',(0.,1.,-2.83276944882399E-16));
#4962=DIRECTION('',(1.,0.,0.));
#4963=DIRECTION('center_axis',(0.,-2.83276944882399E-16,-1.));
#4964=DIRECTION('ref_axis',(0.,1.,-2.83276944882399E-16));
#4965=DIRECTION('',(0.,1.,-2.83276944882399E-16));
#4966=DIRECTION('',(-1.,0.,0.));
#4967=DIRECTION('center_axis',(-0.0667070390957186,2.82645975181585E-16,
0.997772604822904));
#4968=DIRECTION('ref_axis',(0.,-1.,2.83276944882399E-16));
#4969=DIRECTION('',(0.997772604822904,1.88965662371859E-17,0.0667070390957186));
#4970=DIRECTION('',(0.,1.,-2.83276944882399E-16));
#4971=DIRECTION('center_axis',(-0.0667070390957186,2.82645975181585E-16,
0.997772604822904));
#4972=DIRECTION('ref_axis',(0.,-1.,2.83276944882399E-16));
#4973=DIRECTION('',(0.,1.,-2.83276944882399E-16));
#4974=DIRECTION('',(0.997772604822904,1.88965662371859E-17,0.0667070390957186));
#4975=DIRECTION('center_axis',(-0.066702996511187,-2.82646051740754E-16,
-0.997772875085522));
#4976=DIRECTION('ref_axis',(0.,1.,-2.83276944882399E-16));
#4977=DIRECTION('',(0.,1.,-2.83276944882399E-16));
#4978=DIRECTION('',(0.997772875085522,-1.88954210661904E-17,-0.066702996511187));
#4979=DIRECTION('center_axis',(-0.225209282363899,2.7599967690835E-16,0.974310412105474));
#4980=DIRECTION('ref_axis',(0.,-1.,2.83276944882399E-16));
#4981=DIRECTION('',(0.974310412105474,6.37965974672027E-17,0.225209282363899));
#4982=DIRECTION('',(0.,1.,-2.83276944882399E-16));
#4983=DIRECTION('center_axis',(-0.225209282363899,2.7599967690835E-16,0.974310412105474));
#4984=DIRECTION('ref_axis',(0.,-1.,2.83276944882399E-16));
#4985=DIRECTION('',(0.,1.,-2.83276944882399E-16));
#4986=DIRECTION('',(0.974310412105474,6.37965974672027E-17,0.225209282363899));
#4987=DIRECTION('center_axis',(-0.223691271674772,-2.76098721540565E-16,
-0.974660050980096));
#4988=DIRECTION('ref_axis',(0.,1.,-2.83276944882399E-16));
#4989=DIRECTION('',(0.,1.,-2.83276944882399E-16));
#4990=DIRECTION('',(0.974660050980096,-6.33665800368883E-17,-0.223691271674772));
#4991=DIRECTION('center_axis',(-0.413670106850508,2.57902935595267E-16,
0.9104268464288));
#4992=DIRECTION('ref_axis',(0.,-1.,2.83276944882399E-16));
#4993=DIRECTION('',(0.9104268464288,1.17183204057787E-16,0.413670106850508));
#4994=DIRECTION('',(0.,1.,-2.83276944882399E-16));
#4995=DIRECTION('center_axis',(-0.413670106850508,2.57902935595267E-16,
0.9104268464288));
#4996=DIRECTION('ref_axis',(0.,-1.,2.83276944882399E-16));
#4997=DIRECTION('',(0.,1.,-2.83276944882399E-16));
#4998=DIRECTION('',(0.9104268464288,1.17183204057787E-16,0.413670106850508));
#4999=DIRECTION('center_axis',(-0.415134745384353,-2.5771401556159E-16,
-0.909759937112351));
#5000=DIRECTION('ref_axis',(0.,1.,-2.83276944882399E-16));
#5001=DIRECTION('',(0.,1.,-2.83276944882399E-16));
#5002=DIRECTION('',(0.909759937112351,-1.17598102387012E-16,-0.415134745384353));
#5003=DIRECTION('center_axis',(-0.613684257664328,2.23661747644018E-16,
0.789551538466605));
#5004=DIRECTION('ref_axis',(0.,-1.,2.83276944882399E-16));
#5005=DIRECTION('',(0.789551538466605,1.73842601633574E-16,0.613684257664328));
#5006=DIRECTION('',(0.,1.,-2.83276944882399E-16));
#5007=DIRECTION('center_axis',(-0.613684257664328,2.23661747644018E-16,
0.789551538466605));
#5008=DIRECTION('ref_axis',(0.,-1.,2.83276944882399E-16));
#5009=DIRECTION('',(0.,1.,-2.83276944882399E-16));
#5010=DIRECTION('',(0.789551538466605,1.73842601633574E-16,0.613684257664328));
#5011=DIRECTION('center_axis',(-0.613687594625996,-2.23661012912212E-16,
-0.789548944779333));
#5012=DIRECTION('ref_axis',(0.,-1.,2.83276944882399E-16));
#5013=DIRECTION('',(0.,1.,-2.83276944882399E-16));
#5014=DIRECTION('',(0.789548944779334,-1.7384354691788E-16,-0.613687594625996));
#5015=DIRECTION('center_axis',(-0.789550960743918,1.73842812188658E-16,
0.613685000947845));
#5016=DIRECTION('ref_axis',(0.,-1.,2.83276944882399E-16));
#5017=DIRECTION('',(-0.613685000947845,-2.236615839885E-16,-0.789550960743918));
#5018=DIRECTION('',(0.,1.,-2.83276944882399E-16));
#5019=DIRECTION('center_axis',(-0.789550960743918,1.73842812188658E-16,
0.613685000947845));
#5020=DIRECTION('ref_axis',(0.,-1.,2.83276944882399E-16));
#5021=DIRECTION('',(0.,1.,-2.83276944882399E-16));
#5022=DIRECTION('',(0.613685000947845,2.236615839885E-16,0.789550960743918));
#5023=DIRECTION('center_axis',(-0.789548944779333,-1.7384354691788E-16,
-0.613687594625996));
#5024=DIRECTION('ref_axis',(0.,-1.,2.83276944882399E-16));
#5025=DIRECTION('',(0.,1.,-2.83276944882399E-16));
#5026=DIRECTION('',(0.613687594625996,-2.23661012912212E-16,-0.789548944779334));
#5027=DIRECTION('center_axis',(-0.910063909260344,1.17409214451533E-16,
0.414467949378212));
#5028=DIRECTION('ref_axis',(0.,-1.,2.83276944882399E-16));
#5029=DIRECTION('',(0.414467949378212,2.57800123863003E-16,0.910063909260344));
#5030=DIRECTION('',(0.,1.,-2.83276944882399E-16));
#5031=DIRECTION('center_axis',(-0.910063909260344,1.17409214451533E-16,
0.414467949378212));
#5032=DIRECTION('ref_axis',(0.,-1.,2.83276944882399E-16));
#5033=DIRECTION('',(0.,1.,-2.83276944882399E-16));
#5034=DIRECTION('',(0.414467949378212,2.57800123863003E-16,0.910063909260344));
#5035=DIRECTION('center_axis',(-0.909759937112351,-1.17598102387012E-16,
-0.415134745384353));
#5036=DIRECTION('ref_axis',(0.,-1.,2.83276944882399E-16));
#5037=DIRECTION('',(0.,1.,-2.83276944882399E-16));
#5038=DIRECTION('',(0.415134745384353,-2.5771401556159E-16,-0.909759937112351));
#5039=DIRECTION('center_axis',(-0.974579842591362,6.34654987442612E-17,
0.224040466020306));
#5040=DIRECTION('ref_axis',(0.,-1.,2.83276944882399E-16));
#5041=DIRECTION('',(0.224040466020306,2.7607600035325E-16,0.974579842591362));
#5042=DIRECTION('',(0.,1.,-2.83276944882399E-16));
#5043=DIRECTION('center_axis',(-0.974579842591362,6.34654987442612E-17,
0.224040466020306));
#5044=DIRECTION('ref_axis',(0.,-1.,2.83276944882399E-16));
#5045=DIRECTION('',(0.,1.,-2.83276944882399E-16));
#5046=DIRECTION('',(0.224040466020306,2.7607600035325E-16,0.974579842591362));
#5047=DIRECTION('center_axis',(-0.974660050980096,-6.33665800368883E-17,
-0.223691271674772));
#5048=DIRECTION('ref_axis',(0.,-1.,2.83276944882399E-16));
#5049=DIRECTION('',(0.,1.,-2.83276944882399E-16));
#5050=DIRECTION('',(0.223691271674772,-2.76098721540565E-16,-0.974660050980096));
#5051=DIRECTION('center_axis',(-0.99777285701839,1.88954976233695E-17,0.0667032667667815));
#5052=DIRECTION('ref_axis',(0.,-1.,2.83276944882399E-16));
#5053=DIRECTION('',(0.0667032667667815,2.82646046622752E-16,0.99777285701839));
#5054=DIRECTION('',(0.,1.,-2.83276944882399E-16));
#5055=DIRECTION('center_axis',(-0.99777285701839,1.88954976233695E-17,0.0667032667667815));
#5056=DIRECTION('ref_axis',(0.,-1.,2.83276944882399E-16));
#5057=DIRECTION('',(0.,1.,-2.83276944882399E-16));
#5058=DIRECTION('',(0.0667032667667815,2.82646046622752E-16,0.997772857018389));
#5059=DIRECTION('center_axis',(-0.997772875085522,-1.88954210661904E-17,
-0.066702996511187));
#5060=DIRECTION('ref_axis',(0.,-1.,2.83276944882399E-16));
#5061=DIRECTION('',(0.,1.,-2.83276944882399E-16));
#5062=DIRECTION('',(-0.066702996511187,2.82646051740754E-16,0.997772875085522));
#5063=DIRECTION('center_axis',(-1.,0.,0.));
#5064=DIRECTION('ref_axis',(0.,-1.,2.83276944882399E-16));
#5065=DIRECTION('',(0.,-2.83276944882399E-16,-1.));
#5066=DIRECTION('center_axis',(-0.78955428042806,1.73841602300919E-16,0.613680729905811));
#5067=DIRECTION('ref_axis',(0.,-1.,2.83276944882399E-16));
#5068=DIRECTION('',(0.,-1.,2.83276944882399E-16));
#5069=DIRECTION('',(-0.613680729905811,-2.23662524378482E-16,-0.78955428042806));
#5070=DIRECTION('',(0.,-1.,2.83276944882399E-16));
#5071=DIRECTION('',(0.613680729905811,2.23662524378482E-16,0.78955428042806));
#5072=DIRECTION('',(0.,-1.,2.83276944882399E-16));
#5073=DIRECTION('center_axis',(-0.910245234714878,1.17296364085193E-16,
0.414069574683841));
#5074=DIRECTION('ref_axis',(0.,-1.,2.83276944882399E-16));
#5075=DIRECTION('',(0.,-1.,2.83276944882399E-16));
#5076=DIRECTION('',(0.414069574683841,2.57851489183793E-16,0.910245234714878));
#5077=DIRECTION('center_axis',(-0.910245234714878,1.17296364085193E-16,
0.414069574683841));
#5078=DIRECTION('ref_axis',(0.,-1.,2.83276944882399E-16));
#5079=DIRECTION('',(0.414069574683841,2.57851489183793E-16,0.910245234714878));
#5080=DIRECTION('',(0.,-1.,2.83276944882399E-16));
#5081=DIRECTION('center_axis',(-0.97444512937248,6.3631272416937E-17,0.2246256660363));
#5082=DIRECTION('ref_axis',(0.,-1.,2.83276944882399E-16));
#5083=DIRECTION('',(0.,-1.,2.83276944882399E-16));
#5084=DIRECTION('',(0.2246256660363,2.7603783920417E-16,0.97444512937248));
#5085=DIRECTION('center_axis',(-0.97444512937248,6.3631272416937E-17,0.2246256660363));
#5086=DIRECTION('ref_axis',(0.,-1.,2.83276944882399E-16));
#5087=DIRECTION('',(0.2246256660363,2.7603783920417E-16,0.97444512937248));
#5088=DIRECTION('',(0.,-1.,2.83276944882399E-16));
#5089=DIRECTION('center_axis',(-0.997772574395888,1.88966951597712E-17,
0.0667074942071832));
#5090=DIRECTION('ref_axis',(0.,-1.,2.83276944882399E-16));
#5091=DIRECTION('',(0.,-1.,2.83276944882399E-16));
#5092=DIRECTION('',(0.0667074942071832,2.82645966562313E-16,0.997772574395888));
#5093=DIRECTION('center_axis',(-1.,0.,0.));
#5094=DIRECTION('ref_axis',(0.,-1.,2.83276944882399E-16));
#5095=DIRECTION('',(0.,-1.,2.83276944882399E-16));
#5096=DIRECTION('',(0.,-2.83276944882399E-16,-1.));
#5097=DIRECTION('center_axis',(-0.910245487344572,-1.17296206766231E-16,
-0.414069019329921));
#5098=DIRECTION('ref_axis',(0.,-1.,2.83276944882399E-16));
#5099=DIRECTION('',(0.,-1.,2.83276944882399E-16));
#5100=DIRECTION('',(0.414069019329921,-2.57851560747961E-16,-0.910245487344572));
#5101=DIRECTION('',(0.,-1.,2.83276944882399E-16));
#5102=DIRECTION('center_axis',(-0.99777258041906,-1.88966696390052E-17,
-0.0667074041159618));
#5103=DIRECTION('ref_axis',(0.,-1.,2.83276944882399E-16));
#5104=DIRECTION('',(0.,-1.,2.83276944882399E-16));
#5105=DIRECTION('',(0.0667074041159618,-2.82645968268539E-16,-0.99777258041906));
#5106=DIRECTION('center_axis',(-0.974445052441217,-6.36313669561016E-17,
-0.224625999770359));
#5107=DIRECTION('ref_axis',(0.,-1.,2.83276944882399E-16));
#5108=DIRECTION('',(0.224625999770359,-2.76037817411317E-16,-0.974445052441217));
#5109=DIRECTION('center_axis',(0.997772604822904,-1.88965662371859E-17,
-0.0667070390957186));
#5110=DIRECTION('ref_axis',(0.,1.,-2.83276944882399E-16));
#5111=DIRECTION('',(-0.0667070390957186,-2.82645975181585E-16,-0.997772604822904));
#5112=DIRECTION('',(0.,1.,-2.83276944882399E-16));
#5113=DIRECTION('center_axis',(0.974310412105474,-6.37965974672027E-17,
-0.225209282363899));
#5114=DIRECTION('ref_axis',(0.,1.,-2.83276944882399E-16));
#5115=DIRECTION('',(-0.225209282363899,-2.7599967690835E-16,-0.974310412105474));
#5116=DIRECTION('',(0.,1.,-2.83276944882399E-16));
#5117=DIRECTION('center_axis',(0.9104268464288,-1.17183204057787E-16,-0.413670106850508));
#5118=DIRECTION('ref_axis',(0.,1.,-2.83276944882399E-16));
#5119=DIRECTION('',(-0.413670106850508,-2.57902935595267E-16,-0.9104268464288));
#5120=DIRECTION('',(0.,-1.,2.83276944882399E-16));
#5121=DIRECTION('center_axis',(0.789551538466605,-1.73842601633574E-16,
-0.613684257664328));
#5122=DIRECTION('ref_axis',(0.,1.,-2.83276944882399E-16));
#5123=DIRECTION('',(-0.613684257664328,-2.23661747644018E-16,-0.789551538466605));
#5124=DIRECTION('',(0.,-1.,2.83276944882399E-16));
#5125=DIRECTION('center_axis',(0.613685000947845,-2.236615839885E-16,-0.789550960743918));
#5126=DIRECTION('ref_axis',(0.,1.,-2.83276944882399E-16));
#5127=DIRECTION('',(-0.789550960743918,-1.73842812188658E-16,-0.613685000947845));
#5128=DIRECTION('',(0.,-1.,2.83276944882399E-16));
#5129=DIRECTION('center_axis',(0.414467949378212,-2.57800123863003E-16,
-0.910063909260344));
#5130=DIRECTION('ref_axis',(0.,1.,-2.83276944882399E-16));
#5131=DIRECTION('',(-0.910063909260344,-1.17409214451533E-16,-0.414467949378212));
#5132=DIRECTION('',(0.,-1.,2.83276944882399E-16));
#5133=DIRECTION('center_axis',(0.224040466020306,-2.7607600035325E-16,-0.974579842591362));
#5134=DIRECTION('ref_axis',(0.,1.,-2.83276944882399E-16));
#5135=DIRECTION('',(-0.974579842591362,-6.34654987442612E-17,-0.224040466020306));
#5136=DIRECTION('',(0.,-1.,2.83276944882399E-16));
#5137=DIRECTION('center_axis',(0.0667032667667815,-2.82646046622752E-16,
-0.99777285701839));
#5138=DIRECTION('ref_axis',(0.,1.,-2.83276944882399E-16));
#5139=DIRECTION('',(-0.99777285701839,-1.88954976233695E-17,-0.0667032667667815));
#5140=DIRECTION('',(0.,-1.,2.83276944882399E-16));
#5141=DIRECTION('center_axis',(0.,-2.83276944882399E-16,-1.));
#5142=DIRECTION('ref_axis',(0.,1.,-2.83276944882399E-16));
#5143=DIRECTION('',(-1.,0.,0.));
#5144=DIRECTION('',(0.,1.,-2.83276944882399E-16));
#5145=DIRECTION('center_axis',(-0.066702996511187,-2.82646051740754E-16,
-0.997772875085522));
#5146=DIRECTION('ref_axis',(0.,1.,-2.83276944882399E-16));
#5147=DIRECTION('',(-0.997772875085522,1.88954210661904E-17,0.066702996511187));
#5148=DIRECTION('',(0.,1.,-2.83276944882399E-16));
#5149=DIRECTION('center_axis',(-0.223691271674772,-2.76098721540565E-16,
-0.974660050980096));
#5150=DIRECTION('ref_axis',(0.,1.,-2.83276944882399E-16));
#5151=DIRECTION('',(-0.974660050980096,6.33665800368883E-17,0.223691271674772));
#5152=DIRECTION('',(0.,1.,-2.83276944882399E-16));
#5153=DIRECTION('center_axis',(-0.415134745384353,-2.5771401556159E-16,
-0.909759937112351));
#5154=DIRECTION('ref_axis',(0.,1.,-2.83276944882399E-16));
#5155=DIRECTION('',(-0.909759937112351,1.17598102387012E-16,0.415134745384353));
#5156=DIRECTION('',(0.,1.,-2.83276944882399E-16));
#5157=DIRECTION('center_axis',(-0.613687594625996,-2.23661012912212E-16,
-0.789548944779333));
#5158=DIRECTION('ref_axis',(0.,-1.,2.83276944882399E-16));
#5159=DIRECTION('',(-0.789548944779334,1.7384354691788E-16,0.613687594625996));
#5160=DIRECTION('',(0.,1.,-2.83276944882399E-16));
#5161=DIRECTION('center_axis',(-0.789548944779333,-1.7384354691788E-16,
-0.613687594625996));
#5162=DIRECTION('ref_axis',(0.,-1.,2.83276944882399E-16));
#5163=DIRECTION('',(-0.613687594625996,2.23661012912212E-16,0.789548944779334));
#5164=DIRECTION('',(0.,1.,-2.83276944882399E-16));
#5165=DIRECTION('center_axis',(-1.,0.,0.));
#5166=DIRECTION('ref_axis',(0.,-1.,2.83276944882399E-16));
#5167=DIRECTION('',(0.,1.,-2.83276944882399E-16));
#5168=DIRECTION('',(0.,2.83276944882399E-16,1.));
#5169=DIRECTION('center_axis',(-0.997772875085522,-1.88954210661904E-17,
-0.066702996511187));
#5170=DIRECTION('ref_axis',(0.,-1.,2.83276944882399E-16));
#5171=DIRECTION('',(0.,1.,-2.83276944882399E-16));
#5172=DIRECTION('',(-0.066702996511187,2.82646051740754E-16,0.997772875085522));
#5173=DIRECTION('center_axis',(-0.974660050980096,-6.33665800368883E-17,
-0.223691271674772));
#5174=DIRECTION('ref_axis',(0.,-1.,2.83276944882399E-16));
#5175=DIRECTION('',(0.,1.,-2.83276944882399E-16));
#5176=DIRECTION('',(-0.223691271674772,2.76098721540565E-16,0.974660050980096));
#5177=DIRECTION('center_axis',(-0.909759937112351,-1.17598102387012E-16,
-0.415134745384353));
#5178=DIRECTION('ref_axis',(0.,-1.,2.83276944882399E-16));
#5179=DIRECTION('',(-0.415134745384353,2.5771401556159E-16,0.909759937112351));
#5180=DIRECTION('center_axis',(0.,-1.,2.83276944882399E-16));
#5181=DIRECTION('ref_axis',(1.,0.,0.));
#5182=DIRECTION('',(-0.974445131916066,6.36312692911762E-17,0.224625655002007));
#5183=DIRECTION('',(0.997772514731757,-1.88969479606443E-17,-0.0667083866231658));
#5184=DIRECTION('',(-1.,0.,0.));
#5185=DIRECTION('',(-0.997772496661711,-1.88970245239546E-17,-0.0667086569004038));
#5186=DIRECTION('',(-0.974445362709218,-6.36309856735605E-17,-0.2246246537994));
#5187=DIRECTION('',(-0.91024489232268,-1.17296577301152E-16,-0.41407032736055));
#5188=DIRECTION('',(-0.789554502970983,-1.73841521192733E-16,-0.613680443584643));
#5189=DIRECTION('',(0.613681486393078,-2.23662357817307E-16,-0.789553692448071));
#5190=DIRECTION('',(0.789553692448071,-1.73841816596321E-16,-0.613681486393078));
#5191=DIRECTION('',(0.910245487344572,-1.17296206766231E-16,-0.414069019329921));
#5192=DIRECTION('',(0.974445052441217,-6.36313669561016E-17,-0.224625999770359));
#5193=DIRECTION('',(-0.99777258041906,1.88966696390052E-17,0.0667074041159618));
#5194=DIRECTION('',(-1.,0.,0.));
#5195=DIRECTION('',(0.997772598488429,1.889659307712E-17,0.0667071338437542));
#5196=DIRECTION('',(0.974444821645373,6.36316505752363E-17,0.224627000978328));
#5197=DIRECTION('',(0.910246389585183,1.17295644915884E-16,0.414067035933966));
#5198=DIRECTION('',(0.789551592501787,1.73842581940052E-16,0.613684188143944));
#5199=DIRECTION('',(0.613684892878253,2.23661607783188E-16,0.789551044741888));
#5200=DIRECTION('',(0.414064746411987,2.57852111362E-16,0.910247431075077));
#5201=DIRECTION('',(-0.224630444858593,-2.76037527143552E-16,-0.974444027762822));
#5202=DIRECTION('',(-0.0667032667667815,-2.82646046622752E-16,-0.99777285701839));
#5203=DIRECTION('',(0.,-2.83276944882399E-16,-1.));
#5204=DIRECTION('',(-0.0667033568524653,2.82646044916738E-16,0.997772850995963));
#5205=DIRECTION('',(-0.224630111118632,2.76037548937244E-16,0.974444104697048));
#5206=DIRECTION('',(-0.414065301762548,2.57852039799156E-16,0.910247178450057));
#5207=DIRECTION('',(0.613684136391861,-2.23661774345654E-16,-0.789551632726433));
#5208=DIRECTION('',(-0.789552403029681,1.73842286536735E-16,0.613683145336465));
#5209=DIRECTION('',(-0.910245794568401,1.17296015449765E-16,0.414068343960923));
#5210=DIRECTION('center_axis',(-0.997772574395888,1.88966951597712E-17,
0.0667074942071832));
#5211=DIRECTION('ref_axis',(0.,-1.,2.83276944882399E-16));
#5212=DIRECTION('',(0.0667074942071832,2.82645966562313E-16,0.997772574395888));
#5213=DIRECTION('',(0.,-1.,2.83276944882399E-16));
#5214=DIRECTION('center_axis',(-0.974445052441217,-6.36313669561016E-17,
-0.224625999770359));
#5215=DIRECTION('ref_axis',(0.,-1.,2.83276944882399E-16));
#5216=DIRECTION('',(0.,-1.,2.83276944882399E-16));
#5217=DIRECTION('',(-0.224625999770359,2.76037817411317E-16,0.974445052441217));
#5218=DIRECTION('',(0.,-1.,2.83276944882399E-16));
#5219=DIRECTION('center_axis',(-0.910245487344572,-1.17296206766231E-16,
-0.414069019329921));
#5220=DIRECTION('ref_axis',(0.,-1.,2.83276944882399E-16));
#5221=DIRECTION('',(-0.414069019329921,2.57851560747961E-16,0.910245487344572));
#5222=DIRECTION('',(0.,-1.,2.83276944882399E-16));
#5223=DIRECTION('center_axis',(-0.613681486393078,-2.23662357817307E-16,
-0.789553692448071));
#5224=DIRECTION('ref_axis',(0.,-1.,2.83276944882399E-16));
#5225=DIRECTION('',(0.,-1.,2.83276944882399E-16));
#5226=DIRECTION('',(-0.789553692448071,1.73841816596321E-16,0.613681486393078));
#5227=DIRECTION('',(0.,-1.,2.83276944882399E-16));
#5228=DIRECTION('center_axis',(-0.613680443584643,2.23662587419761E-16,
0.789554502970983));
#5229=DIRECTION('ref_axis',(0.,-1.,2.83276944882399E-16));
#5230=DIRECTION('',(0.789554502970983,1.73841521192733E-16,0.613680443584643));
#5231=DIRECTION('',(0.,-1.,2.83276944882399E-16));
#5232=DIRECTION('center_axis',(-0.78955369244807,-1.73841816596321E-16,
-0.613681486393078));
#5233=DIRECTION('ref_axis',(0.,-1.,2.83276944882399E-16));
#5234=DIRECTION('',(-0.613681486393078,2.23662357817307E-16,0.789553692448071));
#5235=DIRECTION('center_axis',(-0.414069019329921,-2.57851560747961E-16,
-0.910245487344572));
#5236=DIRECTION('ref_axis',(0.,1.,-2.83276944882399E-16));
#5237=DIRECTION('',(-0.910245487344572,1.17296206766231E-16,0.414069019329921));
#5238=DIRECTION('',(0.,-1.,2.83276944882399E-16));
#5239=DIRECTION('center_axis',(-0.2246246537994,2.76037905303089E-16,0.974445362709218));
#5240=DIRECTION('ref_axis',(0.,-1.,2.83276944882399E-16));
#5241=DIRECTION('',(0.974445362709218,6.36309856735605E-17,0.2246246537994));
#5242=DIRECTION('',(0.,1.,-2.83276944882399E-16));
#5243=DIRECTION('',(0.,-1.,2.83276944882399E-16));
#5244=DIRECTION('center_axis',(-0.41407032736055,2.57851392191977E-16,0.91024489232268));
#5245=DIRECTION('ref_axis',(0.,-1.,2.83276944882399E-16));
#5246=DIRECTION('',(0.91024489232268,1.17296577301152E-16,0.41407032736055));
#5247=DIRECTION('center_axis',(-0.0667074041159618,-2.82645968268539E-16,
-0.99777258041906));
#5248=DIRECTION('ref_axis',(0.,1.,-2.83276944882399E-16));
#5249=DIRECTION('',(0.,1.,-2.83276944882399E-16));
#5250=DIRECTION('',(0.,-1.,2.83276944882399E-16));
#5251=DIRECTION('',(-0.99777258041906,1.88966696390052E-17,0.0667074041159618));
#5252=DIRECTION('center_axis',(-0.224625999770359,-2.76037817411317E-16,
-0.974445052441217));
#5253=DIRECTION('ref_axis',(0.,1.,-2.83276944882399E-16));
#5254=DIRECTION('',(-0.974445052441217,6.36313669561016E-17,0.224625999770359));
#5255=DIRECTION('center_axis',(-0.0667086569004038,2.82645944542013E-16,
0.997772496661711));
#5256=DIRECTION('ref_axis',(0.,-1.,2.83276944882399E-16));
#5257=DIRECTION('',(-0.997772496661711,-1.88970245239546E-17,-0.0667086569004038));
#5258=DIRECTION('',(0.,-1.,2.83276944882399E-16));
#5259=DIRECTION('center_axis',(0.789551632726433,1.7384256727988E-16,0.613684136391861));
#5260=DIRECTION('ref_axis',(0.,1.,-2.83276944882399E-16));
#5261=DIRECTION('',(0.613684136391861,-2.23661774345654E-16,-0.789551632726433));
#5262=DIRECTION('',(0.,1.,-2.83276944882399E-16));
#5263=DIRECTION('',(0.,-1.,2.83276944882399E-16));
#5264=DIRECTION('center_axis',(0.224625655002007,2.76037839924709E-16,0.974445131916066));
#5265=DIRECTION('ref_axis',(0.,-1.,2.83276944882399E-16));
#5266=DIRECTION('',(0.974445131916066,-6.36312692911762E-17,-0.224625655002007));
#5267=DIRECTION('',(0.,1.,-2.83276944882399E-16));
#5268=DIRECTION('',(0.,-1.,2.83276944882399E-16));
#5269=DIRECTION('center_axis',(0.997772850995963,1.88955231425668E-17,0.0667033568524653));
#5270=DIRECTION('ref_axis',(0.,1.,-2.83276944882399E-16));
#5271=DIRECTION('',(0.,-1.,2.83276944882399E-16));
#5272=DIRECTION('',(-0.0667033568524653,2.82646044916738E-16,0.997772850995963));
#5273=DIRECTION('',(0.,-1.,2.83276944882399E-16));
#5274=DIRECTION('center_axis',(0.0667071338437542,-2.82645973387175E-16,
-0.997772598488429));
#5275=DIRECTION('ref_axis',(0.,1.,-2.83276944882399E-16));
#5276=DIRECTION('',(0.,-1.,2.83276944882399E-16));
#5277=DIRECTION('',(0.997772598488429,1.889659307712E-17,0.0667071338437542));
#5278=DIRECTION('',(0.,1.,-2.83276944882399E-16));
#5279=DIRECTION('center_axis',(0.910247431075077,-1.17294996347093E-16,
-0.414064746411987));
#5280=DIRECTION('ref_axis',(0.,1.,-2.83276944882399E-16));
#5281=DIRECTION('',(0.,1.,-2.83276944882399E-16));
#5282=DIRECTION('',(-0.414064746411987,-2.57852111362E-16,-0.910247431075077));
#5283=DIRECTION('',(0.,1.,-2.83276944882399E-16));
#5284=DIRECTION('center_axis',(0.414067035933966,-2.57851816331924E-16,
-0.910246389585183));
#5285=DIRECTION('ref_axis',(0.,1.,-2.83276944882399E-16));
#5286=DIRECTION('',(0.,1.,-2.83276944882399E-16));
#5287=DIRECTION('',(-0.910246389585183,-1.17295644915884E-16,-0.414067035933966));
#5288=DIRECTION('',(0.,1.,-2.83276944882399E-16));
#5289=DIRECTION('center_axis',(0.0667083866231658,2.82645949660841E-16,
0.997772514731757));
#5290=DIRECTION('ref_axis',(0.,-1.,2.83276944882399E-16));
#5291=DIRECTION('',(0.997772514731757,-1.88969479606443E-17,-0.0667083866231658));
#5292=DIRECTION('',(0.,1.,-2.83276944882399E-16));
#5293=DIRECTION('center_axis',(0.910247178450057,1.17295153665103E-16,0.414065301762548));
#5294=DIRECTION('ref_axis',(0.,1.,-2.83276944882399E-16));
#5295=DIRECTION('',(0.414065301762548,-2.57852039799156E-16,-0.910247178450057));
#5296=DIRECTION('',(0.,-1.,2.83276944882399E-16));
#5297=DIRECTION('center_axis',(0.414068343960923,2.57851647777388E-16,0.9102457945684));
#5298=DIRECTION('ref_axis',(0.,-1.,2.83276944882399E-16));
#5299=DIRECTION('',(0.910245794568401,-1.17296015449765E-16,-0.414068343960923));
#5300=DIRECTION('',(0.,-1.,2.83276944882399E-16));
#5301=DIRECTION('center_axis',(-0.99777258041906,-1.88966696390052E-17,
-0.0667074041159618));
#5302=DIRECTION('ref_axis',(0.,-1.,2.83276944882399E-16));
#5303=DIRECTION('',(0.,-1.,2.83276944882399E-16));
#5304=DIRECTION('',(0.0667074041159618,-2.82645968268539E-16,-0.99777258041906));
#5305=DIRECTION('center_axis',(0.224627000978328,-2.76037752032175E-16,
-0.974444821645373));
#5306=DIRECTION('ref_axis',(0.,1.,-2.83276944882399E-16));
#5307=DIRECTION('',(-0.974444821645373,-6.36316505752363E-17,-0.224627000978328));
#5308=DIRECTION('center_axis',(0.974444027762822,-6.36326261471165E-17,
-0.224630444858593));
#5309=DIRECTION('ref_axis',(0.,1.,-2.83276944882399E-16));
#5310=DIRECTION('',(-0.224630444858593,-2.76037527143552E-16,-0.974444027762822));
#5311=DIRECTION('',(0.,1.,-2.83276944882399E-16));
#5312=DIRECTION('center_axis',(0.613684188143944,-2.23661762950939E-16,
-0.789551592501787));
#5313=DIRECTION('ref_axis',(0.,1.,-2.83276944882399E-16));
#5314=DIRECTION('',(-0.789551592501787,-1.73842581940052E-16,-0.613684188143944));
#5315=DIRECTION('',(0.,1.,-2.83276944882399E-16));
#5316=DIRECTION('center_axis',(0.974444104697048,6.36325316062799E-17,0.224630111118632));
#5317=DIRECTION('ref_axis',(0.,1.,-2.83276944882399E-16));
#5318=DIRECTION('',(0.224630111118632,-2.76037548937244E-16,-0.974444104697048));
#5319=DIRECTION('center_axis',(0.613683145336465,2.23661992554805E-16,0.789552403029681));
#5320=DIRECTION('ref_axis',(0.,1.,-2.83276944882399E-16));
#5321=DIRECTION('',(0.789552403029681,-1.73842286536735E-16,-0.613683145336465));
#5322=DIRECTION('center_axis',(0.789551044741888,-1.73842781575034E-16,
-0.613684892878254));
#5323=DIRECTION('ref_axis',(0.,1.,-2.83276944882399E-16));
#5324=DIRECTION('',(-0.613684892878253,-2.23661607783188E-16,-0.789551044741888));
#5325=DIRECTION('center_axis',(0.99777285701839,-1.88954976233695E-17,-0.0667032667667815));
#5326=DIRECTION('ref_axis',(0.,1.,-2.83276944882399E-16));
#5327=DIRECTION('',(-0.0667032667667815,-2.82646046622752E-16,-0.99777285701839));
#5328=DIRECTION('',(0.,1.,-2.83276944882399E-16));
#5329=DIRECTION('center_axis',(0.,-1.,2.83276944882399E-16));
#5330=DIRECTION('ref_axis',(1.,0.,0.));
#5331=DIRECTION('center_axis',(0.,1.,-2.83276944882399E-16));
#5332=DIRECTION('ref_axis',(-1.,0.,0.));
#5333=DIRECTION('',(0.,-2.83276944882399E-16,-1.));
#5334=DIRECTION('',(-1.,0.,0.));
#5335=DIRECTION('',(0.,2.83276944882399E-16,1.));
#5336=DIRECTION('',(-1.,0.,0.));
#5337=DIRECTION('center_axis',(0.,2.83276944882399E-16,1.));
#5338=DIRECTION('ref_axis',(0.,-1.,2.83276944882399E-16));
#5339=DIRECTION('center_axis',(0.,-2.83276944882399E-16,-1.));
#5340=DIRECTION('ref_axis',(0.,1.,-2.83276944882399E-16));
#5341=DIRECTION('center_axis',(1.,0.,0.));
#5342=DIRECTION('ref_axis',(0.,1.,-2.83276944882399E-16));
#5343=DIRECTION('center_axis',(-1.,0.,0.));
#5344=DIRECTION('ref_axis',(0.,-1.,2.83276944882399E-16));
#5345=CARTESIAN_POINT('',(0.,0.,0.));
#5346=CARTESIAN_POINT('Origin',(-36.5082138977051,0.000198364257785579,
14.));
#5347=CARTESIAN_POINT('',(-36.5082138977051,-31.5083016357422,16.));
#5348=CARTESIAN_POINT('',(-36.5082138977051,31.5086983642578,16.));
#5349=CARTESIAN_POINT('',(-36.5082138977051,0.000198364257785912,16.));
#5350=CARTESIAN_POINT('',(-36.5082138977051,-31.5083016357422,10.9915));
#5351=CARTESIAN_POINT('',(-36.5082138977051,-31.5083016357422,14.));
#5352=CARTESIAN_POINT('',(-36.5082138977051,31.5086983642578,10.9915));
#5353=CARTESIAN_POINT('',(-36.5082138977051,0.000198364257784913,10.9915));
#5354=CARTESIAN_POINT('',(-36.5082138977051,31.5086983642578,14.));
#5355=CARTESIAN_POINT('Origin',(-2.99971389770508,31.5086983642578,14.));
#5356=CARTESIAN_POINT('',(30.5087861022949,31.5086983642578,16.));
#5357=CARTESIAN_POINT('',(-2.99971389770508,31.5086983642578,16.));
#5358=CARTESIAN_POINT('',(30.5087861022949,31.5086983642578,10.9915));
#5359=CARTESIAN_POINT('',(-2.99971389770508,31.5086983642578,10.9915));
#5360=CARTESIAN_POINT('',(30.5087861022949,31.5086983642578,14.));
#5361=CARTESIAN_POINT('Origin',(30.5087861022949,0.000198364257789683,14.));
#5362=CARTESIAN_POINT('',(30.5087861022949,-31.5083016357422,16.));
#5363=CARTESIAN_POINT('',(30.5087861022949,0.000198364257790016,16.));
#5364=CARTESIAN_POINT('',(30.5087861022949,-31.5083016357422,10.9915));
#5365=CARTESIAN_POINT('',(30.5087861022949,0.000198364257789017,10.9915));
#5366=CARTESIAN_POINT('',(30.5087861022949,-31.5083016357422,14.));
#5367=CARTESIAN_POINT('Origin',(-2.99971389770508,0.000198364257786965,
10.9915));
#5368=CARTESIAN_POINT('',(-2.99971389770508,-31.5083016357422,10.9915));
#5369=CARTESIAN_POINT('Origin',(-2.99971389770508,-31.5083016357422,14.));
#5370=CARTESIAN_POINT('',(-2.99971389770508,-31.5083016357422,16.));
#5371=CARTESIAN_POINT('Origin',(-42.9997138977051,0.000198364257784516,
12.));
#5372=CARTESIAN_POINT('',(-42.9997138977051,-38.9998016357422,8.00000000000001));
#5373=CARTESIAN_POINT('',(-42.9997138977051,-38.9998016357422,16.));
#5374=CARTESIAN_POINT('',(-42.9997138977051,-38.9998016357422,12.));
#5375=CARTESIAN_POINT('',(-42.9997138977051,39.0001983642578,16.));
#5376=CARTESIAN_POINT('',(-42.9997138977051,0.000198364257785404,16.));
#5377=CARTESIAN_POINT('',(-42.9997138977051,39.0001983642578,7.99999999999999));
#5378=CARTESIAN_POINT('',(-42.9997138977051,39.0001983642578,12.));
#5379=CARTESIAN_POINT('',(-42.9997138977051,0.000198364257783627,8.));
#5380=CARTESIAN_POINT('Origin',(37.0002861022949,0.000198364257789414,12.));
#5381=CARTESIAN_POINT('',(37.0002861022949,-38.9998016357422,16.));
#5382=CARTESIAN_POINT('',(37.0002861022949,-38.9998016357422,8.00000000000001));
#5383=CARTESIAN_POINT('',(37.0002861022949,-38.9998016357422,12.));
#5384=CARTESIAN_POINT('',(37.0002861022949,39.0001983642578,7.99999999999999));
#5385=CARTESIAN_POINT('',(37.0002861022949,0.000198364257788526,8.));
#5386=CARTESIAN_POINT('',(37.0002861022949,39.0001983642578,16.));
#5387=CARTESIAN_POINT('',(37.0002861022949,39.0001983642578,12.));
#5388=CARTESIAN_POINT('',(37.0002861022949,0.000198364257790302,16.));
#5389=CARTESIAN_POINT('Origin',(-2.99971389770508,0.000198364257786077,
8.));
#5390=CARTESIAN_POINT('',(-2.99971389770508,39.0001983642578,7.99999999999999));
#5391=CARTESIAN_POINT('',(-2.99971389770508,-38.9998016357422,8.00000000000001));
#5392=CARTESIAN_POINT('Origin',(-2.99971389770508,39.0001983642578,12.));
#5393=CARTESIAN_POINT('',(-2.99971389770508,39.0001983642578,16.));
#5394=CARTESIAN_POINT('Origin',(-2.99971389770508,0.000198364257787853,
16.));
#5395=CARTESIAN_POINT('',(-2.99971389770508,-38.9998016357422,16.));
#5396=CARTESIAN_POINT('Origin',(-2.99971389770508,-38.9998016357422,12.));
#5397=CARTESIAN_POINT('Origin',(-55.2329566947226,-86.4895010986328,50.0000000000001));
#5398=CARTESIAN_POINT('',(-55.2329566947226,-87.4980010986328,35.0677585398725));
#5399=CARTESIAN_POINT('',(-55.2329566947226,-87.4980010986328,64.9322414601277));
#5400=CARTESIAN_POINT('',(-55.2329566947226,-87.4980010986328,73.3279991149903));
#5401=CARTESIAN_POINT('',(-55.2329566947226,-86.4895010986328,34.9915000000001));
#5402=CARTESIAN_POINT('Origin',(-55.2329566947226,-86.4895010986328,50.0000000000001));
#5403=CARTESIAN_POINT('',(-55.2329566947226,-86.4895010986328,65.0085000000001));
#5404=CARTESIAN_POINT('',(-55.2329566947226,-86.4895010986328,65.0085000000001));
#5405=CARTESIAN_POINT('Origin',(-55.2329566947226,-86.4895010986328,50.0000000000001));
#5406=CARTESIAN_POINT('Ctrl Pts',(-55.2329566947226,-86.4895010986328,65.0085000000001));
#5407=CARTESIAN_POINT('Ctrl Pts',(-55.2329566947226,-86.9950354144799,65.0085000000001));
#5408=CARTESIAN_POINT('Ctrl Pts',(-55.2329566947226,-87.4980010986328,64.9322414601277));
#5409=CARTESIAN_POINT('Ctrl Pts',(-25.2159566947226,-86.4895010986328,65.0085000000001));
#5410=CARTESIAN_POINT('Ctrl Pts',(-25.2159566947226,-86.9950354144799,65.0085000000001));
#5411=CARTESIAN_POINT('Ctrl Pts',(-25.2159566947226,-87.4980010986328,64.9322414601277));
#5412=CARTESIAN_POINT('',(-25.2159566947226,-87.4980010986328,64.9322414601277));
#5413=CARTESIAN_POINT('',(-25.2159566947226,-87.4980010986328,64.9322414601277));
#5414=CARTESIAN_POINT('',(-25.2159566947226,-86.4895010986328,65.0085000000001));
#5415=CARTESIAN_POINT('',(-25.2159566947226,-86.4895010986328,65.0085000000001));
#5416=CARTESIAN_POINT('Origin',(-25.2159566947226,-86.4895010986328,50.0000000000001));
#5417=CARTESIAN_POINT('Ctrl Pts',(-55.2329566947226,-87.4980010986328,35.0677585398725));
#5418=CARTESIAN_POINT('Ctrl Pts',(-55.2329566947226,-86.9950354144799,34.9915000000001));
#5419=CARTESIAN_POINT('Ctrl Pts',(-55.2329566947226,-86.4895010986328,34.9915000000001));
#5420=CARTESIAN_POINT('Ctrl Pts',(-25.2159566947226,-87.4980010986328,35.0677585398725));
#5421=CARTESIAN_POINT('Ctrl Pts',(-25.2159566947226,-86.9950354144799,34.9915000000001));
#5422=CARTESIAN_POINT('Ctrl Pts',(-25.2159566947226,-86.4895010986328,34.9915000000001));
#5423=CARTESIAN_POINT('',(-25.2159566947226,-87.4980010986328,35.0677585398725));
#5424=CARTESIAN_POINT('',(-25.2159566947226,-87.4980010986328,35.0677585398725));
#5425=CARTESIAN_POINT('',(-25.2159566947226,-86.4895010986328,34.9915000000001));
#5426=CARTESIAN_POINT('Origin',(-25.2159566947226,-86.4895010986328,50.0000000000001));
#5427=CARTESIAN_POINT('',(-25.2159566947226,-86.4895010986328,34.9915000000001));
#5428=CARTESIAN_POINT('Origin',(-25.2159566947226,-86.4895010986328,65.0085000000001));
#5429=CARTESIAN_POINT('',(-25.2159566947226,-86.4895010986328,65.0085000000001));
#5430=CARTESIAN_POINT('Origin',(-25.2159566947226,-86.4895010986328,50.0000000000001));
#5431=CARTESIAN_POINT('',(-25.2159566947226,-87.4980010986328,73.3279991149903));
#5432=CARTESIAN_POINT('Origin',(-92.6560000181198,-84.4980010986328,95.1559982299805));
#5433=CARTESIAN_POINT('',(-91.1559998989105,-84.4980010986328,96.6559982299805));
#5434=CARTESIAN_POINT('',(-92.,-84.4980010986328,96.0000000000001));
#5435=CARTESIAN_POINT('',(-91.1559998989105,-84.4980010986328,96.6559982299805));
#5436=CARTESIAN_POINT('',(-90.125,-84.4980010986328,97.1250000000001));
#5437=CARTESIAN_POINT('',(-90.125,-84.4980010986328,97.1250000000001));
#5438=CARTESIAN_POINT('',(-88.9060001373291,-84.4980010986328,97.4059982299805));
#5439=CARTESIAN_POINT('',(-90.125,-84.4980010986328,97.1250000000001));
#5440=CARTESIAN_POINT('',(-87.5,-84.4980010986328,97.5000000000001));
#5441=CARTESIAN_POINT('',(-87.5,-84.4980010986328,97.5000000000001));
#5442=CARTESIAN_POINT('',(79.5,-84.4980010986328,97.5000000000001));
#5443=CARTESIAN_POINT('',(79.5,-84.4980010986328,97.5000000000001));
#5444=CARTESIAN_POINT('',(80.906005859375,-84.4980010986328,97.4059982299805));
#5445=CARTESIAN_POINT('',(79.5,-84.4980010986328,97.5000000000001));
#5446=CARTESIAN_POINT('',(82.125,-84.4980010986328,97.1250000000001));
#5447=CARTESIAN_POINT('',(82.125,-84.4980010986328,97.1250000000001));
#5448=CARTESIAN_POINT('',(83.156005859375,-84.4980010986328,96.6559982299805));
#5449=CARTESIAN_POINT('',(83.156005859375,-84.4980010986328,96.6559982299805));
#5450=CARTESIAN_POINT('',(84.,-84.4980010986328,96.0000000000001));
#5451=CARTESIAN_POINT('',(84.,-84.4980010986328,96.0000000000001));
#5452=CARTESIAN_POINT('',(84.656005859375,-84.4980010986328,95.1559982299805));
#5453=CARTESIAN_POINT('',(84.,-84.4980010986328,96.0000000000001));
#5454=CARTESIAN_POINT('',(85.125,-84.4980010986328,94.1250000000001));
#5455=CARTESIAN_POINT('',(85.125,-84.4980010986328,94.1250000000001));
#5456=CARTESIAN_POINT('',(85.406005859375,-84.4980010986328,92.9059982299805));
#5457=CARTESIAN_POINT('',(85.406005859375,-84.4980010986328,92.9059982299805));
#5458=CARTESIAN_POINT('',(85.5,-84.4980010986328,91.5000000000001));
#5459=CARTESIAN_POINT('',(85.5,-84.4980010986328,91.5000000000001));
#5460=CARTESIAN_POINT('',(85.5,-84.4980010986328,8.50000000000006));
#5461=CARTESIAN_POINT('',(85.5,-84.4980010986328,91.5000000000001));
#5462=CARTESIAN_POINT('',(85.406005859375,-84.4980010986328,7.09399986267096));
#5463=CARTESIAN_POINT('',(85.5,-84.4980010986328,8.50000000000006));
#5464=CARTESIAN_POINT('',(85.125,-84.4980010986328,5.87500000000006));
#5465=CARTESIAN_POINT('',(85.406005859375,-84.4980010986328,7.09399986267096));
#5466=CARTESIAN_POINT('',(84.656005859375,-84.4980010986328,4.84400010108954));
#5467=CARTESIAN_POINT('',(84.656005859375,-84.4980010986328,4.84400010108954));
#5468=CARTESIAN_POINT('',(84.,-84.4980010986328,4.00000000000006));
#5469=CARTESIAN_POINT('',(84.,-84.4980010986328,4.00000000000006));
#5470=CARTESIAN_POINT('',(83.156005859375,-84.4980010986328,3.34399998188025));
#5471=CARTESIAN_POINT('',(84.,-84.4980010986328,4.00000000000006));
#5472=CARTESIAN_POINT('',(82.125,-84.4980010986328,2.87500000000006));
#5473=CARTESIAN_POINT('',(83.156005859375,-84.4980010986328,3.34399998188025));
#5474=CARTESIAN_POINT('',(80.906005859375,-84.4980010986328,2.59399999678141));
#5475=CARTESIAN_POINT('',(80.906005859375,-84.4980010986328,2.59399999678141));
#5476=CARTESIAN_POINT('',(79.5,-84.4980010986328,2.50000000000006));
#5477=CARTESIAN_POINT('',(80.906005859375,-84.4980010986328,2.59399999678141));
#5478=CARTESIAN_POINT('',(-87.5,-84.4980010986328,2.50000000000006));
#5479=CARTESIAN_POINT('',(79.5,-84.4980010986328,2.50000000000006));
#5480=CARTESIAN_POINT('',(-88.9060001373291,-84.4980010986328,2.59399999678141));
#5481=CARTESIAN_POINT('',(-88.9060001373291,-84.4980010986328,2.59399999678141));
#5482=CARTESIAN_POINT('',(-90.125,-84.4980010986328,2.87500000000006));
#5483=CARTESIAN_POINT('',(-90.125,-84.4980010986328,2.87500000000006));
#5484=CARTESIAN_POINT('',(-91.1559998989105,-84.4980010986328,3.34399998188025));
#5485=CARTESIAN_POINT('',(-90.125,-84.4980010986328,2.87500000000006));
#5486=CARTESIAN_POINT('',(-92.,-84.4980010986328,4.00000000000006));
#5487=CARTESIAN_POINT('',(-91.1559998989105,-84.4980010986328,3.34399998188025));
#5488=CARTESIAN_POINT('',(-92.6560000181198,-84.4980010986328,4.84400010108954));
#5489=CARTESIAN_POINT('',(-92.6560000181198,-84.4980010986328,4.84400010108954));
#5490=CARTESIAN_POINT('',(-93.125,-84.4980010986328,5.87500000000006));
#5491=CARTESIAN_POINT('',(-92.6560000181198,-84.4980010986328,4.84400010108954));
#5492=CARTESIAN_POINT('',(-93.4060000032187,-84.4980010986328,7.09399986267096));
#5493=CARTESIAN_POINT('',(-93.4060000032187,-84.4980010986328,7.09399986267096));
#5494=CARTESIAN_POINT('',(-93.5,-84.4980010986328,8.50000000000006));
#5495=CARTESIAN_POINT('',(-93.5,-84.4980010986328,8.50000000000006));
#5496=CARTESIAN_POINT('',(-93.5,-84.4980010986328,91.5000000000001));
#5497=CARTESIAN_POINT('',(-93.5,-84.4980010986328,8.50000000000006));
#5498=CARTESIAN_POINT('',(-93.4060000032187,-84.4980010986328,92.9059982299805));
#5499=CARTESIAN_POINT('',(-93.5,-84.4980010986328,91.5000000000001));
#5500=CARTESIAN_POINT('',(-93.125,-84.4980010986328,94.1250000000001));
#5501=CARTESIAN_POINT('',(-93.125,-84.4980010986328,94.1250000000001));
#5502=CARTESIAN_POINT('',(-92.6560000181198,-84.4980010986328,95.1559982299805));
#5503=CARTESIAN_POINT('',(-92.6560000181198,-84.4980010986328,95.1559982299805));
#5504=CARTESIAN_POINT('',(-92.6560000181198,-84.4980010986328,95.1559982299805));
#5505=CARTESIAN_POINT('Origin',(-93.5,-87.4980010986328,91.5000000000001));
#5506=CARTESIAN_POINT('',(-93.5,-87.4980010986328,91.5000000000001));
#5507=CARTESIAN_POINT('',(-93.5,-87.4980010986328,91.5000000000001));
#5508=CARTESIAN_POINT('',(-93.4060000032187,-87.4980010986328,92.9059982299805));
#5509=CARTESIAN_POINT('',(-93.5,-87.4980010986328,91.5000000000001));
#5510=CARTESIAN_POINT('',(-93.4060000032187,-87.4980010986328,92.9059982299805));
#5511=CARTESIAN_POINT('Origin',(84.,-87.4980010986328,96.0000000000001));
#5512=CARTESIAN_POINT('',(84.,-87.4980010986328,96.0000000000001));
#5513=CARTESIAN_POINT('',(84.,-84.4980010986328,96.0000000000001));
#5514=CARTESIAN_POINT('',(84.656005859375,-87.4980010986328,95.1559982299805));
#5515=CARTESIAN_POINT('',(84.,-87.4980010986328,96.0000000000001));
#5516=CARTESIAN_POINT('',(84.656005859375,-87.4980010986328,95.1559982299805));
#5517=CARTESIAN_POINT('Origin',(-93.125,-84.4980010986328,5.87500000000006));
#5518=CARTESIAN_POINT('',(-93.4060000032187,-87.4980010986329,7.09399986267096));
#5519=CARTESIAN_POINT('',(-93.4060000032187,-84.4980010986328,7.09399986267096));
#5520=CARTESIAN_POINT('',(-93.125,-87.4980010986329,5.87500000000006));
#5521=CARTESIAN_POINT('',(-93.125,-87.4980010986329,5.87500000000006));
#5522=CARTESIAN_POINT('',(-93.4060000032187,-87.4980010986329,7.09399986267096));
#5523=CARTESIAN_POINT('Origin',(-92.6560000181198,-87.4980010986328,95.1559982299805));
#5524=CARTESIAN_POINT('',(-92.6560000181198,-87.4980010986328,95.1559982299805));
#5525=CARTESIAN_POINT('',(-92.6560000181198,-87.4980010986328,95.1559982299805));
#5526=CARTESIAN_POINT('',(-92.,-87.4980010986328,96.0000000000001));
#5527=CARTESIAN_POINT('',(-92.,-87.4980010986328,96.0000000000001));
#5528=CARTESIAN_POINT('',(-92.,-87.4980010986328,96.0000000000001));
#5529=CARTESIAN_POINT('Origin',(-93.4060000032187,-87.4980010986328,92.9059982299805));
#5530=CARTESIAN_POINT('',(-93.125,-87.4980010986328,94.1250000000001));
#5531=CARTESIAN_POINT('',(-93.125,-87.4980010986328,94.1250000000001));
#5532=CARTESIAN_POINT('',(-93.125,-87.4980010986328,94.1250000000001));
#5533=CARTESIAN_POINT('Origin',(84.656005859375,-84.4980010986328,4.84400010108954));
#5534=CARTESIAN_POINT('',(84.656005859375,-87.4980010986329,4.84400010108954));
#5535=CARTESIAN_POINT('',(85.125,-87.4980010986329,5.87500000000006));
#5536=CARTESIAN_POINT('',(84.656005859375,-87.4980010986329,4.84400010108954));
#5537=CARTESIAN_POINT('',(84.656005859375,-87.4980010986329,4.84400010108954));
#5538=CARTESIAN_POINT('',(85.125,-87.4980010986329,5.87500000000006));
#5539=CARTESIAN_POINT('Origin',(-92.,-84.4980010986328,4.00000000000006));
#5540=CARTESIAN_POINT('',(-92.,-87.4980010986329,4.00000000000006));
#5541=CARTESIAN_POINT('',(-91.1559998989105,-87.4980010986329,3.34399998188025));
#5542=CARTESIAN_POINT('',(-92.,-87.4980010986329,4.00000000000006));
#5543=CARTESIAN_POINT('',(-92.,-87.4980010986329,4.00000000000006));
#5544=CARTESIAN_POINT('',(-91.1559998989105,-87.4980010986329,3.34399998188025));
#5545=CARTESIAN_POINT('Origin',(-92.6560000181198,-84.4980010986328,4.84400010108954));
#5546=CARTESIAN_POINT('',(-92.6560000181198,-87.4980010986329,4.84400010108954));
#5547=CARTESIAN_POINT('',(-92.6560000181198,-87.4980010986329,4.84400010108954));
#5548=CARTESIAN_POINT('',(-93.125,-87.4980010986329,5.87500000000006));
#5549=CARTESIAN_POINT('Origin',(84.656005859375,-87.4980010986328,95.1559982299805));
#5550=CARTESIAN_POINT('',(85.125,-87.4980010986328,94.1250000000001));
#5551=CARTESIAN_POINT('',(85.125,-87.4980010986328,94.1250000000001));
#5552=CARTESIAN_POINT('',(85.125,-87.4980010986328,94.1250000000001));
#5553=CARTESIAN_POINT('Origin',(-90.125,-87.4980010986328,97.1250000000001));
#5554=CARTESIAN_POINT('',(-90.125,-87.4980010986328,97.1250000000001));
#5555=CARTESIAN_POINT('',(-90.125,-87.4980010986328,97.1250000000001));
#5556=CARTESIAN_POINT('',(-88.9060001373291,-87.4980010986328,97.4059982299805));
#5557=CARTESIAN_POINT('',(-88.9060001373291,-87.4980010986328,97.4059982299805));
#5558=CARTESIAN_POINT('',(-88.9060001373291,-87.4980010986328,97.4059982299805));
#5559=CARTESIAN_POINT('Origin',(-93.125,-87.4980010986328,94.1250000000001));
#5560=CARTESIAN_POINT('',(-92.6560000181198,-87.4980010986328,95.1559982299805));
#5561=CARTESIAN_POINT('Origin',(-92.,-87.4980010986328,96.0000000000001));
#5562=CARTESIAN_POINT('',(-91.1559998989105,-87.4980010986328,96.6559982299805));
#5563=CARTESIAN_POINT('',(-91.1559998989105,-87.4980010986328,96.6559982299805));
#5564=CARTESIAN_POINT('',(-91.1559998989105,-87.4980010986328,96.6559982299805));
#5565=CARTESIAN_POINT('Origin',(85.125,-84.4980010986328,5.87500000000006));
#5566=CARTESIAN_POINT('',(85.406005859375,-87.4980010986329,7.09399986267096));
#5567=CARTESIAN_POINT('',(85.125,-87.4980010986329,5.87500000000006));
#5568=CARTESIAN_POINT('',(85.406005859375,-87.4980010986329,7.09399986267096));
#5569=CARTESIAN_POINT('Origin',(-92.,-84.4980010986328,4.00000000000006));
#5570=CARTESIAN_POINT('',(-92.6560000181198,-87.4980010986329,4.84400010108954));
#5571=CARTESIAN_POINT('Origin',(-88.9060001373291,-87.4980010986329,2.59399999678141));
#5572=CARTESIAN_POINT('',(-87.5,-87.4980010986329,2.50000000000006));
#5573=CARTESIAN_POINT('',(-87.5,-87.4980010986329,2.50000000000006));
#5574=CARTESIAN_POINT('',(-88.9060001373291,-87.4980010986329,2.59399999678141));
#5575=CARTESIAN_POINT('',(-88.9060001373291,-87.4980010986329,2.59399999678141));
#5576=CARTESIAN_POINT('',(-88.9060001373291,-87.4980010986329,2.59399999678141));
#5577=CARTESIAN_POINT('Origin',(-91.1559998989105,-84.4980010986328,3.34399998188025));
#5578=CARTESIAN_POINT('',(-90.125,-87.4980010986329,2.87500000000006));
#5579=CARTESIAN_POINT('',(-91.1559998989105,-87.4980010986329,3.34399998188025));
#5580=CARTESIAN_POINT('',(-90.125,-87.4980010986329,2.87500000000006));
#5581=CARTESIAN_POINT('Origin',(85.406005859375,-84.4980010986328,92.9059982299805));
#5582=CARTESIAN_POINT('',(85.5,-87.4980010986328,91.5000000000001));
#5583=CARTESIAN_POINT('',(85.5,-84.4980010986328,91.5000000000001));
#5584=CARTESIAN_POINT('',(85.406005859375,-87.4980010986328,92.9059982299805));
#5585=CARTESIAN_POINT('',(85.406005859375,-87.4980010986328,92.9059982299805));
#5586=CARTESIAN_POINT('',(85.5,-87.4980010986328,91.5000000000001));
#5587=CARTESIAN_POINT('Origin',(85.125,-87.4980010986328,94.1250000000001));
#5588=CARTESIAN_POINT('',(85.406005859375,-87.4980010986328,92.9059982299805));
#5589=CARTESIAN_POINT('Origin',(-88.9060001373291,-87.4980010986328,97.4059982299805));
#5590=CARTESIAN_POINT('',(-87.5,-87.4980010986328,97.5000000000001));
#5591=CARTESIAN_POINT('',(-87.5,-87.4980010986328,97.5000000000001));
#5592=CARTESIAN_POINT('',(-87.5,-84.4980010986328,97.5000000000001));
#5593=CARTESIAN_POINT('Origin',(-91.1559998989105,-87.4980010986328,96.6559982299805));
#5594=CARTESIAN_POINT('',(-90.125,-87.4980010986328,97.1250000000001));
#5595=CARTESIAN_POINT('Origin',(85.5,-84.4980010986328,8.50000000000006));
#5596=CARTESIAN_POINT('',(85.5,-87.4980010986329,8.50000000000006));
#5597=CARTESIAN_POINT('',(85.5,-87.4980010986329,8.50000000000006));
#5598=CARTESIAN_POINT('',(85.5,-87.4980010986329,8.50000000000006));
#5599=CARTESIAN_POINT('Origin',(80.906005859375,-87.4980010986328,97.4059982299805));
#5600=CARTESIAN_POINT('',(80.906005859375,-87.4980010986328,97.4059982299805));
#5601=CARTESIAN_POINT('',(80.906005859375,-87.4980010986328,97.4059982299805));
#5602=CARTESIAN_POINT('',(82.125,-87.4980010986328,97.1250000000001));
#5603=CARTESIAN_POINT('',(82.125,-87.4980010986328,97.1250000000001));
#5604=CARTESIAN_POINT('',(82.125,-87.4980010986328,97.1250000000001));
#5605=CARTESIAN_POINT('Origin',(-91.1559998989105,-87.4980010986328,96.6559982299805));
#5606=CARTESIAN_POINT('',(-93.5,-87.4980010986329,8.50000000000006));
#5607=CARTESIAN_POINT('',(-93.5,-87.4980010986329,8.50000000000006));
#5608=CARTESIAN_POINT('',(-93.5,-87.4980010986329,8.50000000000006));
#5609=CARTESIAN_POINT('',(-90.125,-87.4980010986329,2.87500000000006));
#5610=CARTESIAN_POINT('',(79.5,-87.4980010986329,2.50000000000006));
#5611=CARTESIAN_POINT('',(79.5,-87.4980010986329,2.50000000000006));
#5612=CARTESIAN_POINT('',(80.906005859375,-87.4980010986329,2.59399999678141));
#5613=CARTESIAN_POINT('',(79.5,-87.4980010986329,2.50000000000006));
#5614=CARTESIAN_POINT('',(82.125,-87.4980010986329,2.87500000000006));
#5615=CARTESIAN_POINT('',(80.906005859375,-87.4980010986329,2.59399999678141));
#5616=CARTESIAN_POINT('',(83.156005859375,-87.4980010986329,3.34399998188025));
#5617=CARTESIAN_POINT('',(82.125,-87.4980010986329,2.87500000000006));
#5618=CARTESIAN_POINT('',(84.,-87.4980010986329,4.00000000000006));
#5619=CARTESIAN_POINT('',(84.,-87.4980010986329,4.00000000000006));
#5620=CARTESIAN_POINT('',(84.656005859375,-87.4980010986329,4.84400010108954));
#5621=CARTESIAN_POINT('',(85.5,-87.4980010986328,91.5000000000001));
#5622=CARTESIAN_POINT('',(83.156005859375,-87.4980010986328,96.6559982299805));
#5623=CARTESIAN_POINT('',(83.156005859375,-87.4980010986328,96.6559982299805));
#5624=CARTESIAN_POINT('',(83.156005859375,-87.4980010986328,96.6559982299805));
#5625=CARTESIAN_POINT('',(79.5,-87.4980010986328,97.5000000000001));
#5626=CARTESIAN_POINT('',(79.5,-87.4980010986328,97.5000000000001));
#5627=CARTESIAN_POINT('',(79.5,-87.4980010986328,97.5000000000001));
#5628=CARTESIAN_POINT('Origin',(-90.125,-84.4980010986328,2.87500000000006));
#5629=CARTESIAN_POINT('Origin',(79.5,-84.4980010986328,2.50000000000006));
#5630=CARTESIAN_POINT('',(79.5,-87.4980010986329,2.50000000000006));
#5631=CARTESIAN_POINT('',(80.906005859375,-87.4980010986329,2.59399999678141));
#5632=CARTESIAN_POINT('Origin',(-87.5,-84.4980010986328,2.50000000000006));
#5633=CARTESIAN_POINT('Origin',(82.125,-84.4980010986328,2.87500000000006));
#5634=CARTESIAN_POINT('',(82.125,-87.4980010986329,2.87500000000006));
#5635=CARTESIAN_POINT('',(83.156005859375,-87.4980010986329,3.34399998188025));
#5636=CARTESIAN_POINT('Origin',(79.5,-87.4980010986328,97.5000000000001));
#5637=CARTESIAN_POINT('',(79.5,-87.4980010986328,97.5000000000001));
#5638=CARTESIAN_POINT('Origin',(-93.4060000032187,-84.4980010986328,7.09399986267096));
#5639=CARTESIAN_POINT('',(-93.5,-87.4980010986329,8.50000000000006));
#5640=CARTESIAN_POINT('Origin',(-93.5,-87.4980010986328,91.5000000000001));
#5641=CARTESIAN_POINT('Origin',(80.906005859375,-84.4980010986328,2.59399999678141));
#5642=CARTESIAN_POINT('Origin',(82.125,-87.4980010986328,97.1250000000001));
#5643=CARTESIAN_POINT('',(83.156005859375,-84.4980010986328,96.6559982299805));
#5644=CARTESIAN_POINT('Origin',(83.156005859375,-84.4980010986328,3.34399998188025));
#5645=CARTESIAN_POINT('',(84.,-87.4980010986329,4.00000000000006));
#5646=CARTESIAN_POINT('Origin',(83.156005859375,-87.4980010986328,96.6559982299805));
#5647=CARTESIAN_POINT('Origin',(84.,-84.4980010986328,4.00000000000006));
#5648=CARTESIAN_POINT('Origin',(-87.5,-87.4980010986328,97.5000000000001));
#5649=CARTESIAN_POINT('Origin',(85.5,-87.4980010986329,8.50000000000006));
#5650=CARTESIAN_POINT('Origin',(-3.,-1.28715094138698E-14,103.0085));
#5651=CARTESIAN_POINT('',(-7.0085,-1.49929702607747E-14,97.0000000000001));
#5652=CARTESIAN_POINT('Origin',(-3.,-1.45020705913364E-14,97.0000000000001));
#5653=CARTESIAN_POINT('',(-7.0085,-1.31970436800908E-14,100.));
#5654=CARTESIAN_POINT('',(-7.0085,-1.3362409083308E-14,103.0085));
#5655=CARTESIAN_POINT('Origin',(-3.,-1.3687943349529E-14,100.));
#5656=CARTESIAN_POINT('Ctrl Pts',(86.,6.25424999999997,28.5085));
#5657=CARTESIAN_POINT('Ctrl Pts',(86.,6.25424999999997,28.5085));
#5658=CARTESIAN_POINT('Ctrl Pts',(86.,6.25424999999997,28.5085));
#5659=CARTESIAN_POINT('Ctrl Pts',(86.,6.25424999999997,28.5085));
#5660=CARTESIAN_POINT('Ctrl Pts',(86.,6.25424999999997,28.5085));
#5661=CARTESIAN_POINT('Ctrl Pts',(86.,6.25424999999997,28.5085));
#5662=CARTESIAN_POINT('Ctrl Pts',(86.,6.25424999999997,28.5085));
#5663=CARTESIAN_POINT('Ctrl Pts',(86.,6.25424999999997,28.5085));
#5664=CARTESIAN_POINT('Ctrl Pts',(86.,6.25424999999997,28.5085));
#5665=CARTESIAN_POINT('Ctrl Pts',(75.9915,6.25424999999998,28.5085));
#5666=CARTESIAN_POINT('Ctrl Pts',(75.9915,12.5085,28.5085));
#5667=CARTESIAN_POINT('Ctrl Pts',(86.,12.5085,28.5085));
#5668=CARTESIAN_POINT('Ctrl Pts',(96.0085,12.5085,28.5085));
#5669=CARTESIAN_POINT('Ctrl Pts',(96.0085,6.25424999999997,28.5085));
#5670=CARTESIAN_POINT('Ctrl Pts',(96.0085,-2.48689957516035E-14,28.5085));
#5671=CARTESIAN_POINT('Ctrl Pts',(86.,-2.48689957516035E-14,28.5085));
#5672=CARTESIAN_POINT('Ctrl Pts',(75.9915,-2.48689957516035E-14,28.5085));
#5673=CARTESIAN_POINT('Ctrl Pts',(75.9915,6.25424999999998,28.5085));
#5674=CARTESIAN_POINT('Ctrl Pts',(75.9915,6.25424999999997,24.25));
#5675=CARTESIAN_POINT('Ctrl Pts',(75.9915,12.5085,24.25));
#5676=CARTESIAN_POINT('Ctrl Pts',(86.,12.5085,24.25));
#5677=CARTESIAN_POINT('Ctrl Pts',(96.0085,12.5085,24.25));
#5678=CARTESIAN_POINT('Ctrl Pts',(96.0085,6.25424999999997,24.25));
#5679=CARTESIAN_POINT('Ctrl Pts',(96.0085,-2.8421709430404E-14,24.25));
#5680=CARTESIAN_POINT('Ctrl Pts',(86.,-2.8421709430404E-14,24.25));
#5681=CARTESIAN_POINT('Ctrl Pts',(75.9915,-2.8421709430404E-14,24.25));
#5682=CARTESIAN_POINT('Ctrl Pts',(75.9915,6.25424999999997,24.25));
#5683=CARTESIAN_POINT('Ctrl Pts',(75.9915,6.25424999999997,19.9915));
#5684=CARTESIAN_POINT('Ctrl Pts',(75.9915,12.5085,19.9915));
#5685=CARTESIAN_POINT('Ctrl Pts',(86.,12.5085,19.9915));
#5686=CARTESIAN_POINT('Ctrl Pts',(96.0085,12.5085,19.9915));
#5687=CARTESIAN_POINT('Ctrl Pts',(96.0085,6.25424999999997,19.9915));
#5688=CARTESIAN_POINT('Ctrl Pts',(96.0085,-3.19744231092045E-14,19.9915));
#5689=CARTESIAN_POINT('Ctrl Pts',(86.,-3.19744231092045E-14,19.9915));
#5690=CARTESIAN_POINT('Ctrl Pts',(75.9915,-3.19744231092045E-14,19.9915));
#5691=CARTESIAN_POINT('Ctrl Pts',(75.9915,6.25424999999997,19.9915));
#5692=CARTESIAN_POINT('Ctrl Pts',(86.,6.25424999999997,19.9915));
#5693=CARTESIAN_POINT('Ctrl Pts',(86.,6.25424999999997,19.9915));
#5694=CARTESIAN_POINT('Ctrl Pts',(86.,6.25424999999997,19.9915));
#5695=CARTESIAN_POINT('Ctrl Pts',(86.,6.25424999999997,19.9915));
#5696=CARTESIAN_POINT('Ctrl Pts',(86.,6.25424999999997,19.9915));
#5697=CARTESIAN_POINT('Ctrl Pts',(86.,6.25424999999997,19.9915));
#5698=CARTESIAN_POINT('Ctrl Pts',(86.,6.25424999999997,19.9915));
#5699=CARTESIAN_POINT('Ctrl Pts',(86.,6.25424999999997,19.9915));
#5700=CARTESIAN_POINT('Ctrl Pts',(86.,6.25424999999997,19.9915));
#5701=CARTESIAN_POINT('',(84.,6.25424999999997,20.0773915882983));
#5702=CARTESIAN_POINT('',(84.,6.25424999999997,28.4226084117017));
#5703=CARTESIAN_POINT('Ctrl Pts',(84.,6.25424999999997,20.0773915882983));
#5704=CARTESIAN_POINT('Ctrl Pts',(84.,6.66270408588927,20.0773915882983));
#5705=CARTESIAN_POINT('Ctrl Pts',(84.,7.07233908507689,20.105197231658));
#5706=CARTESIAN_POINT('Ctrl Pts',(84.,7.82780343681062,20.2099299986232));
#5707=CARTESIAN_POINT('Ctrl Pts',(84.,8.17664948022469,20.2801062648512));
#5708=CARTESIAN_POINT('Ctrl Pts',(84.,8.93044079382678,20.4841925352418));
#5709=CARTESIAN_POINT('Ctrl Pts',(84.,9.33536037708425,20.6290645056923));
#5710=CARTESIAN_POINT('Ctrl Pts',(84.,10.3813811992488,21.117828003999));
#5711=CARTESIAN_POINT('Ctrl Pts',(84.,10.9459677717169,21.511032118039));
#5712=CARTESIAN_POINT('Ctrl Pts',(84.,11.7220219128917,22.3193664368142));
#5713=CARTESIAN_POINT('Ctrl Pts',(84.,12.0005018792586,22.7259387095494));
#5714=CARTESIAN_POINT('Ctrl Pts',(84.,12.31829658689,23.5414610981296));
#5715=CARTESIAN_POINT('Ctrl Pts',(84.,12.3897552644207,23.9209872614739));
#5716=CARTESIAN_POINT('Ctrl Pts',(84.,12.3735659724365,24.7049542647378));
#5717=CARTESIAN_POINT('Ctrl Pts',(84.,12.2827890355768,25.0895108488612));
#5718=CARTESIAN_POINT('Ctrl Pts',(84.,11.9369533537068,25.8720107513664));
#5719=CARTESIAN_POINT('Ctrl Pts',(84.,11.6652480072035,26.2479850903043));
#5720=CARTESIAN_POINT('Ctrl Pts',(84.,10.911371783423,27.0127130937188));
#5721=CARTESIAN_POINT('Ctrl Pts',(84.,10.3893564215485,27.3643051244781));
#5722=CARTESIAN_POINT('Ctrl Pts',(84.,9.43854109219764,27.8306187157017));
#5723=CARTESIAN_POINT('Ctrl Pts',(84.,9.02001287581803,27.9866929245656));
#5724=CARTESIAN_POINT('Ctrl Pts',(84.,8.25504182191207,28.2018270282113));
#5725=CARTESIAN_POINT('Ctrl Pts',(84.0000000002299,7.90929844016745,28.274865757894));
#5726=CARTESIAN_POINT('Ctrl Pts',(84.0000000002299,7.29067936653353,28.3668208737499));
#5727=CARTESIAN_POINT('Ctrl Pts',(84.,7.01781237725125,28.3942949645667));
#5728=CARTESIAN_POINT('Ctrl Pts',(84.,6.5813550655493,28.4181522446604));
#5729=CARTESIAN_POINT('Ctrl Pts',(84.,6.41776496352674,28.4226084117017));
#5730=CARTESIAN_POINT('Ctrl Pts',(84.,6.25424999999997,28.4226084117017));
#5731=CARTESIAN_POINT('',(86.,6.25424999999997,19.9915));
#5732=CARTESIAN_POINT('Origin',(86.,6.25424999999997,24.25));
#5733=CARTESIAN_POINT('',(87.,6.25424999999997,20.0128096659637));
#5734=CARTESIAN_POINT('Origin',(86.,6.25424999999997,24.25));
#5735=CARTESIAN_POINT('',(87.,6.25424999999997,28.4871903340364));
#5736=CARTESIAN_POINT('Ctrl Pts',(87.,6.25424999995113,28.4871903340364));
#5737=CARTESIAN_POINT('Ctrl Pts',(87.,6.46141354953795,28.4871903340375));
#5738=CARTESIAN_POINT('Ctrl Pts',(87.,6.66872541403109,28.4801466023837));
#5739=CARTESIAN_POINT('Ctrl Pts',(87.,7.14058825220865,28.4479154702092));
#5740=CARTESIAN_POINT('Ctrl Pts',(87.,7.40530214318263,28.4181176304941));
#5741=CARTESIAN_POINT('Ctrl Pts',(87.,7.93713399749179,28.3336532506684));
#5742=CARTESIAN_POINT('Ctrl Pts',(86.9999999999746,8.20486910051488,28.2782415207791));
#5743=CARTESIAN_POINT('Ctrl Pts',(86.9999999999746,9.0079032539617,28.0700258794281));
#5744=CARTESIAN_POINT('Ctrl Pts',(87.,9.53692225672371,27.8744203900084));
#5745=CARTESIAN_POINT('Ctrl Pts',(87.,10.680244176918,27.2801384548654));
#5746=CARTESIAN_POINT('Ctrl Pts',(87.,11.2259684801745,26.8584094778939));
#5747=CARTESIAN_POINT('Ctrl Pts',(87.,11.9436862165698,26.0164507893652));
#5748=CARTESIAN_POINT('Ctrl Pts',(87.000000000243,12.1879688617472,25.6073004705922));
#5749=CARTESIAN_POINT('Ctrl Pts',(87.000000000243,12.4505669972374,24.7917629386193));
#5750=CARTESIAN_POINT('Ctrl Pts',(87.,12.4980564680659,24.4126253378079));
#5751=CARTESIAN_POINT('Ctrl Pts',(87.,12.4379033126523,23.6256561223045));
#5752=CARTESIAN_POINT('Ctrl Pts',(87.,12.3231214260609,23.2376532318212));
#5753=CARTESIAN_POINT('Ctrl Pts',(87.,11.923287505402,22.4439299810495));
#5754=CARTESIAN_POINT('Ctrl Pts',(87.,11.6170478009081,22.0621236753076));
#5755=CARTESIAN_POINT('Ctrl Pts',(87.,10.7753697375186,21.2856616389516));
#5756=CARTESIAN_POINT('Ctrl Pts',(87.,10.1948527147724,20.9339900333103));
#5757=CARTESIAN_POINT('Ctrl Pts',(87.,9.17081508542272,20.4921117359347));
#5758=CARTESIAN_POINT('Ctrl Pts',(87.,8.73748289163501,20.3518791463446));
#5759=CARTESIAN_POINT('Ctrl Pts',(87.,8.04496048199752,20.1879390437563));
#5760=CARTESIAN_POINT('Ctrl Pts',(86.9999999999999,7.788996837134,20.1397957651042));
#5761=CARTESIAN_POINT('Ctrl Pts',(86.9999999999999,7.35655403236274,20.0780335546322));
#5762=CARTESIAN_POINT('Ctrl Pts',(87.,7.18051398279756,20.0582645744458));
#5763=CARTESIAN_POINT('Ctrl Pts',(87.,6.75483504228604,20.023080792167));
#5764=CARTESIAN_POINT('Ctrl Pts',(87.,6.50441178971676,20.0128096659624));
#5765=CARTESIAN_POINT('Ctrl Pts',(87.,6.25424999995112,20.0128096659637));
#5766=CARTESIAN_POINT('',(86.,6.25424999999997,28.5085));
#5767=CARTESIAN_POINT('Origin',(86.,6.25424999999997,24.25));
#5768=CARTESIAN_POINT('Origin',(86.,6.25424999999997,24.25));
#5769=CARTESIAN_POINT('Ctrl Pts',(84.,-6.25425000000003,28.4226084117017));
#5770=CARTESIAN_POINT('Ctrl Pts',(85.4884809510393,-6.25425000000003,28.551772256371));
#5771=CARTESIAN_POINT('Ctrl Pts',(87.,-6.25425000000003,28.4871903340364));
#5772=CARTESIAN_POINT('Ctrl Pts',(84.,6.25424999999997,28.4226084117017));
#5773=CARTESIAN_POINT('Ctrl Pts',(85.4884809510393,6.25424999999997,28.551772256371));
#5774=CARTESIAN_POINT('Ctrl Pts',(87.,6.25424999999997,28.4871903340364));
#5775=CARTESIAN_POINT('',(84.,-6.25425000000003,28.4226084117017));
#5776=CARTESIAN_POINT('',(84.,6.25424999999997,28.4226084117017));
#5777=CARTESIAN_POINT('',(87.,-6.25425000000003,28.4871903340364));
#5778=CARTESIAN_POINT('',(87.,6.25424999999997,28.4871903340364));
#5779=CARTESIAN_POINT('',(86.,-6.25425000000003,28.5085));
#5780=CARTESIAN_POINT('Origin',(86.,-6.25425000000003,24.25));
#5781=CARTESIAN_POINT('Origin',(86.,-6.25425000000003,24.25));
#5782=CARTESIAN_POINT('Ctrl Pts',(86.,-6.25425000000003,28.5085));
#5783=CARTESIAN_POINT('Ctrl Pts',(86.,-6.25425000000003,28.5085));
#5784=CARTESIAN_POINT('Ctrl Pts',(86.,-6.25425000000003,28.5085));
#5785=CARTESIAN_POINT('Ctrl Pts',(86.,-6.25425000000003,28.5085));
#5786=CARTESIAN_POINT('Ctrl Pts',(86.,-6.25425000000003,28.5085));
#5787=CARTESIAN_POINT('Ctrl Pts',(86.,-6.25425000000003,28.5085));
#5788=CARTESIAN_POINT('Ctrl Pts',(86.,-6.25425000000003,28.5085));
#5789=CARTESIAN_POINT('Ctrl Pts',(86.,-6.25425000000003,28.5085));
#5790=CARTESIAN_POINT('Ctrl Pts',(86.,-6.25425000000003,28.5085));
#5791=CARTESIAN_POINT('Ctrl Pts',(75.9915,-6.25425000000003,28.5085));
#5792=CARTESIAN_POINT('Ctrl Pts',(75.9915,-2.57056933180336E-14,28.5085));
#5793=CARTESIAN_POINT('Ctrl Pts',(86.,-2.57056933180336E-14,28.5085));
#5794=CARTESIAN_POINT('Ctrl Pts',(96.0085,-2.79276492705975E-14,28.5085));
#5795=CARTESIAN_POINT('Ctrl Pts',(96.0085,-6.25425000000003,28.5085));
#5796=CARTESIAN_POINT('Ctrl Pts',(96.0085,-12.5085,28.5085));
#5797=CARTESIAN_POINT('Ctrl Pts',(86.,-12.5085,28.5085));
#5798=CARTESIAN_POINT('Ctrl Pts',(75.9915,-12.5085,28.5085));
#5799=CARTESIAN_POINT('Ctrl Pts',(75.9915,-6.25425000000003,28.5085));
#5800=CARTESIAN_POINT('Ctrl Pts',(75.9915,-6.25425000000003,24.25));
#5801=CARTESIAN_POINT('Ctrl Pts',(75.9915,-2.8421709430404E-14,24.25));
#5802=CARTESIAN_POINT('Ctrl Pts',(86.,-2.8421709430404E-14,24.25));
#5803=CARTESIAN_POINT('Ctrl Pts',(96.0085,-3.06436653829678E-14,24.25));
#5804=CARTESIAN_POINT('Ctrl Pts',(96.0085,-6.25425000000003,24.25));
#5805=CARTESIAN_POINT('Ctrl Pts',(96.0085,-12.5085,24.25));
#5806=CARTESIAN_POINT('Ctrl Pts',(86.,-12.5085,24.25));
#5807=CARTESIAN_POINT('Ctrl Pts',(75.9915,-12.5085,24.25));
#5808=CARTESIAN_POINT('Ctrl Pts',(75.9915,-6.25425000000003,24.25));
#5809=CARTESIAN_POINT('Ctrl Pts',(75.9915,-6.25425000000003,19.9915));
#5810=CARTESIAN_POINT('Ctrl Pts',(75.9915,-3.11377255427744E-14,19.9915));
#5811=CARTESIAN_POINT('Ctrl Pts',(86.,-3.11377255427744E-14,19.9915));
#5812=CARTESIAN_POINT('Ctrl Pts',(96.0085,-3.33596814953382E-14,19.9915));
#5813=CARTESIAN_POINT('Ctrl Pts',(96.0085,-6.25425000000003,19.9915));
#5814=CARTESIAN_POINT('Ctrl Pts',(96.0085,-12.5085,19.9915));
#5815=CARTESIAN_POINT('Ctrl Pts',(86.,-12.5085,19.9915));
#5816=CARTESIAN_POINT('Ctrl Pts',(75.9915,-12.5085,19.9915));
#5817=CARTESIAN_POINT('Ctrl Pts',(75.9915,-6.25425000000003,19.9915));
#5818=CARTESIAN_POINT('Ctrl Pts',(86.,-6.25425000000003,19.9915));
#5819=CARTESIAN_POINT('Ctrl Pts',(86.,-6.25425000000003,19.9915));
#5820=CARTESIAN_POINT('Ctrl Pts',(86.,-6.25425000000003,19.9915));
#5821=CARTESIAN_POINT('Ctrl Pts',(86.,-6.25425000000003,19.9915));
#5822=CARTESIAN_POINT('Ctrl Pts',(86.,-6.25425000000003,19.9915));
#5823=CARTESIAN_POINT('Ctrl Pts',(86.,-6.25425000000003,19.9915));
#5824=CARTESIAN_POINT('Ctrl Pts',(86.,-6.25425000000003,19.9915));
#5825=CARTESIAN_POINT('Ctrl Pts',(86.,-6.25425000000003,19.9915));
#5826=CARTESIAN_POINT('Ctrl Pts',(86.,-6.25425000000003,19.9915));
#5827=CARTESIAN_POINT('',(84.,-6.25425000000003,20.0773915882983));
#5828=CARTESIAN_POINT('Ctrl Pts',(84.,-6.25424999998226,28.4226084117017));
#5829=CARTESIAN_POINT('Ctrl Pts',(84.,-6.66270408586524,28.4226084117026));
#5830=CARTESIAN_POINT('Ctrl Pts',(84.,-7.07233908504622,28.3948027683445));
#5831=CARTESIAN_POINT('Ctrl Pts',(84.,-7.82780343677923,28.2900700013827));
#5832=CARTESIAN_POINT('Ctrl Pts',(84.,-8.17664948019918,28.2198937351548));
#5833=CARTESIAN_POINT('Ctrl Pts',(84.,-8.93044079380077,28.0158074647665));
#5834=CARTESIAN_POINT('Ctrl Pts',(84.,-9.33536037705237,27.8709354943198));
#5835=CARTESIAN_POINT('Ctrl Pts',(84.,-10.3813811992226,27.3821719960182));
#5836=CARTESIAN_POINT('Ctrl Pts',(84.,-10.9459677716996,26.9889678819759));
#5837=CARTESIAN_POINT('Ctrl Pts',(84.,-11.7220219128832,26.1806335631973));
#5838=CARTESIAN_POINT('Ctrl Pts',(84.,-12.0005018792524,25.7740612904619));
#5839=CARTESIAN_POINT('Ctrl Pts',(84.,-12.3182965868875,24.9585389018809));
#5840=CARTESIAN_POINT('Ctrl Pts',(84.,-12.3897552644197,24.5790127385361));
#5841=CARTESIAN_POINT('Ctrl Pts',(84.,-12.3735659724381,23.7950457352716));
#5842=CARTESIAN_POINT('Ctrl Pts',(84.,-12.2827890355796,23.410489151148));
#5843=CARTESIAN_POINT('Ctrl Pts',(84.,-11.9369533537124,22.6279892486428));
#5844=CARTESIAN_POINT('Ctrl Pts',(84.,-11.6652480072108,22.2520149097049));
#5845=CARTESIAN_POINT('Ctrl Pts',(84.,-10.9113717834348,21.4872869062907));
#5846=CARTESIAN_POINT('Ctrl Pts',(84.,-10.3893564215633,21.1356948755312));
#5847=CARTESIAN_POINT('Ctrl Pts',(84.,-9.43854109221546,20.6693812843056));
#5848=CARTESIAN_POINT('Ctrl Pts',(84.,-9.02001287583582,20.5133070754405));
#5849=CARTESIAN_POINT('Ctrl Pts',(84.,-8.25504182192628,20.2981729717919));
#5850=CARTESIAN_POINT('Ctrl Pts',(84.0000000002299,-7.909298440178,20.2251342421079));
#5851=CARTESIAN_POINT('Ctrl Pts',(84.0000000002299,-7.29067936653749,20.1331791262505));
#5852=CARTESIAN_POINT('Ctrl Pts',(84.,-7.01781237725223,20.1057050354333));
#5853=CARTESIAN_POINT('Ctrl Pts',(84.,-6.58135506554216,20.0818477553393));
#5854=CARTESIAN_POINT('Ctrl Pts',(84.,-6.41776496351437,20.077391588298));
#5855=CARTESIAN_POINT('Ctrl Pts',(84.,-6.25424999998227,20.0773915882983));
#5856=CARTESIAN_POINT('',(87.,-6.25425000000003,20.0128096659637));
#5857=CARTESIAN_POINT('Ctrl Pts',(87.,-6.25425000000003,20.0128096659637));
#5858=CARTESIAN_POINT('Ctrl Pts',(87.,-6.46141354960777,20.0128096659637));
#5859=CARTESIAN_POINT('Ctrl Pts',(87.,-6.6687254141221,20.01985339762));
#5860=CARTESIAN_POINT('Ctrl Pts',(87.,-7.14058825230655,20.0520845298008));
#5861=CARTESIAN_POINT('Ctrl Pts',(87.,-7.40530214326643,20.081882369517));
#5862=CARTESIAN_POINT('Ctrl Pts',(87.,-7.93713399757035,20.1663467493463));
#5863=CARTESIAN_POINT('Ctrl Pts',(86.9999999999746,-8.20486910060167,20.2217584792401));
#5864=CARTESIAN_POINT('Ctrl Pts',(86.9999999999746,-9.00790325410693,20.4299741206164));
#5865=CARTESIAN_POINT('Ctrl Pts',(87.,-9.53692225691734,20.6255796100674));
#5866=CARTESIAN_POINT('Ctrl Pts',(87.,-10.6802441771081,21.2198615452661));
#5867=CARTESIAN_POINT('Ctrl Pts',(87.,-11.2259684803237,21.6415905222412));
#5868=CARTESIAN_POINT('Ctrl Pts',(87.,-11.9436862166581,22.4835492107683));
#5869=CARTESIAN_POINT('Ctrl Pts',(87.000000000243,-12.18796886181,22.8926995295386));
#5870=CARTESIAN_POINT('Ctrl Pts',(87.000000000243,-12.4505669972603,23.7082370615037));
#5871=CARTESIAN_POINT('Ctrl Pts',(87.,-12.498056468072,24.0873746623119));
#5872=CARTESIAN_POINT('Ctrl Pts',(87.,-12.4379033126276,24.8743438778103));
#5873=CARTESIAN_POINT('Ctrl Pts',(87.,-12.3231214260201,25.2623467682919));
#5874=CARTESIAN_POINT('Ctrl Pts',(87.,-11.9232875053263,26.0560700190626));
#5875=CARTESIAN_POINT('Ctrl Pts',(87.,-11.6170478008107,26.4378763248041));
#5876=CARTESIAN_POINT('Ctrl Pts',(87.,-10.775369737372,27.214338361154));
#5877=CARTESIAN_POINT('Ctrl Pts',(87.,-10.194852714597,27.5660099667878));
#5878=CARTESIAN_POINT('Ctrl Pts',(87.,-9.17081508525884,28.0078882641209));
#5879=CARTESIAN_POINT('Ctrl Pts',(87.,-8.73748289151481,28.1481208536882));
#5880=CARTESIAN_POINT('Ctrl Pts',(87.,-8.04496048192504,28.3120609562584));
#5881=CARTESIAN_POINT('Ctrl Pts',(86.9999999999999,-7.7889968370643,28.3602042349078));
#5882=CARTESIAN_POINT('Ctrl Pts',(86.9999999999999,-7.35655403229539,28.4219664453761));
#5883=CARTESIAN_POINT('Ctrl Pts',(87.,-7.1805139827298,28.4417354255612));
#5884=CARTESIAN_POINT('Ctrl Pts',(87.,-6.75483504225697,28.4769192078336));
#5885=CARTESIAN_POINT('Ctrl Pts',(87.,-6.50441178972692,28.4871903340364));
#5886=CARTESIAN_POINT('Ctrl Pts',(87.,-6.25425000000002,28.4871903340364));
#5887=CARTESIAN_POINT('',(86.,-6.25425000000003,19.9915));
#5888=CARTESIAN_POINT('Origin',(86.,-6.25425000000003,24.25));
#5889=CARTESIAN_POINT('Origin',(86.,-6.25425000000003,24.25));
#5890=CARTESIAN_POINT('Ctrl Pts',(87.,-6.25425000000003,20.0128096659637));
#5891=CARTESIAN_POINT('Ctrl Pts',(85.4884809510393,-6.25425000000003,19.9482277436291));
#5892=CARTESIAN_POINT('Ctrl Pts',(84.,-6.25425000000003,20.0773915882983));
#5893=CARTESIAN_POINT('Ctrl Pts',(87.,6.25424999999997,20.0128096659637));
#5894=CARTESIAN_POINT('Ctrl Pts',(85.4884809510393,6.25424999999997,19.9482277436291));
#5895=CARTESIAN_POINT('Ctrl Pts',(84.,6.25424999999997,20.0773915882983));
#5896=CARTESIAN_POINT('',(84.,6.25424999999997,20.0773915882983));
#5897=CARTESIAN_POINT('',(87.,6.25424999999997,20.0128096659637));
#5898=CARTESIAN_POINT('Origin',(-92.6331847527473,-88.0085,97.6334335937501));
#5899=CARTESIAN_POINT('',(-92.0731983368788,-84.4915,97.7625298818062));
#5900=CARTESIAN_POINT('',(-92.0731983368788,-88.0085,97.7625298818062));
#5901=CARTESIAN_POINT('',(-92.0731983368788,-0.504249999999999,97.7625298818062));
#5902=CARTESIAN_POINT('',(-91.4140710274518,-84.4915,97.9144815838337));
#5903=CARTESIAN_POINT('',(-91.4140710274518,-84.4915,97.9144815838337));
#5904=CARTESIAN_POINT('',(-91.4140710274518,-88.0085,97.9144815838337));
#5905=CARTESIAN_POINT('',(-91.4140710274518,-88.0085,97.9144815838337));
#5906=CARTESIAN_POINT('',(-91.4140710274518,-88.0085,97.9144815838337));
#5907=CARTESIAN_POINT('Origin',(-93.6642809538461,-88.0085,97.1643487713337));
#5908=CARTESIAN_POINT('',(-92.1560000181198,-88.0085,97.6559982299806));
#5909=CARTESIAN_POINT('',(-92.5591228638752,-88.0085,97.1373452026102));
#5910=CARTESIAN_POINT('',(-90.0079395604396,-88.0085,98.0085000000001));
#5911=CARTESIAN_POINT('',(-90.0079395604396,-88.0085,98.0085000000001));
#5912=CARTESIAN_POINT('',(80.0079395604396,-88.0085,98.0085000000001));
#5913=CARTESIAN_POINT('',(80.0079395604396,-88.0085,98.0085000000001));
#5914=CARTESIAN_POINT('',(81.4140767500322,-88.0085,97.9144815838337));
#5915=CARTESIAN_POINT('',(80.0079395604396,-88.0085,98.0085000000001));
#5916=CARTESIAN_POINT('',(82.6331847527473,-88.0085,97.6334335937501));
#5917=CARTESIAN_POINT('',(82.6331847527473,-88.0085,97.6334335937501));
#5918=CARTESIAN_POINT('',(83.6642869148674,-88.0085,97.1643487713337));
#5919=CARTESIAN_POINT('',(83.6642869148674,-88.0085,97.1643487713337));
#5920=CARTESIAN_POINT('',(84.5083598901099,-88.0085,96.5082343750001));
#5921=CARTESIAN_POINT('',(84.5083598901099,-88.0085,96.5082343750001));
#5922=CARTESIAN_POINT('',(85.1644270247575,-88.0085,95.6640831463338));
#5923=CARTESIAN_POINT('',(85.1644270247575,-88.0085,95.6640831463338));
#5924=CARTESIAN_POINT('',(85.6334649725275,-88.0085,94.6329023437501));
#5925=CARTESIAN_POINT('',(85.6334649725275,-88.0085,94.6329023437501));
#5926=CARTESIAN_POINT('',(85.9144970797025,-88.0085,93.4136847088337));
#5927=CARTESIAN_POINT('',(85.6334649725275,-88.0085,94.6329023437501));
#5928=CARTESIAN_POINT('',(86.0085,-88.0085,92.0074375000001));
#5929=CARTESIAN_POINT('',(85.9144970797025,-88.0085,93.4136847088337));
#5930=CARTESIAN_POINT('',(86.0085,-88.0085,7.99256250000005));
#5931=CARTESIAN_POINT('',(86.0085,-88.0085,7.99256250000005));
#5932=CARTESIAN_POINT('',(85.9144970797025,-88.0085,6.58631338347996));
#5933=CARTESIAN_POINT('',(85.9144970797025,-88.0085,6.58631338347996));
#5934=CARTESIAN_POINT('',(85.6334649725275,-88.0085,5.36709765625005));
#5935=CARTESIAN_POINT('',(85.9144970797025,-88.0085,6.58631338347996));
#5936=CARTESIAN_POINT('',(85.1644270247575,-88.0085,4.33591518444076));
#5937=CARTESIAN_POINT('',(85.6334649725275,-88.0085,5.36709765625005));
#5938=CARTESIAN_POINT('',(84.5083598901099,-88.0085,3.49176562500005));
#5939=CARTESIAN_POINT('',(85.1644270247575,-88.0085,4.33591518444076));
#5940=CARTESIAN_POINT('',(83.6642869148674,-88.0085,2.83564944021036));
#5941=CARTESIAN_POINT('',(83.6642869148674,-88.0085,2.83564944021036));
#5942=CARTESIAN_POINT('',(82.6331847527473,-88.0085,2.36656640625004));
#5943=CARTESIAN_POINT('',(82.6331847527473,-88.0085,2.36656640625004));
#5944=CARTESIAN_POINT('',(81.4140767500322,-88.0085,2.08551664261416));
#5945=CARTESIAN_POINT('',(81.4140767500322,-88.0085,2.08551664261416));
#5946=CARTESIAN_POINT('',(80.0079395604396,-88.0085,1.99150000000004));
#5947=CARTESIAN_POINT('',(80.0079395604396,-88.0085,1.99150000000004));
#5948=CARTESIAN_POINT('',(-90.0079395604396,-88.0085,1.99150000000004));
#5949=CARTESIAN_POINT('',(80.0079395604396,-88.0085,1.99150000000004));
#5950=CARTESIAN_POINT('',(-91.4140710274518,-88.0085,2.08551664261416));
#5951=CARTESIAN_POINT('',(-91.4140710274518,-88.0085,2.08551664261416));
#5952=CARTESIAN_POINT('',(-92.073198946332,-88.0085,2.23746944403323));
#5953=CARTESIAN_POINT('',(-92.6331847527473,-88.0085,2.36656640625004));
#5954=CARTESIAN_POINT('',(-92.1560000181198,-88.0085,2.34400010108955));
#5955=CARTESIAN_POINT('',(-115.083877392247,-88.0085,31.8426743191083));
#5956=CARTESIAN_POINT('',(-92.625,-88.0085,3.37500000000007));
#5957=CARTESIAN_POINT('',(-110.15440575956,-88.0085,41.909789476144));
#5958=CARTESIAN_POINT('',(-92.9060000032187,-88.0085,4.59399986267097));
#5959=CARTESIAN_POINT('',(-102.915792769998,-88.0085,48.0172591804774));
#5960=CARTESIAN_POINT('',(-93.,-88.0085,6.00000000000007));
#5961=CARTESIAN_POINT('',(-95.9883736687443,-88.0085,50.6984460905728));
#5962=CARTESIAN_POINT('',(-93.,-88.0085,94.0000000000001));
#5963=CARTESIAN_POINT('',(-93.,-88.0085,95.5821743856669));
#5964=CARTESIAN_POINT('',(-92.9060000032187,-88.0085,95.4059982299806));
#5965=CARTESIAN_POINT('',(-92.8961701887808,-88.0085,95.5530269765107));
#5966=CARTESIAN_POINT('',(-92.625,-88.0085,96.6250000000001));
#5967=CARTESIAN_POINT('',(-92.7326915579277,-88.0085,96.1578249173441));
#5968=CARTESIAN_POINT('',(-92.6124526512434,-88.0085,96.6525827182492));
#5969=CARTESIAN_POINT('',(84.,-88.0085,94.0000000000001));
#5970=CARTESIAN_POINT('',(84.,-88.0085,6.00000000000007));
#5971=CARTESIAN_POINT('',(84.,-88.0085,95.5821743856669));
#5972=CARTESIAN_POINT('',(83.9530029296875,-88.0085,94.7030029296876));
#5973=CARTESIAN_POINT('',(83.4994593372977,-88.0085,101.487308250656));
#5974=CARTESIAN_POINT('',(83.8130035400391,-88.0085,95.3130035400392));
#5975=CARTESIAN_POINT('',(79.170900565081,-88.0085,115.539417777631));
#5976=CARTESIAN_POINT('',(83.5780029296875,-88.0085,95.8280029296876));
#5977=CARTESIAN_POINT('',(68.170463339646,-88.0085,129.593334317486));
#5978=CARTESIAN_POINT('',(83.25,-88.0085,96.2500000000001));
#5979=CARTESIAN_POINT('',(49.7144207567805,-88.0085,139.395700574548));
#5980=CARTESIAN_POINT('',(82.8280029296875,-88.0085,96.5780029296876));
#5981=CARTESIAN_POINT('',(27.6744049757526,-88.0085,139.446882797267));
#5982=CARTESIAN_POINT('',(82.3130035400391,-88.0085,96.8130035400392));
#5983=CARTESIAN_POINT('',(9.67920023237057,-88.0085,129.956709052214));
#5984=CARTESIAN_POINT('',(81.7030029296875,-88.0085,96.9530029296876));
#5985=CARTESIAN_POINT('',(-1.31118260288304,-88.0085,116.005336828213));
#5986=CARTESIAN_POINT('',(81.,-88.0085,97.0000000000001));
#5987=CARTESIAN_POINT('',(-5.94904355028513,-88.0085,102.812707373999));
#5988=CARTESIAN_POINT('',(-87.,-88.0085,97.0000000000001));
#5989=CARTESIAN_POINT('',(-90.3321404769231,-88.0085,97.0000000000001));
#5990=CARTESIAN_POINT('',(-87.7030000686646,-88.0085,96.9530029296876));
#5991=CARTESIAN_POINT('',(-90.6633456403411,-88.0085,96.755097445488));
#5992=CARTESIAN_POINT('',(-88.311999797821,-88.0085,96.8130035400392));
#5993=CARTESIAN_POINT('',(-90.8154565328039,-88.0085,96.2374984977063));
#5994=CARTESIAN_POINT('',(-88.8280000686646,-88.0085,96.5780029296876));
#5995=CARTESIAN_POINT('',(-90.7201608698695,-88.0085,95.7162612440881));
#5996=CARTESIAN_POINT('',(-89.25,-88.0085,96.2500000000001));
#5997=CARTESIAN_POINT('',(-90.4043936331162,-88.0085,95.3527380206522));
#5998=CARTESIAN_POINT('',(-89.5780000686646,-88.0085,95.8280029296876));
#5999=CARTESIAN_POINT('',(-89.8597104223268,-88.0085,95.4655611033605));
#6000=CARTESIAN_POINT('',(-89.8120000362396,-88.0085,95.3130035400392));
#6001=CARTESIAN_POINT('',(-89.7929834266358,-88.0085,95.3548562908777));
#6002=CARTESIAN_POINT('',(-89.9530000686646,-88.0085,94.7030029296876));
#6003=CARTESIAN_POINT('',(-89.7065778241791,-88.0085,95.7690858018342));
#6004=CARTESIAN_POINT('',(-90.,-88.0085,94.0000000000001));
#6005=CARTESIAN_POINT('',(-89.9028456274616,-88.0085,95.4531895384902));
#6006=CARTESIAN_POINT('',(-90.,-88.0085,6.00000000000007));
#6007=CARTESIAN_POINT('',(-90.,-88.0085,95.5821743856669));
#6008=CARTESIAN_POINT('',(-89.9530000686646,-88.0085,5.29699993133552));
#6009=CARTESIAN_POINT('',(-93.0420441706632,-88.0085,51.5012847911092));
#6010=CARTESIAN_POINT('',(-89.8120000362396,-88.0085,4.68800020217903));
#6011=CARTESIAN_POINT('',(-100.141230024673,-88.0085,49.3014528175208));
#6012=CARTESIAN_POINT('',(-89.5780000686646,-88.0085,4.17199993133552));
#6013=CARTESIAN_POINT('',(-107.532357238644,-88.0085,43.7636855992319));
#6014=CARTESIAN_POINT('',(-89.25,-88.0085,3.75000000000007));
#6015=CARTESIAN_POINT('',(-112.712459759577,-88.0085,33.9364461425722));
#6016=CARTESIAN_POINT('',(-88.8280000686646,-88.0085,3.42199993133552));
#6017=CARTESIAN_POINT('',(-113.257159142519,-88.0085,22.4095998304266));
#6018=CARTESIAN_POINT('',(-88.311999797821,-88.0085,3.18799996376045));
#6019=CARTESIAN_POINT('',(-108.205574795619,-88.0085,12.2094989192305));
#6020=CARTESIAN_POINT('',(-87.7030000686646,-88.0085,3.04699993133552));
#6021=CARTESIAN_POINT('',(-101.177528223663,-88.0085,6.16672037751176));
#6022=CARTESIAN_POINT('',(-87.,-88.0085,3.00000000000007));
#6023=CARTESIAN_POINT('',(-93.8025424151509,-88.0085,3.45479231179306));
#6024=CARTESIAN_POINT('',(81.,-88.0085,3.00000000000007));
#6025=CARTESIAN_POINT('',(-90.3321404769231,-88.0085,3.00000000000007));
#6026=CARTESIAN_POINT('',(81.7030029296875,-88.0085,3.04699993133552));
#6027=CARTESIAN_POINT('',(-2.45830907538562,-88.0085,-2.57968484947769));
#6028=CARTESIAN_POINT('',(82.3130035400391,-88.0085,3.18799996376045));
#6029=CARTESIAN_POINT('',(8.79239774018243,-88.0085,-13.8060941826463));
#6030=CARTESIAN_POINT('',(82.8280029296875,-88.0085,3.42199993133552));
#6031=CARTESIAN_POINT('',(27.0777536797899,-88.0085,-21.9092077923936));
#6032=CARTESIAN_POINT('',(83.25,-88.0085,3.75000000000007));
#6033=CARTESIAN_POINT('',(50.7378359231298,-88.0085,-21.5202987765995));
#6034=CARTESIAN_POINT('',(83.5780029296875,-88.0085,4.17199993133552));
#6035=CARTESIAN_POINT('',(72.7315093734732,-88.0085,-9.78281303424902));
#6036=CARTESIAN_POINT('',(83.8130035400391,-88.0085,4.68800020217903));
#6037=CARTESIAN_POINT('',(86.0098372585563,-88.0085,9.51167615798705));
#6038=CARTESIAN_POINT('',(83.9530029296875,-88.0085,5.29699993133552));
#6039=CARTESIAN_POINT('',(89.5247333109656,-88.0085,29.5341219763118));
#6040=CARTESIAN_POINT('',(86.6149666848878,-88.0085,45.1156671428238));
#6041=CARTESIAN_POINT('Origin',(-95.1644211829567,-84.4915,95.6640831463338));
#6042=CARTESIAN_POINT('',(-92.1560000181198,-84.4915,97.6559982299806));
#6043=CARTESIAN_POINT('',(-93.2050673355329,-84.4915,96.306280778289));
#6044=CARTESIAN_POINT('',(-92.625,-84.4915,96.6250000000001));
#6045=CARTESIAN_POINT('',(-93.0237835827199,-84.4915,95.7483578170276));
#6046=CARTESIAN_POINT('',(-92.9060000032187,-84.4915,95.4059982299805));
#6047=CARTESIAN_POINT('',(-92.9347307234239,-84.4915,95.2813619368026));
#6048=CARTESIAN_POINT('',(-93.,-84.4915,94.0000000000001));
#6049=CARTESIAN_POINT('',(-92.9494359391454,-84.4915,94.7563083244311));
#6050=CARTESIAN_POINT('',(-93.,-84.4915,6.00000000000007));
#6051=CARTESIAN_POINT('',(-93.,-84.4915,94.8320415731669));
#6052=CARTESIAN_POINT('',(-92.9060000032187,-84.4915,4.59399986267097));
#6053=CARTESIAN_POINT('',(-95.9417834351719,-84.4915,50.0015750581905));
#6054=CARTESIAN_POINT('',(-92.625,-84.4915,3.37500000000007));
#6055=CARTESIAN_POINT('',(-102.789445596236,-84.4915,47.4691553167735));
#6056=CARTESIAN_POINT('',(-92.1560000181198,-84.4915,2.34400010108955));
#6057=CARTESIAN_POINT('',(-110.000279245655,-84.4915,41.5709740680515));
#6058=CARTESIAN_POINT('',(-92.073198946332,-84.4915,2.23746944403323));
#6059=CARTESIAN_POINT('',(-115.002892307881,-84.4915,31.738480085108));
#6060=CARTESIAN_POINT('',(-91.4140710274518,-84.4915,2.08551664261416));
#6061=CARTESIAN_POINT('',(-91.4140710274518,-84.4915,2.08551664261416));
#6062=CARTESIAN_POINT('',(-90.0079395604396,-84.4915,1.99150000000004));
#6063=CARTESIAN_POINT('',(-90.0079395604396,-84.4915,1.99150000000004));
#6064=CARTESIAN_POINT('',(80.0079395604396,-84.4915,1.99150000000004));
#6065=CARTESIAN_POINT('',(80.0079395604396,-84.4915,1.99150000000004));
#6066=CARTESIAN_POINT('',(81.4140767500322,-84.4915,2.08551664261416));
#6067=CARTESIAN_POINT('',(81.4140767500322,-84.4915,2.08551664261416));
#6068=CARTESIAN_POINT('',(82.6331847527473,-84.4915,2.36656640625004));
#6069=CARTESIAN_POINT('',(82.6331847527473,-84.4915,2.36656640625004));
#6070=CARTESIAN_POINT('',(83.6642869148674,-84.4915,2.83564944021036));
#6071=CARTESIAN_POINT('',(83.6642869148674,-84.4915,2.83564944021036));
#6072=CARTESIAN_POINT('',(84.5083598901099,-84.4915,3.49176562500004));
#6073=CARTESIAN_POINT('',(84.5083598901099,-84.4915,3.49176562500004));
#6074=CARTESIAN_POINT('',(85.1644270247575,-84.4915,4.33591518444076));
#6075=CARTESIAN_POINT('',(85.1644270247575,-84.4915,4.33591518444076));
#6076=CARTESIAN_POINT('',(85.6334649725275,-84.4915,5.36709765625004));
#6077=CARTESIAN_POINT('',(85.6334649725275,-84.4915,5.36709765625004));
#6078=CARTESIAN_POINT('',(85.9144970797025,-84.4915,6.58631338347996));
#6079=CARTESIAN_POINT('',(85.9144970797025,-84.4915,6.58631338347996));
#6080=CARTESIAN_POINT('',(86.0085,-84.4915,7.99256250000004));
#6081=CARTESIAN_POINT('',(85.9144970797025,-84.4915,6.58631338347996));
#6082=CARTESIAN_POINT('',(86.0085,-84.4915,92.0074375000001));
#6083=CARTESIAN_POINT('',(86.0085,-84.4915,7.99256250000004));
#6084=CARTESIAN_POINT('',(85.9144970797025,-84.4915,93.4136847088337));
#6085=CARTESIAN_POINT('',(85.9144970797025,-84.4915,93.4136847088337));
#6086=CARTESIAN_POINT('',(85.6334649725275,-84.4915,94.6329023437501));
#6087=CARTESIAN_POINT('',(85.9144970797025,-84.4915,93.4136847088337));
#6088=CARTESIAN_POINT('',(85.1644270247575,-84.4915,95.6640831463338));
#6089=CARTESIAN_POINT('',(85.6334649725275,-84.4915,94.6329023437501));
#6090=CARTESIAN_POINT('',(84.5083598901099,-84.4915,96.5082343750001));
#6091=CARTESIAN_POINT('',(85.1644270247575,-84.4915,95.6640831463338));
#6092=CARTESIAN_POINT('',(83.6642869148674,-84.4915,97.1643487713337));
#6093=CARTESIAN_POINT('',(84.5083598901099,-84.4915,96.5082343750001));
#6094=CARTESIAN_POINT('',(82.6331847527473,-84.4915,97.6334335937501));
#6095=CARTESIAN_POINT('',(83.6642869148674,-84.4915,97.1643487713337));
#6096=CARTESIAN_POINT('',(81.4140767500322,-84.4915,97.9144815838337));
#6097=CARTESIAN_POINT('',(82.6331847527473,-84.4915,97.6334335937501));
#6098=CARTESIAN_POINT('',(80.0079395604396,-84.4915,98.0085000000001));
#6099=CARTESIAN_POINT('',(80.0079395604396,-84.4915,98.0085000000001));
#6100=CARTESIAN_POINT('',(-90.0079395604396,-84.4915,98.0085000000001));
#6101=CARTESIAN_POINT('',(80.0079395604396,-84.4915,98.0085000000001));
#6102=CARTESIAN_POINT('',(-90.0079395604396,-84.4915,98.0085000000001));
#6103=CARTESIAN_POINT('',(84.,-84.4915,6.00000000000007));
#6104=CARTESIAN_POINT('',(84.,-84.4915,94.0000000000001));
#6105=CARTESIAN_POINT('',(84.,-84.4915,94.8320415731669));
#6106=CARTESIAN_POINT('',(83.9530029296875,-84.4915,5.29699993133552));
#6107=CARTESIAN_POINT('',(86.5617045074892,-84.4915,44.3189512173533));
#6108=CARTESIAN_POINT('',(83.8130035400391,-84.4915,4.68800020217903));
#6109=CARTESIAN_POINT('',(89.3232962032463,-84.4915,28.6578671272645));
#6110=CARTESIAN_POINT('',(83.5780029296875,-84.4915,4.17199993133552));
#6111=CARTESIAN_POINT('',(85.5980431156626,-84.4915,8.60748323292589));
#6112=CARTESIAN_POINT('',(83.25,-84.4915,3.75000000000007));
#6113=CARTESIAN_POINT('',(72.0855599684383,-84.4915,-10.6138745276039));
#6114=CARTESIAN_POINT('',(82.8280029296875,-84.4915,3.42199993133552));
#6115=CARTESIAN_POINT('',(49.9067826257016,-84.4915,-22.1662405562864));
#6116=CARTESIAN_POINT('',(82.3130035400391,-84.4915,3.18799996376045));
#6117=CARTESIAN_POINT('',(26.1735254839279,-84.4915,-22.3200614220584));
#6118=CARTESIAN_POINT('',(81.7030029296875,-84.4915,3.04699993133552));
#6119=CARTESIAN_POINT('',(7.91577364368083,-84.4915,-14.008723530771));
#6120=CARTESIAN_POINT('',(81.,-84.4915,3.00000000000007));
#6121=CARTESIAN_POINT('',(-3.25496918805829,-84.4915,-2.63294632110477));
#6122=CARTESIAN_POINT('',(-87.,-84.4915,3.00000000000007));
#6123=CARTESIAN_POINT('',(-91.0822105914784,-84.4915,3.00000000000007));
#6124=CARTESIAN_POINT('',(-87.7030000686646,-84.4915,3.04699993133552));
#6125=CARTESIAN_POINT('',(-94.4993469355657,-84.4915,3.50137803215569));
#6126=CARTESIAN_POINT('',(-88.311999797821,-84.4915,3.18799996376045));
#6127=CARTESIAN_POINT('',(-101.724596622186,-84.4915,6.29338161927836));
#6128=CARTESIAN_POINT('',(-88.8280000686646,-84.4915,3.42199993133552));
#6129=CARTESIAN_POINT('',(-108.545551858477,-84.4915,12.3636744617259));
#6130=CARTESIAN_POINT('',(-89.25,-84.4915,3.75000000000007));
#6131=CARTESIAN_POINT('',(-113.361283706485,-84.4915,22.4905308012507));
#6132=CARTESIAN_POINT('',(-89.5780000686646,-84.4915,4.17199993133552));
#6133=CARTESIAN_POINT('',(-112.631474797063,-84.4915,33.8322521137123));
#6134=CARTESIAN_POINT('',(-89.8120000362396,-84.4915,4.68800020217903));
#6135=CARTESIAN_POINT('',(-107.378147418669,-84.4915,43.4236329500871));
#6136=CARTESIAN_POINT('',(-89.9530000686646,-84.4915,5.29699993133552));
#6137=CARTESIAN_POINT('',(-100.014551815257,-84.4915,48.7543111332429));
#6138=CARTESIAN_POINT('',(-90.,-84.4915,6.00000000000007));
#6139=CARTESIAN_POINT('',(-92.995453998208,-84.4915,50.8044136786519));
#6140=CARTESIAN_POINT('',(-90.,-84.4915,94.0000000000001));
#6141=CARTESIAN_POINT('',(-90.,-84.4915,94.8320415731669));
#6142=CARTESIAN_POINT('',(-89.9530000686646,-84.4915,94.7030029296876));
#6143=CARTESIAN_POINT('',(-89.956110993172,-84.4915,94.6564711799464));
#6144=CARTESIAN_POINT('',(-89.8120000362396,-84.4915,95.3130035400392));
#6145=CARTESIAN_POINT('',(-89.9092177497309,-84.4915,94.8924159447969));
#6146=CARTESIAN_POINT('',(-89.5780000686646,-84.4915,95.8280029296876));
#6147=CARTESIAN_POINT('',(-90.2038499403152,-84.4915,94.4505997392011));
#6148=CARTESIAN_POINT('',(-89.25,-84.4915,96.2500000000001));
#6149=CARTESIAN_POINT('',(-90.5056589688137,-84.4915,94.6344990999289));
#6150=CARTESIAN_POINT('',(-88.8280000686646,-84.4915,96.5780029296876));
#6151=CARTESIAN_POINT('',(-91.2354464205394,-84.4915,94.7067953823747));
#6152=CARTESIAN_POINT('',(-88.311999797821,-84.4915,96.8130035400391));
#6153=CARTESIAN_POINT('',(-91.6243255166531,-84.4915,95.304479979894));
#6154=CARTESIAN_POINT('',(-87.7030000686646,-84.4915,96.9530029296876));
#6155=CARTESIAN_POINT('',(-91.6916655207784,-84.4915,96.0360719327212));
#6156=CARTESIAN_POINT('',(-87.,-84.4915,97.0000000000001));
#6157=CARTESIAN_POINT('',(-91.460003319674,-84.4915,96.7018391619693));
#6158=CARTESIAN_POINT('',(81.,-84.4915,97.0000000000001));
#6159=CARTESIAN_POINT('',(-91.0822105914784,-84.4915,97.0000000000001));
#6160=CARTESIAN_POINT('',(81.7030029296875,-84.4915,96.9530029296876));
#6161=CARTESIAN_POINT('',(-6.64585171585677,-84.4915,102.859290312659));
#6162=CARTESIAN_POINT('',(82.3130035400391,-84.4915,96.8130035400392));
#6163=CARTESIAN_POINT('',(-1.86017470443035,-84.4915,116.131334340074));
#6164=CARTESIAN_POINT('',(82.8280029296875,-84.4915,96.5780029296876));
#6165=CARTESIAN_POINT('',(9.34169972333686,-84.4915,130.110714721368));
#6166=CARTESIAN_POINT('',(83.25,-84.4915,96.2500000000001));
#6167=CARTESIAN_POINT('',(27.5702872621217,-84.4915,139.527809698201));
#6168=CARTESIAN_POINT('',(83.5780029296875,-84.4915,95.8280029296876));
#6169=CARTESIAN_POINT('',(49.7954016499772,-84.4915,139.291513396364));
#6170=CARTESIAN_POINT('',(83.8130035400391,-84.4915,95.3130035400392));
#6171=CARTESIAN_POINT('',(68.3245034932854,-84.4915,129.255758236356));
#6172=CARTESIAN_POINT('',(83.9530029296875,-84.4915,94.7030029296876));
#6173=CARTESIAN_POINT('',(79.2969148837996,-84.4915,114.990352445814));
#6174=CARTESIAN_POINT('',(83.546046727746,-84.4915,100.790433493275));
#6175=CARTESIAN_POINT('Origin',(-90.0079395604396,-84.4915,1.99150000000004));
#6176=CARTESIAN_POINT('',(80.0079395604396,-88.0085,1.99150000000004));
#6177=CARTESIAN_POINT('',(-90.0079395604396,-88.0085,1.99150000000004));
#6178=CARTESIAN_POINT('Origin',(-92.6331847527473,-84.4915,2.36656640625004));
#6179=CARTESIAN_POINT('',(-92.073198946332,2.75424999999997,2.2374694440332));
#6180=CARTESIAN_POINT('',(-91.4140710274518,-88.0085,2.08551664261416));
#6181=CARTESIAN_POINT('Origin',(-91.4140710274518,-88.0085,2.08551664261416));
#6182=CARTESIAN_POINT('Origin',(-91.4140710274518,-88.0085,97.9144815838337));
#6183=CARTESIAN_POINT('',(-90.0079395604396,-84.4915,98.0085000000001));
#6184=CARTESIAN_POINT('Origin',(80.0079395604396,-84.4915,1.99150000000004));
#6185=CARTESIAN_POINT('',(81.4140767500322,-88.0085,2.08551664261416));
#6186=CARTESIAN_POINT('Origin',(80.0079395604396,-88.0085,98.0085000000001));
#6187=CARTESIAN_POINT('',(81.4140767500322,-88.0085,97.9144815838337));
#6188=CARTESIAN_POINT('',(80.0079395604396,-88.0085,98.0085000000001));
#6189=CARTESIAN_POINT('Origin',(81.4140767500322,-84.4915,2.08551664261416));
#6190=CARTESIAN_POINT('',(82.6331847527473,-88.0085,2.36656640625004));
#6191=CARTESIAN_POINT('Origin',(81.4140767500322,-88.0085,97.9144815838337));
#6192=CARTESIAN_POINT('',(82.6331847527473,-88.0085,97.6334335937501));
#6193=CARTESIAN_POINT('Origin',(82.6331847527473,-84.4915,2.36656640625004));
#6194=CARTESIAN_POINT('',(83.6642869148674,-88.0085,2.83564944021036));
#6195=CARTESIAN_POINT('Origin',(82.6331847527473,-88.0085,97.6334335937501));
#6196=CARTESIAN_POINT('',(83.6642869148674,-88.0085,97.1643487713337));
#6197=CARTESIAN_POINT('Origin',(83.6642869148674,-84.4915,2.83564944021036));
#6198=CARTESIAN_POINT('',(84.5083598901099,-88.0085,3.49176562500005));
#6199=CARTESIAN_POINT('Origin',(83.6642869148674,-88.0085,97.1643487713337));
#6200=CARTESIAN_POINT('',(84.5083598901099,-84.4915,96.5082343750001));
#6201=CARTESIAN_POINT('Origin',(84.5083598901099,-84.4915,3.49176562500004));
#6202=CARTESIAN_POINT('',(85.1644270247575,-88.0085,4.33591518444076));
#6203=CARTESIAN_POINT('Origin',(85.9144970797025,-84.4915,93.4136847088337));
#6204=CARTESIAN_POINT('',(86.0085,-84.4915,92.0074375000001));
#6205=CARTESIAN_POINT('',(85.9144970797025,-84.4915,93.4136847088337));
#6206=CARTESIAN_POINT('Origin',(-90.0079395604396,-88.0085,98.0085000000001));
#6207=CARTESIAN_POINT('Origin',(86.0085,-88.0085,7.99256250000005));
#6208=CARTESIAN_POINT('',(86.0085,-84.4915,7.99256250000004));
#6209=CARTESIAN_POINT('Origin',(84.5083598901099,-88.0085,96.5082343750001));
#6210=CARTESIAN_POINT('',(85.1644270247575,-84.4915,95.6640831463338));
#6211=CARTESIAN_POINT('Origin',(85.1644270247575,-84.4915,4.33591518444076));
#6212=CARTESIAN_POINT('',(85.6334649725275,-88.0085,5.36709765625005));
#6213=CARTESIAN_POINT('Origin',(85.1644270247575,-88.0085,95.6640831463338));
#6214=CARTESIAN_POINT('',(85.6334649725275,-84.4915,94.6329023437501));
#6215=CARTESIAN_POINT('Origin',(85.6334649725275,-84.4915,5.36709765625004));
#6216=CARTESIAN_POINT('',(85.9144970797025,-88.0085,6.58631338347996));
#6217=CARTESIAN_POINT('Origin',(85.6334649725275,-88.0085,94.6329023437501));
#6218=CARTESIAN_POINT('Origin',(86.0085,-84.4915,7.99256250000004));
#6219=CARTESIAN_POINT('Origin',(-90.,90.,94.));
#6220=CARTESIAN_POINT('',(-90.,-90.,94.0000000000001));
#6221=CARTESIAN_POINT('',(-90.,-90.,94.0000000000001));
#6222=CARTESIAN_POINT('',(-90.,-90.0000000000001,6.00000000000007));
#6223=CARTESIAN_POINT('',(-90.,-90.,94.0000000000001));
#6224=CARTESIAN_POINT('',(-90.,90.,6.00000000000002));
#6225=CARTESIAN_POINT('Origin',(-90.,90.,94.));
#6226=CARTESIAN_POINT('',(-90.,87.,6.00000000000002));
#6227=CARTESIAN_POINT('',(-90.,90.,6.00000000000002));
#6228=CARTESIAN_POINT('',(-90.,87.,94.));
#6229=CARTESIAN_POINT('',(-90.,87.,47.0469999983907));
#6230=CARTESIAN_POINT('',(-90.,-90.,94.0000000000001));
#6231=CARTESIAN_POINT('Origin',(-90.,90.,6.00000000000002));
#6232=CARTESIAN_POINT('',(-89.9530000686646,-90.0000000000001,5.29699993133552));
#6233=CARTESIAN_POINT('',(-89.9530000686646,-90.0000000000001,5.29699993133552));
#6234=CARTESIAN_POINT('',(-89.9530000686646,90.,5.29699993133547));
#6235=CARTESIAN_POINT('Origin',(-90.,90.,6.00000000000002));
#6236=CARTESIAN_POINT('',(-89.9530000686646,87.,5.29699993133547));
#6237=CARTESIAN_POINT('',(-89.9530000686646,90.,5.29699993133547));
#6238=CARTESIAN_POINT('',(-89.4198603498415,87.,-2.67742148356889));
#6239=CARTESIAN_POINT('Origin',(-90.,-90.,94.0000000000001));
#6240=CARTESIAN_POINT('',(-89.9530000686646,-90.,94.7030029296876));
#6241=CARTESIAN_POINT('',(-89.9530000686646,-90.,94.7030029296876));
#6242=CARTESIAN_POINT('',(-90.,-90.,94.0000000000001));
#6243=CARTESIAN_POINT('Origin',(-89.9530000686646,90.,5.29699993133547));
#6244=CARTESIAN_POINT('',(-89.8120000362396,-90.0000000000001,4.68800020217903));
#6245=CARTESIAN_POINT('',(-89.9530000686646,-90.0000000000001,5.29699993133552));
#6246=CARTESIAN_POINT('',(-89.8120000362396,90.,4.68800020217898));
#6247=CARTESIAN_POINT('Origin',(-89.9530000686646,90.,5.29699993133547));
#6248=CARTESIAN_POINT('',(-89.8120000362396,87.,4.68800020217898));
#6249=CARTESIAN_POINT('',(-89.8120000362396,90.,4.68800020217898));
#6250=CARTESIAN_POINT('',(-84.9967217487531,87.,-16.1098898582636));
#6251=CARTESIAN_POINT('Origin',(-89.8120000362396,-90.,95.3130035400392));
#6252=CARTESIAN_POINT('',(-89.8120000362396,-90.,95.3130035400392));
#6253=CARTESIAN_POINT('',(-89.8120000362396,-90.,95.3130035400392));
#6254=CARTESIAN_POINT('',(-89.9530000686646,-90.,94.7030029296876));
#6255=CARTESIAN_POINT('Origin',(-89.8120000362396,-90.0000000000001,4.68800020217903));
#6256=CARTESIAN_POINT('',(-89.5780000686646,-90.0000000000001,4.17199993133552));
#6257=CARTESIAN_POINT('',(-89.8120000362396,-90.0000000000001,4.68800020217903));
#6258=CARTESIAN_POINT('',(-89.5780000686646,90.,4.17199993133547));
#6259=CARTESIAN_POINT('Origin',(-89.8120000362396,-90.0000000000001,4.68800020217903));
#6260=CARTESIAN_POINT('',(-89.5780000686646,87.,4.17199993133547));
#6261=CARTESIAN_POINT('',(-89.5780000686646,90.,4.17199993133547));
#6262=CARTESIAN_POINT('',(-74.2601570043385,86.9999999999999,-29.6058302617167));
#6263=CARTESIAN_POINT('Origin',(-89.8120000362396,90.,95.3130035400391));
#6264=CARTESIAN_POINT('',(-89.5780000686646,-90.,95.8280029296876));
#6265=CARTESIAN_POINT('',(-89.5780000686646,90.,95.8280029296875));
#6266=CARTESIAN_POINT('',(-89.8120000362396,-90.,95.3130035400392));
#6267=CARTESIAN_POINT('Origin',(-89.25,90.,3.75000000000002));
#6268=CARTESIAN_POINT('',(-89.25,-90.0000000000001,3.75000000000007));
#6269=CARTESIAN_POINT('',(-89.5780000686646,-90.0000000000001,4.17199993133552));
#6270=CARTESIAN_POINT('',(-89.25,90.,3.75000000000002));
#6271=CARTESIAN_POINT('Origin',(-89.25,90.,3.75000000000002));
#6272=CARTESIAN_POINT('',(-89.25,87.,3.75000000000002));
#6273=CARTESIAN_POINT('',(-89.25,90.,3.75000000000002));
#6274=CARTESIAN_POINT('',(-56.040999965226,86.9999999999999,-38.9761975628609));
#6275=CARTESIAN_POINT('Origin',(-89.25,-90.,96.2500000000001));
#6276=CARTESIAN_POINT('',(-89.25,-90.,96.2500000000001));
#6277=CARTESIAN_POINT('',(-89.25,90.,96.25));
#6278=CARTESIAN_POINT('',(-89.5780000686646,-90.,95.8280029296876));
#6279=CARTESIAN_POINT('Origin',(-89.25,90.,3.75000000000002));
#6280=CARTESIAN_POINT('',(-88.8280000686646,-90.0000000000001,3.42199993133552));
#6281=CARTESIAN_POINT('',(-89.25,-90.0000000000001,3.75000000000007));
#6282=CARTESIAN_POINT('',(-88.8280000686646,90.,3.42199993133547));
#6283=CARTESIAN_POINT('Origin',(-89.25,90.,3.75000000000002));
#6284=CARTESIAN_POINT('',(-88.8280000686646,87.,3.42199993133547));
#6285=CARTESIAN_POINT('',(-88.8280000686646,90.,3.42199993133547));
#6286=CARTESIAN_POINT('',(-34.8595388286584,86.9999999999999,-38.5250661177608));
#6287=CARTESIAN_POINT('Origin',(-89.25,-90.,96.2500000000001));
#6288=CARTESIAN_POINT('',(-88.8280000686646,-90.,96.5780029296876));
#6289=CARTESIAN_POINT('',(-88.8280000686646,90.,96.5780029296875));
#6290=CARTESIAN_POINT('',(-89.25,-90.,96.2500000000001));
#6291=CARTESIAN_POINT('Origin',(-88.311999797821,90.,3.1879999637604));
#6292=CARTESIAN_POINT('',(-88.311999797821,-90.0000000000001,3.18799996376045));
#6293=CARTESIAN_POINT('',(-88.8280000686646,-90.0000000000001,3.42199993133552));
#6294=CARTESIAN_POINT('',(-88.311999797821,90.,3.1879999637604));
#6295=CARTESIAN_POINT('Origin',(-88.311999797821,90.,3.1879999637604));
#6296=CARTESIAN_POINT('',(-88.311999797821,87.,3.1879999637604));
#6297=CARTESIAN_POINT('',(-88.311999797821,90.,3.1879999637604));
#6298=CARTESIAN_POINT('',(-16.9310461714519,86.9999999999999,-29.1824110182795));
#6299=CARTESIAN_POINT('Origin',(-88.8280000686646,-90.,96.5780029296876));
#6300=CARTESIAN_POINT('',(-88.311999797821,-90.,96.8130035400392));
#6301=CARTESIAN_POINT('',(-88.311999797821,90.,96.8130035400391));
#6302=CARTESIAN_POINT('',(-88.8280000686646,-90.,96.5780029296876));
#6303=CARTESIAN_POINT('Origin',(-88.311999797821,90.,3.1879999637604));
#6304=CARTESIAN_POINT('',(-87.7030000686646,-90.0000000000001,3.04699993133552));
#6305=CARTESIAN_POINT('',(-88.311999797821,-90.0000000000001,3.18799996376045));
#6306=CARTESIAN_POINT('',(-87.7030000686646,90.,3.04699993133547));
#6307=CARTESIAN_POINT('Origin',(-88.311999797821,90.,3.1879999637604));
#6308=CARTESIAN_POINT('',(-87.7030000686646,87.,3.04699993133547));
#6309=CARTESIAN_POINT('',(-87.7030000686646,90.,3.04699993133547));
#6310=CARTESIAN_POINT('',(-6.95590689034803,87.,-15.6481524821651));
#6311=CARTESIAN_POINT('Origin',(-88.311999797821,-90.,96.8130035400392));
#6312=CARTESIAN_POINT('',(-87.7030000686646,-90.,96.9530029296876));
#6313=CARTESIAN_POINT('',(-87.7030000686646,90.,96.9530029296875));
#6314=CARTESIAN_POINT('',(-88.311999797821,-90.,96.8130035400392));
#6315=CARTESIAN_POINT('Origin',(-87.7030000686646,-90.0000000000001,3.04699993133552));
#6316=CARTESIAN_POINT('',(-87.,-90.0000000000001,3.00000000000007));
#6317=CARTESIAN_POINT('',(-87.7030000686646,-90.0000000000001,3.04699993133552));
#6318=CARTESIAN_POINT('',(-87.,90.,3.00000000000002));
#6319=CARTESIAN_POINT('Origin',(-87.7030000686646,-90.0000000000001,3.04699993133552));
#6320=CARTESIAN_POINT('',(-87.,87.,3.00000000000002));
#6321=CARTESIAN_POINT('',(-87.,90.,3.00000000000002));
#6322=CARTESIAN_POINT('',(-2.92870421621545,86.9999999999999,-2.62068953510381));
#6323=CARTESIAN_POINT('Origin',(-87.7030000686646,-90.,96.9530029296876));
#6324=CARTESIAN_POINT('',(-87.,-90.,97.0000000000001));
#6325=CARTESIAN_POINT('',(-87.,90.,97.));
#6326=CARTESIAN_POINT('',(-87.7030000686646,-90.,96.9530029296876));
#6327=CARTESIAN_POINT('Origin',(-87.,90.,3.00000000000002));
#6328=CARTESIAN_POINT('',(81.,-90.0000000000001,3.00000000000007));
#6329=CARTESIAN_POINT('',(81.,-90.0000000000001,3.00000000000007));
#6330=CARTESIAN_POINT('',(81.,-90.0000000000001,3.00000000000007));
#6331=CARTESIAN_POINT('Origin',(-87.,90.,3.00000000000002));
#6332=CARTESIAN_POINT('',(81.,87.,3.00000000000002));
#6333=CARTESIAN_POINT('',(81.,-90.0000000000001,3.00000000000007));
#6334=CARTESIAN_POINT('',(-2.2969970703125,87.,3.00000000000002));
#6335=CARTESIAN_POINT('Origin',(-87.,90.,97.));
#6336=CARTESIAN_POINT('',(81.,-90.,97.0000000000001));
#6337=CARTESIAN_POINT('',(81.,-90.,97.0000000000001));
#6338=CARTESIAN_POINT('',(81.,-90.,97.0000000000001));
#6339=CARTESIAN_POINT('Origin',(81.7030029296875,90.,3.04699993133547));
#6340=CARTESIAN_POINT('',(81.7030029296875,-90.0000000000001,3.04699993133552));
#6341=CARTESIAN_POINT('',(81.,-90.0000000000001,3.00000000000007));
#6342=CARTESIAN_POINT('',(81.7030029296875,-90.0000000000001,3.04699993133552));
#6343=CARTESIAN_POINT('Origin',(81.7030029296875,90.,3.04699993133547));
#6344=CARTESIAN_POINT('',(81.7030029296875,87.,3.04699993133547));
#6345=CARTESIAN_POINT('',(81.7030029296875,-90.0000000000001,3.04699993133552));
#6346=CARTESIAN_POINT('',(81.9546667147565,87.,3.0638251537042));
#6347=CARTESIAN_POINT('Origin',(81.,90.,97.));
#6348=CARTESIAN_POINT('',(81.7030029296875,-90.,96.9530029296876));
#6349=CARTESIAN_POINT('',(81.7030029296875,-90.,96.9530029296876));
#6350=CARTESIAN_POINT('',(81.,-90.,97.0000000000001));
#6351=CARTESIAN_POINT('Origin',(81.7030029296875,90.,3.04699993133547));
#6352=CARTESIAN_POINT('',(82.3130035400391,-90.0000000000001,3.18799996376045));
#6353=CARTESIAN_POINT('',(81.7030029296875,-90.0000000000001,3.04699993133552));
#6354=CARTESIAN_POINT('',(82.3130035400391,-90.0000000000001,3.18799996376045));
#6355=CARTESIAN_POINT('Origin',(81.7030029296875,90.,3.04699993133547));
#6356=CARTESIAN_POINT('',(82.3130035400391,87.,3.1879999637604));
#6357=CARTESIAN_POINT('',(82.3130035400391,-90.0000000000001,3.18799996376045));
#6358=CARTESIAN_POINT('',(81.7126973563122,87.,3.04924077248419));
#6359=CARTESIAN_POINT('Origin',(82.3130035400391,90.,96.8130035400391));
#6360=CARTESIAN_POINT('',(82.3130035400391,-90.,96.8130035400392));
#6361=CARTESIAN_POINT('',(82.3130035400391,-90.,96.8130035400392));
#6362=CARTESIAN_POINT('',(81.7030029296875,-90.,96.9530029296876));
#6363=CARTESIAN_POINT('Origin',(82.3130035400391,90.,3.1879999637604));
#6364=CARTESIAN_POINT('',(82.8280029296875,-90.0000000000001,3.42199993133552));
#6365=CARTESIAN_POINT('',(82.3130035400391,-90.0000000000001,3.18799996376045));
#6366=CARTESIAN_POINT('',(82.8280029296875,-90.0000000000001,3.42199993133552));
#6367=CARTESIAN_POINT('Origin',(82.3130035400391,90.,3.1879999637604));
#6368=CARTESIAN_POINT('',(82.8280029296875,87.,3.42199993133547));
#6369=CARTESIAN_POINT('',(82.8280029296875,-90.0000000000001,3.42199993133552));
#6370=CARTESIAN_POINT('',(81.7689217642726,87.,2.94078584963406));
#6371=CARTESIAN_POINT('Origin',(82.8280029296875,90.,96.5780029296875));
#6372=CARTESIAN_POINT('',(82.8280029296875,-90.,96.5780029296876));
#6373=CARTESIAN_POINT('',(82.8280029296875,-90.,96.5780029296876));
#6374=CARTESIAN_POINT('',(82.3130035400391,-90.,96.8130035400392));
#6375=CARTESIAN_POINT('Origin',(83.25,-90.0000000000001,3.75000000000007));
#6376=CARTESIAN_POINT('',(83.25,-90.0000000000001,3.75000000000007));
#6377=CARTESIAN_POINT('',(82.8280029296875,-90.0000000000001,3.42199993133552));
#6378=CARTESIAN_POINT('',(83.25,-90.0000000000001,3.75000000000007));
#6379=CARTESIAN_POINT('Origin',(83.25,-90.0000000000001,3.75000000000007));
#6380=CARTESIAN_POINT('',(83.25,87.,3.75000000000002));
#6381=CARTESIAN_POINT('',(83.25,-90.0000000000001,3.75000000000007));
#6382=CARTESIAN_POINT('',(82.1011999375207,87.,2.8570874044315));
#6383=CARTESIAN_POINT('Origin',(82.8280029296875,-90.,96.5780029296876));
#6384=CARTESIAN_POINT('',(83.25,-90.,96.2500000000001));
#6385=CARTESIAN_POINT('',(83.25,-90.,96.2500000000001));
#6386=CARTESIAN_POINT('',(82.8280029296875,-90.,96.5780029296876));
#6387=CARTESIAN_POINT('Origin',(83.5780029296875,-90.0000000000001,4.17199993133552));
#6388=CARTESIAN_POINT('',(83.5780029296875,-90.0000000000001,4.17199993133552));
#6389=CARTESIAN_POINT('',(83.5780029296875,-90.0000000000001,4.17199993133552));
#6390=CARTESIAN_POINT('',(83.5780029296875,-90.0000000000001,4.17199993133552));
#6391=CARTESIAN_POINT('Origin',(83.5780029296875,-90.0000000000001,4.17199993133552));
#6392=CARTESIAN_POINT('',(83.5780029296875,87.,4.17199993133547));
#6393=CARTESIAN_POINT('',(83.5780029296875,-90.0000000000001,4.17199993133552));
#6394=CARTESIAN_POINT('',(82.3693424070225,87.,2.61696913310923));
#6395=CARTESIAN_POINT('Origin',(83.25,90.,96.25));
#6396=CARTESIAN_POINT('',(83.5780029296875,-90.,95.8280029296876));
#6397=CARTESIAN_POINT('',(83.5780029296875,-90.,95.8280029296876));
#6398=CARTESIAN_POINT('',(83.25,-90.,96.2500000000001));
#6399=CARTESIAN_POINT('Origin',(83.8130035400391,90.,4.68800020217898));
#6400=CARTESIAN_POINT('',(83.8130035400391,-90.0000000000001,4.68800020217903));
#6401=CARTESIAN_POINT('',(83.5780029296875,-90.0000000000001,4.17199993133552));
#6402=CARTESIAN_POINT('',(83.8130035400391,-90.0000000000001,4.68800020217903));
#6403=CARTESIAN_POINT('Origin',(83.8130035400391,90.,4.68800020217898));
#6404=CARTESIAN_POINT('',(83.8130035400391,87.,4.68800020217898));
#6405=CARTESIAN_POINT('',(83.8130035400391,-90.0000000000001,4.68800020217903));
#6406=CARTESIAN_POINT('',(82.825743116623,87.,2.52023287121898));
#6407=CARTESIAN_POINT('Origin',(83.8130035400391,90.,95.3130035400391));
#6408=CARTESIAN_POINT('',(83.8130035400391,-90.,95.3130035400392));
#6409=CARTESIAN_POINT('',(83.8130035400391,-90.,95.3130035400392));
#6410=CARTESIAN_POINT('',(83.5780029296875,-90.,95.8280029296876));
#6411=CARTESIAN_POINT('Origin',(83.9530029296875,-90.0000000000001,5.29699993133552));
#6412=CARTESIAN_POINT('',(83.9530029296875,-90.0000000000001,5.29699993133552));
#6413=CARTESIAN_POINT('',(83.8130035400391,-90.0000000000001,4.68800020217903));
#6414=CARTESIAN_POINT('',(83.9530029296875,-90.0000000000001,5.29699993133552));
#6415=CARTESIAN_POINT('Origin',(83.9530029296875,-90.0000000000001,5.29699993133552));
#6416=CARTESIAN_POINT('',(83.9530029296875,87.,5.29699993133547));
#6417=CARTESIAN_POINT('',(83.9530029296875,-90.0000000000001,5.29699993133552));
#6418=CARTESIAN_POINT('',(83.3461524950189,86.9999999999999,2.65719020588061));
#6419=CARTESIAN_POINT('Origin',(83.8130035400391,90.,95.3130035400391));
#6420=CARTESIAN_POINT('',(83.9530029296875,-90.,94.7030029296876));
#6421=CARTESIAN_POINT('',(83.9530029296875,-90.,94.7030029296876));
#6422=CARTESIAN_POINT('',(83.8130035400391,-90.,95.3130035400392));
#6423=CARTESIAN_POINT('Origin',(83.9530029296875,90.,5.29699993133547));
#6424=CARTESIAN_POINT('',(84.,-90.0000000000001,6.00000000000007));
#6425=CARTESIAN_POINT('',(83.9530029296875,-90.0000000000001,5.29699993133552));
#6426=CARTESIAN_POINT('',(84.,-90.0000000000001,6.00000000000007));
#6427=CARTESIAN_POINT('Origin',(83.9530029296875,90.,5.29699993133547));
#6428=CARTESIAN_POINT('',(84.,87.,6.00000000000002));
#6429=CARTESIAN_POINT('',(84.,-90.0000000000001,6.00000000000007));
#6430=CARTESIAN_POINT('',(83.7764193092738,87.,2.65559491501337));
#6431=CARTESIAN_POINT('Origin',(84.,90.,94.));
#6432=CARTESIAN_POINT('',(84.,-90.,94.0000000000001));
#6433=CARTESIAN_POINT('',(84.,-90.,94.0000000000001));
#6434=CARTESIAN_POINT('',(84.,-90.,94.0000000000001));
#6435=CARTESIAN_POINT('Origin',(84.,-90.,94.0000000000001));
#6436=CARTESIAN_POINT('',(84.,-90.,94.0000000000001));
#6437=CARTESIAN_POINT('Origin',(-92.1560000181198,87.,97.6559982299805));
#6438=CARTESIAN_POINT('',(-92.1560000181198,-90.,97.6559982299806));
#6439=CARTESIAN_POINT('',(-92.1560000181198,90.,97.6559982299805));
#6440=CARTESIAN_POINT('',(-91.5,-90.,98.5000000000001));
#6441=CARTESIAN_POINT('',(-91.5,-90.,98.5000000000001));
#6442=CARTESIAN_POINT('',(-91.5,90.,98.5));
#6443=CARTESIAN_POINT('',(-91.5,90.,98.5));
#6444=CARTESIAN_POINT('',(-92.1560000181198,90.,97.6559982299805));
#6445=CARTESIAN_POINT('',(-92.1560000181198,90.,97.6559982299805));
#6446=CARTESIAN_POINT('',(-92.1560000181198,90.,97.6559982299805));
#6447=CARTESIAN_POINT('Origin',(-92.625,87.,96.625));
#6448=CARTESIAN_POINT('',(-92.625,-90.,96.6250000000001));
#6449=CARTESIAN_POINT('',(-92.625,90.,96.625));
#6450=CARTESIAN_POINT('',(-92.625,-90.,96.6250000000001));
#6451=CARTESIAN_POINT('Origin',(-92.625,87.,96.625));
#6452=CARTESIAN_POINT('',(-92.625,90.,96.625));
#6453=CARTESIAN_POINT('',(-92.625,90.,96.625));
#6454=CARTESIAN_POINT('',(-92.625,90.,96.625));
#6455=CARTESIAN_POINT('Origin',(-92.9060000032187,87.,95.4059982299805));
#6456=CARTESIAN_POINT('',(-92.9060000032187,-90.,95.4059982299806));
#6457=CARTESIAN_POINT('',(-92.9060000032187,90.,95.4059982299805));
#6458=CARTESIAN_POINT('',(-92.9060000032187,-90.,95.4059982299806));
#6459=CARTESIAN_POINT('Origin',(-92.9060000032187,87.,95.4059982299805));
#6460=CARTESIAN_POINT('',(-92.9060000032187,90.,95.4059982299805));
#6461=CARTESIAN_POINT('',(-92.9060000032187,90.,95.4059982299805));
#6462=CARTESIAN_POINT('',(-92.9060000032187,90.,95.4059982299805));
#6463=CARTESIAN_POINT('Origin',(-93.,87.,94.));
#6464=CARTESIAN_POINT('',(-93.,-90.,94.0000000000001));
#6465=CARTESIAN_POINT('',(-93.,90.,94.));
#6466=CARTESIAN_POINT('',(-93.,-90.,94.0000000000001));
#6467=CARTESIAN_POINT('Origin',(-93.,87.,94.));
#6468=CARTESIAN_POINT('',(-93.,-90.0000000000001,6.00000000000007));
#6469=CARTESIAN_POINT('',(-93.,90.,6.00000000000002));
#6470=CARTESIAN_POINT('',(-93.,-90.,94.0000000000001));
#6471=CARTESIAN_POINT('Origin',(-92.1560000181198,90.,2.3440001010895));
#6472=CARTESIAN_POINT('',(-92.1560000181198,-90.0000000000001,2.34400010108955));
#6473=CARTESIAN_POINT('',(-92.1560000181198,90.,2.3440001010895));
#6474=CARTESIAN_POINT('',(-92.625,-90.0000000000001,3.37500000000007));
#6475=CARTESIAN_POINT('',(-92.625,-90.0000000000001,3.37500000000007));
#6476=CARTESIAN_POINT('',(-92.625,90.,3.37500000000002));
#6477=CARTESIAN_POINT('Origin',(-92.9060000032187,90.,4.59399986267092));
#6478=CARTESIAN_POINT('',(-92.9060000032187,-90.0000000000001,4.59399986267097));
#6479=CARTESIAN_POINT('',(-92.9060000032187,90.,4.59399986267092));
#6480=CARTESIAN_POINT('',(-93.,-90.0000000000001,6.00000000000007));
#6481=CARTESIAN_POINT('Origin',(-92.625,90.,3.37500000000002));
#6482=CARTESIAN_POINT('',(-92.9060000032187,-90.0000000000001,4.59399986267097));
#6483=CARTESIAN_POINT('Origin',(-90.,-90.,94.0000000000001));
#6484=CARTESIAN_POINT('',(-89.9530000686646,87.,94.7030029296875));
#6485=CARTESIAN_POINT('',(-92.7415305642002,87.,52.9934716137146));
#6486=CARTESIAN_POINT('',(-89.9530000686646,-90.,94.7030029296876));
#6487=CARTESIAN_POINT('Origin',(-89.8120000362396,-90.,95.3130035400392));
#6488=CARTESIAN_POINT('',(-89.8120000362396,87.,95.3130035400391));
#6489=CARTESIAN_POINT('',(-95.8912738503926,87.,69.0125788284201));
#6490=CARTESIAN_POINT('',(-89.8120000362396,-90.,95.3130035400392));
#6491=CARTESIAN_POINT('Origin',(-89.8120000362396,90.,95.3130035400391));
#6492=CARTESIAN_POINT('',(-89.5780000686646,87.,95.8280029296875));
#6493=CARTESIAN_POINT('',(-93.0072905763249,87.,88.2806406942391));
#6494=CARTESIAN_POINT('',(-89.5780000686646,90.,95.8280029296875));
#6495=CARTESIAN_POINT('Origin',(-89.25,-90.,96.2500000000001));
#6496=CARTESIAN_POINT('',(-89.25,87.,96.25));
#6497=CARTESIAN_POINT('',(-80.2219464260368,87.,107.865278540484));
#6498=CARTESIAN_POINT('',(-89.25,90.,96.25));
#6499=CARTESIAN_POINT('Origin',(-89.25,-90.,96.2500000000001));
#6500=CARTESIAN_POINT('',(-88.8280000686646,87.,96.5780029296875));
#6501=CARTESIAN_POINT('',(-59.0411212074549,87.,119.730100376256));
#6502=CARTESIAN_POINT('',(-88.8280000686646,90.,96.5780029296875));
#6503=CARTESIAN_POINT('Origin',(-88.8280000686646,-90.,96.5780029296876));
#6504=CARTESIAN_POINT('',(-88.311999797821,87.,96.8130035400391));
#6505=CARTESIAN_POINT('',(-36.1151135995708,87.,120.584890510153));
#6506=CARTESIAN_POINT('',(-88.311999797821,90.,96.8130035400391));
#6507=CARTESIAN_POINT('Origin',(-88.311999797821,-90.,96.8130035400392));
#6508=CARTESIAN_POINT('',(-87.7030000686646,87.,96.9530029296875));
#6509=CARTESIAN_POINT('',(-17.7965888805782,87.,113.023379368771));
#6510=CARTESIAN_POINT('',(-87.7030000686646,90.,96.9530029296875));
#6511=CARTESIAN_POINT('Origin',(-87.7030000686646,-90.,96.9530029296876));
#6512=CARTESIAN_POINT('',(-87.,87.,97.));
#6513=CARTESIAN_POINT('',(-6.25014367861133,87.,102.398301997992));
#6514=CARTESIAN_POINT('',(-87.,90.,97.));
#6515=CARTESIAN_POINT('Origin',(-87.,90.,97.));
#6516=CARTESIAN_POINT('',(81.,87.,97.));
#6517=CARTESIAN_POINT('',(-2.2969970703125,87.,97.));
#6518=CARTESIAN_POINT('',(81.,-90.,97.0000000000001));
#6519=CARTESIAN_POINT('Origin',(81.,90.,97.));
#6520=CARTESIAN_POINT('',(81.7030029296875,87.,96.9530029296875));
#6521=CARTESIAN_POINT('',(84.924637376742,87.,96.737630597318));
#6522=CARTESIAN_POINT('',(81.7030029296875,-90.,96.9530029296876));
#6523=CARTESIAN_POINT('Origin',(82.3130035400391,90.,96.8130035400391));
#6524=CARTESIAN_POINT('',(82.3130035400391,87.,96.8130035400391));
#6525=CARTESIAN_POINT('',(92.9006589403185,87.,94.3830628667128));
#6526=CARTESIAN_POINT('',(82.3130035400391,-90.,96.8130035400392));
#6527=CARTESIAN_POINT('Origin',(82.8280029296875,90.,96.5780029296875));
#6528=CARTESIAN_POINT('',(82.8280029296875,87.,96.5780029296875));
#6529=CARTESIAN_POINT('',(100.873066701992,87.,88.3438164712933));
#6530=CARTESIAN_POINT('',(82.8280029296875,-90.,96.5780029296876));
#6531=CARTESIAN_POINT('Origin',(82.8280029296875,-90.,96.5780029296876));
#6532=CARTESIAN_POINT('',(83.25,87.,96.25));
#6533=CARTESIAN_POINT('',(106.071474442846,87.,78.5117003679701));
#6534=CARTESIAN_POINT('',(83.25,-90.,96.2500000000001));
#6535=CARTESIAN_POINT('Origin',(83.25,90.,96.25));
#6536=CARTESIAN_POINT('',(83.5780029296875,87.,95.8280029296875));
#6537=CARTESIAN_POINT('',(106.386611335583,87.,66.4832469716744));
#6538=CARTESIAN_POINT('',(83.5780029296875,-90.,95.8280029296876));
#6539=CARTESIAN_POINT('Origin',(84.,-90.,94.0000000000001));
#6540=CARTESIAN_POINT('',(84.,87.,94.));
#6541=CARTESIAN_POINT('',(84.,-90.,94.0000000000001));
#6542=CARTESIAN_POINT('',(84.,87.,47.0469999983907));
#6543=CARTESIAN_POINT('Origin',(84.,90.,94.));
#6544=CARTESIAN_POINT('',(83.9530029296875,87.,94.7030029296875));
#6545=CARTESIAN_POINT('',(83.9530029296875,-90.,94.7030029296876));
#6546=CARTESIAN_POINT('',(87.12138457898,87.,47.3089511939069));
#6547=CARTESIAN_POINT('Origin',(83.8130035400391,90.,95.3130035400391));
#6548=CARTESIAN_POINT('',(83.8130035400391,87.,95.3130035400391));
#6549=CARTESIAN_POINT('',(83.8130035400391,-90.,95.3130035400392));
#6550=CARTESIAN_POINT('',(94.1577658622538,87.,50.2391546729895));
#6551=CARTESIAN_POINT('Origin',(83.8130035400391,90.,95.3130035400391));
#6552=CARTESIAN_POINT('',(101.672586212382,87.,56.1740661480349));
#6553=CARTESIAN_POINT('Origin',(83.625,-90.,99.6250000000001));
#6554=CARTESIAN_POINT('',(83.625,-90.,99.6250000000001));
#6555=CARTESIAN_POINT('',(82.406005859375,-90.,99.9059982299806));
#6556=CARTESIAN_POINT('',(83.625,-90.,99.6250000000001));
#6557=CARTESIAN_POINT('',(81.,-90.,100.));
#6558=CARTESIAN_POINT('',(81.,-90.,100.));
#6559=CARTESIAN_POINT('',(-87.,-90.,100.));
#6560=CARTESIAN_POINT('',(81.,-90.,100.));
#6561=CARTESIAN_POINT('',(-88.4060001373291,-90.,99.9059982299806));
#6562=CARTESIAN_POINT('',(-87.,-90.,100.));
#6563=CARTESIAN_POINT('',(-89.625,-90.,99.6250000000001));
#6564=CARTESIAN_POINT('',(-88.4060001373291,-90.,99.9059982299806));
#6565=CARTESIAN_POINT('',(-90.6559998989105,-90.,99.1559982299806));
#6566=CARTESIAN_POINT('',(-89.625,-90.,99.6250000000001));
#6567=CARTESIAN_POINT('',(-90.6559998989105,-90.,99.1559982299806));
#6568=CARTESIAN_POINT('',(-91.5,-90.0000000000001,1.50000000000007));
#6569=CARTESIAN_POINT('',(-92.1560000181198,-90.0000000000001,2.34400010108955));
#6570=CARTESIAN_POINT('',(-90.6559998989105,-90.0000000000001,0.84399998188026));
#6571=CARTESIAN_POINT('',(-91.5,-90.0000000000001,1.50000000000007));
#6572=CARTESIAN_POINT('',(-89.625,-90.0000000000001,0.375000000000072));
#6573=CARTESIAN_POINT('',(-90.6559998989105,-90.0000000000001,0.84399998188026));
#6574=CARTESIAN_POINT('',(-88.4060001373291,-90.0000000000001,0.0939999967814215));
#6575=CARTESIAN_POINT('',(-89.625,-90.0000000000001,0.375000000000072));
#6576=CARTESIAN_POINT('',(-87.,-90.0000000000001,7.23061321516348E-14));
#6577=CARTESIAN_POINT('',(-87.,-90.0000000000001,7.23061321516348E-14));
#6578=CARTESIAN_POINT('',(81.,-90.0000000000001,7.23061321516348E-14));
#6579=CARTESIAN_POINT('',(81.,-90.0000000000001,7.23061321516348E-14));
#6580=CARTESIAN_POINT('',(82.406005859375,-90.0000000000001,0.0939999967814215));
#6581=CARTESIAN_POINT('',(81.,-90.0000000000001,7.23061321516348E-14));
#6582=CARTESIAN_POINT('',(83.625,-90.0000000000001,0.375000000000072));
#6583=CARTESIAN_POINT('',(82.406005859375,-90.0000000000001,0.0939999967814215));
#6584=CARTESIAN_POINT('',(84.656005859375,-90.0000000000001,0.84399998188026));
#6585=CARTESIAN_POINT('',(83.625,-90.0000000000001,0.375000000000072));
#6586=CARTESIAN_POINT('',(85.5,-90.0000000000001,1.50000000000007));
#6587=CARTESIAN_POINT('',(84.656005859375,-90.0000000000001,0.84399998188026));
#6588=CARTESIAN_POINT('',(86.156005859375,-90.0000000000001,2.34400010108955));
#6589=CARTESIAN_POINT('',(85.5,-90.0000000000001,1.50000000000007));
#6590=CARTESIAN_POINT('',(86.625,-90.0000000000001,3.37500000000007));
#6591=CARTESIAN_POINT('',(86.156005859375,-90.0000000000001,2.34400010108955));
#6592=CARTESIAN_POINT('',(86.906005859375,-90.0000000000001,4.59399986267097));
#6593=CARTESIAN_POINT('',(86.906005859375,-90.0000000000001,4.59399986267097));
#6594=CARTESIAN_POINT('',(87.,-90.0000000000001,6.00000000000007));
#6595=CARTESIAN_POINT('',(87.,-90.0000000000001,6.00000000000007));
#6596=CARTESIAN_POINT('',(87.,-90.,94.0000000000001));
#6597=CARTESIAN_POINT('',(87.,-90.,94.0000000000001));
#6598=CARTESIAN_POINT('',(86.906005859375,-90.,95.4059982299806));
#6599=CARTESIAN_POINT('',(87.,-90.,94.0000000000001));
#6600=CARTESIAN_POINT('',(86.625,-90.,96.6250000000001));
#6601=CARTESIAN_POINT('',(86.906005859375,-90.,95.4059982299806));
#6602=CARTESIAN_POINT('',(86.156005859375,-90.,97.6559982299806));
#6603=CARTESIAN_POINT('',(86.625,-90.,96.6250000000001));
#6604=CARTESIAN_POINT('',(85.5,-90.,98.5000000000001));
#6605=CARTESIAN_POINT('',(85.5,-90.,98.5000000000001));
#6606=CARTESIAN_POINT('',(84.656005859375,-90.,99.1559982299806));
#6607=CARTESIAN_POINT('',(85.5,-90.,98.5000000000001));
#6608=CARTESIAN_POINT('',(84.656005859375,-90.,99.1559982299806));
#6609=CARTESIAN_POINT('Origin',(-93.,87.,94.));
#6610=CARTESIAN_POINT('',(-93.,90.,94.));
#6611=CARTESIAN_POINT('',(-93.,90.,94.));
#6612=CARTESIAN_POINT('',(-93.,90.,94.));
#6613=CARTESIAN_POINT('Origin',(-92.625,90.,3.37500000000002));
#6614=CARTESIAN_POINT('',(-92.9060000032187,90.,4.59399986267092));
#6615=CARTESIAN_POINT('',(-92.9060000032187,90.,4.59399986267092));
#6616=CARTESIAN_POINT('',(-92.625,90.,3.37500000000002));
#6617=CARTESIAN_POINT('',(-92.625,90.,3.37500000000002));
#6618=CARTESIAN_POINT('',(-92.625,90.,3.37500000000002));
#6619=CARTESIAN_POINT('Origin',(-92.1560000181198,90.,2.3440001010895));
#6620=CARTESIAN_POINT('',(-92.1560000181198,90.,2.3440001010895));
#6621=CARTESIAN_POINT('',(-92.1560000181198,90.,2.3440001010895));
#6622=CARTESIAN_POINT('',(-92.1560000181198,90.,2.3440001010895));
#6623=CARTESIAN_POINT('Origin',(-91.5,90.,1.50000000000002));
#6624=CARTESIAN_POINT('',(-91.5,90.,1.50000000000002));
#6625=CARTESIAN_POINT('',(-91.5,90.,1.50000000000002));
#6626=CARTESIAN_POINT('',(-90.6559998989105,90.,0.843999981880209));
#6627=CARTESIAN_POINT('',(-90.6559998989105,90.,0.843999981880209));
#6628=CARTESIAN_POINT('',(-90.6559998989105,90.,0.843999981880209));
#6629=CARTESIAN_POINT('Origin',(-91.5,87.,98.5));
#6630=CARTESIAN_POINT('',(-90.6559998989105,90.,99.1559982299805));
#6631=CARTESIAN_POINT('',(-91.5,90.,98.5));
#6632=CARTESIAN_POINT('',(-90.6559998989105,90.,99.1559982299805));
#6633=CARTESIAN_POINT('Origin',(-91.5,90.,1.50000000000002));
#6634=CARTESIAN_POINT('',(-91.5,90.,1.50000000000002));
#6635=CARTESIAN_POINT('Origin',(-90.6559998989105,90.,0.843999981880209));
#6636=CARTESIAN_POINT('',(-89.625,90.,0.375000000000021));
#6637=CARTESIAN_POINT('',(-89.625,90.,0.375000000000021));
#6638=CARTESIAN_POINT('',(-89.625,90.,0.375000000000021));
#6639=CARTESIAN_POINT('Origin',(-89.625,87.,99.625));
#6640=CARTESIAN_POINT('',(-89.625,90.,99.625));
#6641=CARTESIAN_POINT('',(-88.4060001373291,90.,99.9059982299805));
#6642=CARTESIAN_POINT('',(-89.625,90.,99.625));
#6643=CARTESIAN_POINT('',(-89.625,-90.,99.6250000000001));
#6644=CARTESIAN_POINT('',(-88.4060001373291,90.,99.9059982299805));
#6645=CARTESIAN_POINT('Origin',(-90.6559998989105,87.,99.1559982299805));
#6646=CARTESIAN_POINT('',(-90.6559998989105,90.,99.1559982299805));
#6647=CARTESIAN_POINT('Origin',(-88.4060001373291,87.,0.0939999967813714));
#6648=CARTESIAN_POINT('',(-87.,90.,2.1316282072803E-14));
#6649=CARTESIAN_POINT('',(-87.,87.,2.21661129074502E-14));
#6650=CARTESIAN_POINT('',(-88.4060001373291,90.,0.0939999967813705));
#6651=CARTESIAN_POINT('',(-88.4060001373291,90.,0.0939999967813705));
#6652=CARTESIAN_POINT('',(-87.,90.,2.1316282072803E-14));
#6653=CARTESIAN_POINT('Origin',(-89.625,90.,0.375000000000021));
#6654=CARTESIAN_POINT('',(-88.4060001373291,90.,0.0939999967813705));
#6655=CARTESIAN_POINT('Origin',(-88.4060001373291,87.,99.9059982299805));
#6656=CARTESIAN_POINT('',(-87.,90.,100.));
#6657=CARTESIAN_POINT('',(-87.,90.,100.));
#6658=CARTESIAN_POINT('',(-87.,90.,100.));
#6659=CARTESIAN_POINT('Origin',(85.5,87.,98.5));
#6660=CARTESIAN_POINT('',(85.5,90.,98.5));
#6661=CARTESIAN_POINT('',(86.156005859375,90.,97.6559982299805));
#6662=CARTESIAN_POINT('',(85.5,90.,98.5));
#6663=CARTESIAN_POINT('',(85.5,-90.,98.5000000000001));
#6664=CARTESIAN_POINT('',(86.156005859375,90.,97.6559982299805));
#6665=CARTESIAN_POINT('Origin',(82.406005859375,87.,99.9059982299805));
#6666=CARTESIAN_POINT('',(82.406005859375,90.,99.9059982299805));
#6667=CARTESIAN_POINT('',(83.625,90.,99.625));
#6668=CARTESIAN_POINT('',(82.406005859375,90.,99.9059982299805));
#6669=CARTESIAN_POINT('',(82.406005859375,-90.,99.9059982299806));
#6670=CARTESIAN_POINT('',(83.625,90.,99.625));
#6671=CARTESIAN_POINT('Origin',(86.906005859375,90.,95.4059982299805));
#6672=CARTESIAN_POINT('',(87.,90.,94.));
#6673=CARTESIAN_POINT('',(87.,90.,94.));
#6674=CARTESIAN_POINT('',(86.906005859375,90.,95.4059982299805));
#6675=CARTESIAN_POINT('',(87.,90.,94.));
#6676=CARTESIAN_POINT('',(86.906005859375,90.,95.4059982299805));
#6677=CARTESIAN_POINT('Origin',(81.,90.,2.1316282072803E-14));
#6678=CARTESIAN_POINT('',(81.,90.,2.1316282072803E-14));
#6679=CARTESIAN_POINT('',(81.,90.,2.1316282072803E-14));
#6680=CARTESIAN_POINT('',(82.406005859375,90.,0.0939999967813705));
#6681=CARTESIAN_POINT('',(81.,90.,2.1316282072803E-14));
#6682=CARTESIAN_POINT('',(82.406005859375,-90.0000000000001,0.0939999967814215));
#6683=CARTESIAN_POINT('Origin',(86.156005859375,90.,2.3440001010895));
#6684=CARTESIAN_POINT('',(86.156005859375,90.,2.3440001010895));
#6685=CARTESIAN_POINT('',(86.156005859375,87.,2.3440001010895));
#6686=CARTESIAN_POINT('',(86.625,90.,3.37500000000002));
#6687=CARTESIAN_POINT('',(86.625,90.,3.37500000000002));
#6688=CARTESIAN_POINT('',(86.625,-90.0000000000001,3.37500000000007));
#6689=CARTESIAN_POINT('Origin',(83.625,90.,0.375000000000021));
#6690=CARTESIAN_POINT('',(83.625,90.,0.375000000000021));
#6691=CARTESIAN_POINT('',(83.625,87.,0.375000000000022));
#6692=CARTESIAN_POINT('',(84.656005859375,90.,0.843999981880209));
#6693=CARTESIAN_POINT('',(84.656005859375,90.,0.843999981880209));
#6694=CARTESIAN_POINT('',(84.656005859375,-90.0000000000001,0.84399998188026));
#6695=CARTESIAN_POINT('Origin',(81.,87.,100.));
#6696=CARTESIAN_POINT('',(81.,90.,100.));
#6697=CARTESIAN_POINT('',(81.,90.,100.));
#6698=CARTESIAN_POINT('',(81.,87.,100.));
#6699=CARTESIAN_POINT('Origin',(86.156005859375,87.,97.6559982299805));
#6700=CARTESIAN_POINT('',(86.625,90.,96.625));
#6701=CARTESIAN_POINT('',(86.156005859375,90.,97.6559982299805));
#6702=CARTESIAN_POINT('',(86.625,90.,96.625));
#6703=CARTESIAN_POINT('Origin',(83.625,87.,99.625));
#6704=CARTESIAN_POINT('',(84.656005859375,90.,99.1559982299805));
#6705=CARTESIAN_POINT('',(83.625,90.,99.625));
#6706=CARTESIAN_POINT('',(84.656005859375,90.,99.1559982299805));
#6707=CARTESIAN_POINT('Origin',(-92.9060000032187,90.,4.59399986267092));
#6708=CARTESIAN_POINT('',(-93.,90.,6.00000000000002));
#6709=CARTESIAN_POINT('',(-93.,90.,6.00000000000002));
#6710=CARTESIAN_POINT('',(-93.,90.,6.00000000000002));
#6711=CARTESIAN_POINT('Origin',(82.406005859375,90.,0.0939999967813705));
#6712=CARTESIAN_POINT('',(83.625,90.,0.375000000000021));
#6713=CARTESIAN_POINT('Origin',(86.625,90.,3.37500000000002));
#6714=CARTESIAN_POINT('',(86.906005859375,90.,4.59399986267092));
#6715=CARTESIAN_POINT('',(86.906005859375,90.,4.59399986267092));
#6716=CARTESIAN_POINT('',(86.906005859375,-90.0000000000001,4.59399986267097));
#6717=CARTESIAN_POINT('Origin',(84.656005859375,90.,0.843999981880209));
#6718=CARTESIAN_POINT('',(85.5,90.,1.50000000000002));
#6719=CARTESIAN_POINT('',(85.5,90.,1.50000000000002));
#6720=CARTESIAN_POINT('',(85.5,-90.0000000000001,1.50000000000007));
#6721=CARTESIAN_POINT('Origin',(86.625,87.,96.625));
#6722=CARTESIAN_POINT('',(86.625,90.,96.625));
#6723=CARTESIAN_POINT('Origin',(84.656005859375,87.,99.1559982299805));
#6724=CARTESIAN_POINT('',(84.656005859375,90.,99.1559982299805));
#6725=CARTESIAN_POINT('Origin',(85.5,90.,1.50000000000002));
#6726=CARTESIAN_POINT('',(86.156005859375,90.,2.3440001010895));
#6727=CARTESIAN_POINT('Origin',(87.,90.,6.00000000000002));
#6728=CARTESIAN_POINT('',(87.,90.,6.00000000000002));
#6729=CARTESIAN_POINT('',(87.,90.,6.00000000000002));
#6730=CARTESIAN_POINT('',(87.,87.,6.00000000000002));
#6731=CARTESIAN_POINT('Origin',(82.406005859375,87.,0.0939999967813714));
#6732=CARTESIAN_POINT('Origin',(82.406005859375,90.,99.9059982299805));
#6733=CARTESIAN_POINT('',(87.,90.,94.));
#6734=CARTESIAN_POINT('',(81.,90.,2.1316282072803E-14));
#6735=CARTESIAN_POINT('',(-93.,90.,6.00000000000002));
#6736=CARTESIAN_POINT('',(81.,90.,100.));
#6737=CARTESIAN_POINT('Origin',(-87.,90.,100.));
#6738=CARTESIAN_POINT('Origin',(-87.,87.,2.21661129074502E-14));
#6739=CARTESIAN_POINT('Origin',(87.,87.,6.00000000000002));
#6740=CARTESIAN_POINT('Origin',(-93.,87.,94.));
#6741=UNCERTAINTY_MEASURE_WITH_UNIT(LENGTH_MEASURE(0.01),#6745,
'DISTANCE_ACCURACY_VALUE',
'Maximum model space distance between geometric entities at asserted c
onnectivities');
#6742=UNCERTAINTY_MEASURE_WITH_UNIT(LENGTH_MEASURE(0.01),#6745,
'DISTANCE_ACCURACY_VALUE',
'Maximum model space distance between geometric entities at asserted c
onnectivities');
#6743=(
GEOMETRIC_REPRESENTATION_CONTEXT(3)
GLOBAL_UNCERTAINTY_ASSIGNED_CONTEXT((#6741))
GLOBAL_UNIT_ASSIGNED_CONTEXT((#6745,#6747,#6748))
REPRESENTATION_CONTEXT('','3D')
);
#6744=(
GEOMETRIC_REPRESENTATION_CONTEXT(3)
GLOBAL_UNCERTAINTY_ASSIGNED_CONTEXT((#6742))
GLOBAL_UNIT_ASSIGNED_CONTEXT((#6745,#6747,#6748))
REPRESENTATION_CONTEXT('','3D')
);
#6745=(
LENGTH_UNIT()
NAMED_UNIT(*)
SI_UNIT(.MILLI.,.METRE.)
);
#6746=(
LENGTH_UNIT()
NAMED_UNIT(*)
SI_UNIT($,.METRE.)
);
#6747=(
NAMED_UNIT(*)
PLANE_ANGLE_UNIT()
SI_UNIT($,.RADIAN.)
);
#6748=(
NAMED_UNIT(*)
SI_UNIT($,.STERADIAN.)
SOLID_ANGLE_UNIT()
);
#6749=SHAPE_DEFINITION_REPRESENTATION(#6750,#6751);
#6750=PRODUCT_DEFINITION_SHAPE('',$,#6753);
#6751=SHAPE_REPRESENTATION('',(#4147),#6743);
#6752=PRODUCT_DEFINITION_CONTEXT('part definition',#6757,'design');
#6753=PRODUCT_DEFINITION('2026-07-31-23-02-00-798',
'Copy of SkyAlarm-justEnclosure',#6754,#6752);
#6754=PRODUCT_DEFINITION_FORMATION('',$,#6759);
#6755=PRODUCT_RELATED_PRODUCT_CATEGORY('Copy of SkyAlarm-justEnclosure',
'Copy of SkyAlarm-justEnclosure',(#6759));
#6756=APPLICATION_PROTOCOL_DEFINITION('international standard',
'automotive_design',2009,#6757);
#6757=APPLICATION_CONTEXT(
'Core Data for Automotive Mechanical Design Process');
#6758=PRODUCT_CONTEXT('part definition',#6757,'mechanical');
#6759=PRODUCT('2026-07-31-23-02-00-798',
'Copy of SkyAlarm-justEnclosure',$,(#6758));
#6760=PRESENTATION_STYLE_ASSIGNMENT((#6763));
#6761=PRESENTATION_STYLE_ASSIGNMENT((#6764));
#6762=PRESENTATION_STYLE_ASSIGNMENT((#6765));
#6763=SURFACE_STYLE_USAGE(.BOTH.,#6766);
#6764=SURFACE_STYLE_USAGE(.BOTH.,#6767);
#6765=SURFACE_STYLE_USAGE(.BOTH.,#6768);
#6766=SURFACE_SIDE_STYLE('',(#6769));
#6767=SURFACE_SIDE_STYLE('',(#6770));
#6768=SURFACE_SIDE_STYLE('',(#6771));
#6769=SURFACE_STYLE_FILL_AREA(#6772);
#6770=SURFACE_STYLE_FILL_AREA(#6773);
#6771=SURFACE_STYLE_FILL_AREA(#6774);
#6772=FILL_AREA_STYLE('Steel - Satin',(#6775));
#6773=FILL_AREA_STYLE('Opaque(191,199,204)',(#6776));
#6774=FILL_AREA_STYLE('Opaque(176,232,239)',(#6777));
#6775=FILL_AREA_STYLE_COLOUR('Steel - Satin',#6778);
#6776=FILL_AREA_STYLE_COLOUR('Opaque(191,199,204)',#6779);
#6777=FILL_AREA_STYLE_COLOUR('Opaque(176,232,239)',#6780);
#6778=COLOUR_RGB('Steel - Satin',0.627450980392157,0.627450980392157,0.627450980392157);
#6779=COLOUR_RGB('Opaque(191,199,204)',0.749019607843137,0.780392156862745,
0.8);
#6780=COLOUR_RGB('Opaque(176,232,239)',0.690196078431373,0.909803921568627,
0.937254901960784);
ENDSEC;
END-ISO-10303-21;
